X,Y,OBJECTID,INCKEY,COLDETKEY,REPORTNO,STATUS,ADDRTYPE,INTKEY,LOCATION,EXCEPTRSNCODE,EXCEPTRSNDESC,SEVERITYCODE,SEVERITYDESC,COLLISIONTYPE,PERSONCOUNT,PEDCOUNT,PEDCYLCOUNT,VEHCOUNT,INJURIES,SERIOUSINJURIES,FATALITIES,INCDATE,INCDTTM,JUNCTIONTYPE,SDOT_COLCODE,SDOT_COLDESC,INATTENTIONIND,UNDERINFL,WEATHER,ROADCOND,LIGHTCOND,PEDROWNOTGRNT,SDOTCOLNUM,SPEEDING,ST_COLCODE,ST_COLDESC,SEGLANEKEY,CROSSWALKKEY,HITPARKEDCAR
1254279.873,244597.405,130,24300,24300,1776183,Matched,Block,,W GOVERNMENT WAY BETWEEN 33RD AVE W AND 34TH AVE W,,,1,Property Damage Only Collision,Parked Car,2,0,0,2,0,0,0,2004/03/08 00:00:00+00,3/8/2004,Mid-Block (not related to intersection),16,"MOTOR VEHICLE STRUCK MOTOR VEHICLE, LEFT SIDE SIDESWIPE",Y,0,Clear,Dry,Daylight,,4068019,,32,One parked--one moving,0,0,N
1268078.323,228362.4316,131,22900,22900,1475124,Matched,Intersection,29531,5TH AVE AND BELL ST,,,2,Injury Collision,Sideswipe,5,0,0,2,2,0,0,2004/06/12 00:00:00+00,6/12/2004 22:15,At Intersection (intersection related),16,"MOTOR VEHICLE STRUCK MOTOR VEHICLE, LEFT SIDE SIDESWIPE",,0,Raining,Wet,Dark - Street Lights On,,4164023,,11,From same direction - both going straight - both moving - sideswipe,0,0,N
1280414.338,200190.8612,132,60700,60700,2612183,Matched,Block,,32ND AVE S BETWEEN S FRONTENAC ST AND S MYRTLE ST,,,1,Property Damage Only Collision,Parked Car,3,0,0,2,0,0,0,2006/07/12 00:00:00+00,7/12/2006 12:15,Mid-Block (not related to intersection),11,"MOTOR VEHICLE STRUCK MOTOR VEHICLE, FRONT END AT ANGLE",,0,Raining,Wet,Daylight,,6193039,,32,One parked--one moving,0,0,N
1266952.522,240901.1212,133,51800,51800,2611231,Matched,Block,,N 35TH ST BETWEEN FREMONT AVE N AND TROLL AVE N,,,1,Property Damage Only Collision,Parked Car,2,0,0,2,0,0,0,2006/07/28 00:00:00+00,7/28/2006 19:30,Mid-Block (not related to intersection),14,"MOTOR VEHICLE STRUCK MOTOR VEHICLE, REAR END",Y,0,Clear,Dry,Daylight,,6209010,,32,One parked--one moving,0,0,N
1263475.598,195784.9069,134,1328,1328,3504874,Matched,Intersection,34851,20TH AVE SW AND SW CLOVERDALE ST, ,,1,Property Damage Only Collision,Angles,3,0,0,2,0,0,0,2013/03/27 00:00:00+00,3/27/2013 16:04,At Intersection (intersection related),11,"MOTOR VEHICLE STRUCK MOTOR VEHICLE, FRONT END AT ANGLE",,N,Overcast,Wet,Daylight,,,,10,Entering at angle,0,0,N
1287858.953,184684.9601,135,327889,329389,3857026,Matched,Intersection,351220,59TH AVE S AND S 118TH ST, ,,1,Property Damage Only Collision,Parked Car,2,0,0,2,0,0,0,2020/01/17 00:00:00+00,1/17/2020 15:43,At Intersection (intersection related),11,"MOTOR VEHICLE STRUCK MOTOR VEHICLE, FRONT END AT ANGLE",,N,Overcast,Wet,Daylight,,,,32,One parked--one moving,0,0,Y
1275041.247,264633.7625,136,24500,24500,1775997,Matched,Block,,NE 120TH ST BETWEEN ROOSEVELT WAY NE AND 10TH PL NE,,,1,Property Damage Only Collision,Sideswipe,2,0,0,2,0,0,0,2004/03/03 00:00:00+00,3/3/2004,Mid-Block (not related to intersection),11,"MOTOR VEHICLE STRUCK MOTOR VEHICLE, FRONT END AT ANGLE",,0,Overcast,Wet,Daylight,,4063023,,26,From opposite direction - both going straight - sideswipe,0,0,N
1284927.026,207807.4945,137,47700,47700,2026404,Matched,Intersection,32617,48TH AVE S AND S ALASKA ST, ,,1,Property Damage Only Collision,Cycles,3,0,1,1,0,0,0,2005/08/10 00:00:00+00,8/10/2005 7:47,At Intersection (intersection related),51,PEDALCYCLIST STRUCK MOTOR VEHICLE FRONT END AT ANGLE,,0,Overcast,Dry,Daylight,,5222006,,45,Vehicle - Pedalcyclist,0,0,N
1269558.741,204939.2159,138,327787,329287,3857108,Matched,Block,,S ORCAS ST BETWEEN EAST MARGINAL WAY S AND 1ST AVE S, ,,1,Property Damage Only Collision,Parked Car,3,0,0,3,0,0,0,2020/01/15 00:00:00+00,1/15/2020 13:17,Mid-Block (not related to intersection),14,"MOTOR VEHICLE STRUCK MOTOR VEHICLE, REAR END",,N,Overcast,Wet,Daylight,,,Y,32,One parked--one moving,0,0,Y
1273573.18,228816.6565,139,76900,76900,2620912,Matched,Intersection,29072,BROADWAY AND E HOWELL ST,,,2,Injury Collision,Cycles,2,0,1,1,1,0,0,2007/02/27 00:00:00+00,2/27/2007 10:40,At Intersection (intersection related),18,"MOTOR VEHICLE STRUCK PEDALCYCLIST, FRONT END AT ANGLE",,0,Clear,Dry,Daylight,Y,7058004,,45,Vehicle - Pedalcyclist,6828,0,N
1267585.258,267477.2664,140,32200,32200,1079610,Matched,Intersection,35826,LINDEN AVE N AND N 130TH ST,,,1,Property Damage Only Collision,Left Turn,2,0,0,2,0,0,0,2004/08/30 00:00:00+00,8/30/2004 13:33,At Intersection (intersection related),11,"MOTOR VEHICLE STRUCK MOTOR VEHICLE, FRONT END AT ANGLE",Y,0,Clear,Dry,Daylight,,4243021,,28,From opposite direction - one left turn - one straight,0,0,N
1266785.481,200373.8348,141,322132,323632,E947042,Matched,Block,,HIGHLAND PARK WAY SW BETWEEN WEST MARGINAL WAY SW AND SW OTHELLO ST, ,,2,Injury Collision,Sideswipe,9,0,0,4,1,0,0,2019/07/31 00:00:00+00,7/31/2019 11:09,Mid-Block (but intersection related),11,"MOTOR VEHICLE STRUCK MOTOR VEHICLE, FRONT END AT ANGLE",,N,Clear,Dry,Daylight,,,,12,From same direction - both going straight - one stopped - sideswipe,0,0,N
1273019.573,220895.8417,142,64300,64300,2805569,Matched,Intersection,30447,8TH AVE S AND S DEARBORN ST,,,2,Injury Collision,Angles,7,0,0,2,1,0,0,2007/07/21 00:00:00+00,7/21/2007 12:41,At Intersection (intersection related),11,"MOTOR VEHICLE STRUCK MOTOR VEHICLE, FRONT END AT ANGLE",,0,Overcast,Dry,Daylight,,7202013,,10,Entering at angle,0,0,N
1276317.156,212323.1007,143,327848,329348,EA01782,Matched,Block,,BEACON AVE S BETWEEN S HINDS ST AND S SPOKANE ST, ,,1,Property Damage Only Collision,Rear Ended,2,0,0,2,0,0,0,2020/01/09 00:00:00+00,1/9/2020 17:40,Mid-Block (not related to intersection),14,"MOTOR VEHICLE STRUCK MOTOR VEHICLE, REAR END",,N,Overcast,Wet,Dark - Street Lights On,,,,14,From same direction - both going straight - one stopped - rear-end,0,0,N
1268516.536,242710.0937,144,26000,26000,1794729,Unmatched,Intersection,26848,STONE WAY N AND N 40TH ST,,,0,Unknown,,0,0,0,0,0,0,0,2004/11/02 00:00:00+00,11/2/2004,At Intersection (intersection related),11,"MOTOR VEHICLE STRUCK MOTOR VEHICLE, FRONT END AT ANGLE",,,,,,,4307035,,,,0,0,N
1260669.969,257217.7254,145,60600,60600,2624736,Matched,Intersection,37249,HOLMAN RD NW AND MARY AVE NW,,,1,Property Damage Only Collision,Left Turn,2,0,0,2,0,0,0,2006/10/31 00:00:00+00,10/31/2006 7:18,At Intersection (intersection related),11,"MOTOR VEHICLE STRUCK MOTOR VEHICLE, FRONT END AT ANGLE",,0,Clear,Dry,Daylight,,6304017,,28,From opposite direction - one left turn - one straight,0,0,N
1258356.434,238534.4863,146,40300,40300,2108587,Matched,Block,,21ST AVE W BETWEEN ELLIOTT BAY TRL AND THORNDYKE AVE W,,,1,Property Damage Only Collision,Parked Car,2,0,0,2,0,0,0,2005/09/01 00:00:00+00,9/1/2005,Mid-Block (not related to intersection),14,"MOTOR VEHICLE STRUCK MOTOR VEHICLE, REAR END",,0,Unknown,Unknown,Unknown,,5244004,,32,One parked--one moving,0,0,N
1255902.573,235866.2742,147,1335,1335,3562733,Matched,Intersection,27718,28TH AVE W AND W HOWE ST, ,,2,Injury Collision,Angles,4,0,0,2,3,0,0,2013/03/27 00:00:00+00,3/27/2013 16:52,At Intersection (intersection related),11,"MOTOR VEHICLE STRUCK MOTOR VEHICLE, FRONT END AT ANGLE",,N,Clear,Dry,Daylight,,,,10,Entering at angle,0,0,N
1272722.141,224748.106,148,327866,329366,EA01416,Matched,Block,,TERRY AVE BETWEEN JAMES ST AND CHERRY ST, ,,1,Property Damage Only Collision,Right Turn,2,0,0,2,0,0,0,2020/01/05 00:00:00+00,1/5/2020 12:19,Mid-Block (not related to intersection),11,"MOTOR VEHICLE STRUCK MOTOR VEHICLE, FRONT END AT ANGLE",,N,Overcast,Dry,Daylight,,,,16,From same direction - one right turn - one straight,0,0,N
1265606.583,255946.2418,149,1395,1395,3467091,Matched,Block,,GREENWOOD AVE N BETWEEN N 85TH ST AND N 87TH ST, ,,1,Property Damage Only Collision,Rear Ended,2,0,0,2,0,0,0,2013/04/03 00:00:00+00,4/3/2013 21:29,Mid-Block (not related to intersection),14,"MOTOR VEHICLE STRUCK MOTOR VEHICLE, REAR END",Y,Y,Clear,Dry,Dark - Street Lights On,,,,14,From same direction - both going straight - one stopped - rear-end,0,0,N
1278436.841,217535.1016,150,48700,48700,2610984,Matched,Intersection,31416,25TH AVE S AND S GRAND ST,,,1,Property Damage Only Collision,Angles,2,0,0,2,0,0,0,2006/10/31 00:00:00+00,10/31/2006 8:22,At Intersection (intersection related),11,"MOTOR VEHICLE STRUCK MOTOR VEHICLE, FRONT END AT ANGLE",,0,Clear,Dry,Daylight,,6304001,,10,Entering at angle,0,0,N
1262458.931,195147.0742,151,327796,329296,3856051,Matched,Intersection,34863,24TH AVE SW AND SW TRENTON ST, ,,1,Property Damage Only Collision,Angles,3,0,0,2,0,0,0,2020/01/11 00:00:00+00,1/11/2020 9:57,At Intersection (intersection related),11,"MOTOR VEHICLE STRUCK MOTOR VEHICLE, FRONT END AT ANGLE",,N,Raining,Wet,Daylight,,,,10,Entering at angle,0,0,N
1281838.052,207313.822,152,119700,119700,3373141,Matched,Block,,RAINIER AVE S BETWEEN S ANGELINE ST AND S EDMUNDS ST,,,1,Property Damage Only Collision,Rear Ended,2,0,0,2,0,0,0,2011/07/16 00:00:00+00,7/16/2011 11:18,Driveway Junction,14,"MOTOR VEHICLE STRUCK MOTOR VEHICLE, REAR END",,N,Overcast,Wet,Daylight,,11197024,,14,From same direction - both going straight - one stopped - rear-end,0,0,N
1279800.527,265809.7683,153,19400,19400,1774432,Matched,Block,,NE 125TH ST BETWEEN 27TH AVE NE AND 28TH AVE NE,,,2,Injury Collision,Rear Ended,5,0,0,3,3,0,0,2004/07/27 00:00:00+00,7/27/2004 13:42,Mid-Block (but intersection related),14,"MOTOR VEHICLE STRUCK MOTOR VEHICLE, REAR END",,0,Clear,Dry,Daylight,,4209021,,14,From same direction - both going straight - one stopped - rear-end,0,0,N
1274860.796,227953.2679,154,327922,329422,3856737,Matched,Intersection,29741,13TH AVE AND E PINE ST, ,,1,Property Damage Only Collision,Left Turn,3,0,0,2,0,0,0,2020/01/18 00:00:00+00,1/18/2020 23:51,At Intersection (intersection related),11,"MOTOR VEHICLE STRUCK MOTOR VEHICLE, FRONT END AT ANGLE",,N,Overcast,Dry,Dark - Street Lights On,,,,15,From same direction - one left turn - one straight,0,0,N
1258382.713,208511.5704,155,1269,1269,2897720,Matched,Block,,SW ALASKA ST BETWEEN 38TH AVE SW AND FAUNTLEROY WAY SW, ,,1,Property Damage Only Collision,Rear Ended,3,0,0,3,0,0,0,2013/04/01 00:00:00+00,4/1/2013 16:17,Mid-Block (not related to intersection),14,"MOTOR VEHICLE STRUCK MOTOR VEHICLE, REAR END",,Y,Clear,Dry,Daylight,,,,14,From same direction - both going straight - one stopped - rear-end,0,0,N
1273014.474,251911.2788,156,21600,21600,1778930,Matched,Block,,WOODLAWN AVE NE BETWEEN NE 72ND ST AND NE 73RD ST,,,1,Property Damage Only Collision,Angles,2,0,0,2,0,0,0,2004/06/02 00:00:00+00,6/2/2004,Driveway Junction,11,"MOTOR VEHICLE STRUCK MOTOR VEHICLE, FRONT END AT ANGLE",,0,Clear,Dry,Daylight,,4154031,,10,Entering at angle,0,0,N
1250321.235,214907.6272,157,57200,57200,2625437,Matched,Block,,ALKI AVE SW BETWEEN 63RD AVE SW AND 64TH AVE SW,,,1,Property Damage Only Collision,Parked Car,2,0,0,2,0,0,0,2006/11/12 00:00:00+00,11/12/2006 0:27,Mid-Block (not related to intersection),11,"MOTOR VEHICLE STRUCK MOTOR VEHICLE, FRONT END AT ANGLE",,0,Raining,Wet,Dark - Street Lights On,,6316020,,32,One parked--one moving,0,0,N
1269428.928,231896.6512,158,35900,35900,1069366,Matched,Block,,VALLEY ST BETWEEN WESTLAKE AVE N AND TERRY AVE N,,,2,Injury Collision,Rear Ended,3,0,0,2,1,0,0,2005/08/19 00:00:00+00,8/19/2005 16:12,Mid-Block (but intersection related),14,"MOTOR VEHICLE STRUCK MOTOR VEHICLE, REAR END",Y,0,Clear,Dry,Daylight,,5231027,,74,Same direction -- both turning right -- one stopped -- rear end,0,0,N
1264535.76,198387.0721,159,1133,1133,3505035,Matched,Intersection,34147,16TH AVE SW AND SW HOLDEN ST, ,,1,Property Damage Only Collision,Angles,4,0,0,2,0,0,0,2013/03/26 00:00:00+00,3/26/2013 9:27,At Intersection (intersection related),11,"MOTOR VEHICLE STRUCK MOTOR VEHICLE, FRONT END AT ANGLE",,N,Clear,Dry,Daylight,,,,10,Entering at angle,0,0,N
1268264.538,256343.3136,160,45000,45000,2058928,Matched,Intersection,37353,AURORA AVE N AND N 88TH N ST,,,1,Property Damage Only Collision,Left Turn,3,0,0,3,0,0,0,2005/10/26 00:00:00+00,10/26/2005 7:24,At Intersection (intersection related),11,"MOTOR VEHICLE STRUCK MOTOR VEHICLE, FRONT END AT ANGLE",,0,Clear,Dry,Daylight,,5299010,,28,From opposite direction - one left turn - one straight,0,0,N
1271873.827,230667.1981,161,1005,1005,3605910,Matched,Block,,MELROSE AVE E BETWEEN E THOMAS ST AND E MERCER ST, ,,1,Property Damage Only Collision,Parked Car,2,0,0,2,0,0,0,2013/03/23 00:00:00+00,3/23/2013 23:16,Mid-Block (not related to intersection),13,"MOTOR VEHICLE STRUCK MOTOR VEHICLE, LEFT SIDE AT ANGLE",,N,Unknown,Unknown,Unknown,,,,32,One parked--one moving,0,0,N
1258813.585,218426.091,162,1153,1153,3615278,Unmatched,Block,,HARBOR AVE SW BETWEEN CALIFORNIA WAY SW AND FAIRMOUNT AVE SW, ,,0,Unknown,,0,0,0,0,0,0,0,2013/03/29 00:00:00+00,3/29/2013,Mid-Block (not related to intersection),0,NOT ENOUGH INFORMATION / NOT APPLICABLE,,,,,,,,, ,,0,0,N
1255040.01,203353.5292,163,322147,323647,3752818,Matched,Intersection,32918,48TH AVE SW AND SW GRAHAM ST, ,,1,Property Damage Only Collision,Angles,4,0,0,2,0,0,0,2019/08/09 00:00:00+00,8/9/2019 20:03,At Intersection (intersection related),11,"MOTOR VEHICLE STRUCK MOTOR VEHICLE, FRONT END AT ANGLE",Y,N,Clear,Dry,Dark - Street Lights On,,,,10,Entering at angle,0,0,N
1271456.119,222933.0071,164,31100,31100,1777033,Matched,Block,,4TH AVE S BETWEEN 4TH AVE AND S WASHINGTON ST,,,2,Injury Collision,Sideswipe,3,0,0,2,1,0,0,2004/02/23 00:00:00+00,2/23/2004 14:04,Mid-Block (not related to intersection),16,"MOTOR VEHICLE STRUCK MOTOR VEHICLE, LEFT SIDE SIDESWIPE",,0,Clear,Dry,Daylight,,4054023,,11,From same direction - both going straight - both moving - sideswipe,0,0,N
1272623.477,229604.6707,165,1237,1237,3593844,Matched,Block,,E JOHN ST BETWEEN SUMMIT AVE E AND E OLIVE WAY, ,,1,Property Damage Only Collision,Parked Car,2,0,0,2,0,0,0,2013/03/31 00:00:00+00,3/31/2013 13:45,Driveway Junction,11,"MOTOR VEHICLE STRUCK MOTOR VEHICLE, FRONT END AT ANGLE",,N,Clear,Dry,Daylight,,,,32,One parked--one moving,0,0,N
1271636.107,262081.398,166,104600,104600,3328365,Matched,Intersection,36585,CORLISS AVE N AND N NORTHGATE WAY,,,1,Property Damage Only Collision,Rear Ended,3,0,0,2,0,0,0,2009/11/17 00:00:00+00,11/17/2009 14:41,At Intersection (intersection related),14,"MOTOR VEHICLE STRUCK MOTOR VEHICLE, REAR END",,0,Raining,Wet,Daylight,,9321020,,74,Same direction -- both turning right -- one stopped -- rear end,0,0,N
1260584.325,245621.4991,167,322204,323704,3646225,Matched,Block,,NW BALLARD WAY BETWEEN 14TH AVE NW AND BALLARD BR OFF RP, ,,1,Property Damage Only Collision,Parked Car,3,0,0,2,0,0,0,2019/08/13 00:00:00+00,8/13/2019 15:49,Mid-Block (not related to intersection),11,"MOTOR VEHICLE STRUCK MOTOR VEHICLE, FRONT END AT ANGLE",,N,Clear,Dry,Daylight,,,,20,One car leaving parked position,0,0,N
1259523.307,215486.268,168,54000,54000,2619027,Matched,Intersection,31101,SW ADMIRAL WAY AND SW OLGA ST,,,2,Injury Collision,Left Turn,2,0,0,2,1,0,0,2006/09/06 00:00:00+00,9/6/2006,At Intersection (intersection related),11,"MOTOR VEHICLE STRUCK MOTOR VEHICLE, FRONT END AT ANGLE",,0,Clear,Dry,Daylight,,6249042,,28,From opposite direction - one left turn - one straight,0,0,N
1269770.026,225312.218,169,1065,1065,3550106,Matched,Intersection,29601,3RD AVE AND UNIVERSITY ST, ,,2b,Serious Injury Collision,Pedestrian,2,1,0,1,1,1,0,2013/03/25 00:00:00+00,3/25/2013 8:45,At Intersection (intersection related),24,MOTOR VEHCILE STRUCK PEDESTRIAN,Y,N,Clear,Dry,Daylight,Y,,,1,Vehicle turning right hits pedestrian,0,522373,N
1275146.72,222016.4111,170,322180,323680,E948576,Matched,Block,,RAINIER AVE S BETWEEN BOREN AVE S AND S JACKSON PL, ,,1,Property Damage Only Collision,Sideswipe,2,0,0,2,0,0,0,2019/08/09 00:00:00+00,8/9/2019 10:27,Mid-Block (not related to intersection),11,"MOTOR VEHICLE STRUCK MOTOR VEHICLE, FRONT END AT ANGLE",,N,Clear,Dry,Daylight,,,,12,From same direction - both going straight - one stopped - sideswipe,0,0,N
1274202.093,245094.0949,171,38700,38700,1930996,Matched,Block,,8TH AVE NE BETWEEN NE 45TH E ST AND NE 47TH ST,,,1,Property Damage Only Collision,Parked Car,2,0,0,2,0,0,0,2005/01/29 00:00:00+00,1/29/2005 16:22,Mid-Block (not related to intersection),11,"MOTOR VEHICLE STRUCK MOTOR VEHICLE, FRONT END AT ANGLE",,0,Clear,Dry,Dusk,,5029020,,32,One parked--one moving,0,0,N
1272722.141,224748.106,172,32800,32800,2128498,Matched,Block,,TERRY AVE BETWEEN JAMES ST AND CHERRY ST,,,1,Property Damage Only Collision,Parked Car,2,0,0,2,0,0,0,2005/12/22 00:00:00+00,12/22/2005 17:13,Mid-Block (not related to intersection),13,"MOTOR VEHICLE STRUCK MOTOR VEHICLE, LEFT SIDE AT ANGLE",,0,Raining,Wet,Dark - No Street Lights,,5356027,,32,One parked--one moving,0,0,N
1278003.635,223107.6227,173,42500,42500,C651032,Matched,Block,,23RD AVE BETWEEN E YESLER WAY AND E FIR ST,,,1,Property Damage Only Collision,Rear Ended,2,0,0,2,0,0,0,2005/06/13 00:00:00+00,6/13/2005 7:10,Mid-Block (not related to intersection),14,"MOTOR VEHICLE STRUCK MOTOR VEHICLE, REAR END",,0,Unknown,Unknown,Unknown,,5164050,,14,From same direction - both going straight - one stopped - rear-end,0,0,N
1268421.122,271052.6814,174,1318,1318,3501984,Matched,Block,,AURORA AVE N BETWEEN N 143RD ST AND ROOSEVELT WAY N, ,,1,Property Damage Only Collision,Rear Ended,5,0,0,3,0,0,0,2013/03/28 00:00:00+00,3/28/2013 16:30,Mid-Block (not related to intersection),14,"MOTOR VEHICLE STRUCK MOTOR VEHICLE, REAR END",Y,N,Clear,Dry,Daylight,,,,14,From same direction - both going straight - one stopped - rear-end,0,0,N
1269563.093,254197.6977,175,327891,329391,EA01017,Matched,Intersection,24230,ASHWORTH AVE N AND N 80TH ST, ,,1,Property Damage Only Collision,Angles,2,0,0,2,0,0,0,2020/01/08 00:00:00+00,1/8/2020 15:44,At Intersection (intersection related),11,"MOTOR VEHICLE STRUCK MOTOR VEHICLE, FRONT END AT ANGLE",,N,Clear,Dry,Dusk,,,,10,Entering at angle,0,0,N
1273770.133,225191.4528,176,1392,1392,3605934,Matched,Block,,E JAMES WAY BETWEEN BROADWAY AND E CHERRY ST, ,,1,Property Damage Only Collision,Rear Ended,4,0,0,2,0,0,0,2013/04/03 00:00:00+00,4/3/2013 15:57,Mid-Block (not related to intersection),14,"MOTOR VEHICLE STRUCK MOTOR VEHICLE, REAR END",Y,N,Clear,Dry,Daylight,,,,14,From same direction - both going straight - one stopped - rear-end,0,0,N
1270270.96,229225.914,177,89600,89600,C714206,Matched,Intersection,29504,DENNY WAY AND FAIRVIEW AVE,,,1,Property Damage Only Collision,Rear Ended,3,0,0,3,0,0,0,2008/11/21 00:00:00+00,11/21/2008 17:40,At Intersection (intersection related),14,"MOTOR VEHICLE STRUCK MOTOR VEHICLE, REAR END",,0,Raining,Wet,Dark - Street Lights On,,8326043,,14,From same direction - both going straight - one stopped - rear-end,0,0,N
1276359.696,268890.422,178,322250,323750,E949050,Matched,Block,,15TH AVE NE BETWEEN NE 135TH ST AND NE 137TH ST, ,,1,Property Damage Only Collision,Angles,3,0,0,2,0,0,0,2019/08/06 00:00:00+00,8/6/2019 17:01,Mid-Block (not related to intersection),11,"MOTOR VEHICLE STRUCK MOTOR VEHICLE, FRONT END AT ANGLE",,N,Clear,Dry,Daylight,,,,10,Entering at angle,0,0,N
1273947.872,262014.5962,179,53300,53300,2603572,Matched,Block,,NE NORTHGATE WAY BETWEEN 5TH AVE NE AND 8TH AVE NE,,,1,Property Damage Only Collision,Other,2,0,0,2,0,0,0,2006/12/12 00:00:00+00,12/12/2006 14:42,Driveway Junction,11,"MOTOR VEHICLE STRUCK MOTOR VEHICLE, FRONT END AT ANGLE",,0,Clear,Wet,Daylight,,6346018,,21,One car entering driveway access,0,0,N
1268343.075,263934.2424,180,327844,329344,3854956,Matched,Block,,AURORA AVE N BETWEEN N 115TH ST AND N 117TH PL, ,,1,Property Damage Only Collision,Angles,2,0,0,2,0,0,0,2020/01/17 00:00:00+00,1/17/2020 16:07,Driveway Junction,11,"MOTOR VEHICLE STRUCK MOTOR VEHICLE, FRONT END AT ANGLE",,N,Clear,Dry,Daylight,,,,10,Entering at angle,0,0,N
1262939.83,254332.2014,181,91700,91700,2795352,Matched,Intersection,24137,8TH AVE NW AND NW 80TH ST,,,2,Injury Collision,Angles,3,0,0,2,2,0,0,2008/05/05 00:00:00+00,5/5/2008,At Intersection (intersection related),11,"MOTOR VEHICLE STRUCK MOTOR VEHICLE, FRONT END AT ANGLE",,0,Clear,Dry,Dark - Street Lights Off,,8126009,Y,10,Entering at angle,0,0,N
1277238.086,218319.1015,182,23900,23900,1771329,Matched,Block,,21ST AVE S BETWEEN S ATLANTIC ST AND S MASSACHUSETTS ST,,,1,Property Damage Only Collision,Parked Car,2,0,0,2,0,0,0,2004/02/03 00:00:00+00,2/3/2004,Mid-Block (not related to intersection),13,"MOTOR VEHICLE STRUCK MOTOR VEHICLE, LEFT SIDE AT ANGLE",,0,Overcast,Dry,Daylight,,4034025,,32,One parked--one moving,0,0,N
1269687.075,222915.3693,183,20900,20900,1789710,Matched,Block,,ALASKAN WAY S BETWEEN YESLER WAY AND PIER 48 ACCESS RD,,,2,Injury Collision,Other,2,0,0,1,2,0,0,2004/04/24 00:00:00+00,4/24/2004 2:18,Mid-Block (not related to intersection),28,MOTOR VEHICLE RAN OFF ROAD - HIT FIXED OBJECT,,1,Clear,Dry,Dark - Street Lights On,,4115001,Y,50,Fixed object,0,0,N
1273909.413,229666.0259,184,61600,61600,2617309,Matched,Intersection,29053,10TH AVE E AND E JOHN ST,,,1,Property Damage Only Collision,Angles,2,0,0,2,0,0,0,2006/12/27 00:00:00+00,12/27/2006 12:28,At Intersection (intersection related),11,"MOTOR VEHICLE STRUCK MOTOR VEHICLE, FRONT END AT ANGLE",Y,0,Overcast,Dry,Daylight,,6361017,,10,Entering at angle,0,0,N
1269968.355,225924.949,185,51500,51500,2190333,Matched,Block,,UNION ST BETWEEN 4TH AVE AND 5TH AVE,,,1,Property Damage Only Collision,Rear Ended,2,0,0,2,0,0,0,2006/04/21 00:00:00+00,4/21/2006 16:59,Mid-Block (but intersection related),14,"MOTOR VEHICLE STRUCK MOTOR VEHICLE, REAR END",,0,Clear,Dry,Daylight,,6111035,,14,From same direction - both going straight - one stopped - rear-end,0,0,N
1279840.281,212854.0904,186,1109,1109,3617331,Matched,Block,,S BYRON ST BETWEEN RAINIER AVE S AND WETMORE AVE S, ,,1,Property Damage Only Collision,Parked Car,2,0,0,2,0,0,0,2013/03/28 00:00:00+00,3/28/2013 12:40,Mid-Block (not related to intersection),11,"MOTOR VEHICLE STRUCK MOTOR VEHICLE, FRONT END AT ANGLE",,N,Clear,Dry,Daylight,,,,20,One car leaving parked position,0,0,N
1267411.766,226686.4365,187,322140,323640,E947530,Matched,Block,,ELLIOTT AVE BETWEEN LENORA ST AND BLANCHARD ST, ,,1,Property Damage Only Collision,Sideswipe,3,0,0,2,0,0,0,2019/08/02 00:00:00+00,8/2/2019 16:53,Mid-Block (not related to intersection),14,"MOTOR VEHICLE STRUCK MOTOR VEHICLE, REAR END",Y,N,Clear,Dry,Daylight,,,,12,From same direction - both going straight - one stopped - sideswipe,0,0,N
1265803.499,269008.0502,188,1358,1358,3568600,Matched,Block,,GREENWOOD AVE N BETWEEN N 134TH ST AND N 136TH ST, ,,1,Property Damage Only Collision,Left Turn,2,0,0,2,0,0,0,2013/04/02 00:00:00+00,4/2/2013 15:10,Mid-Block (not related to intersection),11,"MOTOR VEHICLE STRUCK MOTOR VEHICLE, FRONT END AT ANGLE",,N,Overcast,Dry,Daylight,,,,28,From opposite direction - one left turn - one straight,0,0,N
1268210.657,252805.2895,189,48300,48300,1794147,Matched,Block,,AURORA AVE N BETWEEN WINONA AVE N AND N 75TH ST,,,2,Injury Collision,Rear Ended,2,0,0,2,1,0,0,2005/03/01 00:00:00+00,3/1/2005,Mid-Block (but intersection related),14,"MOTOR VEHICLE STRUCK MOTOR VEHICLE, REAR END",,0,Overcast,Wet,Daylight,,5060025,,14,From same direction - both going straight - one stopped - rear-end,0,0,N
1285416.735,191845.7983,190,327806,329306,3856976,Matched,Intersection,35472,51ST AVE S AND S ROXBURY ST, ,,2b,Serious Injury Collision,Pedestrian,2,1,0,1,1,1,0,2020/01/16 00:00:00+00,1/16/2020 14:20,At Intersection (intersection related),24,MOTOR VEHCILE STRUCK PEDESTRIAN,,N,Overcast,Dry,Daylight,Y,,,2,Vehicle turning left hits pedestrian,0,522022,N
1256385.758,197351.1655,191,105400,105400,3334305,Unmatched,Block,,SW SOUTHERN ST BETWEEN CALIFORNIA AVE SW AND NORTHROP PL SW,,,0,Unknown,,0,0,0,0,0,0,0,2009/09/06 00:00:00+00,9/6/2009,Mid-Block (not related to intersection),11,"MOTOR VEHICLE STRUCK MOTOR VEHICLE, FRONT END AT ANGLE",,,,,,,9249033,,,,0,0,N