X,Y,OBJECTID,INCKEY,COLDETKEY,REPORTNO,STATUS,ADDRTYPE,INTKEY,LOCATION,EXCEPTRSNCODE,EXCEPTRSNDESC,SEVERITYCODE,SEVERITYDESC,COLLISIONTYPE,PERSONCOUNT,PEDCOUNT,PEDCYLCOUNT,VEHCOUNT,INJURIES,SERIOUSINJURIES,FATALITIES,INCDATE,INCDTTM,JUNCTIONTYPE,SDOT_COLCODE,SDOT_COLDESC,INATTENTIONIND,UNDERINFL,WEATHER,ROADCOND,LIGHTCOND,PEDROWNOTGRNT,SDOTCOLNUM,SPEEDING,ST_COLCODE,ST_COLDESC,SEGLANEKEY,CROSSWALKKEY,HITPARKEDCAR
1258652.493,202237.6981,192,32100,32100,1477191,Matched,Block,,37TH AVE SW BETWEEN SW MORGAN ST AND SW WARSAW ST,,,1,Property Damage Only Collision,Parked Car,2,0,0,2,0,0,0,2004/03/21 00:00:00+00,3/21/2004 18:26,Driveway Junction,14,"MOTOR VEHICLE STRUCK MOTOR VEHICLE, REAR END",,0,Unknown,Unknown,Unknown,,4081025,,32,One parked--one moving,0,0,N
1259539.978,209927.1569,193,327921,329421,3856098,Matched,Intersection,31898,FAUNTLEROY WAY SW AND WEST SEATTLE BR EB, ,,2,Injury Collision,Angles,3,0,0,2,2,0,0,2020/01/20 00:00:00+00,1/20/2020 20:01,At Intersection (intersection related),11,"MOTOR VEHICLE STRUCK MOTOR VEHICLE, FRONT END AT ANGLE",,N,Overcast,Dry,Dark - Street Lights On,,,,10,Entering at angle,0,0,N
1266525.406,195384.6392,194,1276,1276,3553241,Matched,Block,,9TH AVE SW BETWEEN SW CLOVERDALE ST AND SW TRENTON ST, ,,1,Property Damage Only Collision,Parked Car,2,0,0,2,0,0,0,2013/04/01 00:00:00+00,4/1/2013 5:30,Mid-Block (not related to intersection),11,"MOTOR VEHICLE STRUCK MOTOR VEHICLE, FRONT END AT ANGLE",,N,Clear,Dry,Dark - Street Lights On,,,Y,32,One parked--one moving,0,0,N
1281913.345,208686.0364,195,322232,323732,E947159,Matched,Block,,S OREGON ST BETWEEN 37TH AVE S AND 38TH AVE S, ,,1,Property Damage Only Collision,Parked Car,2,0,0,2,0,0,0,2019/08/05 00:00:00+00,8/5/2019 14:45,Mid-Block (not related to intersection),11,"MOTOR VEHICLE STRUCK MOTOR VEHICLE, FRONT END AT ANGLE",,N,Clear,Dry,Daylight,,,,32,One parked--one moving,0,0,Y
1258494.276,202545.6969,196,58100,58100,2060186,Matched,Block,,SW MORGAN ST BETWEEN 37TH AVE SW AND 38TH AVE SW,,,1,Property Damage Only Collision,Parked Car,3,0,0,3,0,0,0,2006/01/12 00:00:00+00,1/12/2006 3:33,Mid-Block (not related to intersection),14,"MOTOR VEHICLE STRUCK MOTOR VEHICLE, REAR END",,1,Overcast,Dry,Dark - Street Lights On,,6012017,,32,One parked--one moving,0,0,N
1267291.253,241521.8062,197,34700,34700,2023301,Matched,Block,,AURORA AVE N BETWEEN BRIDGE WAY N AND N 38 UPPER ST,,,1,Property Damage Only Collision,Sideswipe,3,0,0,2,0,0,0,2005/06/24 00:00:00+00,6/24/2005 14:30,Mid-Block (but intersection related),11,"MOTOR VEHICLE STRUCK MOTOR VEHICLE, FRONT END AT ANGLE",,0,Clear,Dry,Daylight,,5175038,Y,11,From same direction - both going straight - both moving - sideswipe,0,0,N
1264905.846,229070.5197,198,1078,1078,3562730,Matched,Intersection,35490,BAY ST AND WESTERN AVE, ,,1,Property Damage Only Collision,Sideswipe,5,0,0,2,0,0,0,2013/03/25 00:00:00+00,3/25/2013 16:54,At Intersection (intersection related),11,"MOTOR VEHICLE STRUCK MOTOR VEHICLE, FRONT END AT ANGLE",Y,N,Clear,Dry,Daylight,,,,11,From same direction - both going straight - both moving - sideswipe,0,0,N
1279787.109,212593.7408,199,327932,329432,EA05308,Matched,Block,,RAINIER AVE S BETWEEN S BYRON ST AND S WALDEN ST, ,,1,Property Damage Only Collision,Rear Ended,4,0,0,2,0,0,0,2020/01/02 00:00:00+00,1/2/2020 11:31,Mid-Block (not related to intersection),14,"MOTOR VEHICLE STRUCK MOTOR VEHICLE, REAR END",,N,Raining,Wet,Daylight,,,,14,From same direction - both going straight - one stopped - rear-end,0,0,N
1268425.177,271384.379,200,46100,46100,1778282,Unmatched,Block,,AURORA AVE N BETWEEN ROOSEVELT WAY N AND N 145TH ST,,,0,Unknown,,0,0,0,0,0,0,0,2005/01/19 00:00:00+00,1/19/2005,Mid-Block (but intersection related),14,"MOTOR VEHICLE STRUCK MOTOR VEHICLE, REAR END",,,,,,,5019022,,,,0,0,N
1265012.455,240325.8621,201,1012,1012,3615257,Matched,Block,,DRAVUS ST BETWEEN QUEEN ANNE AVE N AND NICKERSON ST, ,,1,Property Damage Only Collision,Parked Car,2,0,0,2,0,0,0,2013/03/16 00:00:00+00,3/16/2013 13:00,Mid-Block (not related to intersection),13,"MOTOR VEHICLE STRUCK MOTOR VEHICLE, LEFT SIDE AT ANGLE",,N,Unknown,Unknown,Unknown,,,,32,One parked--one moving,0,0,N
1273910.329,244859.6144,202,1181,1181,3501659,Matched,Block,,7TH AVE NE BETWEEN NE 45TH ST AND NE 45TH ST ON RP, ,,1,Property Damage Only Collision,Sideswipe,3,0,0,2,0,0,0,2013/03/30 00:00:00+00,3/30/2013 14:00,Mid-Block (not related to intersection),11,"MOTOR VEHICLE STRUCK MOTOR VEHICLE, FRONT END AT ANGLE",,N,Clear,Dry,Daylight,,,,11,From same direction - both going straight - both moving - sideswipe,0,0,N
1277965.753,225427.3824,203,27900,27900,1788745,Matched,Block,,23RD AVE BETWEEN E CHERRY ST AND E COLUMBIA ST,,,1,Property Damage Only Collision,Rear Ended,2,0,0,2,0,0,0,2004/07/23 00:00:00+00,7/23/2004 14:45,Mid-Block (but intersection related),14,"MOTOR VEHICLE STRUCK MOTOR VEHICLE, REAR END",,0,Clear,Dry,Daylight,,4205026,,14,From same direction - both going straight - one stopped - rear-end,0,0,N
1272119.205,232452.0756,204,43900,43900,2028413,Unmatched,Block,,BELLEVUE CT E BETWEEN BELLEVUE PL E AND BELMONT AVE E,,,0,Unknown,,0,0,0,0,0,0,0,2005/05/26 00:00:00+00,5/26/2005,Mid-Block (not related to intersection),28,MOTOR VEHICLE RAN OFF ROAD - HIT FIXED OBJECT,,,,,,,5146016,,,,0,0,N
1273947.872,262014.5962,205,1141,1141,3613060,Matched,Block,,NE NORTHGATE WAY BETWEEN 5TH AVE NE AND 8TH AVE NE, ,,2,Injury Collision,Angles,3,0,0,2,3,0,0,2013/03/29 00:00:00+00,3/29/2013 12:27,Mid-Block (not related to intersection),11,"MOTOR VEHICLE STRUCK MOTOR VEHICLE, FRONT END AT ANGLE",,N,Clear,Dry,Daylight,,,,10,Entering at angle,0,0,N
1282632.449,202272.2776,206,1245,1245,3617741,Matched,Block,,S EDDY ST BETWEEN 39TH AVE S AND 42ND N AVE S, ,,1,Property Damage Only Collision,Parked Car,3,0,0,3,0,0,0,2013/03/31 00:00:00+00,3/31/2013 2:12,Mid-Block (not related to intersection),14,"MOTOR VEHICLE STRUCK MOTOR VEHICLE, REAR END",,N,Clear,Dry,Dark - Street Lights On,,,,32,One parked--one moving,0,0,N
1269914.276,223105.6534,207,89300,89300,2900103,Matched,Block,,YESLER WAY BETWEEN WESTERN AVE AND POST AVE,,,1,Property Damage Only Collision,Parked Car,2,0,0,2,0,0,0,2008/07/09 00:00:00+00,7/9/2008,Mid-Block (not related to intersection),14,"MOTOR VEHICLE STRUCK MOTOR VEHICLE, REAR END",,0,Clear,Dry,Daylight,,8191014,,32,One parked--one moving,0,0,N
1275620.266,219022.9155,208,64100,64100,2280566,Matched,Block,,STURGUS AVE S BETWEEN S JUDKINS ST AND S ATLANTIC ST,,,1,Property Damage Only Collision,Parked Car,2,0,0,2,0,0,0,2006/04/17 00:00:00+00,4/17/2006 15:34,Mid-Block (not related to intersection),14,"MOTOR VEHICLE STRUCK MOTOR VEHICLE, REAR END",,0,Clear,Dry,Daylight,,6107006,,32,One parked--one moving,0,0,N
1268293.693,258853.5421,209,322193,323693,E948596,Matched,Intersection,37312,AURORA AVE N AND N 97TH ST, ,,2,Injury Collision,Cycles,2,0,1,1,1,0,0,2019/08/07 00:00:00+00,8/7/2019 19:00,At Intersection (intersection related),14,"MOTOR VEHICLE STRUCK MOTOR VEHICLE, REAR END",Y,N,Clear,Dry,Daylight,,,,5,Vehicle Strikes Pedalcyclist,0,0,N
1275885.729,241688.878,210,327919,329419,3854962,Unmatched,Intersection,27149,15TH AVE NE AND NE PACIFIC ST, ,,2,Injury Collision,,3,0,0,0,1,0,0,2020/01/21 00:00:00+00,1/21/2020,At Intersection (intersection related),11,"MOTOR VEHICLE STRUCK MOTOR VEHICLE, FRONT END AT ANGLE",,,,,,,,, ,,0,0,N
1257243.641,209513.7994,211,1279,1279,3380688,Matched,Block,,42ND AVE SW BETWEEN SW GENESEE ST AND SW OREGON ST, ,,1,Property Damage Only Collision,Parked Car,3,0,0,2,0,0,0,2013/03/27 00:00:00+00,3/27/2013 14:35,Mid-Block (not related to intersection),11,"MOTOR VEHICLE STRUCK MOTOR VEHICLE, FRONT END AT ANGLE",Y,N,Overcast,Wet,Daylight,,,,32,One parked--one moving,0,0,N
1270475.29,202357.0446,212,21300,21300,1789050,Matched,Intersection,34222,EAST MARGINAL WAY S AND S MICHIGAN ST,,,1,Property Damage Only Collision,Angles,2,0,0,2,0,0,0,2004/09/29 00:00:00+00,9/29/2004 9:11,At Intersection (intersection related),11,"MOTOR VEHICLE STRUCK MOTOR VEHICLE, FRONT END AT ANGLE",,0,Clear,Dry,Daylight,,4273016,,10,Entering at angle,0,0,N
1263342.153,212193.7262,213,322213,323713,3746951,Matched,Block,,WEST SEATTLE BR EB BETWEEN DELRIDGE-W SEATTLE BR EB ON RP AND 26TH AV SW ON RP, ,,2,Injury Collision,Sideswipe,2,0,0,2,1,0,0,2019/08/13 00:00:00+00,8/13/2019 8:02,Mid-Block (not related to intersection),14,"MOTOR VEHICLE STRUCK MOTOR VEHICLE, REAR END",,N,Clear,Dry,Daylight,,,,12,From same direction - both going straight - one stopped - sideswipe,0,0,N
1266103.945,228417.6118,214,59900,59900,2071658,Matched,Block,,1ST AVE BETWEEN CEDAR ST AND CLAY ST,,,1,Property Damage Only Collision,Parked Car,2,0,0,2,0,0,0,2006/01/26 00:00:00+00,1/26/2006 8:49,Mid-Block (not related to intersection),16,"MOTOR VEHICLE STRUCK MOTOR VEHICLE, LEFT SIDE SIDESWIPE",,0,Unknown,Unknown,Daylight,,6026006,,32,One parked--one moving,0,0,N
1273185.626,242780.2651,215,50400,50400,2624569,Matched,Intersection,27122,5TH AVE NE AND NE 40 UPPER ST,,,1,Property Damage Only Collision,Left Turn,3,0,0,2,0,0,0,2006/10/02 00:00:00+00,10/2/2006,At Intersection (intersection related),11,"MOTOR VEHICLE STRUCK MOTOR VEHICLE, FRONT END AT ANGLE",,0,Clear,Dry,Daylight,,6275008,,28,From opposite direction - one left turn - one straight,0,0,N
1264539.752,198547.0179,216,1103,1103,3505439,Matched,Block,,16TH AVE SW BETWEEN SW AUSTIN ST AND SW HOLDEN ST, ,,1,Property Damage Only Collision,Sideswipe,2,0,0,2,0,0,0,2013/03/28 00:00:00+00,3/28/2013 10:10,Mid-Block (not related to intersection),11,"MOTOR VEHICLE STRUCK MOTOR VEHICLE, FRONT END AT ANGLE",,N,Overcast,Dry,Daylight,,,,12,From same direction - both going straight - one stopped - sideswipe,0,0,N
1270478.387,222481.9068,217,322138,323638,E947453,Matched,Block,,S MAIN ST BETWEEN 1ST AVE S AND 2ND AVE S, ,,1,Property Damage Only Collision,Parked Car,2,0,0,2,0,0,0,2019/07/30 00:00:00+00,7/30/2019 15:05,Mid-Block (not related to intersection),11,"MOTOR VEHICLE STRUCK MOTOR VEHICLE, FRONT END AT ANGLE",Y,N,Clear,Dry,Daylight,,,,32,One parked--one moving,0,0,N
1272180.069,230032.71,218,44300,44300,2127976,Matched,Intersection,29144,BELLEVUE AVE E AND E THOMAS ST,,,2,Injury Collision,Angles,2,0,0,2,1,0,0,2005/11/07 00:00:00+00,11/7/2005,At Intersection (intersection related),11,"MOTOR VEHICLE STRUCK MOTOR VEHICLE, FRONT END AT ANGLE",,0,Overcast,Wet,Daylight,,5311016,,10,Entering at angle,0,0,N
1267206.82,228719.9866,219,240000,240440,E627473,Unmatched,Block,,4TH AVE BETWEEN WALL ST AND VINE ST,NEI,"Not Enough Information, or Insufficient Location Information",0,Unknown,,0,0,0,0,0,0,0,2016/12/31 00:00:00+00,12/31/2016,Mid-Block (not related to intersection),14,"MOTOR VEHICLE STRUCK MOTOR VEHICLE, REAR END",,,,,,,,, ,,0,0,Y
1270280.95,229858.1127,220,30000,30000,1779497,Matched,Block,,FAIRVIEW AVE N BETWEEN JOHN ST AND THOMAS ST,,,2,Injury Collision,Rear Ended,3,0,0,3,1,0,0,2004/07/11 00:00:00+00,7/11/2004 17:25,Mid-Block (but intersection related),14,"MOTOR VEHICLE STRUCK MOTOR VEHICLE, REAR END",,0,Clear,Dry,Daylight,,4193029,,14,From same direction - both going straight - one stopped - rear-end,0,0,N
1272771.225,210934.3342,221,26300,26300,1787917,Matched,Block,,AIRPORT WAY S BETWEEN S BRADFORD ST AND S ANDOVER ST,,,1,Property Damage Only Collision,Sideswipe,2,0,0,2,0,0,0,2004/06/04 00:00:00+00,6/4/2004,Mid-Block (not related to intersection),16,"MOTOR VEHICLE STRUCK MOTOR VEHICLE, LEFT SIDE SIDESWIPE",Y,0,Clear,Dry,Dawn,,4156033,,11,From same direction - both going straight - both moving - sideswipe,0,0,N
1272804.601,223552.7854,222,41000,41000,1745296,Matched,Block,,ALDER ST BETWEEN DEAD END AND 9TH AVE,,,2,Injury Collision,Parked Car,2,0,0,2,1,0,0,2005/08/15 00:00:00+00,8/15/2005 6:54,Mid-Block (not related to intersection),11,"MOTOR VEHICLE STRUCK MOTOR VEHICLE, FRONT END AT ANGLE",,0,Clear,Dry,Daylight,,5227033,Y,20,One car leaving parked position,0,0,N
1257124.553,212945.3567,223,1247,1247,3645423,Matched,Block,,SW HINDS ST BETWEEN 42ND AVE SW AND CALIFORNIA S AVE SW, ,,1,Property Damage Only Collision,Parked Car,2,0,0,2,0,0,0,2013/03/25 00:00:00+00,3/25/2013 11:00,Mid-Block (not related to intersection),0,NOT ENOUGH INFORMATION / NOT APPLICABLE,,N,Unknown,Unknown,Daylight,,,,32,One parked--one moving,0,0,N
1276308.758,250001.4979,224,89700,89700,2829328,Matched,Block,,NE 65TH ST BETWEEN 15TH AVE NE AND 16TH AVE NE,,,1,Property Damage Only Collision,Sideswipe,2,0,0,2,0,0,0,2008/01/23 00:00:00+00,1/23/2008 15:07,Mid-Block (not related to intersection),11,"MOTOR VEHICLE STRUCK MOTOR VEHICLE, FRONT END AT ANGLE",,0,Clear,Dry,Daylight,,8023022,,11,From same direction - both going straight - both moving - sideswipe,0,0,N
1266046.259,212217.6279,225,322207,323707,3742593,Matched,Block,,SW SPOKANE NR ST BETWEEN 11TH AVE SW AND SW SPOKANE SR ST, ,,2,Injury Collision,Other,2,0,0,2,1,0,0,2019/08/07 00:00:00+00,8/7/2019 6:00,Mid-Block (not related to intersection),14,"MOTOR VEHICLE STRUCK MOTOR VEHICLE, REAR END",,N,Clear,Dry,Daylight,,,,52,Vehicle overturned,0,0,N
1267355.587,241101.248,226,54500,54500,2624883,Matched,Block,,N 36TH ST BETWEEN TROLL AVE N AND WINSLOW PL N,,,1,Property Damage Only Collision,Parked Car,6,0,0,2,0,0,0,2006/08/07 00:00:00+00,8/7/2006,Mid-Block (not related to intersection),11,"MOTOR VEHICLE STRUCK MOTOR VEHICLE, FRONT END AT ANGLE",,0,Clear,Dry,Daylight,,6219025,,32,One parked--one moving,0,0,N
1262385.637,245183.1801,227,322194,323694,E946791,Matched,Block,,LEARY WAY NW BETWEEN NW 45TH ST AND NW 46TH ST, ,,1,Property Damage Only Collision,Rear Ended,2,0,0,2,0,0,0,2019/07/25 00:00:00+00,7/25/2019 14:29,Mid-Block (not related to intersection),14,"MOTOR VEHICLE STRUCK MOTOR VEHICLE, REAR END",Y,N,Clear,Dry,Daylight,,,,14,From same direction - both going straight - one stopped - rear-end,0,0,N
1275539.246,246048.9179,228,37300,37300,2023349,Matched,Intersection,25792,BROOKLYN AVE NE AND NE 50TH ST,,,1,Property Damage Only Collision,Sideswipe,2,0,0,2,0,0,0,2005/08/07 00:00:00+00,8/7/2005,At Intersection (intersection related),11,"MOTOR VEHICLE STRUCK MOTOR VEHICLE, FRONT END AT ANGLE",,0,Clear,Dry,Daylight,,5219026,,71,Same direction -- both turning right -- both moving -- sideswipe,0,0,N
1269939.203,229234.3891,229,62500,62500,2071831,Matched,Block,,DENNY WAY BETWEEN BOREN AVE N AND BOREN AVE,,,2,Injury Collision,Rear Ended,3,0,0,2,1,0,0,2006/04/04 00:00:00+00,4/4/2006,Mid-Block (but intersection related),14,"MOTOR VEHICLE STRUCK MOTOR VEHICLE, REAR END",,0,Clear,Dry,Daylight,,6094046,,14,From same direction - both going straight - one stopped - rear-end,0,0,N
1276210.49,255480.5227,230,40200,40200,2023359,Matched,Block,,15TH AVE NE BETWEEN NE 85TH ST AND NE 86TH ST,,,1,Property Damage Only Collision,Parked Car,2,0,0,2,0,0,0,2005/08/18 00:00:00+00,8/18/2005 18:30,Driveway Junction,13,"MOTOR VEHICLE STRUCK MOTOR VEHICLE, LEFT SIDE AT ANGLE",Y,0,Clear,Dry,Daylight,,5230035,,32,One parked--one moving,0,0,N
1269823.796,248814.1795,231,1140,1140,3503364,Matched,Intersection,25482,KENWOOD PL N AND EAST GREEN LAKE WAY N, ,,2,Injury Collision,Rear Ended,4,0,0,3,1,0,0,2013/03/29 00:00:00+00,3/29/2013 16:20,At Intersection (intersection related),14,"MOTOR VEHICLE STRUCK MOTOR VEHICLE, REAR END",Y,N,Clear,Dry,Daylight,,,,14,From same direction - both going straight - one stopped - rear-end,0,0,N
1273762.377,253153.742,232,327872,329372,EA01103,Matched,Block,,BANNER WAY NE BETWEEN 6TH AVE NE AND NE 77TH ST, ,,1,Property Damage Only Collision,Rear Ended,3,0,0,2,0,0,0,2020/01/06 00:00:00+00,1/6/2020 8:33,Mid-Block (not related to intersection),14,"MOTOR VEHICLE STRUCK MOTOR VEHICLE, REAR END",,N,Raining,Wet,Daylight,,,,14,From same direction - both going straight - one stopped - rear-end,0,0,N
1263093.464,200192.5349,233,1369,1369,2897721,Matched,Block,,DELRIDGE WAY SW BETWEEN SW MYRTLE ST AND SW ORCHARD ST, ,,1,Property Damage Only Collision,Right Turn,2,0,0,2,0,0,0,2013/04/02 00:00:00+00,4/2/2013 9:37,Mid-Block (not related to intersection),11,"MOTOR VEHICLE STRUCK MOTOR VEHICLE, FRONT END AT ANGLE",,N,Clear,Dry,Daylight,,,,16,From same direction - one right turn - one straight,0,0,N
1265492.484,260771.9071,234,103600,103600,3286595,Matched,Block,,HOLMAN RD N BETWEEN N 104TH ST AND GREENWOOD AVE N,,,1,Property Damage Only Collision,Angles,4,0,0,4,0,0,0,2009/01/29 00:00:00+00,1/29/2009 13:00,Mid-Block (but intersection related),11,"MOTOR VEHICLE STRUCK MOTOR VEHICLE, FRONT END AT ANGLE",,0,Overcast,Dry,Daylight,,9029009,,10,Entering at angle,0,0,N
1273446.647,238402.8313,235,322235,323735,E949335,Matched,Block,,HARVARD AVE E BETWEEN E ROANOKE ST AND E EDGAR ST, ,,1,Property Damage Only Collision,Sideswipe,2,0,0,2,0,0,0,2019/08/09 00:00:00+00,8/9/2019 17:19,Mid-Block (but intersection related),11,"MOTOR VEHICLE STRUCK MOTOR VEHICLE, FRONT END AT ANGLE",,N,Clear,Dry,Daylight,,,,71,Same direction -- both turning right -- both moving -- sideswipe,0,0,N
1279149.975,213887.4315,236,52900,52900,2612374,Matched,Block,,RAINIER AVE S BETWEEN S FOREST ST AND M L KING JR WAY S,,,1,Property Damage Only Collision,Rear Ended,3,0,0,3,0,0,0,2006/09/07 00:00:00+00,9/7/2006,Mid-Block (but intersection related),14,"MOTOR VEHICLE STRUCK MOTOR VEHICLE, REAR END",,0,Overcast,Dry,Daylight,,6250030,,14,From same direction - both going straight - one stopped - rear-end,0,0,N
1279176.73,211289.5609,237,327785,329285,3857104,Matched,Block,,M L KING JR ER WAY S BETWEEN RENTON N AVE S AND S ANDOVER ST, ,,1,Property Damage Only Collision,Angles,3,0,0,2,0,0,0,2020/01/12 00:00:00+00,1/12/2020 19:54,Driveway Junction,11,"MOTOR VEHICLE STRUCK MOTOR VEHICLE, FRONT END AT ANGLE",,N,Overcast,Wet,Dark - Street Lights On,,,,10,Entering at angle,0,0,N
1269467.373,228623.1767,238,78000,78000,2138604,Matched,Block,,LENORA ST BETWEEN 8TH AVE AND 9TH AVE,,,1,Property Damage Only Collision,Other,1,0,0,1,0,0,0,2007/02/18 00:00:00+00,2/18/2007 15:12,Mid-Block (not related to intersection),28,MOTOR VEHICLE RAN OFF ROAD - HIT FIXED OBJECT,,0,Clear,Dry,Daylight,,7049002,,50,Fixed object,0,0,N
1269023.917,227502.6398,239,18000,18000,1482774,Matched,Intersection,29549,5TH AVE AND VIRGINIA ST,,,1,Property Damage Only Collision,Left Turn,3,0,0,2,0,0,0,2004/09/20 00:00:00+00,9/20/2004 13:47,At Intersection (intersection related),11,"MOTOR VEHICLE STRUCK MOTOR VEHICLE, FRONT END AT ANGLE",,0,Clear,Dry,Daylight,,4264021,,15,From same direction - one left turn - one straight,0,0,N
1265643.948,258966.3545,240,23200,23200,4236041,Unmatched,Block,,GREENWOOD AVE N BETWEEN N 97TH ST AND N GREENWOOD CIR,,,0,Unknown,,0,0,0,0,0,0,0,2004/08/23 00:00:00+00,8/23/2004,Mid-Block (but intersection related),14,"MOTOR VEHICLE STRUCK MOTOR VEHICLE, REAR END",,,,,,,4236041,,,,0,0,N
1270964.315,224241.8443,241,22700,22700,1776958,Matched,Block,,COLUMBIA ST BETWEEN 4TH AVE AND 5TH AVE,,,1,Property Damage Only Collision,Parked Car,2,0,0,2,0,0,0,2004/02/24 00:00:00+00,2/24/2004 15:00,Mid-Block (not related to intersection),13,"MOTOR VEHICLE STRUCK MOTOR VEHICLE, LEFT SIDE AT ANGLE",Y,0,Clear,Dry,Daylight,,4055002,,32,One parked--one moving,0,0,N
1265598.861,228876.4223,242,57900,57900,2623041,Matched,Block,,1ST AVE BETWEEN BROAD ST AND EAGLE ST,,,1,Property Damage Only Collision,Parked Car,2,0,0,2,0,0,0,2006/08/08 00:00:00+00,8/8/2006,Mid-Block (not related to intersection),16,"MOTOR VEHICLE STRUCK MOTOR VEHICLE, LEFT SIDE SIDESWIPE",,0,Clear,Dry,Daylight,,6220006,,32,One parked--one moving,0,0,N
1267875.262,245973.3074,243,50200,50200,2108522,Matched,Block,,N 49TH ST BETWEEN WHITMAN AVE N AND WOODLAND PARK AVE N,,,1,Property Damage Only Collision,Parked Car,2,0,0,2,0,0,0,2006/06/18 00:00:00+00,6/18/2006 23:37,Mid-Block (not related to intersection),12,"MOTOR VEHICLE STRUCK MOTOR VEHICLE, RIGHT SIDE AT ANGLE",,0,Overcast,Dry,Dark - Street Lights Off,,6169025,,32,One parked--one moving,0,0,N
1267054.144,227552.688,244,1107,1107,3562735,Matched,Block,,1ST AVE BETWEEN BELL ST AND BATTERY ST, ,,1,Property Damage Only Collision,Parked Car,2,0,0,2,0,0,0,2013/03/28 00:00:00+00,3/28/2013 22:00,Mid-Block (not related to intersection),11,"MOTOR VEHICLE STRUCK MOTOR VEHICLE, FRONT END AT ANGLE",,N,Clear,Unknown,Dark - Street Lights On,,,,32,One parked--one moving,0,0,N
1276223.793,219830.4775,245,25300,25300,1795877,Matched,Block,,RAINIER AVE S BETWEEN S NORMAN ST AND I90 WB RAINIER NB OF RP,,,2,Injury Collision,Rear Ended,2,0,0,2,2,0,0,2004/09/30 00:00:00+00,9/30/2004 12:40,Mid-Block (but intersection related),14,"MOTOR VEHICLE STRUCK MOTOR VEHICLE, REAR END",Y,0,Clear,Dry,Daylight,,4274006,,14,From same direction - both going straight - one stopped - rear-end,0,0,N
1269810.739,226821.9627,246,63400,63400,2071243,Matched,Block,,PINE ST BETWEEN 5TH AVE AND 6TH AVE,,,1,Property Damage Only Collision,Parked Car,2,0,0,2,0,0,0,2006/06/15 00:00:00+00,6/15/2006 13:00,Mid-Block (not related to intersection),11,"MOTOR VEHICLE STRUCK MOTOR VEHICLE, FRONT END AT ANGLE",,0,Clear,Dry,Daylight,,6166014,,32,One parked--one moving,0,0,N
1266571.869,254261.4647,247,130000,130000,3562147,Matched,Block,,N 80TH ST BETWEEN DAYTON AVE N AND FREMONT AVE N,,,2,Injury Collision,Parked Car,2,0,0,2,1,0,0,2011/03/12 00:00:00+00,3/12/2011 2:30,Mid-Block (not related to intersection),16,"MOTOR VEHICLE STRUCK MOTOR VEHICLE, LEFT SIDE SIDESWIPE",,Y,Raining,Wet,Dark - Street Lights On,,11071002,,32,One parked--one moving,0,0,N
1275789.729,245048.8713,248,91300,91300,2895336,Matched,Block,,UNIVERSITY WAY NE BETWEEN NE 45TH ST AND NE 47TH ST,,,1,Property Damage Only Collision,Parked Car,2,0,0,2,0,0,0,2008/02/29 00:00:00+00,2/29/2008 20:05,Mid-Block (not related to intersection),14,"MOTOR VEHICLE STRUCK MOTOR VEHICLE, REAR END",,0,Overcast,Dry,Dark - Street Lights On,,8060007,,32,One parked--one moving,0,0,N
1260240.242,252021.5676,249,31700,31700,1931132,Unmatched,Block,,15TH AVE NW BETWEEN NW 70TH ST AND NW 73RD ST,,,0,Unknown,,0,0,0,0,0,0,0,2004/12/10 00:00:00+00,12/10/2004,Driveway Junction,14,"MOTOR VEHICLE STRUCK MOTOR VEHICLE, REAR END",,,,,,,4345065,,,,0,0,N
1281761.967,202569.6477,250,327927,329427,3856957,Matched,Intersection,33645,M L KING JR WR WAY S AND S GRAHAM ST, ,,2,Injury Collision,Pedestrian,3,1,0,1,1,0,0,2020/01/21 00:00:00+00,1/21/2020 15:59,At Intersection (intersection related),24,MOTOR VEHCILE STRUCK PEDESTRIAN,,N,Raining,Wet,Daylight,,,,0,Vehicle going straight hits pedestrian,0,525629,N
1279919.294,227011.3042,251,1301,1301,3645759,Matched,Block,,E UNION ST BETWEEN M L KING JR WAY AND 30TH AVE,NEI,"Not Enough Information, or Insufficient Location Information",1,Property Damage Only Collision,Parked Car,2,0,0,2,0,0,0,2013/03/31 00:00:00+00,3/31/2013 23:00,,0,NOT ENOUGH INFORMATION / NOT APPLICABLE,,N,Unknown,Dry,Unknown,,,,32,One parked--one moving,0,0,N
1267368.977,227266.4868,252,90500,90500,2892141,Matched,Block,,1ST AVE BETWEEN BLANCHARD ST AND BELL ST,,,1,Property Damage Only Collision,Parked Car,2,0,0,2,0,0,0,2008/04/19 00:00:00+00,4/19/2008 1:00,Mid-Block (not related to intersection),16,"MOTOR VEHICLE STRUCK MOTOR VEHICLE, LEFT SIDE SIDESWIPE",,0,Unknown,Unknown,Unknown,,8110018,,32,One parked--one moving,0,0,N
1272183.349,230242.3015,253,322210,323710,E946602,Matched,Block,,BELLEVUE AVE E BETWEEN E THOMAS ST AND E HARRISON ST, ,,1,Property Damage Only Collision,Parked Car,2,0,0,2,0,0,0,2019/07/29 00:00:00+00,7/29/2019 12:26,Mid-Block (not related to intersection),11,"MOTOR VEHICLE STRUCK MOTOR VEHICLE, FRONT END AT ANGLE",,N,Clear,Dry,Daylight,,,,32,One parked--one moving,0,0,Y
1278355.919,258897.8018,254,54800,54800,2614771,Unmatched,Block,,NE 98TH ST BETWEEN 23RD AVE NE AND LAKE CITY WAY NE,,,0,Unknown,,0,0,0,0,0,0,0,2006/11/04 00:00:00+00,11/4/2006,Mid-Block (not related to intersection),14,"MOTOR VEHICLE STRUCK MOTOR VEHICLE, REAR END",,,,,,,6308014,,,,0,0,N