X,Y,OBJECTID,INCKEY,COLDETKEY,REPORTNO,STATUS,ADDRTYPE,INTKEY,LOCATION,EXCEPTRSNCODE,EXCEPTRSNDESC,SEVERITYCODE,SEVERITYDESC,COLLISIONTYPE,PERSONCOUNT,PEDCOUNT,PEDCYLCOUNT,VEHCOUNT,INJURIES,SERIOUSINJURIES,FATALITIES,INCDATE,INCDTTM,JUNCTIONTYPE,SDOT_COLCODE,SDOT_COLDESC,INATTENTIONIND,UNDERINFL,WEATHER,ROADCOND,LIGHTCOND,PEDROWNOTGRNT,SDOTCOLNUM,SPEEDING,ST_COLCODE,ST_COLDESC,SEGLANEKEY,CROSSWALKKEY,HITPARKEDCAR
1265402.316,252410.8164,255,1043,1043,3615237,Unmatched,Block,,N 73RD ST BETWEEN PALATINE AVE N AND GREENWOOD AVE N, ,,0,Unknown,,0,0,0,0,0,0,0,2013/03/24 00:00:00+00,3/24/2013,Mid-Block (not related to intersection),13,"MOTOR VEHICLE STRUCK MOTOR VEHICLE, LEFT SIDE AT ANGLE",,,,,,,,, ,,0,0,N
1271219.581,249610.3526,256,322182,323682,E948194,Unmatched,Block,,N 63RD ST BETWEEN WOODLAWN N AVE N AND CORLISS AVE N,NEI,"Not Enough Information, or Insufficient Location Information",0,Unknown,,2,0,0,0,0,0,0,2019/08/08 00:00:00+00,8/8/2019,Mid-Block (not related to intersection),11,"MOTOR VEHICLE STRUCK MOTOR VEHICLE, FRONT END AT ANGLE",,,,,,,,, ,,0,0,Y
1269829.869,225842.9534,257,1227,1227,3643899,Matched,Intersection,29590,4TH AVE AND UNION ST, ,,1,Property Damage Only Collision,Rear Ended,2,0,0,2,0,0,0,2013/03/29 00:00:00+00,3/29/2013 20:20,At Intersection (intersection related),14,"MOTOR VEHICLE STRUCK MOTOR VEHICLE, REAR END",,N,Clear,Dry,Dusk,,,,14,From same direction - both going straight - one stopped - rear-end,0,0,N
1265975.947,228969.5269,258,1151,1151,3598980,Matched,Intersection,29666,2ND AVE AND BROAD ST, ,,1,Property Damage Only Collision,Angles,3,0,0,2,0,0,0,2013/03/29 00:00:00+00,3/29/2013 21:40,At Intersection (intersection related),11,"MOTOR VEHICLE STRUCK MOTOR VEHICLE, FRONT END AT ANGLE",,Y,Clear,Dry,Dark - Street Lights On,,,,10,Entering at angle,0,0,N
1273925.494,237156.6548,259,27600,27600,1772594,Matched,Block,,10TH AVE E BETWEEN E LYNN ST AND E MILLER ST,,,2b,Serious Injury Collision,Cycles,3,0,1,1,1,1,0,2004/06/12 00:00:00+00,6/12/2004 12:31,Mid-Block (not related to intersection),55,PEDALCYCLIST STRUCK MOTOR VEHICLE RIGHT SIDE SIDESWIPE,,0,Clear,Dry,Daylight,,4164010,,45,Vehicle - Pedalcyclist,0,0,N
1269137.794,223871.8634,260,41700,41700,1785524,Matched,Intersection,29631,ALASKAN WAY AND MADISON ST,,,1,Property Damage Only Collision,Angles,3,0,0,2,0,0,0,2005/06/10 00:00:00+00,6/10/2005 14:10,At Intersection (intersection related),11,"MOTOR VEHICLE STRUCK MOTOR VEHICLE, FRONT END AT ANGLE",,0,Overcast,Dry,Daylight,,5161034,,10,Entering at angle,0,0,N
1272433.439,244811.448,261,1187,1187,3507860,Matched,Block,,NE 45TH ST BETWEEN 2ND AVE NE AND THACKERAY PL NE, ,,2,Injury Collision,Angles,2,0,0,2,1,0,0,2013/03/30 00:00:00+00,3/30/2013 7:40,Mid-Block (not related to intersection),11,"MOTOR VEHICLE STRUCK MOTOR VEHICLE, FRONT END AT ANGLE",,N,Clear,Dry,Dawn,,,Y,10,Entering at angle,0,0,N
1268324.786,248604.0257,262,1146,1146,3507767,Matched,Block,,WEST GREEN LAKE WAY N BETWEEN GREEN LAKE TURN RD AND N 63RD ST, ,,1,Property Damage Only Collision,Rear Ended,2,0,0,2,0,0,0,2013/03/29 00:00:00+00,3/29/2013 16:30,Mid-Block (not related to intersection),14,"MOTOR VEHICLE STRUCK MOTOR VEHICLE, REAR END",Y,N,Clear,Dry,Daylight,,,,14,From same direction - both going straight - one stopped - rear-end,0,0,N
1259527.139,256401.4371,263,1241,1241,3613507,Matched,Intersection,36966,18TH AVE NW AND NW 87TH ST, ,,1,Property Damage Only Collision,Other,2,0,0,1,0,0,0,2013/03/31 00:00:00+00,3/31/2013 23:23,At Intersection (intersection related),26,MOTOR VEHICLE STRUCK OBJECT IN ROAD,,N,Clear,Dry,Dark - Street Lights On,,,,51,Other object,0,0,N
1257770.966,204430.1414,264,117900,117900,3342834,Matched,Intersection,32824,40TH AVE SW AND FAUNTLEROY N WAY SW,,,1,Property Damage Only Collision,Rear Ended,5,0,0,2,0,0,0,2010/09/10 00:00:00+00,9/10/2010 15:39,At Intersection (but not related to intersection),14,"MOTOR VEHICLE STRUCK MOTOR VEHICLE, REAR END",Y,N,Clear,Dry,Daylight,,10253023,,14,From same direction - both going straight - one stopped - rear-end,0,0,N
1269534.193,197579.9043,265,322112,323612,E927455,Matched,Block,,SR509 SB BETWEEN 2ND AV SW ON RP AND 1ST AV S OFF RP, ,,2,Injury Collision,Rear Ended,2,0,0,2,1,0,0,2019/06/01 00:00:00+00,6/1/2019 17:58,Mid-Block (not related to intersection),14,"MOTOR VEHICLE STRUCK MOTOR VEHICLE, REAR END",,N,Clear,Dry,Daylight,,,Y,14,From same direction - both going straight - one stopped - rear-end,0,0,N
,,266,64000,64000,2192053,Matched,Block,,ALASKAN WY VI SB BETWEEN BATTERY ST TUNNEL SB AND ELLIOTT AV ON RP,,,2,Injury Collision,Rear Ended,4,0,0,3,1,0,0,2006/01/13 00:00:00+00,1/13/2006 22:45,Mid-Block (not related to intersection),14,"MOTOR VEHICLE STRUCK MOTOR VEHICLE, REAR END",,0,Raining,Wet,Dark - Street Lights On,,6013082,Y,14,From same direction - both going straight - one stopped - rear-end,0,0,N
1262749.242,206695.2727,267,327856,329356,3856093,Matched,Block,,DELRIDGE WAY SW BETWEEN SW HUDSON ST AND PUGET BLVD SW, ,,1,Property Damage Only Collision,Parked Car,2,0,0,2,0,0,0,2020/01/17 00:00:00+00,1/17/2020 23:33,Mid-Block (not related to intersection),14,"MOTOR VEHICLE STRUCK MOTOR VEHICLE, REAR END",,N,Raining,Wet,Dark - Street Lights On,,,,32,One parked--one moving,0,0,Y
1272947.338,203354.2461,268,92100,92100,2894457,Matched,Block,,CORSON AVE S BETWEEN S HARNEY ST AND S MICHIGAN ST,,,2,Injury Collision,Rear Ended,2,0,0,2,1,0,0,2008/06/18 00:00:00+00,6/18/2008 18:28,Driveway Junction,14,"MOTOR VEHICLE STRUCK MOTOR VEHICLE, REAR END",,0,Clear,Dry,Daylight,,8170023,,14,From same direction - both going straight - one stopped - rear-end,0,0,N
,,269,23000,23000,537838,Matched,Block,,BATTERY ST TUN ON RP BETWEEN BELL ST AND ALASKAN WY VI NB,,,1,Property Damage Only Collision,Rear Ended,0,0,0,2,0,0,0,2004/01/16 00:00:00+00,1/16/2004 8:25,Mid-Block (but intersection related),14,"MOTOR VEHICLE STRUCK MOTOR VEHICLE, REAR END",,0,Overcast,Dry,Daylight,,4016025,,14,From same direction - both going straight - one stopped - rear-end,0,0,N
1285434.901,192502.8107,270,63000,63000,2058258,Matched,Block,,51ST AVE S BETWEEN S FLETCHER ST AND S CAMBRIDGE ST,,,1,Property Damage Only Collision,Right Turn,3,0,0,2,0,0,0,2006/05/05 00:00:00+00,5/5/2006,Mid-Block (not related to intersection),16,"MOTOR VEHICLE STRUCK MOTOR VEHICLE, LEFT SIDE SIDESWIPE",,0,Clear,Dry,Daylight,,6125011,,16,From same direction - one right turn - one straight,0,0,N
,,271,50900,50900,C671061,Matched,Block,,ALASKAN WY VI NB BETWEEN BATTERY ST TUNNEL NB AND BATTERY ST TUN ON RP,,,2,Injury Collision,Rear Ended,2,0,0,2,1,0,0,2006/07/14 00:00:00+00,7/14/2006 18:30,Mid-Block (not related to intersection),14,"MOTOR VEHICLE STRUCK MOTOR VEHICLE, REAR END",,0,Clear,Dry,Daylight,,6195047,,14,From same direction - both going straight - one stopped - rear-end,0,0,N
,,272,1339,1339,3581767,Matched,Intersection,29712,ALASKAN WY VI NB AND BATTERY ST TUN ON RP, ,,1,Property Damage Only Collision,Rear Ended,2,0,0,2,0,0,0,2013/03/27 00:00:00+00,3/27/2013 17:19,At Intersection (intersection related),14,"MOTOR VEHICLE STRUCK MOTOR VEHICLE, REAR END",,N,Overcast,Dry,Daylight,,,,14,From same direction - both going straight - one stopped - rear-end,0,0,N
1272193.145,212120.0564,273,327863,329363,3857109,Matched,Block,,S SPOKANE NR ST BETWEEN 6TH AVE S AND DIAGONAL AVE S, ,,1,Property Damage Only Collision,Sideswipe,3,0,0,2,0,0,0,2020/01/16 00:00:00+00,1/16/2020 5:00,Mid-Block (not related to intersection),11,"MOTOR VEHICLE STRUCK MOTOR VEHICLE, FRONT END AT ANGLE",,N,Raining,Wet,Dark - No Street Lights,,,,11,From same direction - both going straight - both moving - sideswipe,0,0,N
,,274,17100,17100,1321684,Matched,Block,,WESTERN AV OFF RP BETWEEN ALASKAN WY VI NB AND BELL ST,,,2b,Serious Injury Collision,Head On,2,0,0,2,2,1,0,2004/10/01 00:00:00+00,10/1/2004,Mid-Block (not related to intersection),11,"MOTOR VEHICLE STRUCK MOTOR VEHICLE, FRONT END AT ANGLE",,1,Clear,Dry,Dark - Street Lights On,,4275002,,30,From opposite direction - all others,0,0,N
1275760.677,229843.4472,275,49500,49500,2622152,Unmatched,Block,,E THOMAS ST BETWEEN 15TH S AVE E AND 16TH AVE E,,,0,Unknown,,0,0,0,0,0,0,0,2006/09/01 00:00:00+00,9/1/2006,Mid-Block (not related to intersection),0,NOT ENOUGH INFORMATION / NOT APPLICABLE,,,,,,,6244041,,,,0,0,N
1281110.585,196281.561,276,327825,329325,EA00295,Matched,Block,,BEACON ER AVE S BETWEEN S ROSE ST AND S THISTLE ST, ,,1,Property Damage Only Collision,Parked Car,3,0,0,3,0,0,0,2020/01/03 00:00:00+00,1/3/2020 4:00,Mid-Block (not related to intersection),14,"MOTOR VEHICLE STRUCK MOTOR VEHICLE, REAR END",,N,Other,Unknown,Unknown,,,,32,One parked--one moving,0,0,Y
1282211.219,206352.935,277,77000,77000,2797203,Matched,Block,,RAINIER AVE S BETWEEN S HUDSON ST AND 39TH N AVE S,,,2,Injury Collision,Rear Ended,2,0,0,2,2,0,0,2007/07/29 00:00:00+00,7/29/2007 12:29,Mid-Block (not related to intersection),14,"MOTOR VEHICLE STRUCK MOTOR VEHICLE, REAR END",,0,Clear,Dry,Daylight,,7210012,,14,From same direction - both going straight - one stopped - rear-end,0,0,N
1258900.231,209809.3124,278,17400,17400,1798406,Matched,Intersection,31902,37TH AVE SW AND SW GENESEE ST,,,2,Injury Collision,Angles,2,0,0,2,1,0,0,2004/06/23 00:00:00+00,6/23/2004 8:05,At Intersection (intersection related),11,"MOTOR VEHICLE STRUCK MOTOR VEHICLE, FRONT END AT ANGLE",,0,Overcast,Dry,Daylight,,4175033,,10,Entering at angle,0,0,N
1279856.292,199291.7603,279,322150,323650,3795144,Matched,Intersection,34348,BEACON ER AVE S AND S OTHELLO ST, ,,1,Property Damage Only Collision,Left Turn,2,0,0,2,0,0,0,2019/08/07 00:00:00+00,8/7/2019 7:53,At Intersection (intersection related),14,"MOTOR VEHICLE STRUCK MOTOR VEHICLE, REAR END",,Y,Overcast,Dry,Daylight,,,,15,From same direction - one left turn - one straight,0,0,N
1264346.84,259945.7948,280,1310,1310,3507863,Matched,Intersection,37116,3RD AVE NW AND HOLMAN RD NW, ,,2,Injury Collision,Angles,5,0,0,2,1,0,0,2013/04/01 00:00:00+00,4/1/2013 19:41,At Intersection (intersection related),11,"MOTOR VEHICLE STRUCK MOTOR VEHICLE, FRONT END AT ANGLE",,N,Clear,Dry,Dusk,,,,10,Entering at angle,0,0,N
1267348.207,244694.3974,281,38600,38600,1796887,Matched,Intersection,27003,AURORA N AVE N AND N PHINNEY WAY,,,2,Injury Collision,Rear Ended,2,0,0,2,1,0,0,2005/04/04 00:00:00+00,4/4/2005,At Intersection (but not related to intersection),14,"MOTOR VEHICLE STRUCK MOTOR VEHICLE, REAR END",,0,Clear,Dry,Daylight,,5094009,,14,From same direction - both going straight - one stopped - rear-end,0,0,N
1266362.683,195055.7926,282,60100,60100,2018585,Matched,Block,,SW TRENTON ST BETWEEN 9TH AVE SW AND 10TH AVE SW,,,1,Property Damage Only Collision,Parked Car,2,0,0,2,0,0,0,2006/06/22 00:00:00+00,6/22/2006 18:54,Mid-Block (not related to intersection),11,"MOTOR VEHICLE STRUCK MOTOR VEHICLE, FRONT END AT ANGLE",,0,Clear,Dry,Daylight,,6173029,,19,One car entering parked position,0,0,N
1262242.291,231965.5804,283,51900,51900,2071713,Matched,Block,,ELLIOTT AVE W BETWEEN W MERCER ST AND W MERCER PL,,,2,Injury Collision,Other,5,0,0,2,1,0,0,2006/03/17 00:00:00+00,3/17/2006 14:27,Driveway Junction,11,"MOTOR VEHICLE STRUCK MOTOR VEHICLE, FRONT END AT ANGLE",,0,Clear,Dry,Daylight,,6076013,,21,One car entering driveway access,0,0,N
1272193.178,230872.9218,284,1342,1342,3593641,Matched,Intersection,29130,BELLEVUE AVE E AND E REPUBLICAN ST, ,,2,Injury Collision,Angles,2,0,0,2,1,0,0,2013/03/27 00:00:00+00,3/27/2013 18:13,At Intersection (intersection related),11,"MOTOR VEHICLE STRUCK MOTOR VEHICLE, FRONT END AT ANGLE",,N,Clear,Dry,Daylight,,,,10,Entering at angle,0,0,N
1276380.03,270888.4845,285,327877,329377,EA03055,Matched,Block,,15TH AVE NE BETWEEN NE 143RD ST AND NE 145TH ST, ,,2,Injury Collision,Rear Ended,3,0,0,2,1,0,0,2019/12/15 00:00:00+00,12/15/2019 14:09,Mid-Block (but intersection related),14,"MOTOR VEHICLE STRUCK MOTOR VEHICLE, REAR END",,N,Clear,Wet,Daylight,,,,14,From same direction - both going straight - one stopped - rear-end,0,0,N
1258172.46,246959.6766,286,1366,1366,3645761,Unmatched,Intersection,25166,22ND AVE NW AND SHILSHOLE AVE NW,NEI,"Not Enough Information, or Insufficient Location Information",0,Unknown,,0,0,0,0,0,0,0,2013/04/02 00:00:00+00,4/2/2013,At Intersection (intersection related),0,NOT ENOUGH INFORMATION / NOT APPLICABLE,,,,,,,,, ,,0,0,N
1264946.861,214232.1685,287,322255,323755,3752824,Matched,Block,,16TH AVE SW BETWEEN SW LANDER ST AND KLICKITAT ER AVE SW, ,,1,Property Damage Only Collision,Sideswipe,2,0,0,2,0,0,0,2019/08/13 00:00:00+00,8/13/2019 11:55,Mid-Block (not related to intersection),11,"MOTOR VEHICLE STRUCK MOTOR VEHICLE, FRONT END AT ANGLE",,N,Clear,Dry,Daylight,,,,11,From same direction - both going straight - both moving - sideswipe,0,0,N
1273903.376,236199.9236,288,48800,48800,2354096,Matched,Block,,10TH AVE E BETWEEN E NEWTON ST AND E BOSTON ST,,,1,Property Damage Only Collision,Sideswipe,3,0,0,2,0,0,0,2006/04/02 00:00:00+00,4/2/2006,Mid-Block (but intersection related),11,"MOTOR VEHICLE STRUCK MOTOR VEHICLE, FRONT END AT ANGLE",,1,Overcast,Dry,Dark - Street Lights On,,6092027,,11,From same direction - both going straight - both moving - sideswipe,0,0,N
1266065.305,231516.6509,289,327791,329291,3851851,Matched,Intersection,28916,3RD AVE N AND MERCER ST, ,,1,Property Damage Only Collision,Parked Car,3,0,0,2,0,0,0,2020/01/11 00:00:00+00,1/11/2020 19:11,At Intersection (intersection related),11,"MOTOR VEHICLE STRUCK MOTOR VEHICLE, FRONT END AT ANGLE",,N,Overcast,Wet,Dark - Street Lights On,,,,20,One car leaving parked position,0,0,N
1280157.663,213879.5322,290,18900,18900,1779571,Matched,Intersection,31510,31ST AVE S AND S MOUNT BAKER WB BV,,,1,Property Damage Only Collision,Parked Car,2,0,0,2,0,0,0,2004/06/17 00:00:00+00,6/17/2004 9:45,At Intersection (but not related to intersection),34,DRIVERLESS VEHICLE STRUCK MOTOR VEHICLE REAR END,,0,Clear,Dry,Daylight,,4169011,,32,One parked--one moving,0,0,N
1260241.187,211296.8997,291,322156,323656,E948171,Matched,Block,,FAUNTLEROY WAY SW BETWEEN SW CHARLESTOWN ST AND SW ANDOVER ST, ,,1,Property Damage Only Collision,Rear Ended,2,0,0,2,0,0,0,2019/08/07 00:00:00+00,8/7/2019 8:55,Mid-Block (not related to intersection),14,"MOTOR VEHICLE STRUCK MOTOR VEHICLE, REAR END",,N,Clear,Dry,Daylight,,,,14,From same direction - both going straight - one stopped - rear-end,0,0,N
1268353.834,265256.6097,292,1308,1308,3503142,Matched,Block,,AURORA AVE N BETWEEN N 117TH PL AND N 125TH ST, ,,2,Injury Collision,Sideswipe,2,0,0,2,1,0,0,2013/04/01 00:00:00+00,4/1/2013 10:45,Mid-Block (not related to intersection),11,"MOTOR VEHICLE STRUCK MOTOR VEHICLE, FRONT END AT ANGLE",,N,Overcast,Dry,Daylight,,,,12,From same direction - both going straight - one stopped - sideswipe,0,0,N
1275543.597,227801.045,293,20500,20500,1788144,Matched,Block,,15TH AVE BETWEEN E MADISON ST AND E PINE ST,,,1,Property Damage Only Collision,Parked Car,2,0,0,2,0,0,0,2004/03/25 00:00:00+00,3/25/2004 16:45,Mid-Block (not related to intersection),14,"MOTOR VEHICLE STRUCK MOTOR VEHICLE, REAR END",,0,Other,Unknown,Daylight,,4085019,,32,One parked--one moving,0,0,N
1273503.67,224060.3555,294,59700,59700,2071146,Matched,Intersection,29831,BOREN AVE AND BROADWAY,,,1,Property Damage Only Collision,Sideswipe,7,0,0,2,0,0,0,2006/06/24 00:00:00+00,6/24/2006 16:13,At Intersection (intersection related),11,"MOTOR VEHICLE STRUCK MOTOR VEHICLE, FRONT END AT ANGLE",,0,Clear,Dry,Daylight,,6175012,,81,Same direction -- both turning left -- both moving -- sideswipe,0,0,N
1260313.143,256056.2437,295,36300,36300,2060815,Matched,Block,,15TH AVE NW BETWEEN NW 85TH ST AND NW 87TH ST,,,1,Property Damage Only Collision,Other,2,0,0,2,0,0,0,2005/12/10 00:00:00+00,12/10/2005 13:06,Driveway Junction,11,"MOTOR VEHICLE STRUCK MOTOR VEHICLE, FRONT END AT ANGLE",,0,Clear,Dry,Daylight,,5344015,,22,One car leaving driveway access,0,0,N
1269876.739,253725.9084,296,1085,1085,3612888,Matched,Intersection,24243,GREEN LAKE DR N AND EAST GREEN LAKE DR N, ,,1,Property Damage Only Collision,Angles,2,0,0,2,0,0,0,2013/03/25 00:00:00+00,3/25/2013 7:20,At Intersection (intersection related),11,"MOTOR VEHICLE STRUCK MOTOR VEHICLE, FRONT END AT ANGLE",,N,Clear,Dry,Daylight,,,,10,Entering at angle,0,0,N
1274225.195,220868.8311,297,322135,323635,E947411,Matched,Block,,S DEARBORN ST BETWEEN DEARBORN ST OFF RP AND 13TH AVE S, ,,2,Injury Collision,Rear Ended,3,0,0,3,1,0,0,2019/07/31 00:00:00+00,7/31/2019 17:50,Mid-Block (but intersection related),14,"MOTOR VEHICLE STRUCK MOTOR VEHICLE, REAR END",Y,N,Clear,Dry,Daylight,,,,14,From same direction - both going straight - one stopped - rear-end,0,0,N
,,298,24700,24700,1795607,Matched,Alley,,,,,1,Property Damage Only Collision,Parked Car,2,0,0,2,0,0,0,2004/12/08 00:00:00+00,12/8/2004,Mid-Block (not related to intersection),0,NOT ENOUGH INFORMATION / NOT APPLICABLE,Y,0,Raining,Wet,Dark - Street Lights On,,4343041,,32,One parked--one moving,0,0,N
1275593.227,248362.3298,299,45700,45700,1079724,Matched,Intersection,25737,BROOKLYN AVE NE AND NE RAVENNA EB BV,,,2,Injury Collision,Pedestrian,2,1,0,1,1,0,0,2005/12/04 00:00:00+00,12/4/2005,At Intersection (intersection related),24,MOTOR VEHCILE STRUCK PEDESTRIAN,,0,Unknown,Unknown,Dark - Street Lights On,Y,5338021,,2,Vehicle turning left hits pedestrian,0,0,N
1282262.862,200923.8408,300,1172,1172,3671743,Matched,Block,,M L KING JR WR WAY S BETWEEN S HOLLY ST AND S WILLOW ST, ,,1,Property Damage Only Collision,Rear Ended,3,0,0,3,0,0,0,2013/03/26 00:00:00+00,3/26/2013 17:09,Mid-Block (but intersection related),14,"MOTOR VEHICLE STRUCK MOTOR VEHICLE, REAR END",,N,Clear,Dry,Daylight,,,,14,From same direction - both going straight - one stopped - rear-end,0,0,N
1281381.515,270723.3357,301,77100,77100,2858805,Matched,Block,,LAKE CITY WAY NE BETWEEN NE 143RD ST AND NE 145TH ST,,,1,Property Damage Only Collision,Angles,3,0,0,3,0,0,0,2007/10/15 00:00:00+00,10/15/2007 11:38,Mid-Block (but intersection related),16,"MOTOR VEHICLE STRUCK MOTOR VEHICLE, LEFT SIDE SIDESWIPE",,0,Raining,Wet,Daylight,,7288065,,10,Entering at angle,0,0,N
1271618.318,202779.9352,302,31500,31500,1798281,Matched,Block,,S MICHIGAN ST BETWEEN 5TH PL S AND 6TH AVE S,,,1,Property Damage Only Collision,Sideswipe,3,0,0,2,0,0,0,2004/08/03 00:00:00+00,8/3/2004,Mid-Block (not related to intersection),16,"MOTOR VEHICLE STRUCK MOTOR VEHICLE, LEFT SIDE SIDESWIPE",,0,Clear,Dry,Daylight,,4216034,,11,From same direction - both going straight - both moving - sideswipe,0,0,N
1274685.567,209068.4392,303,322198,323698,E948223,Matched,Intersection,32309,14TH AVE S AND S OREGON ST, ,,1,Property Damage Only Collision,Other,2,0,0,2,0,0,0,2019/08/08 00:00:00+00,8/8/2019 15:35,At Intersection (intersection related),11,"MOTOR VEHICLE STRUCK MOTOR VEHICLE, FRONT END AT ANGLE",,N,Clear,Dry,Daylight,,,,52,Vehicle overturned,0,0,N
1278142.389,230678.6676,304,1275,1275,3287446,Matched,Block,,23RD AVE E BETWEEN E HARRISON ST AND E REPUBLICAN ST, ,,1,Property Damage Only Collision,Other,1,0,0,1,0,0,0,2013/03/27 00:00:00+00,3/27/2013 14:49,Mid-Block (but intersection related),28,MOTOR VEHICLE RAN OFF ROAD - HIT FIXED OBJECT,,N,Unknown,Dry,Daylight,,,,50,Fixed object,0,0,N
1281698.368,267116.3637,305,118300,118300,10058030,Unmatched,Intersection,36187,35TH AVE NE AND NE 130TH N ST,,,0,Unknown,,0,0,0,0,0,0,0,2010/02/27 00:00:00+00,2/27/2010,At Intersection (intersection related),0,NOT ENOUGH INFORMATION / NOT APPLICABLE,,,,,,,10058030,,,,0,0,N
,,306,54900,54900,2608141,Unmatched,Alley,,,,,0,Unknown,,0,0,0,0,0,0,0,2006/12/05 00:00:00+00,12/5/2006,Mid-Block (not related to intersection),0,NOT ENOUGH INFORMATION / NOT APPLICABLE,,,,,,,6339003,,,,0,0,N
1265928.074,255331.0349,307,1058,1058,2906692,Matched,Block,,N 84TH ST BETWEEN GREENWOOD AVE N AND DAYTON AVE N, ,,1,Property Damage Only Collision,Rear Ended,3,0,0,2,0,0,0,2013/03/25 00:00:00+00,3/25/2013 18:46,Mid-Block (not related to intersection),14,"MOTOR VEHICLE STRUCK MOTOR VEHICLE, REAR END",,Y,Clear,Dry,Daylight,,,,14,From same direction - both going straight - one stopped - rear-end,0,0,N
1269565.774,229883.9776,308,322177,323677,E948531,Unmatched,Block,,TERRY AVE N BETWEEN JOHN ST AND THOMAS ST,NEI,"Not Enough Information, or Insufficient Location Information",0,Unknown,,0,0,0,0,0,0,0,2019/08/04 00:00:00+00,8/4/2019,,0,NOT ENOUGH INFORMATION / NOT APPLICABLE,,,,,,,,, ,,0,0,Y
1274743.822,245742.8497,309,1212,1212,3507861,Matched,Block,,ROOSEVELT WAY NE BETWEEN NE 47TH ST AND NE 50TH ST, ,,2,Injury Collision,Head On,2,0,0,2,1,0,0,2013/03/31 00:00:00+00,3/31/2013 2:09,Mid-Block (not related to intersection),11,"MOTOR VEHICLE STRUCK MOTOR VEHICLE, FRONT END AT ANGLE",,N,Clear,Dry,Dark - Street Lights On,,,,30,From opposite direction - all others,0,0,N
1284219.203,202424.6866,310,1143,1143,3502344,Matched,Block,,RAINIER AVE S BETWEEN S GRAHAM ST AND 46TH AVE S, ,,2,Injury Collision,Angles,2,0,0,2,1,0,0,2013/03/29 00:00:00+00,3/29/2013 13:24,Mid-Block (not related to intersection),14,"MOTOR VEHICLE STRUCK MOTOR VEHICLE, REAR END",,N,Clear,Dry,Daylight,,,,10,Entering at angle,0,0,N
1275159.487,225524.1991,311,26200,26200,1790123,Matched,Block,,14TH AVE BETWEEN E CHERRY ST AND E COLUMBIA ST,,,1,Property Damage Only Collision,Rear Ended,2,0,0,2,0,0,0,2004/04/14 00:00:00+00,4/14/2004 14:21,Mid-Block (but intersection related),14,"MOTOR VEHICLE STRUCK MOTOR VEHICLE, REAR END",,0,Overcast,Dry,Daylight,,4105041,,14,From same direction - both going straight - one stopped - rear-end,0,0,N
1271119.389,244023.0039,312,42000,42000,1220273,Matched,Block,,N 43RD ST BETWEEN BAGLEY AVE N AND CORLISS AVE N,,,1,Property Damage Only Collision,Parked Car,2,0,0,2,0,0,0,2005/07/10 00:00:00+00,7/10/2005 3:54,Mid-Block (not related to intersection),11,"MOTOR VEHICLE STRUCK MOTOR VEHICLE, FRONT END AT ANGLE",,0,Clear,Dry,Dark - Street Lights On,,5191007,,32,One parked--one moving,0,0,N
1278003.635,223107.6227,313,1221,1221,3605916,Matched,Block,,23RD AVE BETWEEN E YESLER WAY AND E FIR ST, ,,1,Property Damage Only Collision,Rear Ended,3,0,0,2,0,0,0,2013/03/30 00:00:00+00,3/30/2013 18:14,Mid-Block (not related to intersection),11,"MOTOR VEHICLE STRUCK MOTOR VEHICLE, FRONT END AT ANGLE",,N,Clear,Dry,Daylight,,,,13,From same direction - both going straight - both moving - rear-end,0,0,N
,,314,1145,1145,3581513,Matched,Block,,DEXTER AVE N BETWEEN WARD ST AND PROSPECT ST, ,,1,Property Damage Only Collision,Other,2,0,0,1,0,0,0,2013/03/26 00:00:00+00,3/26/2013 21:54,Mid-Block (not related to intersection),28,MOTOR VEHICLE RAN OFF ROAD - HIT FIXED OBJECT,,Y,Clear,Dry,Dark - Street Lights On,,,,50,Fixed object,0,0,N
1272930.48,226293.9645,315,1262,1262,3615281,Unmatched,Block,,SUMMIT AVE BETWEEN MADISON ST AND SPRING ST, ,,0,Unknown,,0,0,0,0,0,0,0,2013/03/31 00:00:00+00,3/31/2013,Mid-Block (not related to intersection),0,NOT ENOUGH INFORMATION / NOT APPLICABLE,,,,,,,,, ,,0,0,N
1256202.846,249914.5087,316,117700,117700,3376551,Matched,Intersection,25198,28TH AVE NW AND NW 63RD ST,,,1,Property Damage Only Collision,Other,1,0,0,1,0,0,0,2010/02/05 00:00:00+00,2/5/2010 21:37,At Intersection (intersection related),26,MOTOR VEHICLE STRUCK OBJECT IN ROAD,,N,Overcast,Dry,Dark - Street Lights On,,10036022,,50,Fixed object,0,0,N
1268915.588,227383.5486,317,322134,323634,E947408,Matched,Block,,VIRGINIA ST BETWEEN 4TH AVE AND 5TH AVE, ,,1,Property Damage Only Collision,Sideswipe,2,0,0,2,0,0,0,2019/07/30 00:00:00+00,7/30/2019 17:28,Mid-Block (not related to intersection),11,"MOTOR VEHICLE STRUCK MOTOR VEHICLE, FRONT END AT ANGLE",,N,Clear,Dry,Daylight,,,,11,From same direction - both going straight - both moving - sideswipe,0,0,N