X,Y,OBJECTID,INCKEY,COLDETKEY,REPORTNO,STATUS,ADDRTYPE,INTKEY,LOCATION,EXCEPTRSNCODE,EXCEPTRSNDESC,SEVERITYCODE,SEVERITYDESC,COLLISIONTYPE,PERSONCOUNT,PEDCOUNT,PEDCYLCOUNT,VEHCOUNT,INJURIES,SERIOUSINJURIES,FATALITIES,INCDATE,INCDTTM,JUNCTIONTYPE,SDOT_COLCODE,SDOT_COLDESC,INATTENTIONIND,UNDERINFL,WEATHER,ROADCOND,LIGHTCOND,PEDROWNOTGRNT,SDOTCOLNUM,SPEEDING,ST_COLCODE,ST_COLDESC,SEGLANEKEY,CROSSWALKKEY,HITPARKEDCAR
1282056.947,209904.4515,318,63700,63700,2615501,Matched,Intersection,32699,38TH AVE S AND S DAKOTA ST,,,1,Property Damage Only Collision,Angles,2,0,0,2,0,0,0,2006/07/25 00:00:00+00,7/25/2006 12:00,At Intersection (intersection related),14,"MOTOR VEHICLE STRUCK MOTOR VEHICLE, REAR END",,0,Clear,Dry,Daylight,,6206030,,10,Entering at angle,0,0,N
1265099.745,231538.7478,319,327861,329361,EA01708,Matched,Intersection,28919,1ST AVE N AND MERCER ST, ,,2,Injury Collision,Right Turn,3,0,0,2,1,0,0,2020/01/03 00:00:00+00,1/3/2020 20:19,At Intersection (intersection related),11,"MOTOR VEHICLE STRUCK MOTOR VEHICLE, FRONT END AT ANGLE",,N,Raining,Wet,Dark - Street Lights On,,,,16,From same direction - one right turn - one straight,0,0,N
1270971.589,261439.2074,320,26100,26100,1775992,Matched,Intersection,36588,MERIDIAN AVE N AND N 107TH ST,,,1,Property Damage Only Collision,Angles,2,0,0,2,0,0,0,2004/02/01 00:00:00+00,2/1/2004,At Intersection (intersection related),11,"MOTOR VEHICLE STRUCK MOTOR VEHICLE, FRONT END AT ANGLE",,0,Overcast,Wet,Daylight,,4032015,Y,10,Entering at angle,0,0,N
1274944.74,205633.9926,321,60400,60400,2612605,Matched,Block,,15TH AVE S BETWEEN S BENNETT ST AND S LUCILE ST,,,1,Property Damage Only Collision,Other,1,0,0,1,0,0,0,2006/07/30 00:00:00+00,7/30/2006 4:47,Mid-Block (not related to intersection),28,MOTOR VEHICLE RAN OFF ROAD - HIT FIXED OBJECT,,0,Raining,Wet,Dark - Street Lights On,,6211008,Y,50,Fixed object,0,0,N
1279838.005,244631.5325,322,40100,40100,2025347,Matched,Intersection,288752,U VILLAGE DR AND NE 45TH ST,,,1,Property Damage Only Collision,Other,3,0,0,2,0,0,0,2005/09/06 00:00:00+00,9/6/2005,At Intersection (intersection related),11,"MOTOR VEHICLE STRUCK MOTOR VEHICLE, FRONT END AT ANGLE",Y,0,Clear,Dry,Daylight,,5249026,,22,One car leaving driveway access,0,0,N
1268216.115,226931.2373,323,1338,1338,3581514,Matched,Block,,2ND AVE BETWEEN VIRGINIA ST AND LENORA ST, ,,1,Property Damage Only Collision,Sideswipe,2,0,0,2,0,0,0,2013/03/27 00:00:00+00,3/27/2013 20:22,Mid-Block (not related to intersection),16,"MOTOR VEHICLE STRUCK MOTOR VEHICLE, LEFT SIDE SIDESWIPE",,N,Clear,Dry,Dark - Street Lights On,,,,11,From same direction - both going straight - both moving - sideswipe,0,0,N
1269916.097,266100.8363,324,327882,329382,3854655,Matched,Intersection,35770,DENSMORE AVE N AND N 125TH ST, ,,1,Property Damage Only Collision,Other,1,0,0,1,0,0,0,2020/01/17 00:00:00+00,1/17/2020 2:19,At Intersection (intersection related),28,MOTOR VEHICLE RAN OFF ROAD - HIT FIXED OBJECT,,N,Overcast,Wet,Dark - Street Lights On,,,,50,Fixed object,0,0,N
1276099.392,223938.2883,325,1374,1374,3199549,Matched,Intersection,30206,17TH AVE AND E ALDER ST, ,,1,Property Damage Only Collision,Angles,2,0,0,2,0,0,0,2013/04/03 00:00:00+00,4/3/2013 19:12,At Intersection (intersection related),11,"MOTOR VEHICLE STRUCK MOTOR VEHICLE, FRONT END AT ANGLE",,N,Clear,Dry,Dusk,,,,10,Entering at angle,0,0,N
1260574.229,212174.2213,326,49100,49100,2625487,Matched,Block,,SW MANNING ST BETWEEN ADMIRAL AVALON RP AND FAUNTLEROY WAY SW,,,1,Property Damage Only Collision,Other,3,0,0,2,0,0,0,2006/12/11 00:00:00+00,12/11/2006 17:00,Mid-Block (but intersection related),11,"MOTOR VEHICLE STRUCK MOTOR VEHICLE, FRONT END AT ANGLE",,0,Unknown,Wet,Dark - Street Lights On,,6345012,,23,From same direction - all others,0,0,N
1281162.775,190103.5701,327,327788,329288,3857351,Matched,Block,,AIRPORT WAY S BETWEEN S NORFOLK ST AND CITY LIMITS S, ,,2,Injury Collision,Rear Ended,2,0,0,2,2,0,0,2020/01/06 00:00:00+00,1/6/2020 10:14,Mid-Block (but intersection related),14,"MOTOR VEHICLE STRUCK MOTOR VEHICLE, REAR END",,N,Raining,Wet,Daylight,,,,14,From same direction - both going straight - one stopped - rear-end,0,0,N
1284461.487,265683.9545,328,119900,119900,3375115,Matched,Block,,RIVIERA PL NE BETWEEN NE 125TH ST AND DEAD END 2,,,1,Property Damage Only Collision,Parked Car,4,0,0,2,0,0,0,2011/01/27 00:00:00+00,1/27/2011 15:35,Mid-Block (not related to intersection),11,"MOTOR VEHICLE STRUCK MOTOR VEHICLE, FRONT END AT ANGLE",Y,N,Clear,Dry,Daylight,,11027021,,32,One parked--one moving,0,0,N
1276624.87,202551.3612,329,17700,17700,1807429,Matched,Intersection,34387,SWIFT AVE S AND SWIFT AV OFF RP,,,2,Injury Collision,Angles,2,0,0,2,2,0,0,2004/01/28 00:00:00+00,1/28/2004 8:04,At Intersection (intersection related),11,"MOTOR VEHICLE STRUCK MOTOR VEHICLE, FRONT END AT ANGLE",,0,Raining,Wet,Daylight,,4028032,,10,Entering at angle,0,0,N
1282916.257,198291.6746,330,327937,329437,EA05317,Matched,Block,,M L KING JR ER WAY S BETWEEN RENTON S AVE S AND S HOLDEN ST, ,,2,Injury Collision,Rear Ended,2,0,0,2,1,0,0,2020/01/09 00:00:00+00,1/9/2020 12:01,Mid-Block (not related to intersection),14,"MOTOR VEHICLE STRUCK MOTOR VEHICLE, REAR END",,N,Clear,Dry,Daylight,,,,14,From same direction - both going straight - one stopped - rear-end,0,0,N
1264353.492,260408.4938,331,1293,1293,3501623,Matched,Intersection,37108,3RD AVE NW AND NW 103RD N ST, ,,1,Property Damage Only Collision,Other,1,0,0,1,0,0,0,2013/03/27 00:00:00+00,3/27/2013 2:41,At Intersection (intersection related),28,MOTOR VEHICLE RAN OFF ROAD - HIT FIXED OBJECT,,N,Overcast,Dry,Dark - Street Lights On,,,,50,Fixed object,0,0,N
1264883.351,229363.6142,332,21900,21900,1478371,Matched,Block,,DENNY WAY BETWEEN QUEEN ANNE AVE N AND 1ST AVE,,,2,Injury Collision,Rear Ended,2,0,0,2,2,0,0,2004/06/16 00:00:00+00,6/16/2004 8:20,Mid-Block (but intersection related),14,"MOTOR VEHICLE STRUCK MOTOR VEHICLE, REAR END",Y,0,Clear,Dry,Daylight,,4168038,,14,From same direction - both going straight - one stopped - rear-end,0,0,N
1264780.935,235032.1604,333,57700,57700,2608461,Matched,Block,,QUEEN ANNE AVE N BETWEEN GARFIELD ST AND BLAINE ST,,,1,Property Damage Only Collision,Parked Car,2,0,0,2,0,0,0,2006/09/17 00:00:00+00,9/17/2006 12:54,Mid-Block (not related to intersection),11,"MOTOR VEHICLE STRUCK MOTOR VEHICLE, FRONT END AT ANGLE",Y,0,Clear,Dry,Daylight,,6260012,,32,One parked--one moving,0,0,N
1277276.445,246277.8485,334,34900,34900,2025685,Matched,Block,,19TH AVE NE BETWEEN NE 50TH ST AND NE 52ND ST,,,1,Property Damage Only Collision,Parked Car,2,0,0,2,0,0,0,2005/12/31 00:00:00+00,12/31/2005 23:20,Mid-Block (not related to intersection),14,"MOTOR VEHICLE STRUCK MOTOR VEHICLE, REAR END",,0,Clear,Wet,Dark - Street Lights On,,5365032,,32,One parked--one moving,0,0,N
1263148.509,196118.1327,335,1101,1101,3505114,Matched,Block,,DELRIDGE WAY SW BETWEEN SW THISTLE ST AND SW CLOVERDALE ST, ,,1,Property Damage Only Collision,Parked Car,3,0,0,3,0,0,0,2013/03/28 00:00:00+00,3/28/2013 22:17,Mid-Block (not related to intersection),14,"MOTOR VEHICLE STRUCK MOTOR VEHICLE, REAR END",,N,Clear,Dry,Dark - Street Lights On,,,,32,One parked--one moving,0,0,N
1271067.324,246179.0784,336,322142,323642,E947902,Matched,Block,,N 50TH ST BETWEEN MERIDIAN AVE N AND KEYSTONE WR PL N, ,,1,Property Damage Only Collision,Rear Ended,2,0,0,2,0,0,0,2019/08/07 00:00:00+00,8/7/2019 14:36,Mid-Block (but intersection related),14,"MOTOR VEHICLE STRUCK MOTOR VEHICLE, REAR END",,N,Clear,Dry,Daylight,,,Y,14,From same direction - both going straight - one stopped - rear-end,0,0,N
1281381.515,270723.3357,337,1347,1347,3608880,Matched,Block,,LAKE CITY WAY NE BETWEEN NE 143RD ST AND NE 145TH ST, ,,2,Injury Collision,Rear Ended,3,0,0,2,1,0,0,2013/03/27 00:00:00+00,3/27/2013 20:45,Mid-Block (not related to intersection),14,"MOTOR VEHICLE STRUCK MOTOR VEHICLE, REAR END",,N,Clear,Dry,Dark - Street Lights On,,,,14,From same direction - both going straight - one stopped - rear-end,0,0,N
1283771.493,203585.1046,338,47000,47000,1793598,Matched,Block,,S KENNY ST BETWEEN 44TH AVE S AND RAINIER AVE S,,,1,Property Damage Only Collision,Parked Car,2,0,0,2,0,0,0,2005/07/31 00:00:00+00,7/31/2005 2:19,Mid-Block (not related to intersection),13,"MOTOR VEHICLE STRUCK MOTOR VEHICLE, LEFT SIDE AT ANGLE",,0,Clear,Dry,Dark - Street Lights On,,5212025,,32,One parked--one moving,0,0,N
1261761.164,193823.7974,339,210000,210220,3731527,Matched,Intersection,34875,26TH AVE SW AND SW BARTON ST, ,,1,Property Damage Only Collision,Left Turn,4,0,0,2,0,0,0,2015/12/24 00:00:00+00,12/24/2015 19:52,At Intersection (intersection related),11,"MOTOR VEHICLE STRUCK MOTOR VEHICLE, FRONT END AT ANGLE",,N,Raining,Wet,Dark - Street Lights On,,,,28,From opposite direction - one left turn - one straight,0,0,N
1267352.835,244944.6329,340,70000,70000,2611544,Matched,Block,,AURORA AVE N BETWEEN N PHINNEY WAY AND N 46 UPPER ST,,,1,Property Damage Only Collision,Other,3,0,0,1,0,0,0,2007/01/16 00:00:00+00,1/16/2007 7:37,Mid-Block (not related to intersection),26,MOTOR VEHICLE STRUCK OBJECT IN ROAD,,0,Snowing,Snow/Slush,Daylight,,7016010,,50,Fixed object,0,0,N
1281655.506,262772.8484,341,30600,30600,1778635,Matched,Block,,35TH AVE NE BETWEEN NE 113TH ST AND NE 115TH ST,,,1,Property Damage Only Collision,Rear Ended,2,0,0,2,0,0,0,2004/05/09 00:00:00+00,5/9/2004,Mid-Block (but intersection related),14,"MOTOR VEHICLE STRUCK MOTOR VEHICLE, REAR END",Y,0,Clear,Dry,Daylight,,4130010,,14,From same direction - both going straight - one stopped - rear-end,0,0,N
1275617.66,244184.4125,342,1240,1240,3612955,Matched,Block,,NE 43RD ST BETWEEN BROOKLYN AVE NE AND UNIVERSITY WAY NE, ,,1,Property Damage Only Collision,Parked Car,2,0,0,2,0,0,0,2013/03/31 00:00:00+00,3/31/2013 22:06,Mid-Block (not related to intersection),14,"MOTOR VEHICLE STRUCK MOTOR VEHICLE, REAR END",,N,Clear,Dry,Dark - Street Lights On,,,,32,One parked--one moving,0,0,N
1269908.495,225394.2926,343,104100,104100,3208057,Matched,Block,,UNIVERSITY ST BETWEEN 3RD AVE AND 4TH AVE,,,1,Property Damage Only Collision,Angles,2,0,0,2,0,0,0,2009/02/27 00:00:00+00,2/27/2009 17:11,Driveway Junction,11,"MOTOR VEHICLE STRUCK MOTOR VEHICLE, FRONT END AT ANGLE",,0,Clear,Dry,Dusk,,9058019,,10,Entering at angle,0,0,N
1279707.48,200001.909,344,55200,55200,2615980,Matched,Block,,S MYRTLE ST BETWEEN BEACON ER AVE S AND S MYRTLE PL,,,1,Property Damage Only Collision,Rear Ended,2,0,0,2,0,0,0,2006/10/14 00:00:00+00,10/14/2006 21:48,Mid-Block (not related to intersection),14,"MOTOR VEHICLE STRUCK MOTOR VEHICLE, REAR END",,0,Raining,Wet,Dark - Street Lights On,,6287011,,14,From same direction - both going straight - one stopped - rear-end,0,0,N
1258558.203,209044.3578,345,1049,1049,2897717,Matched,Block,,38TH AVE SW BETWEEN SW OREGON ST AND FAUNTLEROY WAY SW, ,,1,Property Damage Only Collision,Angles,2,0,0,2,0,0,0,2013/03/26 00:00:00+00,3/26/2013 15:11,Driveway Junction,11,"MOTOR VEHICLE STRUCK MOTOR VEHICLE, FRONT END AT ANGLE",,N,Clear,Dry,Daylight,,,,10,Entering at angle,0,0,N
1272183.357,236926.8231,346,322171,323671,E948605,Unmatched,Intersection,28309,YALE AVE E AND E LYNN ST,NEI,"Not Enough Information, or Insufficient Location Information",0,Unknown,,0,0,0,0,0,0,0,2019/08/07 00:00:00+00,8/7/2019,At Intersection (intersection related),0,NOT ENOUGH INFORMATION / NOT APPLICABLE,,,,,,,,, ,,0,0,Y
1274386.481,202942.8508,347,21100,21100,1481387,Unmatched,Block,,S ALBRO PL BETWEEN 13TH AVE S AND STANLEY AVE S,,,0,Unknown,,0,0,0,0,0,0,0,2004/12/13 00:00:00+00,12/13/2004,Mid-Block (but intersection related),14,"MOTOR VEHICLE STRUCK MOTOR VEHICLE, REAR END",,,,,,,4348010,,,,0,0,N
1265044.497,229359.5112,348,59300,59300,C672822,Matched,Intersection,29717,1ST AVE AND DENNY WAY,,,1,Property Damage Only Collision,Right Turn,2,0,0,2,0,0,0,2006/08/10 00:00:00+00,8/10/2006 17:22,At Intersection (intersection related),11,"MOTOR VEHICLE STRUCK MOTOR VEHICLE, FRONT END AT ANGLE",,0,Clear,Dry,Daylight,,6222051,,16,From same direction - one right turn - one straight,0,0,N
1268303.046,212202.5448,349,34600,34600,1933726,Matched,Block,,ALASKAN WY VI SB WSB WB OFF RP BETWEEN ALASKAN WY VI SB AND WEST SEATTLE BR WB,,,2,Injury Collision,Other,1,0,0,1,1,0,0,2005/03/25 00:00:00+00,3/25/2005 20:43,Mid-Block (but intersection related),28,MOTOR VEHICLE RAN OFF ROAD - HIT FIXED OBJECT,,0,Clear,Dry,Dark - Street Lights On,,5084009,,50,Fixed object,0,0,N
1278001.528,226795.3196,350,1084,1084,3605933,Matched,Block,,23RD AVE BETWEEN E SPRING ST AND E UNION ST, ,,1,Property Damage Only Collision,Angles,2,0,0,2,0,0,0,2013/03/25 00:00:00+00,3/25/2013 16:05,Mid-Block (not related to intersection),14,"MOTOR VEHICLE STRUCK MOTOR VEHICLE, REAR END",Y,N,Clear,Dry,Daylight,,,,10,Entering at angle,0,0,N
1268399.828,234799.1963,351,1355,1355,3546508,Matched,Block,,DEXTER AVE N BETWEEN GARFIELD N ST AND HAYES ST, ,,2,Injury Collision,Cycles,2,0,1,1,1,0,0,2013/04/02 00:00:00+00,4/2/2013 8:59,Mid-Block (not related to intersection),18,"MOTOR VEHICLE STRUCK PEDALCYCLIST, FRONT END AT ANGLE",,N,Clear,Dry,Daylight,Y,,,45,Vehicle - Pedalcyclist,12978,0,N
1274540.579,228168.7906,352,44700,44700,1744839,Matched,Block,,12TH AVE BETWEEN E PINE ST AND E OLIVE ST,,,1,Property Damage Only Collision,Parked Car,2,0,0,2,0,0,0,2005/03/24 00:00:00+00,3/24/2005 11:20,Driveway Junction,14,"MOTOR VEHICLE STRUCK MOTOR VEHICLE, REAR END",,0,Clear,Dry,Daylight,,5083013,,32,One parked--one moving,0,0,N
1269970.495,218941.6148,353,190000,190080,C794332,Unmatched,Block,,S ATLANTIC ST BETWEEN UTAH AVE S AND 1ST AVE S, ,,0,Unknown,,0,0,0,0,0,0,0,2014/09/16 00:00:00+00,9/16/2014,Mid-Block (not related to intersection),14,"MOTOR VEHICLE STRUCK MOTOR VEHICLE, REAR END",,,,,,,,, ,,0,0,N
1274032.334,266964.4865,354,1300,1300,3501982,Matched,Block,,ROOSEVELT WAY NE BETWEEN NE 127TH ST AND NE 130TH S ST, ,,2,Injury Collision,Rear Ended,2,0,0,2,1,0,0,2013/03/27 00:00:00+00,3/27/2013 18:25,Mid-Block (not related to intersection),14,"MOTOR VEHICLE STRUCK MOTOR VEHICLE, REAR END",,N,Clear,Dry,Daylight,,,,14,From same direction - both going straight - one stopped - rear-end,0,0,N
1258182.64,207189.4015,355,31200,31200,1798437,Matched,Intersection,32773,FAUNTLEROY WAY SW AND SW HUDSON ST,,,1,Property Damage Only Collision,Left Turn,3,0,0,2,0,0,0,2004/06/06 00:00:00+00,6/6/2004,At Intersection (intersection related),11,"MOTOR VEHICLE STRUCK MOTOR VEHICLE, FRONT END AT ANGLE",,0,Overcast,Wet,Daylight,,4158017,,28,From opposite direction - one left turn - one straight,0,0,N
1270240.721,255161.8212,356,1298,1298,3501977,Matched,Block,,WALLINGFORD AVE N BETWEEN N 82ND ST AND N 85TH ST, ,,1,Property Damage Only Collision,Parked Car,3,0,0,2,0,0,0,2013/03/27 00:00:00+00,3/27/2013 20:32,Mid-Block (but intersection related),11,"MOTOR VEHICLE STRUCK MOTOR VEHICLE, FRONT END AT ANGLE",Y,N,Overcast,Dry,Dark - Street Lights Off,,,,32,One parked--one moving,0,0,N
1268068.414,227718.806,357,90400,90400,3277421,Matched,Block,,BLANCHARD ST BETWEEN 3RD AVE AND 4TH AVE,,,1,Property Damage Only Collision,Other,2,0,0,2,0,0,0,2008/09/27 00:00:00+00,9/27/2008 19:22,Driveway Junction,11,"MOTOR VEHICLE STRUCK MOTOR VEHICLE, FRONT END AT ANGLE",,0,Clear,Dry,Dark - Street Lights On,,8271026,,23,From same direction - all others,0,0,N
1270036.303,202154.2992,358,322205,323705,3694789,Matched,Block,,1ST AV S NB OFF RP BETWEEN 1ST AV S BR NB AND EAST MARGINAL WAY S, ,,1,Property Damage Only Collision,Rear Ended,2,0,0,2,0,0,0,2019/08/08 00:00:00+00,8/8/2019 12:49,Mid-Block (not related to intersection),14,"MOTOR VEHICLE STRUCK MOTOR VEHICLE, REAR END",,N,Clear,Dry,Daylight,,,,14,From same direction - both going straight - one stopped - rear-end,0,0,N
1268809.349,193484.022,359,56100,56100,2619853,Matched,Block,,OLSON PL SW BETWEEN 2ND AVE SW AND 3RD AVE SW,,,2,Injury Collision,Other,1,0,0,1,1,0,0,2006/09/13 00:00:00+00,9/13/2006 22:46,Mid-Block (not related to intersection),28,MOTOR VEHICLE RAN OFF ROAD - HIT FIXED OBJECT,,0,Raining,Wet,Dark - Street Lights On,,6256005,Y,50,Fixed object,0,0,N
1256871.348,248344.1005,360,1057,1057,2906691,Matched,Intersection,25221,26TH AVE NW AND NW 57TH ST, ,,1,Property Damage Only Collision,Angles,3,0,0,2,0,0,0,2013/03/25 00:00:00+00,3/25/2013 19:11,At Intersection (intersection related),11,"MOTOR VEHICLE STRUCK MOTOR VEHICLE, FRONT END AT ANGLE",,N,Overcast,Dry,Daylight,,,,10,Entering at angle,0,0,N
1281496.146,248576.2447,361,322185,323685,E948571,Matched,Intersection,26193,35TH AVE NE AND NE 60TH ST, ,,1,Property Damage Only Collision,Angles,2,0,0,2,0,0,0,2019/08/02 00:00:00+00,8/2/2019 10:24,At Intersection (intersection related),11,"MOTOR VEHICLE STRUCK MOTOR VEHICLE, FRONT END AT ANGLE",Y,Y,Overcast,Dry,Daylight,,,,10,Entering at angle,0,0,N
1272090.841,228191.8459,362,1223,1223,3605977,Matched,Block,,BELLEVUE AVE BETWEEN E PINE ST AND E OLIVE ST, ,,2,Injury Collision,Rear Ended,6,0,0,4,2,0,0,2013/03/30 00:00:00+00,3/30/2013 2:15,Mid-Block (not related to intersection),14,"MOTOR VEHICLE STRUCK MOTOR VEHICLE, REAR END",,N,Clear,Dry,Dark - Street Lights On,,,,14,From same direction - both going straight - one stopped - rear-end,0,0,N
1274796.113,247816.6301,363,28000,28000,1220276,Matched,Block,,ROOSEVELT WAY NE BETWEEN NE 56TH ST AND NE 57TH ST,,,1,Property Damage Only Collision,Left Turn,4,0,0,2,0,0,0,2004/08/22 00:00:00+00,8/22/2004 11:10,Mid-Block (but intersection related),16,"MOTOR VEHICLE STRUCK MOTOR VEHICLE, LEFT SIDE SIDESWIPE",,0,Raining,Wet,Daylight,,4235029,,15,From same direction - one left turn - one straight,0,0,N
1277954.689,238166.6504,364,33800,33800,1635308,Unmatched,Block,,22ND AVE E BETWEEN E ROANOKE ST AND EAST MONTLAKE PL E,,,0,Unknown,,0,0,0,0,0,0,0,2005/09/19 00:00:00+00,9/19/2005,Mid-Block (not related to intersection),12,"MOTOR VEHICLE STRUCK MOTOR VEHICLE, RIGHT SIDE AT ANGLE",,,,,,,5262001,,,,0,0,N
1270834.783,225409.1027,365,41300,41300,2024027,Matched,Block,,6TH AVE BETWEEN SPRING ST AND SENECA ST,,,1,Property Damage Only Collision,Parked Car,2,0,0,2,0,0,0,2005/08/06 00:00:00+00,8/6/2005,Mid-Block (not related to intersection),14,"MOTOR VEHICLE STRUCK MOTOR VEHICLE, REAR END",,0,Clear,Dry,Daylight,,5218006,,32,One parked--one moving,0,0,N
1272838.871,234956.6,366,1190,1190,3548949,Matched,Block,,FRANKLIN AVE E BETWEEN E GARFIELD ST AND E BLAINE ST, ,,1,Property Damage Only Collision,Parked Car,2,0,0,2,0,0,0,2013/03/30 00:00:00+00,3/30/2013 23:09,Mid-Block (not related to intersection),11,"MOTOR VEHICLE STRUCK MOTOR VEHICLE, FRONT END AT ANGLE",,N,Clear,Dry,Dark - Street Lights On,,,,32,One parked--one moving,0,0,N
1270081.554,224785.9475,367,327898,329398,EA01145,Matched,Intersection,29950,3RD AVE AND SPRING ST, ,,2,Injury Collision,Pedestrian,2,1,0,1,1,0,0,2019/12/20 00:00:00+00,12/20/2019 16:43,At Intersection (intersection related),24,MOTOR VEHCILE STRUCK PEDESTRIAN,,N,Raining,Wet,Dark - Street Lights On,Y,,,1,Vehicle turning right hits pedestrian,0,521565,N
1264501.542,212140.166,368,2771,2771,1211870,Unmatched,Block,,SW SPOKANE ST BETWEEN SW SPOKANE W BR AND TERMINAL 5 ACCESS RP, ,,1,Property Damage Only Collision,Rear Ended,0,0,0,2,0,0,0,2006/05/17 00:00:00+00,5/17/2006 12:51,Mid-Block (not related to intersection),14,"MOTOR VEHICLE STRUCK MOTOR VEHICLE, REAR END",,0,Raining,Wet,Dark - Street Lights On,,3137016,,14,From same direction - both going straight - one stopped - rear-end,0,0,N
1279255.576,225584.056,369,75600,75600,2623495,Matched,Intersection,30056,27TH AVE AND E COLUMBIA ST,,,2,Injury Collision,Angles,2,0,0,2,1,0,0,2007/07/19 00:00:00+00,7/19/2007 17:02,At Intersection (intersection related),11,"MOTOR VEHICLE STRUCK MOTOR VEHICLE, FRONT END AT ANGLE",,0,Clear,Dry,Daylight,,7200022,,10,Entering at angle,0,0,N
1269626.4,202406.9436,370,322114,323614,E927471,Matched,Block,,1ST AVE S BETWEEN S FRONT ST AND S MICHIGAN N ST, ,,1,Property Damage Only Collision,Rear Ended,4,0,0,2,0,0,0,2019/05/21 00:00:00+00,5/21/2019 8:53,Mid-Block (not related to intersection),14,"MOTOR VEHICLE STRUCK MOTOR VEHICLE, REAR END",Y,N,Overcast,Wet,Daylight,,,,14,From same direction - both going straight - one stopped - rear-end,0,0,N
1264926.79,231066.3949,371,64800,64800,C688183,Matched,Block,,REPUBLICAN ST BETWEEN QUEEN ANNE AVE N AND 1ST AVE N,,,1,Property Damage Only Collision,Parked Car,2,0,0,2,0,0,0,2007/06/24 00:00:00+00,6/24/2007 13:00,Mid-Block (not related to intersection),11,"MOTOR VEHICLE STRUCK MOTOR VEHICLE, FRONT END AT ANGLE",,0,Clear,Dry,Daylight,,7175031,,19,One car entering parked position,0,0,N
1270635.753,225114.0574,372,327839,329339,EA1469,Unmatched,Intersection,29933,5TH AVE AND SPRING ST, ,,1,Property Damage Only Collision,,2,0,0,0,0,0,0,2020/01/09 00:00:00+00,1/9/2020,At Intersection (intersection related),11,"MOTOR VEHICLE STRUCK MOTOR VEHICLE, FRONT END AT ANGLE",,,,,,,,, ,,0,0,N
1270721.919,223386.8446,373,106100,106100,3200579,Matched,Block,,JAMES ST BETWEEN 2ND AVE AND 3RD AVE,,,1,Property Damage Only Collision,Angles,2,0,0,2,0,0,0,2009/04/28 00:00:00+00,4/28/2009 22:34,Mid-Block (but intersection related),11,"MOTOR VEHICLE STRUCK MOTOR VEHICLE, FRONT END AT ANGLE",,0,Overcast,Wet,Dark - Street Lights On,,9118020,,10,Entering at angle,0,0,N
1272836.352,251951.0813,374,38500,38500,1791751,Matched,Block,,NE MAPLE LEAF PL BETWEEN EAST GREEN LAKE DR N AND WOODLAWN AVE NE,,,1,Property Damage Only Collision,Parked Car,2,0,0,2,0,0,0,2005/01/27 00:00:00+00,1/27/2005 17:05,Driveway Junction,11,"MOTOR VEHICLE STRUCK MOTOR VEHICLE, FRONT END AT ANGLE",,0,Unknown,Unknown,Unknown,,5027003,,32,One parked--one moving,0,0,N
1271278.378,215084.3521,375,61400,61400,2608860,Matched,Intersection,31369,4TH AVE S AND S LANDER ST,,,2,Injury Collision,Left Turn,4,0,0,2,2,0,0,2006/10/17 00:00:00+00,10/17/2006 11:55,At Intersection (intersection related),11,"MOTOR VEHICLE STRUCK MOTOR VEHICLE, FRONT END AT ANGLE",,0,Clear,Dry,Daylight,,6290010,,28,From opposite direction - one left turn - one straight,0,0,N
1275629.316,263299.9093,376,51100,51100,C672097,Matched,Intersection,36476,PINEHURST WAY NE AND NE 115TH ST,,,1,Property Damage Only Collision,Angles,2,0,0,2,0,0,0,2006/08/05 00:00:00+00,8/5/2006,At Intersection (intersection related),11,"MOTOR VEHICLE STRUCK MOTOR VEHICLE, FRONT END AT ANGLE",,0,Clear,Dry,Daylight,,6217046,,10,Entering at angle,0,0,N
1275949.881,261957.5206,377,1323,1323,3502831,Matched,Intersection,36505,14TH AVE NE AND NE NORTHGATE WAY, ,,2,Injury Collision,Angles,5,0,0,3,1,0,0,2013/03/28 00:00:00+00,3/28/2013 16:22,At Intersection (intersection related),11,"MOTOR VEHICLE STRUCK MOTOR VEHICLE, FRONT END AT ANGLE",,N,Clear,Dry,Daylight,,,,10,Entering at angle,0,0,N
1274615.235,261995.6508,378,327868,329368,EA01014,Matched,Block,,NE NORTHGATE WAY BETWEEN 8TH AVE NE AND ROOSEVELT WAY NE, ,,2,Injury Collision,Rear Ended,2,0,0,2,1,0,0,2019/12/30 00:00:00+00,12/30/2019 16:11,Mid-Block (not related to intersection),14,"MOTOR VEHICLE STRUCK MOTOR VEHICLE, REAR END",,N,Clear,Dry,Dusk,,,,14,From same direction - both going straight - one stopped - rear-end,0,0,N
1256945.829,210864.7574,379,1357,1357,3553820,Matched,Block,,CALIFORNIA AVE SW BETWEEN SW ANDOVER ST AND SW DAKOTA ST, ,,1,Property Damage Only Collision,Parked Car,3,0,0,3,0,0,0,2013/04/02 00:00:00+00,4/2/2013 4:57,Mid-Block (not related to intersection),14,"MOTOR VEHICLE STRUCK MOTOR VEHICLE, REAR END",,N,Clear,Dry,Dark - Street Lights On,,,,32,One parked--one moving,0,0,N