X,Y,OBJECTID,INCKEY,COLDETKEY,REPORTNO,STATUS,ADDRTYPE,INTKEY,LOCATION,EXCEPTRSNCODE,EXCEPTRSNDESC,SEVERITYCODE,SEVERITYDESC,COLLISIONTYPE,PERSONCOUNT,PEDCOUNT,PEDCYLCOUNT,VEHCOUNT,INJURIES,SERIOUSINJURIES,FATALITIES,INCDATE,INCDTTM,JUNCTIONTYPE,SDOT_COLCODE,SDOT_COLDESC,INATTENTIONIND,UNDERINFL,WEATHER,ROADCOND,LIGHTCOND,PEDROWNOTGRNT,SDOTCOLNUM,SPEEDING,ST_COLCODE,ST_COLDESC,SEGLANEKEY,CROSSWALKKEY,HITPARKEDCAR
1261067.137,212275.6402,380,47400,47400,1790753,Matched,Block,,WEST SEATTLE BR WB BETWEEN SW ADMIRAL WY OFF RP AND POINT A,,,2,Injury Collision,Other,2,0,0,1,2,0,0,2005/01/14 00:00:00+00,1/14/2005 3:26,Mid-Block (but intersection related),28,MOTOR VEHICLE RAN OFF ROAD - HIT FIXED OBJECT,,1,Clear,Dry,Dark - Street Lights Off,,5014002,,50,Fixed object,0,0,N
1255261.509,209258.9779,381,327799,329299,3856195,Matched,Intersection,31993,48TH AVE SW AND SW OREGON ST, ,,2,Injury Collision,Angles,5,0,0,3,1,0,0,2020/01/13 00:00:00+00,1/13/2020 9:24,At Intersection (intersection related),11,"MOTOR VEHICLE STRUCK MOTOR VEHICLE, FRONT END AT ANGLE",,N,Snowing,Wet,Daylight,,,,10,Entering at angle,0,0,N
1271306.397,262090.9491,382,76800,76800,2620638,Matched,Block,,N NORTHGATE WAY BETWEEN MERIDIAN AVE N AND CORLISS AVE N,,,2,Injury Collision,Rear Ended,3,0,0,2,2,0,0,2007/04/27 00:00:00+00,4/27/2007 23:05,Mid-Block (not related to intersection),14,"MOTOR VEHICLE STRUCK MOTOR VEHICLE, REAR END",,1,Raining,Wet,Dark - Street Lights On,,7117042,Y,14,From same direction - both going straight - one stopped - rear-end,0,0,N
1283296.053,203315.8214,383,29600,29600,1779348,Matched,Block,,S RAYMOND ST BETWEEN 42ND AVE S AND 44TH AVE S,,,1,Property Damage Only Collision,Parked Car,2,0,0,2,0,0,0,2004/06/02 00:00:00+00,6/2/2004,Mid-Block (not related to intersection),13,"MOTOR VEHICLE STRUCK MOTOR VEHICLE, LEFT SIDE AT ANGLE",,0,Clear,Dry,Other,,4154005,,32,One parked--one moving,0,0,N
1275113.708,213289.3101,384,327924,329424,3856951,Matched,Intersection,31325,15TH AVE S AND S HANFORD ST, ,,1,Property Damage Only Collision,Left Turn,2,0,0,2,0,0,0,2020/01/20 00:00:00+00,1/20/2020 3:21,At Intersection (intersection related),11,"MOTOR VEHICLE STRUCK MOTOR VEHICLE, FRONT END AT ANGLE",,N,Raining,Wet,Dark - Street Lights On,,,,28,From opposite direction - one left turn - one straight,0,0,N
1267733.104,226716.8906,385,1282,1282,3615282,Matched,Block,,LENORA ST BETWEEN WESTERN AVE AND 1ST AVE, ,,1,Property Damage Only Collision,Parked Car,2,0,0,2,0,0,0,2013/04/01 00:00:00+00,4/1/2013 14:54,Mid-Block (not related to intersection),0,NOT ENOUGH INFORMATION / NOT APPLICABLE,,N,Clear,Dry,Daylight,,,,32,One parked--one moving,0,0,N
1268481.764,226906.7045,386,20200,20200,1214098,Matched,Block,,VIRGINIA ST BETWEEN 2ND AVE AND 3RD AVE,,,1,Property Damage Only Collision,Other,4,0,0,2,0,0,0,2004/09/17 00:00:00+00,9/17/2004 23:34,Mid-Block (but intersection related),11,"MOTOR VEHICLE STRUCK MOTOR VEHICLE, FRONT END AT ANGLE",,0,Overcast,Dry,Dark - Street Lights On,,4261028,,23,From same direction - all others,0,0,N
1284682.644,201696.7185,387,58000,58000,2058206,Matched,Block,,RAINIER AVE S BETWEEN S MORGAN ST AND S WARSAW ST,,,1,Property Damage Only Collision,Parked Car,2,0,0,2,0,0,0,2006/04/15 00:00:00+00,4/15/2006 12:00,Mid-Block (not related to intersection),11,"MOTOR VEHICLE STRUCK MOTOR VEHICLE, FRONT END AT ANGLE",,0,Unknown,Unknown,Unknown,,6105001,,32,One parked--one moving,0,0,N
1273742.603,209084.6729,388,35400,35400,1797838,Matched,Intersection,32306,11TH AVE S AND S OREGON ST,,,1,Property Damage Only Collision,Angles,2,0,0,2,0,0,0,2005/11/05 00:00:00+00,11/5/2005,At Intersection (intersection related),11,"MOTOR VEHICLE STRUCK MOTOR VEHICLE, FRONT END AT ANGLE",,0,Raining,Wet,Daylight,,5309025,,10,Entering at angle,0,0,N
1264793.231,235474.5068,389,1112,1112,3506127,Matched,Block,,QUEEN ANNE AVE N BETWEEN BLAINE ST AND HOWE ST, ,,1,Property Damage Only Collision,Parked Car,3,0,0,2,0,0,0,2013/03/29 00:00:00+00,3/29/2013 14:55,Mid-Block (not related to intersection),11,"MOTOR VEHICLE STRUCK MOTOR VEHICLE, FRONT END AT ANGLE",Y,N,Clear,Dry,Daylight,,,,19,One car entering parked position,0,0,N
1268425.847,271441.1294,390,44400,44400,2239464,Matched,Intersection,35704,AURORA AVE N AND N 145TH ST,,,2,Injury Collision,Pedestrian,2,1,0,1,1,0,0,2005/12/21 00:00:00+00,12/21/2005 20:59,At Intersection (intersection related),24,MOTOR VEHCILE STRUCK PEDESTRIAN,,0,Overcast,Wet,Dark - Street Lights On,,5355001,,2,Vehicle turning left hits pedestrian,0,0,N
1270392.349,227740.8332,391,1016,1016,3645682,Unmatched,Block,,HOWELL ST BETWEEN OLIVE WAY AND 9TH AVE, ,,0,Unknown,,0,0,0,0,0,0,0,2013/03/23 00:00:00+00,3/23/2013,Mid-Block (not related to intersection),13,"MOTOR VEHICLE STRUCK MOTOR VEHICLE, LEFT SIDE AT ANGLE",,,,,,,,, ,,0,0,N
1262485.291,249019.7999,392,1156,1156,3615258,Matched,Block,,NW 60TH ST BETWEEN 8TH AVE NW AND 9TH AVE NW, ,,1,Property Damage Only Collision,Parked Car,2,0,0,2,0,0,0,2013/03/26 00:00:00+00,3/26/2013 3:00,Mid-Block (not related to intersection),0,NOT ENOUGH INFORMATION / NOT APPLICABLE,,N,Unknown,Unknown,Unknown,,,,32,One parked--one moving,0,0,N
1275847.038,246984.8828,393,29100,29100,1781831,Matched,Block,,UNIVERSITY WAY NE BETWEEN NE 52ND ST AND NE 55TH ST,,,1,Property Damage Only Collision,Other,1,0,0,1,0,0,0,2004/05/03 00:00:00+00,5/3/2004,Mid-Block (not related to intersection),28,MOTOR VEHICLE RAN OFF ROAD - HIT FIXED OBJECT,,0,Unknown,Unknown,Daylight,,4124032,,51,Other object,0,0,N
1277678.927,246289.1312,394,44100,44100,2058954,Matched,Block,,21ST AVE NE BETWEEN NE 50TH ST AND NE 52ND ST,,,1,Property Damage Only Collision,Parked Car,2,0,0,2,0,0,0,2005/10/19 00:00:00+00,10/19/2005 11:50,Driveway Junction,13,"MOTOR VEHICLE STRUCK MOTOR VEHICLE, LEFT SIDE AT ANGLE",,0,Overcast,Unknown,Unknown,,5292004,,32,One parked--one moving,0,0,N
1269740.764,242541.7723,395,1256,1256,3645686,Unmatched,Block,,DENSMORE AVE N BETWEEN N 39TH ST AND N 40TH ST, ,,0,Unknown,,0,0,0,0,0,0,0,2013/03/30 00:00:00+00,3/30/2013,Mid-Block (not related to intersection),0,NOT ENOUGH INFORMATION / NOT APPLICABLE,,,,,,,,, ,,0,0,N
1286311.633,197913.8361,396,89900,89900,3280824,Matched,Block,,SEWARD PARK AVE S BETWEEN S FONTANELLE PL AND S KENYON ST,,,1,Property Damage Only Collision,Parked Car,2,0,0,2,0,0,0,2008/11/21 00:00:00+00,11/21/2008 9:50,Mid-Block (not related to intersection),16,"MOTOR VEHICLE STRUCK MOTOR VEHICLE, LEFT SIDE SIDESWIPE",,0,Unknown,Unknown,Unknown,,8326018,,32,One parked--one moving,0,0,N
1265731.529,235743.0957,397,56400,56400,2187558,Matched,Block,,2ND AVE N BETWEEN HOWE ST AND NEWTON ST,,,1,Property Damage Only Collision,Parked Car,3,0,0,3,0,0,0,2006/02/20 00:00:00+00,2/20/2006 19:08,Mid-Block (not related to intersection),14,"MOTOR VEHICLE STRUCK MOTOR VEHICLE, REAR END",,0,Clear,Dry,Dark - Street Lights On,,6051010,,32,One parked--one moving,0,0,N
1263119.088,194882.1078,398,1022,1022,3380686,Matched,Block,,DELRIDGE WAY SW BETWEEN SW TRENTON ST AND 21ST S AVE SW, ,,1,Property Damage Only Collision,Rear Ended,2,0,0,2,0,0,0,2013/03/24 00:00:00+00,3/24/2013 22:09,Mid-Block (but intersection related),14,"MOTOR VEHICLE STRUCK MOTOR VEHICLE, REAR END",,N,Clear,Dry,Dark - Street Lights On,,,,14,From same direction - both going straight - one stopped - rear-end,0,0,N
1272434.542,247469.4902,399,322175,323675,E948192,Unmatched,Block,,NE 55TH ST BETWEEN 1ST AVE NE AND LATONA AVE NE,NEI,"Not Enough Information, or Insufficient Location Information",0,Unknown,,2,0,0,0,0,0,0,2019/08/08 00:00:00+00,8/8/2019,Mid-Block (not related to intersection),13,"MOTOR VEHICLE STRUCK MOTOR VEHICLE, LEFT SIDE AT ANGLE",,,,,,,,, ,,0,0,Y
1266877.7,231812.7392,400,37100,37100,1783802,Matched,Block,,ROY ST BETWEEN 4TH AVE N AND 5TH AVE N,,,1,Property Damage Only Collision,Parked Car,2,0,0,2,0,0,0,2005/03/04 00:00:00+00,3/4/2005,Mid-Block (not related to intersection),16,"MOTOR VEHICLE STRUCK MOTOR VEHICLE, LEFT SIDE SIDESWIPE",,0,Clear,Dry,Dark - Street Lights On,,5063033,,32,One parked--one moving,0,0,N
1257822.508,196202.65,401,33900,33900,C653246,Matched,Block,,39TH AVE SW BETWEEN SW SULLIVAN ST AND SW TILLMAN ST,,,1,Property Damage Only Collision,Parked Car,2,0,0,2,0,0,0,2005/07/17 00:00:00+00,7/17/2005 11:59,Mid-Block (not related to intersection),11,"MOTOR VEHICLE STRUCK MOTOR VEHICLE, FRONT END AT ANGLE",,0,Clear,Dry,Daylight,,5198038,,32,One parked--one moving,0,0,N
1265606.583,255946.2418,402,41800,41800,2022418,Matched,Block,,GREENWOOD AVE N BETWEEN N 85TH ST AND N 87TH ST,,,1,Property Damage Only Collision,Parked Car,2,0,0,2,0,0,0,2005/07/06 00:00:00+00,7/6/2005,Mid-Block (not related to intersection),11,"MOTOR VEHICLE STRUCK MOTOR VEHICLE, FRONT END AT ANGLE",,0,Clear,Dry,Dark - Street Lights On,,5187036,,20,One car leaving parked position,0,0,N
1269058.773,225881.3874,403,1336,1336,3562734,Matched,Intersection,29592,2ND AVE AND PIKE ST, ,,1,Property Damage Only Collision,Left Turn,3,0,0,2,0,0,0,2013/03/27 00:00:00+00,3/27/2013 18:00,At Intersection (intersection related),11,"MOTOR VEHICLE STRUCK MOTOR VEHICLE, FRONT END AT ANGLE",,N,Clear,Dry,Daylight,,,,15,From same direction - one left turn - one straight,0,0,N
1268767.464,213477.94,404,327867,329367,3857128,Matched,Block,,ALASKAN WY VI NB BETWEEN ALASKAN WY VI NB ON RP AND S LANDER ST, ,,1,Property Damage Only Collision,Sideswipe,25,0,0,2,0,0,0,2020/01/17 00:00:00+00,1/17/2020 5:52,Mid-Block (not related to intersection),14,"MOTOR VEHICLE STRUCK MOTOR VEHICLE, REAR END",,N,Overcast,Wet,Dark - Street Lights On,,,,12,From same direction - both going straight - one stopped - sideswipe,0,0,N
,,405,1364,1364,3643907,Matched,Block,,ALASKAN WY VI SB BETWEEN BATTERY ST TUNNEL SB AND ELLIOTT AV ON RP, ,,1,Property Damage Only Collision,Rear Ended,2,0,0,2,0,0,0,2013/04/02 00:00:00+00,4/2/2013 16:33,Mid-Block (not related to intersection),14,"MOTOR VEHICLE STRUCK MOTOR VEHICLE, REAR END",Y,N,Clear,Dry,Daylight,,,,14,From same direction - both going straight - one stopped - rear-end,0,0,N
1267031.081,231470.3203,406,89400,89400,2898679,Matched,Intersection,28914,5TH AVE N AND MERCER ST,,,1,Property Damage Only Collision,Left Turn,2,0,0,2,0,0,0,2008/01/05 00:00:00+00,1/5/2008,At Intersection (intersection related),11,"MOTOR VEHICLE STRUCK MOTOR VEHICLE, FRONT END AT ANGLE",,0,Clear,Wet,Dark - Street Lights On,,8005020,,15,From same direction - one left turn - one straight,0,0,N
1273241.882,252321.4192,407,322245,323745,E949064,Unmatched,Block,,NE MAPLE LEAF PL BETWEEN WOODLAWN AVE NE AND 5TH AVE NE, ,,0,Unknown,,2,0,0,0,0,0,0,2019/08/11 00:00:00+00,8/11/2019,Mid-Block (not related to intersection),11,"MOTOR VEHICLE STRUCK MOTOR VEHICLE, FRONT END AT ANGLE",,,,,,,,, ,,0,0,N
1277757.068,212082.5089,408,52700,52700,2610928,Matched,Block,,S SPOKANE ST BETWEEN 23RD AVE S AND 24TH AVE S,,,2,Injury Collision,Rear Ended,2,0,0,2,1,0,0,2006/10/17 00:00:00+00,10/17/2006 15:00,Mid-Block (but intersection related),14,"MOTOR VEHICLE STRUCK MOTOR VEHICLE, REAR END",,0,Clear,Dry,Daylight,,6290012,,14,From same direction - both going straight - one stopped - rear-end,0,0,N
1276380.03,270888.4845,409,327858,329358,EA03060,Matched,Block,,15TH AVE NE BETWEEN NE 143RD ST AND NE 145TH ST, ,,1,Property Damage Only Collision,Angles,2,0,0,2,0,0,0,2020/01/10 00:00:00+00,1/10/2020 16:07,Mid-Block (not related to intersection),11,"MOTOR VEHICLE STRUCK MOTOR VEHICLE, FRONT END AT ANGLE",,N,Raining,Wet,Dusk,,,,10,Entering at angle,0,0,N
1270156.8,222488.5296,410,91600,91600,2608015,Matched,Intersection,30364,1ST AVE S AND S MAIN ST,,,1,Property Damage Only Collision,Rear Ended,4,0,0,2,0,0,0,2008/09/14 00:00:00+00,9/14/2008 10:30,At Intersection (intersection related),14,"MOTOR VEHICLE STRUCK MOTOR VEHICLE, REAR END",,0,Clear,Dry,Daylight,,8258012,,14,From same direction - both going straight - one stopped - rear-end,0,0,N
1273726.679,227540.1029,411,17800,17800,1475615,Matched,Block,,E PIKE ST BETWEEN BROADWAY AND 10TH AVE,,,1,Property Damage Only Collision,Parked Car,2,0,0,2,0,0,0,2004/07/03 00:00:00+00,7/3/2004,Mid-Block (not related to intersection),14,"MOTOR VEHICLE STRUCK MOTOR VEHICLE, REAR END",,0,Unknown,Unknown,Dark - Street Lights On,,4185008,,32,One parked--one moving,0,0,N
1275567.589,246993.7282,412,1305,1305,3502004,Matched,Block,,BROOKLYN AVE NE BETWEEN NE 52ND ST AND NE 55TH ST, ,,2,Injury Collision,Left Turn,2,0,0,2,1,0,0,2013/03/27 00:00:00+00,3/27/2013 9:15,Driveway Junction,11,"MOTOR VEHICLE STRUCK MOTOR VEHICLE, FRONT END AT ANGLE",,N,Clear,Dry,Daylight,,,,28,From opposite direction - one left turn - one straight,0,0,N
1277467.989,238953.4245,413,21800,21800,1772106,Matched,Block,,E HAMLIN ST BETWEEN 19TH AVE E AND MONTLAKE BLVD E,,,1,Property Damage Only Collision,Parked Car,2,0,0,2,0,0,0,2004/04/07 00:00:00+00,4/7/2004,Mid-Block (not related to intersection),14,"MOTOR VEHICLE STRUCK MOTOR VEHICLE, REAR END",,0,Overcast,Dry,Dark - Street Lights On,,4098009,,32,One parked--one moving,0,0,N
1265014.744,242069.1435,414,58200,58200,2614146,Matched,Block,,PALATINE AVE N BETWEEN N 36TH ST AND N 39TH ST,,,1,Property Damage Only Collision,Parked Car,2,0,0,2,0,0,0,2006/10/14 00:00:00+00,10/14/2006 13:00,Mid-Block (not related to intersection),11,"MOTOR VEHICLE STRUCK MOTOR VEHICLE, FRONT END AT ANGLE",,0,Unknown,Unknown,Unknown,,6287036,,32,One parked--one moving,0,0,N
1277070.102,224588.8926,415,35700,35700,2020103,Matched,Intersection,30190,20TH AVE AND E JEFFERSON ST,,,1,Property Damage Only Collision,Angles,2,0,0,2,0,0,0,2005/08/26 00:00:00+00,8/26/2005 19:04,At Intersection (intersection related),11,"MOTOR VEHICLE STRUCK MOTOR VEHICLE, FRONT END AT ANGLE",,0,Clear,Dry,Daylight,,5238015,,10,Entering at angle,0,0,N
1255175.487,247810.8767,416,1106,1106,3615276,Unmatched,Block,,NW MARKET ST BETWEEN 30TH AVE NW AND 32ND AVE NW, ,,1,Property Damage Only Collision,,1,0,0,0,0,0,0,2013/03/28 00:00:00+00,3/28/2013,Mid-Block (not related to intersection),0,NOT ENOUGH INFORMATION / NOT APPLICABLE,,,,,,,,, ,,0,0,N
1284120.723,246998.3254,417,28300,28300,1785503,Matched,Block,,SAND POINT WAY NE BETWEEN NE 52ND ST AND 47TH AVE NE,,,1,Property Damage Only Collision,Other,1,0,0,1,0,0,0,2004/07/07 00:00:00+00,7/7/2004,Mid-Block (not related to intersection),28,MOTOR VEHICLE RAN OFF ROAD - HIT FIXED OBJECT,,0,Clear,Dry,Daylight,,4189027,,50,Fixed object,0,0,N
,,418,34100,34100,1791153,Matched,Alley,,,,,1,Property Damage Only Collision,Other,1,0,0,1,0,0,0,2005/06/04 00:00:00+00,6/4/2005,,0,NOT ENOUGH INFORMATION / NOT APPLICABLE,,0,Unknown,Unknown,Unknown,,5155007,,50,Fixed object,0,0,N
1258443.992,257125.4192,419,42300,42300,5006049,Unmatched,Block,,NW 90TH ST BETWEEN 22ND AVE NW AND 23RD AVE NW,,,0,Unknown,,0,0,0,0,0,0,0,2005/01/06 00:00:00+00,1/6/2005,Mid-Block (not related to intersection),13,"MOTOR VEHICLE STRUCK MOTOR VEHICLE, LEFT SIDE AT ANGLE",,,,,,,5006049,,,,0,0,N
1270998.082,227029.3355,420,1222,1222,3581935,Matched,Intersection,29883,PIKE ST AND CONVENTION PL, ,,1,Property Damage Only Collision,Sideswipe,2,0,0,2,0,0,0,2013/03/31 00:00:00+00,3/31/2013 15:54,At Intersection (intersection related),11,"MOTOR VEHICLE STRUCK MOTOR VEHICLE, FRONT END AT ANGLE",,N,Clear,Dry,Daylight,,,,81,Same direction -- both turning left -- both moving -- sideswipe,0,0,N
1274302.086,266704.2695,421,327910,329410,EA03059,Matched,Intersection,35891,ROOSEVELT WAY NE AND NE 127TH ST, ,,2,Injury Collision,Angles,2,0,0,2,1,0,0,2020/01/04 00:00:00+00,1/4/2020 16:45,At Intersection (intersection related),11,"MOTOR VEHICLE STRUCK MOTOR VEHICLE, FRONT END AT ANGLE",,N,Overcast,Dry,Dark - Street Lights On,,,,10,Entering at angle,0,0,N
,,422,5721,5721,1786583,Unmatched,,,,NEI,"Not Enough Information, or Insufficient Location Information",1,Property Damage Only Collision,Parked Car,0,0,0,2,0,0,0,2007/08/27 00:00:00+00,8/27/2007,Mid-Block (not related to intersection),13,"MOTOR VEHICLE STRUCK MOTOR VEHICLE, LEFT SIDE AT ANGLE",,0,Clear,Dry,Daylight,,3239035,,32,One parked--one moving,0,0,N
1284154.722,251176.783,423,118100,118100,10051034,Unmatched,Intersection,24838,45TH AVE NE AND NE 70TH ST,,,0,Unknown,,0,0,0,0,0,0,0,2010/02/20 00:00:00+00,2/20/2010,At Intersection (intersection related),0,NOT ENOUGH INFORMATION / NOT APPLICABLE,,,,,,,10051034,,,,0,0,N
1277372.169,270521.3066,424,322252,323752,E949051,Matched,Intersection,36079,19TH AVE NE AND NE 143RD ST, ,,1,Property Damage Only Collision,Angles,2,0,0,2,0,0,0,2019/08/11 00:00:00+00,8/11/2019 13:07,At Intersection (intersection related),11,"MOTOR VEHICLE STRUCK MOTOR VEHICLE, FRONT END AT ANGLE",,N,Clear,Dry,Daylight,,,,10,Entering at angle,0,0,N
1278912.436,229204.4406,425,64200,64200,2059939,Matched,Block,,E DENNY WAY BETWEEN 25TH AVE AND 26TH AVE,,,1,Property Damage Only Collision,Parked Car,2,0,0,2,0,0,0,2006/03/11 00:00:00+00,3/11/2006 9:11,Mid-Block (not related to intersection),14,"MOTOR VEHICLE STRUCK MOTOR VEHICLE, REAR END",,0,Clear,Dry,Daylight,,6070029,,32,One parked--one moving,0,0,N
1280363.571,212877.4404,426,327860,329360,3857027,Matched,Block,,MCCLINTOCK AVE S BETWEEN S BYRON ST AND S WALDEN ST, ,,1,Property Damage Only Collision,Other,1,0,0,1,0,0,0,2020/01/17 00:00:00+00,1/17/2020 20:39,Mid-Block (not related to intersection),26,MOTOR VEHICLE STRUCK OBJECT IN ROAD,,N,Raining,Wet,Dark - Street Lights On,,,,50,Fixed object,0,0,N
1268068.526,233514.5021,427,91800,91800,C710492,Matched,Block,,AURORA AVE N BETWEEN HIGHLAND DR AND COMSTOCK ST,,,2,Injury Collision,Rear Ended,2,0,0,2,1,0,0,2008/09/30 00:00:00+00,9/30/2008 8:55,Mid-Block (not related to intersection),14,"MOTOR VEHICLE STRUCK MOTOR VEHICLE, REAR END",,0,Clear,Dry,Daylight,,8274037,,14,From same direction - both going straight - one stopped - rear-end,0,0,N
1277883.853,202382.8928,428,24100,24100,1788069,Matched,Block,,S EDDY ST BETWEEN 24TH AVE S AND BEACON WR AVE S,,,1,Property Damage Only Collision,Parked Car,3,0,0,3,0,0,0,2004/03/22 00:00:00+00,3/22/2004 6:43,Mid-Block (not related to intersection),14,"MOTOR VEHICLE STRUCK MOTOR VEHICLE, REAR END",Y,0,Clear,Dry,Daylight,,4082010,,32,One parked--one moving,0,0,N
1279325.569,235859.924,429,37200,37200,1797996,Matched,Block,,LAKE WASHINGTON BLVD E BETWEEN BOYER AVE E AND E FOSTER ISLAND RD,,,1,Property Damage Only Collision,Other,1,0,0,1,0,0,0,2005/11/17 00:00:00+00,11/17/2005 8:56,Mid-Block (not related to intersection),26,MOTOR VEHICLE STRUCK OBJECT IN ROAD,Y,0,Clear,Dry,Daylight,,5321045,,50,Fixed object,0,0,N
1266723.076,241255.1142,430,62700,62700,2188688,Matched,Block,,N 36TH ST BETWEEN FREMONT AVE N AND FREMONT LN N,,,1,Property Damage Only Collision,Parked Car,2,0,0,2,0,0,0,2006/02/03 00:00:00+00,2/3/2006,Mid-Block (not related to intersection),11,"MOTOR VEHICLE STRUCK MOTOR VEHICLE, FRONT END AT ANGLE",,0,Unknown,Unknown,Unknown,,6034031,,32,One parked--one moving,0,0,N
1269691.415,225760.8549,431,39700,39700,2071591,Matched,Block,,UNION ST BETWEEN 3RD AVE AND 4TH AVE,,,1,Property Damage Only Collision,Parked Car,3,0,0,2,0,0,0,2005/12/16 00:00:00+00,12/16/2005 2:13,Mid-Block (not related to intersection),14,"MOTOR VEHICLE STRUCK MOTOR VEHICLE, REAR END",,1,Clear,Dry,Dark - Street Lights On,,5350041,,32,One parked--one moving,0,0,N
1260581.938,233927.8494,432,1113,1113,3549367,Matched,Block,,ELLIOTT AVE W BETWEEN W LEE ST AND W GALER ST FLYOVER, ,,1,Property Damage Only Collision,Rear Ended,4,0,0,3,0,0,0,2013/03/29 00:00:00+00,3/29/2013 12:12,Mid-Block (not related to intersection),14,"MOTOR VEHICLE STRUCK MOTOR VEHICLE, REAR END",Y,N,Clear,Dry,Daylight,,,,14,From same direction - both going straight - one stopped - rear-end,0,0,N
1278944.086,249286.248,433,24800,24800,1476138,Matched,Block,,25TH AVE NE BETWEEN NE 60TH ST AND NE 65TH ST,,,1,Property Damage Only Collision,Rear Ended,4,0,0,2,0,0,0,2004/05/07 00:00:00+00,5/7/2004,Mid-Block (not related to intersection),14,"MOTOR VEHICLE STRUCK MOTOR VEHICLE, REAR END",Y,0,Raining,Wet,Daylight,,4128023,,14,From same direction - both going straight - one stopped - rear-end,0,0,N
1270828.828,213112.7317,434,47300,47300,1792658,Matched,Block,,S HORTON ST BETWEEN 2ND AVE S AND 3RD AVE S,,,2,Injury Collision,Rear Ended,4,0,0,2,1,0,0,2005/03/19 00:00:00+00,3/19/2005 12:42,Mid-Block (but intersection related),14,"MOTOR VEHICLE STRUCK MOTOR VEHICLE, REAR END",Y,0,Raining,Wet,Daylight,,5078036,,14,From same direction - both going straight - one stopped - rear-end,0,0,N
1273514.401,251520.8898,435,327827,329327,EA01004,Matched,Block,,5TH AVE NE BETWEEN WEEDIN PL NE AND NE 71ST ST, ,,1,Property Damage Only Collision,Other,2,0,0,2,0,0,0,2020/01/09 00:00:00+00,1/9/2020 12:46,Mid-Block (not related to intersection),11,"MOTOR VEHICLE STRUCK MOTOR VEHICLE, FRONT END AT ANGLE",,N,Clear,Dry,Daylight,,,,23,From same direction - all others,0,0,N
1275346.685,221610.3424,436,119600,119600,3566031,Matched,Block,,RAINIER AVE S BETWEEN S KING ST AND S WELLER ST,,,2,Injury Collision,Sideswipe,3,0,0,2,1,0,0,2011/09/30 00:00:00+00,9/30/2011 15:52,Mid-Block (not related to intersection),11,"MOTOR VEHICLE STRUCK MOTOR VEHICLE, FRONT END AT ANGLE",,0,Clear,Dry,Daylight,,11273020,,11,From same direction - both going straight - both moving - sideswipe,0,0,N
1267786.927,229289.5957,437,32600,32600,1792795,Matched,Block,,DENNY WAY BETWEEN 6TH AVE AND BOREALIS AVE,,,2,Injury Collision,Rear Ended,2,0,0,2,1,0,0,2005/05/11 00:00:00+00,5/11/2005 15:34,Mid-Block (but intersection related),14,"MOTOR VEHICLE STRUCK MOTOR VEHICLE, REAR END",,0,Clear,Dry,Daylight,,5131011,,14,From same direction - both going straight - one stopped - rear-end,0,0,N
1258903.678,251296.3224,438,327940,329440,EA01544,Unmatched,Block,,20TH AVE NW BETWEEN NW 67TH ST AND NW SLOOP PL, ,,1,Property Damage Only Collision,,2,0,0,0,0,0,0,2020/01/11 00:00:00+00,1/11/2020,Mid-Block (not related to intersection),13,"MOTOR VEHICLE STRUCK MOTOR VEHICLE, LEFT SIDE AT ANGLE",,,,,,,,, ,,0,0,Y
1265721.378,245230.6221,439,1278,1278,3568599,Matched,Intersection,25686,PHINNEY AVE N AND N 46TH ST, ,,2,Injury Collision,Left Turn,2,0,0,2,1,0,0,2013/04/01 00:00:00+00,4/1/2013 13:23,At Intersection (intersection related),11,"MOTOR VEHICLE STRUCK MOTOR VEHICLE, FRONT END AT ANGLE",,N,Overcast,Dry,Daylight,,,,28,From opposite direction - one left turn - one straight,0,0,N
1291171.136,189623.7243,440,20800,20800,1772930,Matched,Intersection,38351,CORNELL AVE S AND RAINIER AVE S,,,2,Injury Collision,Angles,2,0,0,2,2,0,0,2004/05/13 00:00:00+00,5/13/2004 11:45,At Intersection (intersection related),11,"MOTOR VEHICLE STRUCK MOTOR VEHICLE, FRONT END AT ANGLE",,0,Clear,Dry,Daylight,,4134011,,10,Entering at angle,0,0,N
1266697.043,245344.4594,441,322217,323717,E946796,Matched,Block,,FREMONT AVE N BETWEEN N 46TH ST AND N 47TH ST, ,,1,Property Damage Only Collision,Sideswipe,3,0,0,3,0,0,0,2019/07/25 00:00:00+00,7/25/2019 19:05,Mid-Block (not related to intersection),11,"MOTOR VEHICLE STRUCK MOTOR VEHICLE, FRONT END AT ANGLE",,N,Clear,Dry,Daylight,,,,11,From same direction - both going straight - both moving - sideswipe,0,0,N
1269817.638,205487.1866,442,59500,59500,2060439,Matched,Intersection,33034,1ST AVE S AND S LUCILE ST,,,2b,Serious Injury Collision,Cycles,2,0,1,1,1,1,0,2006/04/27 00:00:00+00,4/27/2006 11:08,At Intersection (intersection related),51,PEDALCYCLIST STRUCK MOTOR VEHICLE FRONT END AT ANGLE,,0,Clear,Dry,Daylight,,6117003,,45,Vehicle - Pedalcyclist,0,0,N
1268301.364,259513.9704,443,50600,50600,C662927,Matched,Intersection,37301,AURORA AVE N AND N 100TH ST,,,1,Property Damage Only Collision,Right Turn,2,0,0,2,0,0,0,2006/01/20 00:00:00+00,1/20/2006 22:40,At Intersection (intersection related),11,"MOTOR VEHICLE STRUCK MOTOR VEHICLE, FRONT END AT ANGLE",,0,Clear,Wet,Dark - Street Lights On,,6020054,,16,From same direction - one right turn - one straight,0,0,N