X,Y,OBJECTID,INCKEY,COLDETKEY,REPORTNO,STATUS,ADDRTYPE,INTKEY,LOCATION,EXCEPTRSNCODE,EXCEPTRSNDESC,SEVERITYCODE,SEVERITYDESC,COLLISIONTYPE,PERSONCOUNT,PEDCOUNT,PEDCYLCOUNT,VEHCOUNT,INJURIES,SERIOUSINJURIES,FATALITIES,INCDATE,INCDTTM,JUNCTIONTYPE,SDOT_COLCODE,SDOT_COLDESC,INATTENTIONIND,UNDERINFL,WEATHER,ROADCOND,LIGHTCOND,PEDROWNOTGRNT,SDOTCOLNUM,SPEEDING,ST_COLCODE,ST_COLDESC,SEGLANEKEY,CROSSWALKKEY,HITPARKEDCAR
1275181.156,227738.3579,444,1017,1017,3645683,Unmatched,Block,,14TH AVE BETWEEN E PIKE ST AND E PINE ST, ,,0,Unknown,,0,0,0,0,0,0,0,2013/02/13 00:00:00+00,2/13/2013,Mid-Block (not related to intersection),11,"MOTOR VEHICLE STRUCK MOTOR VEHICLE, FRONT END AT ANGLE",,,,,,,,, ,,0,0,N
1268261.464,256078.6523,445,46300,46300,2023080,Matched,Intersection,37365,AURORA AVE N AND N 87TH ST,,,2,Injury Collision,Left Turn,3,0,0,2,1,0,0,2005/07/01 00:00:00+00,7/1/2005,At Intersection (intersection related),11,"MOTOR VEHICLE STRUCK MOTOR VEHICLE, FRONT END AT ANGLE",,0,Overcast,Dry,Daylight,,5182022,,28,From opposite direction - one left turn - one straight,0,0,N
1263061.166,230971.8093,446,220000,220280,E544506,Matched,Block,,ELLIOTT AVE W BETWEEN W HARRISON ST AND 6TH AVE W, ,,2,Injury Collision,Left Turn,4,0,0,2,1,0,0,2016/05/16 00:00:00+00,5/16/2016 7:24,Mid-Block (not related to intersection),11,"MOTOR VEHICLE STRUCK MOTOR VEHICLE, FRONT END AT ANGLE",,N,Clear,Dry,Daylight,,,,28,From opposite direction - one left turn - one straight,0,0,N
1261157.9,253021.5612,447,1100,1100,3507854,Matched,Block,,NW 75TH ST BETWEEN 13TH AVE NW AND 14TH E AVE NW, ,,2,Injury Collision,Parked Car,7,0,0,3,2,0,0,2013/03/28 00:00:00+00,3/28/2013 15:18,Mid-Block (not related to intersection),11,"MOTOR VEHICLE STRUCK MOTOR VEHICLE, FRONT END AT ANGLE",,N,Clear,Dry,Daylight,,,,32,One parked--one moving,0,0,N
1277681.682,245338.7563,448,29000,29000,1793868,Matched,Intersection,26072,21ST AVE NE AND NE 47TH ST,,,1,Property Damage Only Collision,Angles,2,0,0,2,0,0,0,2004/09/08 00:00:00+00,9/8/2004,At Intersection (intersection related),11,"MOTOR VEHICLE STRUCK MOTOR VEHICLE, FRONT END AT ANGLE",,0,Overcast,Wet,Daylight,,4252031,,10,Entering at angle,0,0,N
1268393.417,228076.0747,449,41900,41900,2024135,Matched,Intersection,29534,5TH AVE AND BLANCHARD ST,,,2,Injury Collision,Pedestrian,2,1,0,1,1,0,0,2005/08/24 00:00:00+00,8/24/2005 10:35,At Intersection (intersection related),24,MOTOR VEHCILE STRUCK PEDESTRIAN,,0,Clear,Dry,Daylight,,5236010,,0,Vehicle going straight hits pedestrian,0,0,N
1289988.496,190726.2203,450,1252,1252,3672023,Matched,Block,,RAINIER AVE S BETWEEN S NORFOLK ST AND S COOPER ST, ,,1,Property Damage Only Collision,Other,2,0,0,1,0,0,0,2013/03/31 00:00:00+00,3/31/2013 0:01,Mid-Block (not related to intersection),26,MOTOR VEHICLE STRUCK OBJECT IN ROAD,,N,Clear,Dry,Dark - Street Lights On,,,Y,50,Fixed object,0,0,N
1271432.297,223451.4236,451,104000,104000,3334522,Matched,Block,,JEFFERSON ST BETWEEN 4TH AVE AND 5TH AVE,,,1,Property Damage Only Collision,Parked Car,2,0,0,2,0,0,0,2009/08/28 00:00:00+00,8/28/2009 14:00,Mid-Block (not related to intersection),16,"MOTOR VEHICLE STRUCK MOTOR VEHICLE, LEFT SIDE SIDESWIPE",,0,Unknown,Unknown,Daylight,,9240015,,32,One parked--one moving,0,0,N
,,452,53800,53800,2609018,Matched,Block,,BROAD ST BETWEEN HARRISON ST AND BROAD ST EB ON RP,,,2,Injury Collision,Left Turn,2,0,0,2,2,0,0,2006/10/04 00:00:00+00,10/4/2006,Mid-Block (but intersection related),16,"MOTOR VEHICLE STRUCK MOTOR VEHICLE, LEFT SIDE SIDESWIPE",,0,Clear,Dry,Daylight,,6277029,,15,From same direction - one left turn - one straight,0,0,N
1269845.344,220307.9046,453,322166,323666,E948047,Matched,Block,,SR99 NB DEARBORN OFF RP BETWEEN ALASKAN WY VI NB AND S DEARBORN ST, ,,1,Property Damage Only Collision,Rear Ended,2,0,0,2,0,0,0,2019/08/07 00:00:00+00,8/7/2019 8:06,Mid-Block (but intersection related),14,"MOTOR VEHICLE STRUCK MOTOR VEHICLE, REAR END",Y,N,Clear,Dry,Daylight,,,,14,From same direction - both going straight - one stopped - rear-end,0,0,N
1269869.476,203277.1821,454,38800,38800,C654800,Matched,Intersection,33194,1ST AV S BR NB AND EAST MARGINAL WAY S,,,1,Property Damage Only Collision,Angles,2,0,0,2,0,0,0,2005/08/11 00:00:00+00,8/11/2005 17:30,At Intersection (intersection related),11,"MOTOR VEHICLE STRUCK MOTOR VEHICLE, FRONT END AT ANGLE",,0,Clear,Dry,Daylight,,5223041,,10,Entering at angle,0,0,N
1275538.274,241908.5121,455,60200,60200,2312905,Matched,Block,,NE PACIFIC ST BETWEEN BROOKLYN AVE NE AND UNIVERSITY WAY NE,,,1,Property Damage Only Collision,Rear Ended,2,0,0,2,0,0,0,2006/04/11 00:00:00+00,4/11/2006 16:15,Mid-Block (not related to intersection),14,"MOTOR VEHICLE STRUCK MOTOR VEHICLE, REAR END",,0,Clear,Dry,Daylight,,6101001,,14,From same direction - both going straight - one stopped - rear-end,0,0,N
1278282.732,229680.3074,456,39500,39500,2064226,Matched,Block,,E JOHN ST BETWEEN 23RD AVE E AND 24TH AVE E,,,1,Property Damage Only Collision,Other,2,0,0,2,0,0,0,2005/11/11 00:00:00+00,11/11/2005 9:07,Mid-Block (not related to intersection),11,"MOTOR VEHICLE STRUCK MOTOR VEHICLE, FRONT END AT ANGLE",,0,Raining,Wet,Daylight,,5315032,,23,From same direction - all others,0,0,N
1276115.023,246592.3225,457,1182,1182,3507788,Matched,Intersection,26051,15TH AVE NE AND NE 52ND ST, ,,2,Injury Collision,Pedestrian,2,1,0,1,1,0,0,2013/03/07 00:00:00+00,3/7/2013 20:37,At Intersection (intersection related),24,MOTOR VEHCILE STRUCK PEDESTRIAN,,N,Unknown,Unknown,Unknown,Y,,,0,Vehicle going straight hits pedestrian,0,520855,N
1267970.944,229100.2051,458,327865,329365,3857111,Matched,Block,,BOREALIS AVE BETWEEN BATTERY ST AND DENNY WAY, ,,1,Property Damage Only Collision,Sideswipe,2,0,0,2,0,0,0,2020/01/17 00:00:00+00,1/17/2020 17:30,Mid-Block (not related to intersection),11,"MOTOR VEHICLE STRUCK MOTOR VEHICLE, FRONT END AT ANGLE",,N,Other,Unknown,Unknown,,,,11,From same direction - both going straight - both moving - sideswipe,0,0,N
1275403.415,252683.3999,459,1377,1377,3501986,Matched,Intersection,24429,12TH AVE NE AND NE 75TH ST, ,,2,Injury Collision,Angles,3,0,0,2,2,0,0,2013/04/03 00:00:00+00,4/3/2013 10:11,At Intersection (intersection related),11,"MOTOR VEHICLE STRUCK MOTOR VEHICLE, FRONT END AT ANGLE",,N,Clear,Dry,Daylight,,,,10,Entering at angle,0,0,N
1286997.032,201490.4452,460,322113,323613,E927470,Matched,Block,,SEWARD PARK AVE S BETWEEN S MORGAN ST AND 55TH S AVE S, ,,1,Property Damage Only Collision,Parked Car,2,0,0,2,0,0,0,2019/05/21 00:00:00+00,5/21/2019 9:38,Mid-Block (not related to intersection),14,"MOTOR VEHICLE STRUCK MOTOR VEHICLE, REAR END",,N,Clear,Dry,Daylight,,,,32,One parked--one moving,0,0,Y
1256829.532,206850.553,461,65600,65600,2798179,Matched,Intersection,32779,CALIFORNIA AVE SW AND SW DAWSON N ST,,,1,Property Damage Only Collision,Angles,2,0,0,2,0,0,0,2007/04/17 00:00:00+00,4/17/2007 11:19,At Intersection (intersection related),11,"MOTOR VEHICLE STRUCK MOTOR VEHICLE, FRONT END AT ANGLE",,0,Clear,Dry,Daylight,,7107009,,10,Entering at angle,0,0,N
1281509.992,252882.4459,462,327945,329445,EA02722,Matched,Block,,35TH AVE NE BETWEEN NE 75TH ST AND NE 77TH ST, ,,1,Property Damage Only Collision,Other,2,0,0,1,0,0,0,2020/01/12 00:00:00+00,1/12/2020 20:10,Mid-Block (not related to intersection),28,MOTOR VEHICLE RAN OFF ROAD - HIT FIXED OBJECT,,N,Overcast,Ice,Dark - Street Lights On,,,,50,Fixed object,0,0,N
1285257.388,200221.7734,463,19200,19200,1772921,Matched,Block,,S FRONTENAC ST BETWEEN DEAD END 3 AND RAINIER AVE S,,,1,Property Damage Only Collision,Other,6,0,0,2,0,0,0,2004/07/24 00:00:00+00,7/24/2004 11:55,Driveway Junction,11,"MOTOR VEHICLE STRUCK MOTOR VEHICLE, FRONT END AT ANGLE",,0,Clear,Dry,Daylight,,4206004,,22,One car leaving driveway access,0,0,N
1271794.905,224733.4599,464,322159,323659,E948177,Unmatched,Block,,COLUMBIA ST BETWEEN 7TH AVE AND 8TH AVE,NEI,"Not Enough Information, or Insufficient Location Information",0,Unknown,,2,0,0,0,0,0,0,2019/08/06 00:00:00+00,8/6/2019,Mid-Block (not related to intersection),11,"MOTOR VEHICLE STRUCK MOTOR VEHICLE, FRONT END AT ANGLE",,,,,,,,, ,,0,0,Y
1276717.828,229097.711,465,23400,23400,1789489,Matched,Block,,E DENNY WAY BETWEEN 18TH AVE AND 19TH AVE,,,1,Property Damage Only Collision,Parked Car,2,0,0,2,0,0,0,2004/01/14 00:00:00+00,1/14/2004 13:13,Mid-Block (but intersection related),11,"MOTOR VEHICLE STRUCK MOTOR VEHICLE, FRONT END AT ANGLE",,0,Raining,Wet,Daylight,,4014014,,32,One parked--one moving,0,0,N
1269018.966,226581.1518,466,21400,21400,1783744,Matched,Block,,3RD AVE BETWEEN PINE ST AND STEWART ST,,,2,Injury Collision,Rear Ended,3,0,0,3,1,0,0,2004/10/26 00:00:00+00,10/26/2004 17:24,Mid-Block (but intersection related),14,"MOTOR VEHICLE STRUCK MOTOR VEHICLE, REAR END",,0,Overcast,Dry,Daylight,,4300017,,14,From same direction - both going straight - one stopped - rear-end,0,0,N
1260581.938,233927.8494,467,57000,57000,2622560,Matched,Block,,ELLIOTT AVE W BETWEEN W LEE ST AND W GALER ST FLYOVER,,,1,Property Damage Only Collision,Rear Ended,4,0,0,4,0,0,0,2006/09/26 00:00:00+00,9/26/2006 7:39,Mid-Block (not related to intersection),14,"MOTOR VEHICLE STRUCK MOTOR VEHICLE, REAR END",Y,0,Clear,Dry,Daylight,,6269014,,14,From same direction - both going straight - one stopped - rear-end,0,0,N
1281529.647,265054.7847,468,36600,36600,C655928,Matched,Intersection,36608,35TH AVE NE AND NE 123RD ST,,,1,Property Damage Only Collision,Angles,2,0,0,2,0,0,0,2005/09/08 00:00:00+00,9/8/2005,At Intersection (intersection related),11,"MOTOR VEHICLE STRUCK MOTOR VEHICLE, FRONT END AT ANGLE",,0,Clear,Dry,Daylight,,5251046,,10,Entering at angle,0,0,N
1272610.445,235838.4208,469,1088,1088,3615244,Unmatched,Block,,E NEWTON ST BETWEEN EASTLAKE AVE E AND FRANKLIN AVE E, ,,1,Property Damage Only Collision,,1,0,0,0,0,0,0,2013/03/25 00:00:00+00,3/25/2013,Mid-Block (not related to intersection),0,NOT ENOUGH INFORMATION / NOT APPLICABLE,,,,,,,,, ,,0,0,N
1270472.113,222175.4321,470,25500,25500,1785058,Unmatched,Intersection,30505,OCCIDENTAL AVE S AND S JACKSON ST,,,0,Unknown,,0,0,0,0,0,0,0,2004/10/09 00:00:00+00,10/9/2004,At Intersection (intersection related),26,MOTOR VEHICLE STRUCK OBJECT IN ROAD,,,,,,,4283004,,,,0,0,N
1278980.944,217780.994,471,63200,63200,2058051,Matched,Block,,M L KING JR WAY S BETWEEN S MASSACHUSETTS ST AND S GRAND ST,,,2,Injury Collision,Parked Car,2,0,0,2,1,0,0,2006/03/09 00:00:00+00,3/9/2006,Mid-Block (not related to intersection),14,"MOTOR VEHICLE STRUCK MOTOR VEHICLE, REAR END",,0,Raining,Wet,Dark - Street Lights On,,6068001,,32,One parked--one moving,0,0,N
,,472,60000,60000,2607865,Matched,Block,,DEXTER AVE N BETWEEN WARD ST AND PROSPECT ST,,,1,Property Damage Only Collision,Other,2,0,0,2,0,0,0,2006/10/24 00:00:00+00,10/24/2006 10:01,Mid-Block (not related to intersection),11,"MOTOR VEHICLE STRUCK MOTOR VEHICLE, FRONT END AT ANGLE",,0,Raining,Wet,Daylight,,6297026,Y,23,From same direction - all others,0,0,N
1274497.914,246081.934,473,91200,91200,3284102,Matched,Intersection,25788,9TH AVE NE AND NE 50TH ST,,,2,Injury Collision,Left Turn,3,0,0,2,1,0,0,2008/08/12 00:00:00+00,8/12/2008 0:58,At Intersection (intersection related),11,"MOTOR VEHICLE STRUCK MOTOR VEHICLE, FRONT END AT ANGLE",,1,Clear,Dry,Dark - Street Lights On,,8225006,,28,From opposite direction - one left turn - one straight,0,0,N
1269770.026,225312.218,474,29500,29500,1069958,Unmatched,Intersection,29601,3RD AVE AND UNIVERSITY ST,,,0,Unknown,,0,0,0,0,0,0,0,2004/12/09 00:00:00+00,12/9/2004,At Intersection (intersection related),24,MOTOR VEHCILE STRUCK PEDESTRIAN,,,,,,,4344011,,,,0,0,N
1270796.808,228500.5314,475,327935,329435,EA04527,Matched,Block,,BOREN AVE BETWEEN HOWELL ST AND STEWART ST, ,,2,Injury Collision,Pedestrian,2,1,0,1,1,0,0,2020/01/01 00:00:00+00,1/1/2020 0:52,Mid-Block (not related to intersection),24,MOTOR VEHCILE STRUCK PEDESTRIAN,,N,Clear,Dry,Dark - Street Lights On,,,,0,Vehicle going straight hits pedestrian,0,0,N
1271552.335,227358.0149,476,1290,1290,3581633,Matched,Intersection,29878,BOREN AVE AND PIKE ST, ,,2,Injury Collision,Cycles,3,0,1,1,1,0,0,2013/03/29 00:00:00+00,3/29/2013 11:53,At Intersection (intersection related),18,"MOTOR VEHICLE STRUCK PEDALCYCLIST, FRONT END AT ANGLE",,N,Clear,Dry,Unknown,Y,,,45,Vehicle - Pedalcyclist,25242,0,N
1265688.932,229343.1149,477,76700,76700,2791355,Matched,Intersection,29660,2ND AVE AND DENNY WAY, ,,2,Injury Collision,Pedestrian,2,1,0,1,1,0,0,2007/09/21 00:00:00+00,9/21/2007 13:20,At Intersection (intersection related),24,MOTOR VEHCILE STRUCK PEDESTRIAN,,0,Clear,Dry,Daylight,Y,7264003,,2,Vehicle turning left hits pedestrian,0,522700,N
1268013.247,231940.8738,478,53700,53700,2622930,Matched,Block,,AURORA AVE N BETWEEN ROY ST AND VALLEY ST,,,2,Injury Collision,Rear Ended,5,0,0,4,2,0,0,2006/07/07 00:00:00+00,7/7/2006,Mid-Block (not related to intersection),14,"MOTOR VEHICLE STRUCK MOTOR VEHICLE, REAR END",,0,Clear,Dry,Daylight,,6188044,,14,From same direction - both going straight - one stopped - rear-end,0,0,N
1261195.263,250361.8909,479,1055,1055,3501622,Matched,Block,,NW 65TH ST BETWEEN 12TH AVE NW AND 14TH AVE NW, ,,1,Property Damage Only Collision,Parked Car,2,0,0,2,0,0,0,2013/03/26 00:00:00+00,3/26/2013 23:36,Mid-Block (not related to intersection),14,"MOTOR VEHICLE STRUCK MOTOR VEHICLE, REAR END",,Y,Clear,Dry,Dark - Street Lights On,,,,32,One parked--one moving,0,0,N
1276918.859,229816.1215,480,322188,323688,E946601,Matched,Intersection,29366,19TH AVE E AND E THOMAS ST, ,,1,Property Damage Only Collision,Angles,4,0,0,2,0,0,0,2019/07/28 00:00:00+00,7/28/2019 11:47,At Intersection (intersection related),11,"MOTOR VEHICLE STRUCK MOTOR VEHICLE, FRONT END AT ANGLE",Y,N,Clear,Dry,Daylight,,,,10,Entering at angle,0,0,N
1272096.873,228396.7085,481,1218,1218,3593839,Matched,Intersection,29855,BELLEVUE AVE AND E OLIVE ST, ,,2,Injury Collision,Cycles,2,0,1,1,1,0,0,2013/03/30 00:00:00+00,3/30/2013 20:30,At Intersection (intersection related),18,"MOTOR VEHICLE STRUCK PEDALCYCLIST, FRONT END AT ANGLE",,N,Clear,Dry,Dusk,Y,,,45,Vehicle - Pedalcyclist,36282,0,N
1267368.977,227266.4868,482,1149,1149,3548947,Matched,Block,,1ST AVE BETWEEN BLANCHARD ST AND BELL ST, ,,1,Property Damage Only Collision,Angles,4,0,0,2,0,0,0,2013/03/29 00:00:00+00,3/29/2013 20:05,Mid-Block (not related to intersection),11,"MOTOR VEHICLE STRUCK MOTOR VEHICLE, FRONT END AT ANGLE",,N,Clear,Dry,Dark - Street Lights On,,,,10,Entering at angle,0,0,N
1268385.368,268124.5043,483,25200,25200,1793826,Matched,Block,,AURORA AVE N BETWEEN N 130TH ST AND N 135TH ST,,,1,Property Damage Only Collision,Sideswipe,2,0,0,2,0,0,0,2004/07/27 00:00:00+00,7/27/2004 16:51,Mid-Block (not related to intersection),16,"MOTOR VEHICLE STRUCK MOTOR VEHICLE, LEFT SIDE SIDESWIPE",,0,Clear,Dry,Daylight,,4209036,,12,From same direction - both going straight - one stopped - sideswipe,0,0,N
1260694.034,258372.3545,484,47500,47500,2026892,Matched,Intersection,37223,MARY AVE NW AND NW 95TH ST,,,1,Property Damage Only Collision,Other,1,0,0,1,0,0,0,2005/12/14 00:00:00+00,12/14/2005 15:15,At Intersection (intersection related),28,MOTOR VEHICLE RAN OFF ROAD - HIT FIXED OBJECT,,0,Clear,Dry,Daylight,,5348005,,50,Fixed object,0,0,N
1261597.116,232701.1765,485,327837,329337,3851913,Matched,Block,,ELLIOTT AVE W BETWEEN W MERCER PL AND W PROSPECT ST, ,,1,Property Damage Only Collision,Other,1,0,0,1,0,0,0,2020/01/17 00:00:00+00,1/17/2020 4:38,Mid-Block (not related to intersection),28,MOTOR VEHICLE RAN OFF ROAD - HIT FIXED OBJECT,,N,Clear,Dry,Dark - Street Lights On,,,,50,Fixed object,0,0,N
1263598.789,254319.6098,486,119300,119300,3375169,Matched,Intersection,24058,6TH AVE NW AND NW 80TH ST,,,1,Property Damage Only Collision,Left Turn,3,0,0,2,0,0,0,2011/03/04 00:00:00+00,3/4/2011 21:42,At Intersection (intersection related),14,"MOTOR VEHICLE STRUCK MOTOR VEHICLE, REAR END",,N,Raining,Wet,Dark - Street Lights On,,11063015,,15,From same direction - one left turn - one straight,0,0,N
1266869.369,231494.5921,487,30800,30800,1316789,Matched,Block,,MERCER ST BETWEEN 4TH AVE N AND 5TH AVE N,,,2,Injury Collision,Rear Ended,4,0,0,3,1,0,0,2004/10/10 00:00:00+00,10/10/2004 22:07,Mid-Block (not related to intersection),14,"MOTOR VEHICLE STRUCK MOTOR VEHICLE, REAR END",,0,Clear,Dry,Dark - Street Lights On,,4284010,,14,From same direction - both going straight - one stopped - rear-end,0,0,N
1272176.616,229811.1802,488,327930,329430,EA03270,Matched,Block,,BELLEVUE AVE E BETWEEN E JOHN ST AND E THOMAS ST, ,,1,Property Damage Only Collision,Parked Car,4,0,0,3,0,0,0,2020/01/06 00:00:00+00,1/6/2020 7:38,Mid-Block (not related to intersection),14,"MOTOR VEHICLE STRUCK MOTOR VEHICLE, REAR END",,N,Raining,Wet,Dawn,,,,32,One parked--one moving,0,0,Y
1275341.568,216732.5353,489,1304,1304,3672155,Matched,Block,,S HILL ST BETWEEN 15TH AVE S AND 16TH AVE S, ,,1,Property Damage Only Collision,Parked Car,2,0,0,2,0,0,0,2013/03/30 00:00:00+00,3/30/2013 23:00,Mid-Block (not related to intersection),11,"MOTOR VEHICLE STRUCK MOTOR VEHICLE, FRONT END AT ANGLE",,N,Clear,Dry,Dark - No Street Lights,,,,32,One parked--one moving,0,0,N
1267038.548,231808.6709,490,119000,119000,C750024,Unmatched,Intersection,28888,5TH AVE N AND ROY ST,,,0,Unknown,,0,0,0,0,0,0,0,2011/02/12 00:00:00+00,2/12/2011,At Intersection (intersection related),14,"MOTOR VEHICLE STRUCK MOTOR VEHICLE, REAR END",,,,,,,11043030,,,,0,0,N
1263404.923,212351.9285,491,322230,323730,3752819,Matched,Block,,CHELAN AVE SW BETWEEN SW SPOKANE NR ST AND SW SPOKANE ST, ,,2,Injury Collision,Angles,2,0,0,2,1,0,0,2019/08/06 00:00:00+00,8/6/2019 16:55,Driveway Junction,14,"MOTOR VEHICLE STRUCK MOTOR VEHICLE, REAR END",,N,Clear,Dry,Daylight,,,Y,10,Entering at angle,0,0,N
1286820.296,193847.6806,492,56600,56600,2401601,Matched,Block,,SEWARD PARK AVE S BETWEEN S HENDERSON ST AND S FISHER PL,,,2,Injury Collision,Rear Ended,3,0,0,2,2,0,0,2006/06/11 00:00:00+00,6/11/2006 14:17,Mid-Block (but intersection related),14,"MOTOR VEHICLE STRUCK MOTOR VEHICLE, REAR END",,0,Clear,Dry,Daylight,,6162031,,13,From same direction - both going straight - both moving - rear-end,0,0,N
1273093.195,244793.7766,493,1040,1040,3503038,Matched,Intersection,27179,4TH AVE NE AND NE 45TH ST, ,,1,Property Damage Only Collision,Left Turn,5,0,0,2,0,0,0,2013/03/24 00:00:00+00,3/24/2013 14:04,At Intersection (intersection related),11,"MOTOR VEHICLE STRUCK MOTOR VEHICLE, FRONT END AT ANGLE",,N,Clear,Dry,Daylight,,,,28,From opposite direction - one left turn - one straight,0,0,N
1269998.354,226190.108,494,327931,329431,EA04178,Matched,Block,,5TH AVE BETWEEN UNION ST AND PIKE ST, ,,1,Property Damage Only Collision,Parked Car,2,0,0,2,0,0,0,2020/01/10 00:00:00+00,1/10/2020 11:32,Mid-Block (not related to intersection),11,"MOTOR VEHICLE STRUCK MOTOR VEHICLE, FRONT END AT ANGLE",,N,Raining,Wet,Daylight,,,,32,One parked--one moving,0,0,N
1275566.962,228800.3573,495,46700,46700,1198299,Matched,Intersection,30119,15TH AVE AND E HOWELL ST,,,1,Property Damage Only Collision,Angles,2,0,0,2,0,0,0,2005/02/28 00:00:00+00,2/28/2005 16:03,At Intersection (intersection related),11,"MOTOR VEHICLE STRUCK MOTOR VEHICLE, FRONT END AT ANGLE",,0,Clear,Dry,Daylight,,5059021,,10,Entering at angle,0,0,N
1268316.498,231434.2092,496,1214,1214,3549515,Matched,Intersection,28767,DEXTER AVE N AND MERCER ST, ,,1,Property Damage Only Collision,Rear Ended,2,0,0,2,0,0,0,2013/03/31 00:00:00+00,3/31/2013 11:56,At Intersection (intersection related),14,"MOTOR VEHICLE STRUCK MOTOR VEHICLE, REAR END",Y,N,Clear,Dry,Daylight,,,,14,From same direction - both going straight - one stopped - rear-end,0,0,N
1266668.939,238218.8136,497,327899,329399,EA01147,Matched,Intersection,28069,4TH AVE N AND RAYE ST, ,,1,Property Damage Only Collision,Angles,2,0,0,2,0,0,0,2019/12/21 00:00:00+00,12/21/2019 17:58,At Intersection (intersection related),11,"MOTOR VEHICLE STRUCK MOTOR VEHICLE, FRONT END AT ANGLE",,N,Overcast,Wet,Dark - Street Lights On,,,,10,Entering at angle,0,0,N
1273129.062,226589.9603,498,27500,27500,C647798,Matched,Intersection,29771,BOYLSTON AVE AND SPRING ST,,,1,Property Damage Only Collision,Angles,2,0,0,2,0,0,0,2004/12/07 00:00:00+00,12/7/2004,At Intersection (intersection related),11,"MOTOR VEHICLE STRUCK MOTOR VEHICLE, FRONT END AT ANGLE",,0,Raining,Wet,Dusk,,4342065,,10,Entering at angle,0,0,N
1269522.889,240016.8016,499,43100,43100,2023131,Matched,Block,,N 34TH ST BETWEEN WOODLAWN AVE N AND DENSMORE AVE N,,,1,Property Damage Only Collision,Parked Car,2,0,0,2,0,0,0,2005/07/23 00:00:00+00,7/23/2005 13:41,Mid-Block (not related to intersection),13,"MOTOR VEHICLE STRUCK MOTOR VEHICLE, LEFT SIDE AT ANGLE",,0,Clear,Dry,Daylight,,5204019,,32,One parked--one moving,0,0,N
1288094.681,249756.6842,500,327908,329408,EA03025,Matched,Intersection,26276,SAND POINT WAY NE AND NE 65TH ST, ,,2,Injury Collision,Pedestrian,2,1,0,1,1,0,0,2019/12/17 00:00:00+00,12/17/2019 7:59,At Intersection (intersection related),24,MOTOR VEHCILE STRUCK PEDESTRIAN,,N,Clear,Dry,Daylight,,,,0,Vehicle going straight hits pedestrian,0,523043,N
1281941.842,207015.3391,501,1231,1231,3672356,Matched,Block,,RAINIER AVE S BETWEEN S EDMUNDS ST AND S FERDINAND ST, ,,2,Injury Collision,Rear Ended,6,0,0,3,1,0,0,2013/03/30 00:00:00+00,3/30/2013 15:36,Mid-Block (not related to intersection),14,"MOTOR VEHICLE STRUCK MOTOR VEHICLE, REAR END",,N,Clear,Dry,Daylight,,,,14,From same direction - both going straight - one stopped - rear-end,0,0,N
1263296.474,199054.3361,502,76200,76200,2792716,Matched,Intersection,33974,21ST AVE SW AND SW WEBSTER ST,,,1,Property Damage Only Collision,Sideswipe,2,0,0,2,0,0,0,2007/12/07 00:00:00+00,12/7/2007,At Intersection (intersection related),11,"MOTOR VEHICLE STRUCK MOTOR VEHICLE, FRONT END AT ANGLE",,0,Clear,Dry,Dark - Street Lights On,,7341030,,26,From opposite direction - both going straight - sideswipe,0,0,N
1283008.321,192630.8134,503,322206,323706,3694790,Matched,Block,,M L KING JR WR WAY S BETWEEN BEACON AVE S AND MERTON WAY S, ,,2,Injury Collision,Rear Ended,3,0,0,2,1,0,0,2019/08/12 00:00:00+00,8/12/2019 8:45,Mid-Block (but intersection related),14,"MOTOR VEHICLE STRUCK MOTOR VEHICLE, REAR END",,N,Overcast,Dry,Daylight,,,,14,From same direction - both going straight - one stopped - rear-end,0,0,N
1278028.645,218073.8913,504,63500,63500,2401983,Matched,Block,,S MASSACHUSETTS ST BETWEEN 23RD AVE S AND 24TH AVE S,,,1,Property Damage Only Collision,Rear Ended,3,0,0,2,0,0,0,2006/06/21 00:00:00+00,6/21/2006 13:51,Mid-Block (but intersection related),14,"MOTOR VEHICLE STRUCK MOTOR VEHICLE, REAR END",,0,Clear,Dry,Daylight,,6172022,,14,From same direction - both going straight - one stopped - rear-end,0,0,N
1273614.38,262024.0936,505,322191,323691,E946849,Matched,Intersection,36499,5TH AVE NE AND NE NORTHGATE WAY, ,,2,Injury Collision,Rear Ended,3,0,0,2,1,0,0,2019/08/03 00:00:00+00,8/3/2019 18:44,At Intersection (intersection related),14,"MOTOR VEHICLE STRUCK MOTOR VEHICLE, REAR END",Y,N,Clear,Dry,Daylight,,,,14,From same direction - both going straight - one stopped - rear-end,0,0,N
1273323.49,230850.4921,506,37900,37900,2063587,Matched,Intersection,29020,HARVARD AVE E AND E REPUBLICAN ST,,,1,Property Damage Only Collision,Angles,2,0,0,2,0,0,0,2005/09/10 00:00:00+00,9/10/2005 13:41,At Intersection (intersection related),11,"MOTOR VEHICLE STRUCK MOTOR VEHICLE, FRONT END AT ANGLE",,0,Overcast,Wet,Daylight,,5253033,,10,Entering at angle,0,0,N
1267261.305,239739.3068,507,62600,62600,2617956,Matched,Block,,AURORA BR BETWEEN RAYE ST AND BRIDGE WAY N,,,1,Property Damage Only Collision,Sideswipe,2,0,0,2,0,0,0,2006/08/30 00:00:00+00,8/30/2006 10:26,Mid-Block (not related to intersection),11,"MOTOR VEHICLE STRUCK MOTOR VEHICLE, FRONT END AT ANGLE",,0,Overcast,Dry,Daylight,,6242032,,11,From same direction - both going straight - both moving - sideswipe,0,0,N