X,Y,OBJECTID,INCKEY,COLDETKEY,REPORTNO,STATUS,ADDRTYPE,INTKEY,LOCATION,EXCEPTRSNCODE,EXCEPTRSNDESC,SEVERITYCODE,SEVERITYDESC,COLLISIONTYPE,PERSONCOUNT,PEDCOUNT,PEDCYLCOUNT,VEHCOUNT,INJURIES,SERIOUSINJURIES,FATALITIES,INCDATE,INCDTTM,JUNCTIONTYPE,SDOT_COLCODE,SDOT_COLDESC,INATTENTIONIND,UNDERINFL,WEATHER,ROADCOND,LIGHTCOND,PEDROWNOTGRNT,SDOTCOLNUM,SPEEDING,ST_COLCODE,ST_COLDESC,SEGLANEKEY,CROSSWALKKEY,HITPARKEDCAR
1274854.331,216589.041,508,51700,51700,2610729,Matched,Block,,14TH AVE S BETWEEN S HILL ST AND S WALKER ST,,,1,Property Damage Only Collision,Sideswipe,5,0,0,3,0,0,0,2006/08/15 00:00:00+00,8/15/2006 13:20,Mid-Block (not related to intersection),11,"MOTOR VEHICLE STRUCK MOTOR VEHICLE, FRONT END AT ANGLE",,0,Clear,Dry,Daylight,,6227003,,26,From opposite direction - both going straight - sideswipe,0,0,N
1268895.825,229261.1191,509,1139,1139,3562732,Matched,Intersection,29512,BELL ST AND DENNY WAY, ,,1,Property Damage Only Collision,Cycles,2,0,1,1,0,0,0,2013/03/26 00:00:00+00,3/26/2013 18:12,At Intersection (intersection related),18,"MOTOR VEHICLE STRUCK PEDALCYCLIST, FRONT END AT ANGLE",,N,Clear,Dry,Daylight,Y,,,45,Vehicle - Pedalcyclist,14255,0,N
1275375.979,230379.7554,510,327888,329388,3856731,Matched,Intersection,29031,MALDEN AVE E AND E HARRISON ST, ,,1,Property Damage Only Collision,Angles,3,0,0,2,0,0,0,2020/01/17 00:00:00+00,1/17/2020 8:51,At Intersection (intersection related),11,"MOTOR VEHICLE STRUCK MOTOR VEHICLE, FRONT END AT ANGLE",,N,Overcast,Wet,Daylight,,,,10,Entering at angle,0,0,N
1259630.758,247592.4423,511,17200,17200,1794987,Unmatched,Block,,17TH AVE NW BETWEEN NW 54TH ST AND NW MARKET ST,,,0,Unknown,,0,0,0,0,0,0,0,2004/12/23 00:00:00+00,12/23/2004,Mid-Block (not related to intersection),13,"MOTOR VEHICLE STRUCK MOTOR VEHICLE, LEFT SIDE AT ANGLE",,,,,,,4358037,,,,0,0,N
1267620.551,258035.919,512,49800,49800,2060794,Matched,Block,,LINDEN AVE N BETWEEN N 94TH ST AND N 95TH ST,,,1,Property Damage Only Collision,Parked Car,2,0,0,2,0,0,0,2006/02/12 00:00:00+00,2/12/2006 11:39,Mid-Block (not related to intersection),12,"MOTOR VEHICLE STRUCK MOTOR VEHICLE, RIGHT SIDE AT ANGLE",,0,Unknown,Unknown,Unknown,,6043039,,32,One parked--one moving,0,0,N
1264337.29,259281.5423,513,327834,329334,EA01105,Matched,Block,,3RD AVE NW BETWEEN NW 97TH ST AND NW 100TH ST, ,,1,Property Damage Only Collision,Parked Car,3,0,0,3,0,0,0,2020/01/07 00:00:00+00,1/7/2020 4:27,Mid-Block (not related to intersection),13,"MOTOR VEHICLE STRUCK MOTOR VEHICLE, LEFT SIDE AT ANGLE",,N,Raining,Wet,Dark - Street Lights On,,,,32,One parked--one moving,0,0,Y
1268353.834,265256.6097,514,18700,18700,1079621,Matched,Block,,AURORA AVE N BETWEEN N 117TH PL AND N 125TH ST,,,1,Property Damage Only Collision,Other,4,0,0,2,0,0,0,2004/10/04 00:00:00+00,10/4/2004,Driveway Junction,11,"MOTOR VEHICLE STRUCK MOTOR VEHICLE, FRONT END AT ANGLE",,0,Clear,Dry,Daylight,,4278029,,21,One car entering driveway access,0,0,N
1270954.168,228356.6384,515,322152,323652,3805895,Matched,Intersection,29852,BOREN AVE AND HOWELL ST, ,,1,Property Damage Only Collision,Right Turn,2,0,0,2,0,0,0,2019/08/09 00:00:00+00,8/9/2019 7:50,At Intersection (intersection related),14,"MOTOR VEHICLE STRUCK MOTOR VEHICLE, REAR END",Y,N,Overcast,Dry,Daylight,,,,16,From same direction - one right turn - one straight,0,0,N
1269160.481,252668.6507,516,1317,1317,3615268,Unmatched,Block,,WEST GREEN LAKE DR N BETWEEN STONE AVE N AND N 76TH ST,NEI,"Not Enough Information, or Insufficient Location Information",0,Unknown,,0,0,0,0,0,0,0,2013/04/01 00:00:00+00,4/1/2013,Mid-Block (not related to intersection),0,NOT ENOUGH INFORMATION / NOT APPLICABLE,,,,,,,,, ,,0,0,N
1266783.305,227799.4087,517,22600,22600,1482540,Matched,Block,,1ST AVE BETWEEN BATTERY ST AND WALL ST,,,2,Injury Collision,Cycles,2,0,1,1,1,0,0,2004/07/02 00:00:00+00,7/2/2004,Mid-Block (not related to intersection),55,PEDALCYCLIST STRUCK MOTOR VEHICLE RIGHT SIDE SIDESWIPE,,0,Clear,Dry,Daylight,,4184005,,45,Vehicle - Pedalcyclist,0,0,N
1270902.705,202514.9001,518,59200,59200,C679570,Matched,Intersection,34219,4TH AVE S AND S MICHIGAN ST,,,1,Property Damage Only Collision,Rear Ended,2,0,0,2,0,0,0,2006/12/30 00:00:00+00,12/30/2006 10:55,At Intersection (intersection related),14,"MOTOR VEHICLE STRUCK MOTOR VEHICLE, REAR END",,0,Clear,Dry,Daylight,,6364026,,13,From same direction - both going straight - both moving - rear-end,0,0,N
1266987.686,260470.0064,519,35600,35600,2023185,Matched,Block,,FREMONT AVE N BETWEEN N 103RD ST AND N 104TH ST,,,1,Property Damage Only Collision,Other,1,0,0,1,0,0,0,2005/08/05 00:00:00+00,8/5/2005,Mid-Block (but intersection related),26,MOTOR VEHICLE STRUCK OBJECT IN ROAD,,0,Clear,Dry,Dusk,,5217009,Y,50,Fixed object,0,0,N
1277438.125,226517.9725,520,1083,1083,3605909,Matched,Block,,21ST AVE BETWEEN E MARION ST AND E UNION ST, ,,1,Property Damage Only Collision,Other,2,0,0,2,0,0,0,2013/03/25 00:00:00+00,3/25/2013 14:42,Mid-Block (not related to intersection),14,"MOTOR VEHICLE STRUCK MOTOR VEHICLE, REAR END",,N,Clear,Dry,Daylight,,,,23,From same direction - all others,0,0,N
1268965.238,227120.8087,521,322137,323637,E947452,Matched,Block,,4TH AVE BETWEEN STEWART ST AND VIRGINIA ST, ,,1,Property Damage Only Collision,Sideswipe,2,0,0,2,0,0,0,2019/07/29 00:00:00+00,7/29/2019 10:04,Mid-Block (not related to intersection),11,"MOTOR VEHICLE STRUCK MOTOR VEHICLE, FRONT END AT ANGLE",,N,Clear,Dry,Daylight,,,,11,From same direction - both going straight - both moving - sideswipe,0,0,N
1273067.125,195585.1012,522,1350,1350,3380693,Matched,Intersection,35095,10TH AVE S AND S CLOVERDALE ST, ,,2,Injury Collision,Cycles,5,0,1,1,1,0,0,2013/04/02 00:00:00+00,4/2/2013 19:15,At Intersection (intersection related),51,PEDALCYCLIST STRUCK MOTOR VEHICLE FRONT END AT ANGLE,Y,N,Overcast,Dry,Dusk,,,,45,Vehicle - Pedalcyclist,29054,0,N
1271285.908,215464.8206,523,44800,44800,1791035,Matched,Block,,4TH AVE S BETWEEN S STACY ST AND S LANDER ST,,,2,Injury Collision,Other,5,0,0,2,1,0,0,2005/07/31 00:00:00+00,7/31/2005 16:50,Driveway Junction,11,"MOTOR VEHICLE STRUCK MOTOR VEHICLE, FRONT END AT ANGLE",,0,Clear,Dry,Daylight,,5212016,,22,One car leaving driveway access,0,0,N
1257535.969,208198.7203,524,320000,321500,3793086,Unmatched,Block,,41ST AVE SW BETWEEN SW ALASKA ST AND SW EDMUNDS ST, ,,0,Unknown,,0,0,0,0,0,0,0,2019/05/03 00:00:00+00,5/3/2019,Mid-Block (not related to intersection),0,NOT ENOUGH INFORMATION / NOT APPLICABLE,,,,,,,,, ,,0,0,Y
1265668.49,260898.8218,525,1176,1176,3374800,Unmatched,Intersection,36419,GREENWOOD AVE N AND HOLMAN RD N, ,,0,Unknown,,1,0,0,0,0,0,0,2013/04/01 00:00:00+00,4/1/2013,At Intersection (intersection related),26,MOTOR VEHICLE STRUCK OBJECT IN ROAD,,,,,,,,, ,,0,0,N
1274070.383,229664.7395,526,90300,90300,2882245,Matched,Block,,E JOHN ST BETWEEN 10TH AVE E AND 11TH AVE E,,,1,Property Damage Only Collision,Parked Car,2,0,0,2,0,0,0,2008/12/17 00:00:00+00,12/17/2008 18:03,Mid-Block (not related to intersection),14,"MOTOR VEHICLE STRUCK MOTOR VEHICLE, REAR END",,0,Overcast,Dry,Dark - Street Lights On,,8352008,,32,One parked--one moving,0,0,N
1256297.68,216546.0952,527,31400,31400,4283054,Unmatched,Block,,SW COLLEGE ST BETWEEN 45TH AVE SW AND 46TH AVE SW,,,0,Unknown,,0,0,0,0,0,0,0,2004/10/09 00:00:00+00,10/9/2004,Driveway Junction,11,"MOTOR VEHICLE STRUCK MOTOR VEHICLE, FRONT END AT ANGLE",,,,,,,4283054,,,,0,0,N
1265882.093,228401.0963,528,1274,1274,3546507,Matched,Block,,CLAY ST BETWEEN WESTERN AVE AND 1ST AVE, ,,1,Property Damage Only Collision,Parked Car,2,0,0,2,0,0,0,2013/04/01 00:00:00+00,4/1/2013 8:14,Mid-Block (not related to intersection),11,"MOTOR VEHICLE STRUCK MOTOR VEHICLE, FRONT END AT ANGLE",,N,Clear,Dry,Daylight,,,,20,One car leaving parked position,0,0,N
1260321.807,249199.3833,529,119200,119200,3552880,Matched,Block,,15TH AVE NW BETWEEN NW 60TH ST AND NW 61ST ST,,,1,Property Damage Only Collision,Rear Ended,4,0,0,4,0,0,0,2011/04/22 00:00:00+00,4/22/2011 16:45,Mid-Block (not related to intersection),14,"MOTOR VEHICLE STRUCK MOTOR VEHICLE, REAR END",Y,N,Clear,Dry,Daylight,,11112023,,14,From same direction - both going straight - one stopped - rear-end,0,0,N
1267757.459,200758.0125,530,54700,54700,2613440,Matched,Intersection,34082,HIGHLAND PARK WAY SW AND WEST MARGINAL WAY SW,,,1,Property Damage Only Collision,Angles,4,0,0,2,0,0,0,2006/10/18 00:00:00+00,10/18/2006 11:24,At Intersection (intersection related),11,"MOTOR VEHICLE STRUCK MOTOR VEHICLE, FRONT END AT ANGLE",,0,Raining,Wet,Daylight,,6291056,,10,Entering at angle,0,0,N
1270139.42,253959.5491,531,1044,1044,3615241,Unmatched,Block,,WALLINGFORD AVE N BETWEEN EAST GREEN LAKE DR N AND N 80TH ST, ,,0,Unknown,,0,0,0,0,0,0,0,2013/03/24 00:00:00+00,3/24/2013,Mid-Block (not related to intersection),14,"MOTOR VEHICLE STRUCK MOTOR VEHICLE, REAR END",,,,,,,,, ,,0,0,N
1272445.438,224584.3049,532,322187,323687,E947035,Matched,Block,,9TH AVE BETWEEN JAMES ST AND CHERRY ST, ,,1,Property Damage Only Collision,Parked Car,3,0,0,2,0,0,0,2019/07/26 00:00:00+00,7/26/2019 15:01,Mid-Block (not related to intersection),11,"MOTOR VEHICLE STRUCK MOTOR VEHICLE, FRONT END AT ANGLE",,N,Clear,Dry,Daylight,,,,20,One car leaving parked position,0,0,N
1281080.802,195952.7762,533,1230,1230,3672355,Matched,Block,,S THISTLE ST BETWEEN BEACON WR S AVE S AND BEACON ER AVE S, ,,1,Property Damage Only Collision,Angles,2,0,0,2,0,0,0,2013/03/30 00:00:00+00,3/30/2013 10:57,Mid-Block (not related to intersection),11,"MOTOR VEHICLE STRUCK MOTOR VEHICLE, FRONT END AT ANGLE",,N,Clear,Dry,Daylight,,,,10,Entering at angle,0,0,N
1269043.766,228790.8474,534,327907,329407,EA02990,Matched,Intersection,29521,8TH AVE AND BLANCHARD ST, ,,1,Property Damage Only Collision,Angles,2,0,0,2,0,0,0,2020/01/10 00:00:00+00,1/10/2020 18:28,At Intersection (intersection related),11,"MOTOR VEHICLE STRUCK MOTOR VEHICLE, FRONT END AT ANGLE",,N,Raining,Wet,Dark - Unknown Lighting,,,,10,Entering at angle,0,0,N
1266236.692,227426.0105,535,26500,26500,1079044,Matched,Intersection,29697,ELLIOTT AVE AND WALL ST,,,1,Property Damage Only Collision,Angles,4,0,0,2,0,0,0,2004/03/19 00:00:00+00,3/19/2004 21:53,At Intersection (intersection related),11,"MOTOR VEHICLE STRUCK MOTOR VEHICLE, FRONT END AT ANGLE",,0,Clear,Dry,Dark - Street Lights On,,4079017,,10,Entering at angle,0,0,N
1274551.867,227089.5945,536,32700,32700,2128151,Matched,Intersection,29761,12TH AVE AND E MADISON ST,,,2,Injury Collision,Angles,2,0,0,2,1,0,0,2005/11/24 00:00:00+00,11/24/2005 19:53,At Intersection (intersection related),11,"MOTOR VEHICLE STRUCK MOTOR VEHICLE, FRONT END AT ANGLE",,1,Raining,Wet,Dark - Street Lights Off,,5328003,,10,Entering at angle,0,0,N
1268950.511,226064.2552,537,43500,43500,880614,Matched,Block,,2ND AVE BETWEEN PIKE ST AND PINE ST,,,1,Property Damage Only Collision,Other,0,0,0,2,0,0,0,2005/05/03 00:00:00+00,5/3/2005,Driveway Junction,11,"MOTOR VEHICLE STRUCK MOTOR VEHICLE, FRONT END AT ANGLE",,0,Clear,Dry,Daylight,,5123022,,22,One car leaving driveway access,0,0,N
1268629.149,225684.5692,538,1219,1219,3598981,Matched,Block,,PIKE PL BETWEEN PIKE ST AND POST AL, ,,1,Property Damage Only Collision,Parked Car,2,0,0,2,0,0,0,2013/03/30 00:00:00+00,3/30/2013 1:00,Mid-Block (not related to intersection),14,"MOTOR VEHICLE STRUCK MOTOR VEHICLE, REAR END",,N,Clear,Dry,Dark - Street Lights On,,,,32,One parked--one moving,0,0,N
1277981.095,240958.2543,539,327894,329394,EA01101,Matched,Intersection,27297,MONTLAKE BLVD NE AND NE PACIFIC PL, ,,1,Property Damage Only Collision,Left Turn,2,0,0,2,0,0,0,2020/01/04 00:00:00+00,1/4/2020 20:19,At Intersection (intersection related),11,"MOTOR VEHICLE STRUCK MOTOR VEHICLE, FRONT END AT ANGLE",,N,Overcast,Wet,Dark - Street Lights On,,,,28,From opposite direction - one left turn - one straight,0,0,N
1260671.245,242858.0181,540,1265,1265,3643906,Matched,Block,,W NICKERSON ST BETWEEN 13TH AVE W AND 14TH AVE W, ,,1,Property Damage Only Collision,Other,1,0,0,1,0,0,0,2013/03/31 00:00:00+00,3/31/2013 23:19,Mid-Block (not related to intersection),28,MOTOR VEHICLE RAN OFF ROAD - HIT FIXED OBJECT,,Y,Clear,Dry,Dark - Street Lights On,,,,50,Fixed object,0,0,N
1284348.917,205390.5661,541,76100,76100,2797333,Matched,Block,,46TH AVE S BETWEEN S BENNETT ST AND S BRANDON ST,,,1,Property Damage Only Collision,Parked Car,2,0,0,2,0,0,0,2007/10/07 00:00:00+00,10/7/2007,Mid-Block (not related to intersection),11,"MOTOR VEHICLE STRUCK MOTOR VEHICLE, FRONT END AT ANGLE",Y,0,Raining,Wet,Daylight,,7280038,,20,One car leaving parked position,0,0,N
1263696.184,212420.4422,542,322249,323749,3752685,Matched,Block,,WEST MARGINAL WAY SW BETWEEN SW SPOKANE ST AND WEST MARGINAL TURN RD, ,,1,Property Damage Only Collision,Sideswipe,2,0,0,2,0,0,0,2019/08/13 00:00:00+00,8/13/2019 13:44,Mid-Block (not related to intersection),11,"MOTOR VEHICLE STRUCK MOTOR VEHICLE, FRONT END AT ANGLE",,N,Clear,Dry,Daylight,,,,11,From same direction - both going straight - both moving - sideswipe,0,0,N
1276179.723,250465.2453,543,65300,65300,2400624,Matched,Block,,15TH AVE NE BETWEEN NE 66TH ST AND NE 68TH S ST,,,1,Property Damage Only Collision,Rear Ended,3,0,0,2,0,0,0,2007/03/16 00:00:00+00,3/16/2007 15:01,Mid-Block (but intersection related),14,"MOTOR VEHICLE STRUCK MOTOR VEHICLE, REAR END",,0,Clear,Dry,Daylight,,7075010,,14,From same direction - both going straight - one stopped - rear-end,0,0,N
1254887.299,208280.5992,544,327850,329350,3856088,Matched,Block,,49TH AVE SW BETWEEN SW ALASKA ST AND SW EDMUNDS ST, ,,1,Property Damage Only Collision,Parked Car,2,0,0,2,0,0,0,2020/01/16 00:00:00+00,1/16/2020 0:17,Mid-Block (not related to intersection),14,"MOTOR VEHICLE STRUCK MOTOR VEHICLE, REAR END",,N,Clear,Dry,Dark - Street Lights On,,,,32,One parked--one moving,0,0,Y
1257757.85,215850.5023,545,77700,77700,2616302,Matched,Intersection,31064,41ST AVE SW AND SW ADMIRAL WAY,,,2,Injury Collision,Sideswipe,2,0,0,2,1,0,0,2007/07/27 00:00:00+00,7/27/2007 8:55,At Intersection (intersection related),11,"MOTOR VEHICLE STRUCK MOTOR VEHICLE, FRONT END AT ANGLE",Y,0,Clear,Dry,Daylight,,7208036,,71,Same direction -- both turning right -- both moving -- sideswipe,0,0,N
1278415.605,215379.2785,546,38300,38300,1077085,Matched,Intersection,31467,RAINIER AVE S AND S BAYVIEW ST,,,2,Injury Collision,Angles,3,0,0,2,3,0,0,2005/08/26 00:00:00+00,8/26/2005 15:00,At Intersection (intersection related),11,"MOTOR VEHICLE STRUCK MOTOR VEHICLE, FRONT END AT ANGLE",,0,Clear,Dry,Daylight,,5238023,,10,Entering at angle,0,0,N
1254970.745,237789.869,547,63100,63100,2187553,Matched,Intersection,27659,31ST AVE W AND W SMITH ST,,,1,Property Damage Only Collision,Angles,3,0,0,3,0,0,0,2006/02/05 00:00:00+00,2/5/2006,At Intersection (intersection related),11,"MOTOR VEHICLE STRUCK MOTOR VEHICLE, FRONT END AT ANGLE",Y,0,Clear,Dry,Daylight,,6036011,,10,Entering at angle,0,0,N
1274978.486,207019.5104,548,52600,52600,2280359,Matched,Intersection,33318,15TH AVE S AND S SHELTON ST,,,2,Injury Collision,Rear Ended,3,0,0,2,2,0,0,2006/03/23 00:00:00+00,3/23/2006 7:28,At Intersection (intersection related),14,"MOTOR VEHICLE STRUCK MOTOR VEHICLE, REAR END",,0,Overcast,Wet,Daylight,,6082015,,14,From same direction - both going straight - one stopped - rear-end,0,0,N
1259209.272,208991.2712,549,1319,1319,3615284,Matched,Block,,36TH AVE SW BETWEEN SW OREGON ST AND SW SNOQUALMIE ST,NEI,"Not Enough Information, or Insufficient Location Information",1,Property Damage Only Collision,Parked Car,2,0,0,2,0,0,0,2013/04/01 00:00:00+00,4/1/2013 17:00,Mid-Block (not related to intersection),0,NOT ENOUGH INFORMATION / NOT APPLICABLE,,N,Clear,Dry,Daylight,,,,32,One parked--one moving,0,0,N
1264540.822,246042.9234,550,327885,329385,3854954,Matched,Intersection,25352,NW 49TH ST AND NW MARKET ST, ,,1,Property Damage Only Collision,Angles,2,0,0,2,0,0,0,2020/01/17 00:00:00+00,1/17/2020 12:09,At Intersection (intersection related),11,"MOTOR VEHICLE STRUCK MOTOR VEHICLE, FRONT END AT ANGLE",,N,Clear,Dry,Daylight,,,,10,Entering at angle,0,0,N
1272531.733,225702.8732,551,1372,1372,3643909,Matched,Block,,BOREN AVE BETWEEN MARION ST AND MADISON ST, ,,1,Property Damage Only Collision,Rear Ended,2,0,0,2,0,0,0,2013/04/03 00:00:00+00,4/3/2013 9:51,Mid-Block (not related to intersection),14,"MOTOR VEHICLE STRUCK MOTOR VEHICLE, REAR END",,N,Clear,Dry,Daylight,,,,14,From same direction - both going straight - one stopped - rear-end,0,0,N
1266898.42,246251.6186,552,26400,26400,1080138,Matched,Block,,N 50 UPPER ST BETWEEN FREMONT AVE N AND LINDEN AVE N,,,1,Property Damage Only Collision,Other,1,0,0,1,0,0,0,2004/09/17 00:00:00+00,9/17/2004 17:14,Mid-Block (but intersection related),26,MOTOR VEHICLE STRUCK OBJECT IN ROAD,,0,Overcast,Dry,Daylight,,4261008,,50,Fixed object,0,0,N
1274173.643,249911.0453,553,43300,43300,1199059,Matched,Block,,8TH AVE NE BETWEEN NE 64TH ST AND NE 65TH ST,,,1,Property Damage Only Collision,Rear Ended,2,0,0,2,0,0,0,2005/08/27 00:00:00+00,8/27/2005 10:54,Mid-Block (but intersection related),14,"MOTOR VEHICLE STRUCK MOTOR VEHICLE, REAR END",,0,Overcast,Dry,Daylight,,5239011,,14,From same direction - both going straight - one stopped - rear-end,0,0,N
1280328.802,266124.8326,554,1195,1195,3551665,Matched,Block,,30TH AVE NE BETWEEN NE 125TH ST AND NE 127TH ST, ,,2,Injury Collision,Rear Ended,3,0,0,2,1,0,0,2013/03/30 00:00:00+00,3/30/2013 13:27,Mid-Block (not related to intersection),14,"MOTOR VEHICLE STRUCK MOTOR VEHICLE, REAR END",Y,N,Clear,Dry,Daylight,,,,14,From same direction - both going straight - one stopped - rear-end,0,0,N
1271968.852,224124.5582,555,327903,329403,EA01417,Matched,Intersection,29962,7TH AVE AND JAMES ST, ,,2,Injury Collision,Pedestrian,2,1,0,1,1,0,0,2020/01/06 00:00:00+00,1/6/2020 6:50,At Intersection (intersection related),24,MOTOR VEHCILE STRUCK PEDESTRIAN,,N,Overcast,Wet,Dark - Street Lights On,Y,,,2,Vehicle turning left hits pedestrian,0,522045,N
1269880.277,242295.3226,556,1239,1239,3612889,Matched,Block,,N 39TH ST BETWEEN DENSMORE AVE N AND WALLINGFORD AVE N, ,,1,Property Damage Only Collision,Parked Car,2,0,0,2,0,0,0,2013/03/31 00:00:00+00,3/31/2013 7:55,Mid-Block (not related to intersection),14,"MOTOR VEHICLE STRUCK MOTOR VEHICLE, REAR END",Y,N,Clear,Dry,Daylight,,,,32,One parked--one moving,0,0,N
1273280.483,238168.7645,557,118200,118200,10045031,Unmatched,Block,,E ROANOKE ST BETWEEN BOYLSTON AVE E AND HARVARD AVE E,,,0,Unknown,,0,0,0,0,0,0,0,2010/02/14 00:00:00+00,2/14/2010,Mid-Block (but intersection related),14,"MOTOR VEHICLE STRUCK MOTOR VEHICLE, REAR END",,,,,,,10045031,,,,0,0,N
1262395.179,255696.3035,558,322236,323736,E948838,Unmatched,Intersection,37272,9TH AVE NW AND NW 85TH ST,NEI,"Not Enough Information, or Insufficient Location Information",0,Unknown,,0,0,0,0,0,0,0,2019/08/10 00:00:00+00,8/10/2019,At Intersection (intersection related),0,NOT ENOUGH INFORMATION / NOT APPLICABLE,,,,,,,,, ,,0,0,N
1269995.945,241169.749,559,64400,64400,2611290,Matched,Block,,WALLINGFORD AVE N BETWEEN N 36TH ST AND N 37TH ST,,,1,Property Damage Only Collision,Parked Car,2,0,0,2,0,0,0,2007/04/08 00:00:00+00,4/8/2007,Mid-Block (not related to intersection),11,"MOTOR VEHICLE STRUCK MOTOR VEHICLE, FRONT END AT ANGLE",,0,Unknown,Unknown,Dark - Street Lights On,,7098008,,32,One parked--one moving,0,0,N
1275506.107,253756.2091,560,327852,329352,EA01266,Matched,Block,,12TH AVE NE BETWEEN LAKE CITY WAY NE AND NE 80TH ST, ,,2,Injury Collision,Rear Ended,2,0,0,2,1,0,0,2020/01/09 00:00:00+00,1/9/2020 9:42,Mid-Block (not related to intersection),14,"MOTOR VEHICLE STRUCK MOTOR VEHICLE, REAR END",,N,Raining,Wet,Daylight,,,,14,From same direction - both going straight - one stopped - rear-end,0,0,N
1265105.744,255628.2066,561,106200,106200,3284732,Matched,Block,,N 85TH ST BETWEEN 1ST AVE NW AND PALATINE AVE N,,,1,Property Damage Only Collision,Rear Ended,3,0,0,3,0,0,0,2009/05/13 00:00:00+00,5/13/2009 17:00,Mid-Block (not related to intersection),14,"MOTOR VEHICLE STRUCK MOTOR VEHICLE, REAR END",Y,0,Raining,Wet,Daylight,,9133041,,13,From same direction - both going straight - both moving - rear-end,0,0,N
1266679.727,244349.2259,562,25900,25900,1796911,Matched,Block,,FREMONT AVE N BETWEEN N 43RD N ST AND N 44TH ST,,,1,Property Damage Only Collision,Parked Car,2,0,0,2,0,0,0,2004/11/22 00:00:00+00,11/22/2004 17:30,Mid-Block (not related to intersection),33,DRIVERLESS VEHICLE STRUCK MOTOR VEHICLE LEFT SIDE AT ANGLE,,0,Overcast,Dry,Dark - Street Lights On,,4327013,,32,One parked--one moving,0,0,N
1271968.852,224124.5582,563,62400,62400,2070733,Matched,Intersection,29962,7TH AVE AND JAMES ST,,,2,Injury Collision,Pedestrian,2,1,0,1,1,0,0,2006/03/06 00:00:00+00,3/6/2006,At Intersection (intersection related),24,MOTOR VEHCILE STRUCK PEDESTRIAN,,0,Clear,Dry,Daylight,Y,6065007,,2,Vehicle turning left hits pedestrian,0,0,N
1279902.776,263920.6952,564,51300,51300,2390645,Matched,Block,,NE 117TH ST BETWEEN LAKE CITY WAY NE AND 28TH AVE NE,,,1,Property Damage Only Collision,Parked Car,2,0,0,2,0,0,0,2006/04/19 00:00:00+00,4/19/2006 14:23,Mid-Block (not related to intersection),13,"MOTOR VEHICLE STRUCK MOTOR VEHICLE, LEFT SIDE AT ANGLE",Y,0,Clear,Dry,Daylight,,6109019,,32,One parked--one moving,0,0,N
1260258.57,253036.4618,565,1330,1330,3507641,Matched,Intersection,23895,15TH AVE NW AND NW 75TH ST, ,,2,Injury Collision,Left Turn,3,0,0,2,2,0,0,2013/03/27 00:00:00+00,3/27/2013 16:41,At Intersection (intersection related),11,"MOTOR VEHICLE STRUCK MOTOR VEHICLE, FRONT END AT ANGLE",Y,N,Raining,Wet,Daylight,,,,28,From opposite direction - one left turn - one straight,0,0,N
1269074.427,200405.7251,566,327862,329362,EA01218,Matched,Block,,2ND AV SW TURN RD BETWEEN HIGHLAND PARK WAY SW AND 2ND AVE SW, ,,2,Injury Collision,Rear Ended,2,0,0,2,1,0,0,2020/01/08 00:00:00+00,1/8/2020 13:36,Mid-Block (but intersection related),14,"MOTOR VEHICLE STRUCK MOTOR VEHICLE, REAR END",,N,Clear,Dry,Daylight,,,,74,Same direction -- both turning right -- one stopped -- rear end,0,0,N
1273526.205,225352.4423,567,3663,3663,1787335,Matched,Intersection,29797,BROADWAY AND CHERRY ST,,,0,Unknown,,0,0,0,0,0,0,0,2003/10/06 00:00:00+00,10/6/2003,,,,,,,,,Y,3279003,,,,0,0,N
,,568,49400,49400,2623108,Matched,Block,,BATTERY ST TUNNEL NB BETWEEN ALASKAN WY VI NB AND AURORA AVE N,,,1,Property Damage Only Collision,Rear Ended,3,0,0,2,0,0,0,2006/10/23 00:00:00+00,10/23/2006 18:33,Mid-Block (not related to intersection),14,"MOTOR VEHICLE STRUCK MOTOR VEHICLE, REAR END",,0,Clear,Dry,Dark - Street Lights On,,6296024,,14,From same direction - both going straight - one stopped - rear-end,0,0,N
1258658.071,209042.6703,569,327786,329286,3857105,Matched,Block,,FAUNTLEROY WAY SW BETWEEN SW OREGON ST AND 38TH AVE SW, ,,2,Injury Collision,Rear Ended,2,0,0,2,1,0,0,2020/01/10 00:00:00+00,1/10/2020 13:45,Mid-Block (not related to intersection),14,"MOTOR VEHICLE STRUCK MOTOR VEHICLE, REAR END",,N,Clear,Dry,Daylight,,,,14,From same direction - both going straight - one stopped - rear-end,0,0,N
1280375.395,271085.1174,570,90600,90600,2859995,Matched,Intersection,35990,30TH AVE NE AND NE 145TH ST,,,2,Injury Collision,Left Turn,3,0,0,2,3,0,0,2008/01/15 00:00:00+00,1/15/2008 14:55,At Intersection (intersection related),11,"MOTOR VEHICLE STRUCK MOTOR VEHICLE, FRONT END AT ANGLE",,0,Clear,Dry,Daylight,,8015045,,28,From opposite direction - one left turn - one straight,0,0,N