X,Y,OBJECTID,INCKEY,COLDETKEY,REPORTNO,STATUS,ADDRTYPE,INTKEY,LOCATION,EXCEPTRSNCODE,EXCEPTRSNDESC,SEVERITYCODE,SEVERITYDESC,COLLISIONTYPE,PERSONCOUNT,PEDCOUNT,PEDCYLCOUNT,VEHCOUNT,INJURIES,SERIOUSINJURIES,FATALITIES,INCDATE,INCDTTM,JUNCTIONTYPE,SDOT_COLCODE,SDOT_COLDESC,INATTENTIONIND,UNDERINFL,WEATHER,ROADCOND,LIGHTCOND,PEDROWNOTGRNT,SDOTCOLNUM,SPEEDING,ST_COLCODE,ST_COLDESC,SEGLANEKEY,CROSSWALKKEY,HITPARKEDCAR
1269657.9,246209.272,571,17300,17300,1778948,Matched,Block,,N 50TH ST BETWEEN WOODLAWN E AVE N AND DENSMORE AVE N,,,2,Injury Collision,Rear Ended,7,0,0,3,1,0,0,2004/08/15 00:00:00+00,8/15/2004 14:05,Mid-Block (not related to intersection),14,"MOTOR VEHICLE STRUCK MOTOR VEHICLE, REAR END",,0,Clear,Dry,Daylight,,4228012,,14,From same direction - both going straight - one stopped - rear-end,0,0,N
1282910.412,229978.414,572,322149,323649,3774021,Matched,Intersection,29469,LAKE WASHINGTON BLVD E AND MCGILVRA BLVD E, ,,2,Injury Collision,Cycles,3,0,1,1,1,0,0,2019/08/10 00:00:00+00,8/10/2019 9:04,At Intersection (intersection related),51,PEDALCYCLIST STRUCK MOTOR VEHICLE FRONT END AT ANGLE,,N,Raining,Wet,Daylight,,,,6,Pedalcyclist Strikes Moving Vehicle,0,0,N
1272436.895,211257.3297,573,1297,1297,3615305,Unmatched,Block,,7TH AVE S BETWEEN S CHARLESTOWN ST AND S BRADFORD ST,NEI,"Not Enough Information, or Insufficient Location Information",0,Unknown,,0,0,0,0,0,0,0,2013/03/28 00:00:00+00,3/28/2013,,0,NOT ENOUGH INFORMATION / NOT APPLICABLE,,,,,,,,, ,,0,0,N
1269552.961,225678.7565,574,22300,22300,1069777,Matched,Intersection,29591,3RD AVE AND UNION ST,,,2,Injury Collision,Angles,3,0,0,2,1,0,0,2004/10/17 00:00:00+00,10/17/2004 3:38,At Intersection (intersection related),11,"MOTOR VEHICLE STRUCK MOTOR VEHICLE, FRONT END AT ANGLE",,1,Raining,Wet,Dark - Street Lights On,,4291037,,10,Entering at angle,0,0,N
1280633.633,231763.0292,575,58900,58900,2615326,Matched,Intersection,29238,LAKE WASHINGTON BLVD E AND E MADISON ST,,,1,Property Damage Only Collision,Rear Ended,2,0,0,2,0,0,0,2006/07/17 00:00:00+00,7/17/2006 8:43,At Intersection (intersection related),14,"MOTOR VEHICLE STRUCK MOTOR VEHICLE, REAR END",Y,0,Overcast,Dry,Daylight,,6198035,,14,From same direction - both going straight - one stopped - rear-end,0,0,N
1268255.323,255550.0505,576,34200,34200,871680,Matched,Intersection,37367,AURORA AVE N AND N 85TH ST,,,2,Injury Collision,Other,0,0,0,1,1,0,0,2005/10/22 00:00:00+00,10/22/2005 16:41,At Intersection (intersection related),29,MOTOR VEHICLE OVERTURNED IN ROAD,,0,Clear,Dry,Daylight,,5295012,,52,Vehicle overturned,0,0,N
1272955.261,262223.3362,577,1136,1136,3551620,Matched,Block,,3RD AVE NE BETWEEN NE NORTHGATE WAY AND NE 112TH ST, ,,1,Property Damage Only Collision,Right Turn,2,0,0,2,0,0,0,2013/03/26 00:00:00+00,3/26/2013 18:04,Mid-Block (but intersection related),11,"MOTOR VEHICLE STRUCK MOTOR VEHICLE, FRONT END AT ANGLE",,N,Overcast,Dry,Daylight,,,,16,From same direction - one right turn - one straight,0,0,N
1269789.683,204011.4613,578,1352,1352,3502605,Matched,Block,,1ST AVE S BETWEEN S FIDALGO ST AND EAST MARGINAL WAY S, ,,1,Property Damage Only Collision,Left Turn,3,0,0,2,0,0,0,2013/04/02 00:00:00+00,4/2/2013 6:43,Mid-Block (not related to intersection),14,"MOTOR VEHICLE STRUCK MOTOR VEHICLE, REAR END",Y,N,Clear,Dry,Dawn,,,,15,From same direction - one left turn - one straight,0,0,N
1264781.905,231705.6826,579,44500,44500,2059127,Matched,Block,,QUEEN ANNE AVE N BETWEEN MERCER ST AND ROY ST,,,1,Property Damage Only Collision,Parked Car,2,0,0,2,0,0,0,2005/10/16 00:00:00+00,10/16/2005 22:00,Mid-Block (not related to intersection),12,"MOTOR VEHICLE STRUCK MOTOR VEHICLE, RIGHT SIDE AT ANGLE",,0,Unknown,Unknown,Unknown,,5289024,,32,One parked--one moving,0,0,N
1259532.684,209576.3557,580,150000,150020,C777185,Unmatched,Intersection,31899,35TH AVE SW AND SW AVALON WAY, ,,0,Unknown,,0,0,0,0,0,0,0,2013/04/29 00:00:00+00,4/29/2013,At Intersection (intersection related),14,"MOTOR VEHICLE STRUCK MOTOR VEHICLE, REAR END",,,,,,,,, ,,0,0,N
1284592.345,194217.6231,581,140000,140000,3608513,Matched,Block,,S HENDERSON ST BETWEEN 46TH AVE S AND 48TH AVE S,,,1,Property Damage Only Collision,Parked Car,2,0,0,2,0,0,0,2012/04/07 00:00:00+00,4/7/2012 14:31,Mid-Block (not related to intersection),11,"MOTOR VEHICLE STRUCK MOTOR VEHICLE, FRONT END AT ANGLE",,N,Clear,Dry,Daylight,,12098023,,32,One parked--one moving,0,0,N
1267046.574,232121.6741,582,30700,30700,1482736,Unmatched,Intersection,28875,5TH AVE N AND VALLEY ST,,,0,Unknown,,0,0,0,0,0,0,0,2004/12/18 00:00:00+00,12/18/2004,At Intersection (intersection related),11,"MOTOR VEHICLE STRUCK MOTOR VEHICLE, FRONT END AT ANGLE",,,,,,,4353013,,,,0,0,N
1257142.78,216710.6735,583,1258,1258,3553735,Matched,Block,,CALIFORNIA AVE SW BETWEEN SW WALKER ST AND SW COLLEGE ST, ,,1,Property Damage Only Collision,Parked Car,2,0,0,2,0,0,0,2013/03/31 00:00:00+00,3/31/2013 13:26,Mid-Block (not related to intersection),14,"MOTOR VEHICLE STRUCK MOTOR VEHICLE, REAR END",,N,Clear,Dry,Daylight,,,,32,One parked--one moving,0,0,N
1278955.769,230143.5815,584,118700,118700,3550333,Matched,Block,,E MADISON ST BETWEEN 25TH AVE E AND 26TH AVE E,,,1,Property Damage Only Collision,Parked Car,2,0,0,2,0,0,0,2011/05/14 00:00:00+00,5/14/2011 23:00,,0,NOT ENOUGH INFORMATION / NOT APPLICABLE,,N,Unknown,Unknown,Unknown,,11134030,,32,One parked--one moving,0,0,N
1260947.129,248121.5684,585,322202,323702,E946800,Matched,Block,,14TH AVE NW BETWEEN NW 56TH ST AND NW 57TH ST, ,,1,Property Damage Only Collision,Angles,2,0,0,2,0,0,0,2019/07/30 00:00:00+00,7/30/2019 17:14,Mid-Block (not related to intersection),11,"MOTOR VEHICLE STRUCK MOTOR VEHICLE, FRONT END AT ANGLE",,N,Clear,Dry,Daylight,,,,10,Entering at angle,0,0,N
1259315.751,202173.3882,586,56200,56200,1795087,Matched,Block,,35TH AVE SW BETWEEN SW MORGAN ST AND SW HOLLY ST,,,2,Injury Collision,Pedestrian,7,1,0,1,1,0,0,2006/01/15 00:00:00+00,1/15/2006 17:35,Mid-Block (not related to intersection),24,MOTOR VEHCILE STRUCK PEDESTRIAN,,0,Overcast,Dry,Dark - Street Lights On,,6015003,,0,Vehicle going straight hits pedestrian,0,0,N
1260279.706,247170.9513,587,1059,1059,3501621,Matched,Intersection,25426,15TH AVE NW AND NW 53RD ST, ,,2,Injury Collision,Head On,2,0,0,2,1,0,0,2013/03/25 00:00:00+00,3/25/2013 6:40,At Intersection (intersection related),11,"MOTOR VEHICLE STRUCK MOTOR VEHICLE, FRONT END AT ANGLE",,N,Clear,Dry,Dawn,,,,30,From opposite direction - all others,0,0,N
1276271.488,259624.9279,588,322186,323686,E946848,Matched,Intersection,37480,15TH AVE NE AND NE 102ND ST, ,,1,Property Damage Only Collision,Other,1,0,0,1,0,0,0,2019/07/29 00:00:00+00,7/29/2019 12:00,At Intersection (intersection related),26,MOTOR VEHICLE STRUCK OBJECT IN ROAD,Y,N,Clear,Dry,Daylight,,,,50,Fixed object,0,0,N
1259352.138,203168.8124,589,322146,323646,3752817,Matched,Intersection,32842,35TH AVE SW AND SW GRAHAM ST, ,,2,Injury Collision,Left Turn,2,0,0,2,1,0,0,2019/08/08 00:00:00+00,8/8/2019 20:35,At Intersection (intersection related),11,"MOTOR VEHICLE STRUCK MOTOR VEHICLE, FRONT END AT ANGLE",,N,Clear,Dry,Dusk,,,,15,From same direction - one left turn - one straight,0,0,N
1280822.949,231945.5932,590,28900,28900,1798856,Matched,Block,,E MADISON ST BETWEEN LAKE WASHINGTON BLVD E AND 32ND AVE E,,,2,Injury Collision,Cycles,2,0,1,1,1,0,0,2004/10/12 00:00:00+00,10/12/2004 17:30,Driveway Junction,23,"MOTOR VEHICLE STRUCK PEDALCYCLIST, LEFT SIDE SIDESWIPE",,0,Clear,Dry,Daylight,Y,4286031,,45,Vehicle - Pedalcyclist,0,0,N
,,591,33200,33200,1795420,Matched,Intersection,32163,DUWAMISH AVE S AND S SPOKANE SR ST,,,1,Property Damage Only Collision,Sideswipe,2,0,0,2,0,0,0,2005/05/20 00:00:00+00,5/20/2005 12:43,At Intersection (intersection related),11,"MOTOR VEHICLE STRUCK MOTOR VEHICLE, FRONT END AT ANGLE",Y,0,Raining,Wet,Daylight,,5140029,,11,From same direction - both going straight - both moving - sideswipe,0,0,N
1273772.897,237489.5618,592,41500,41500,C652638,Matched,Block,,E MILLER ST BETWEEN BROADWAY E AND 10TH AVE E,,,1,Property Damage Only Collision,Angles,2,0,0,2,0,0,0,2005/02/09 00:00:00+00,2/9/2005,Driveway Junction,11,"MOTOR VEHICLE STRUCK MOTOR VEHICLE, FRONT END AT ANGLE",,0,Clear,Dry,Daylight,,5040028,,10,Entering at angle,0,0,N
1251749.742,214382.6245,593,1193,1193,3380606,Matched,Block,,59TH AVE SW BETWEEN SW STEVENS ST AND SW ADMIRAL WAY, ,,1,Property Damage Only Collision,Parked Car,3,0,0,2,0,0,0,2013/03/29 00:00:00+00,3/29/2013 15:18,Mid-Block (not related to intersection),11,"MOTOR VEHICLE STRUCK MOTOR VEHICLE, FRONT END AT ANGLE",Y,N,Clear,Dry,Daylight,,,,32,One parked--one moving,0,0,N
1264038.923,245018.8817,594,327913,329413,EA03308,Matched,Intersection,26599,3RD AVE NW AND NW 45TH ST, ,,2,Injury Collision,Angles,2,0,0,2,1,0,0,2020/01/03 00:00:00+00,1/3/2020 9:20,At Intersection (intersection related),11,"MOTOR VEHICLE STRUCK MOTOR VEHICLE, FRONT END AT ANGLE",,N,Clear,Wet,Daylight,,,,10,Entering at angle,0,0,N
1259339.947,202837.2973,595,16800,16800,3465384,Matched,Block,,35TH AVE SW BETWEEN SW GRAHAM ST AND SW MORGAN ST, ,,2,Injury Collision,Rear Ended,4,0,0,3,3,0,0,2013/04/11 00:00:00+00,4/11/2013 13:39,Mid-Block (not related to intersection),14,"MOTOR VEHICLE STRUCK MOTOR VEHICLE, REAR END",,N,Raining,Wet,Daylight,,,,13,From same direction - both going straight - both moving - rear-end,0,0,N
1262722.318,205734.8402,596,103200,103200,3296180,Matched,Intersection,32953,DELRIDGE WAY SW AND SW BRANDON ST, ,,2,Injury Collision,Pedestrian,2,1,0,1,1,0,0,2009/03/11 00:00:00+00,3/11/2009 6:30,At Intersection (intersection related),24,MOTOR VEHCILE STRUCK PEDESTRIAN,,0,Clear,Dry,Dark - Street Lights On,,9070013,,1,Vehicle turning right hits pedestrian,0,525241,N
1273335.951,231265.4309,597,322108,323608,E927360,Matched,Intersection,28997,HARVARD AVE E AND E MERCER ST, ,,2,Injury Collision,Angles,2,0,0,2,1,0,0,2019/05/26 00:00:00+00,5/26/2019 20:48,At Intersection (intersection related),11,"MOTOR VEHICLE STRUCK MOTOR VEHICLE, FRONT END AT ANGLE",Y,N,Clear,Dry,Dusk,,,,10,Entering at angle,0,0,N
1278137.764,238418.1906,598,53100,53100,2070980,Matched,Block,,E LAKE WASHINGTON BLVD BETWEEN MONTLAKE BLVD E AND 24TH AVE E,,,2,Injury Collision,Rear Ended,3,0,0,2,1,0,0,2006/03/24 00:00:00+00,3/24/2006 12:07,Mid-Block (but intersection related),14,"MOTOR VEHICLE STRUCK MOTOR VEHICLE, REAR END",,0,Clear,Dry,Daylight,,6083022,,14,From same direction - both going straight - one stopped - rear-end,0,0,N
1270702.183,261925.6497,599,327841,329341,3854953,Matched,Block,,N NORTHGATE WAY BETWEEN BURKE AVE N AND MERIDIAN AVE N, ,,1,Property Damage Only Collision,Rear Ended,3,0,0,3,0,0,0,2020/01/16 00:00:00+00,1/16/2020 17:20,Mid-Block (not related to intersection),14,"MOTOR VEHICLE STRUCK MOTOR VEHICLE, REAR END",,N,Raining,Wet,Dark - Street Lights On,,,,14,From same direction - both going straight - one stopped - rear-end,0,0,N
1263012.838,244182.1631,600,105900,105900,3210763,Matched,Block,,LEARY WAY NW BETWEEN NW 43RD ST AND 7TH AVE NW,,,2,Injury Collision,Angles,5,0,0,2,2,0,0,2009/06/30 00:00:00+00,6/30/2009 22:33,Driveway Junction,11,"MOTOR VEHICLE STRUCK MOTOR VEHICLE, FRONT END AT ANGLE",Y,0,Clear,Dry,Dark - Street Lights On,,9181033,,10,Entering at angle,0,0,N
1284773.01,258765.1021,601,1315,1315,3501980,Matched,Block,,SAND POINT WAY NE BETWEEN NE 97TH ST AND NE 100TH ST, ,,1,Property Damage Only Collision,Rear Ended,2,0,0,2,0,0,0,2013/03/28 00:00:00+00,3/28/2013 8:24,Mid-Block (not related to intersection),14,"MOTOR VEHICLE STRUCK MOTOR VEHICLE, REAR END",,N,Overcast,Dry,Daylight,,,,14,From same direction - both going straight - one stopped - rear-end,0,0,N
1282084.839,206570.8008,602,38200,38200,1784148,Matched,Intersection,33579,RAINIER AVE S AND S HUDSON ST,,,1,Property Damage Only Collision,Left Turn,2,0,0,2,0,0,0,2005/06/10 00:00:00+00,6/10/2005 14:00,At Intersection (intersection related),11,"MOTOR VEHICLE STRUCK MOTOR VEHICLE, FRONT END AT ANGLE",,0,Clear,Dry,Daylight,,5161012,,28,From opposite direction - one left turn - one straight,0,0,N
1268649.681,227407.7489,603,60900,60900,2606776,Matched,Block,,4TH AVE BETWEEN VIRGINIA ST AND LENORA ST,,,1,Property Damage Only Collision,Other,3,0,0,3,0,0,0,2006/11/10 00:00:00+00,11/10/2006 13:28,Driveway Junction,11,"MOTOR VEHICLE STRUCK MOTOR VEHICLE, FRONT END AT ANGLE",,0,Raining,Wet,Daylight,,6314039,,22,One car leaving driveway access,0,0,N
1275733.766,222366.5801,604,51200,51200,1784498,Matched,Intersection,30740,16TH AVE S AND S MAIN ST,,,1,Property Damage Only Collision,Angles,5,0,0,2,0,0,0,2006/06/01 00:00:00+00,6/1/2006,At Intersection (intersection related),11,"MOTOR VEHICLE STRUCK MOTOR VEHICLE, FRONT END AT ANGLE",,0,Clear,Dry,Daylight,,6152013,,10,Entering at angle,0,0,N
1274956.785,262857.3828,605,1334,1334,3552665,Unmatched,Intersection,36487,ROOSEVELT WAY NE AND NE 113TH N ST, ,,2b,Serious Injury Collision,,1,0,0,0,1,0,0,2013/03/27 00:00:00+00,3/27/2013,At Intersection (intersection related),28,MOTOR VEHICLE RAN OFF ROAD - HIT FIXED OBJECT,,,,,,,,, ,,0,0,N
1255598.604,253406.064,606,327875,329375,EA03054,Matched,Block,,30TH AVE NW BETWEEN NW 75TH ST AND NW 77TH ST, ,,1,Property Damage Only Collision,Parked Car,2,0,0,2,0,0,0,2019/12/13 00:00:00+00,12/13/2019 8:00,Mid-Block (not related to intersection),16,"MOTOR VEHICLE STRUCK MOTOR VEHICLE, LEFT SIDE SIDESWIPE",,N,Unknown,Unknown,Unknown,,,,32,One parked--one moving,0,0,Y
1269011.63,245430.4411,607,25400,25400,1211844,Matched,Intersection,25561,INTERLAKE AVE N AND N 47TH ST,,,1,Property Damage Only Collision,Angles,2,0,0,2,0,0,0,2004/01/10 00:00:00+00,1/10/2004 9:00,At Intersection (intersection related),11,"MOTOR VEHICLE STRUCK MOTOR VEHICLE, FRONT END AT ANGLE",,0,Overcast,Wet,Daylight,,4010026,,10,Entering at angle,0,0,N
1273353.277,244579.4001,608,48200,48200,1930844,Unmatched,Block,,5TH AVE NE BETWEEN NE 44TH ST AND NE 45TH ST,,,0,Unknown,,0,0,0,0,0,0,0,2005/01/14 00:00:00+00,1/14/2005,Mid-Block (not related to intersection),16,"MOTOR VEHICLE STRUCK MOTOR VEHICLE, LEFT SIDE SIDESWIPE",,,,,,,5014019,,,,0,0,N
1271089.327,217008.72,609,327789,329289,3857352,Matched,Block,,3RD AVE S BETWEEN S HOLGATE ST AND S WALKER ST, ,,1,Property Damage Only Collision,Rear Ended,2,0,0,2,0,0,0,2020/01/07 00:00:00+00,1/7/2020 5:00,Mid-Block (not related to intersection),14,"MOTOR VEHICLE STRUCK MOTOR VEHICLE, REAR END",,N,Raining,Wet,Dark - Street Lights On,,,,14,From same direction - both going straight - one stopped - rear-end,0,0,N
1265544.487,208081.1269,610,104900,104900,2671936,Matched,Block,,WEST MARGINAL WAY SW BETWEEN SW ALASKA ST AND SW EDMUNDS ST,,,2,Injury Collision,Other,2,0,0,1,1,0,0,2009/12/25 00:00:00+00,12/25/2009 19:00,Mid-Block (not related to intersection),28,MOTOR VEHICLE RAN OFF ROAD - HIT FIXED OBJECT,,0,Clear,Ice,Dark - Street Lights On,,9359012,Y,50,Fixed object,0,0,N
1272697.667,220902.8543,611,32500,32500,1059708,Matched,Intersection,30544,7TH AVE S AND S DEARBORN ST,,,1,Property Damage Only Collision,Angles,3,0,0,2,0,0,0,2005/09/29 00:00:00+00,9/29/2005 12:33,At Intersection (intersection related),11,"MOTOR VEHICLE STRUCK MOTOR VEHICLE, FRONT END AT ANGLE",,0,Overcast,Dry,Daylight,,5272020,,10,Entering at angle,0,0,N
1269605.468,224326.1767,612,327939,329439,EA05320,Matched,Block,,1ST AVE BETWEEN MADISON ST AND SPRING ST, ,,1,Property Damage Only Collision,Head On,2,0,0,2,0,0,0,2020/01/10 00:00:00+00,1/10/2020 8:55,Mid-Block (not related to intersection),11,"MOTOR VEHICLE STRUCK MOTOR VEHICLE, FRONT END AT ANGLE",,N,Raining,Wet,Daylight,,,,30,From opposite direction - all others,0,0,N
1283287.149,205221.5269,613,1268,1268,3672152,Matched,Intersection,33499,RAINIER AVE S AND S BRANDON ST, ,,2,Injury Collision,Rear Ended,3,0,0,2,3,0,0,2013/03/31 00:00:00+00,3/31/2013 10:05,At Intersection (intersection related),14,"MOTOR VEHICLE STRUCK MOTOR VEHICLE, REAR END",,N,Clear,Dry,Daylight,,,Y,14,From same direction - both going straight - one stopped - rear-end,0,0,N
1269894.243,242781.2377,614,20400,20400,1220377,Matched,Block,,N 40TH ST BETWEEN DENSMORE AVE N AND WALLINGFORD AVE N,,,1,Property Damage Only Collision,Rear Ended,2,0,0,2,0,0,0,2004/08/03 00:00:00+00,8/3/2004,Mid-Block (but intersection related),14,"MOTOR VEHICLE STRUCK MOTOR VEHICLE, REAR END",Y,0,Clear,Wet,Dusk,,4216016,,14,From same direction - both going straight - one stopped - rear-end,0,0,N
1279628.54,227441.0792,615,322212,323712,E946605,Matched,Intersection,30013,M L KING JR WAY AND E PIKE ST, ,,2,Injury Collision,Angles,3,0,0,2,1,0,0,2019/08/01 00:00:00+00,8/1/2019 16:53,At Intersection (intersection related),11,"MOTOR VEHICLE STRUCK MOTOR VEHICLE, FRONT END AT ANGLE",,N,Clear,Dry,Daylight,,,,10,Entering at angle,0,0,N
1273786.649,251538.0898,616,57600,57600,2610414,Matched,Block,,6TH AVE NE BETWEEN NE 70TH S ST AND NE 70TH N ST,,,1,Property Damage Only Collision,Parked Car,2,0,0,2,0,0,0,2006/12/23 00:00:00+00,12/23/2006 16:18,Mid-Block (but intersection related),15,"MOTOR VEHICLE STRUCK MOTOR VEHICLE, RIGHT SIDE SIDESWIPE",Y,0,Other,Dry,Daylight,,6357017,,32,One parked--one moving,0,0,N
1256035.677,202422.3167,617,35200,35200,1795257,Matched,Block,,FAUNTLEROY WAY SW BETWEEN FAUNTLEROY WR N WAY SW AND FAUNTLEROY WR S WAY SW,,,2,Injury Collision,Sideswipe,2,0,0,2,1,0,0,2005/08/28 00:00:00+00,8/28/2005 20:20,Mid-Block (not related to intersection),11,"MOTOR VEHICLE STRUCK MOTOR VEHICLE, FRONT END AT ANGLE",,0,Raining,Wet,Dark - Street Lights On,,5240012,,26,From opposite direction - both going straight - sideswipe,0,0,N
1281383.948,270059.5014,618,1098,1098,3501983,Matched,Block,,LAKE CITY WAY NE BETWEEN NE 140TH ST AND NE 143RD ST, ,,1,Property Damage Only Collision,Left Turn,3,0,0,2,0,0,0,2013/03/28 00:00:00+00,3/28/2013 16:20,Mid-Block (not related to intersection),11,"MOTOR VEHICLE STRUCK MOTOR VEHICLE, FRONT END AT ANGLE",,N,Clear,Dry,Daylight,,,,28,From opposite direction - one left turn - one straight,0,0,N
1274632.099,266386.0513,619,46500,46500,2185079,Matched,Block,,ROOSEVELT WAY NE BETWEEN NE 125TH N ST AND NE 127TH ST,,,1,Property Damage Only Collision,Rear Ended,3,0,0,2,0,0,0,2005/11/22 00:00:00+00,11/22/2005 3:20,Mid-Block (not related to intersection),14,"MOTOR VEHICLE STRUCK MOTOR VEHICLE, REAR END",Y,0,Clear,Dry,Dark - Street Lights On,,5326021,,13,From same direction - both going straight - both moving - rear-end,0,0,N
1276031.996,250272.8481,620,1011,1011,3615255,Matched,Block,,NE 66TH ST BETWEEN 14TH AVE NE AND 15TH AVE NE, ,,1,Property Damage Only Collision,Parked Car,2,0,0,2,0,0,0,2013/01/07 00:00:00+00,1/7/2013 15:00,Mid-Block (not related to intersection),13,"MOTOR VEHICLE STRUCK MOTOR VEHICLE, LEFT SIDE AT ANGLE",,N,Unknown,Unknown,Unknown,,,,32,One parked--one moving,0,0,N
1274218.621,228171.4754,621,80000,80000,2882620,Matched,Block,,11TH AVE BETWEEN E PINE ST AND E OLIVE ST,,,1,Property Damage Only Collision,Parked Car,2,0,0,2,0,0,0,2008/07/18 00:00:00+00,7/18/2008 22:02,Mid-Block (not related to intersection),11,"MOTOR VEHICLE STRUCK MOTOR VEHICLE, FRONT END AT ANGLE",Y,0,Clear,Dry,Dark - Street Lights On,,8200013,,32,One parked--one moving,0,0,N
1265909.944,253209.5134,622,27000,27000,1782357,Unmatched,Block,,N 76TH ST BETWEEN GREENWOOD AVE N AND DAYTON AVE N,,,0,Unknown,,0,0,0,0,0,0,0,2004/04/30 00:00:00+00,4/30/2004,Mid-Block (not related to intersection),11,"MOTOR VEHICLE STRUCK MOTOR VEHICLE, FRONT END AT ANGLE",,,,,,,4121041,,,,0,0,N
1256977.781,212386.3671,623,42400,42400,1076796,Matched,Block,,CALIFORNIA AVE SW BETWEEN SW SPOKANE ST AND SW MANNING ST,,,2,Injury Collision,Parked Car,4,0,0,3,1,0,0,2005/10/09 00:00:00+00,10/9/2005,Mid-Block (not related to intersection),14,"MOTOR VEHICLE STRUCK MOTOR VEHICLE, REAR END",,1,Clear,Dry,Dark - Street Lights On,,5282015,,32,One parked--one moving,0,0,N
,,624,48900,48900,2024040,Matched,Alley,,,,,1,Property Damage Only Collision,Other,2,0,0,2,0,0,0,2006/05/25 00:00:00+00,5/25/2006 18:20,Driveway Junction,11,"MOTOR VEHICLE STRUCK MOTOR VEHICLE, FRONT END AT ANGLE",,0,Overcast,Dry,Daylight,,6145029,,22,One car leaving driveway access,0,0,N
1272471.833,236381.2029,625,327828,329328,EA01468,Unmatched,Intersection,28314,EASTLAKE AVE E AND E BOSTON ST,NEI,"Not Enough Information, or Insufficient Location Information",0,Unknown,,0,0,0,0,0,0,0,2020/01/10 00:00:00+00,1/10/2020,At Intersection (intersection related),0,NOT ENOUGH INFORMATION / NOT APPLICABLE,,,,,,,,, ,,0,0,Y
1272290.627,260737.1445,626,119800,119800,3554428,Matched,Intersection,37566,1ST AVE NE AND NE 105TH ST,,,2,Injury Collision,Left Turn,2,0,0,2,1,0,0,2011/11/03 00:00:00+00,11/3/2011,At Intersection (intersection related),11,"MOTOR VEHICLE STRUCK MOTOR VEHICLE, FRONT END AT ANGLE",,0,Clear,Dry,Dark - Street Lights On,,11307027,,28,From opposite direction - one left turn - one straight,0,0,N
1268375.185,267293.2981,627,19500,19500,1080197,Matched,Block,,AURORA AVE N BETWEEN N 128TH ST AND N 130TH ST,,,2,Injury Collision,Rear Ended,3,0,0,3,1,0,0,2004/12/01 00:00:00+00,12/1/2004,Mid-Block (but intersection related),14,"MOTOR VEHICLE STRUCK MOTOR VEHICLE, REAR END",,1,Raining,Wet,Dark - Street Lights On,,4336013,,14,From same direction - both going straight - one stopped - rear-end,0,0,N
1256669.753,202627.3868,628,327944,329444,EA04186,Unmatched,Intersection,33752,CALIFORNIA AVE SW AND FAUNTLEROY WAY SW, ,,1,Property Damage Only Collision,,2,0,0,0,0,0,0,2020/01/17 00:00:00+00,1/17/2020,At Intersection (intersection related),11,"MOTOR VEHICLE STRUCK MOTOR VEHICLE, FRONT END AT ANGLE",,,,,,,,, ,,0,0,N
1259550.966,210455.3868,629,1271,1271,3380914,Matched,Intersection,31886,35TH AVE SW AND SW DAKOTA ST, ,,1,Property Damage Only Collision,Rear Ended,2,0,0,2,0,0,0,2013/04/01 00:00:00+00,4/1/2013 17:30,At Intersection (intersection related),14,"MOTOR VEHICLE STRUCK MOTOR VEHICLE, REAR END",,N,Clear,Dry,Daylight,,,,83,Same direction -- both turning left -- both moving -- rear end,0,0,N
,,630,19800,19800,1060128,Matched,Block,,ALASKAN WY VI NB BETWEEN S ROYAL BROUGHAM WAY ON RP AND SENECA ST OFF RP,,,1,Property Damage Only Collision,Other,1,0,0,1,0,0,0,2004/12/23 00:00:00+00,12/23/2004 0:20,Mid-Block (not related to intersection),28,MOTOR VEHICLE RAN OFF ROAD - HIT FIXED OBJECT,,1,Clear,Dry,Dark - Street Lights On,,4358043,,50,Fixed object,0,0,N
1278905.133,246791.7005,631,58400,58400,2188818,Matched,Block,,25TH AVE NE BETWEEN NE BLAKELEY ST AND NE 54TH ST,,,1,Property Damage Only Collision,Other,2,0,0,2,0,0,0,2006/03/08 00:00:00+00,3/8/2006,Driveway Junction,11,"MOTOR VEHICLE STRUCK MOTOR VEHICLE, FRONT END AT ANGLE",,0,Raining,Wet,Daylight,,6067028,,22,One car leaving driveway access,0,0,N
1270153.133,195820.4328,632,36400,36400,C659779,Matched,Intersection,35173,CLOVERDALE ST OFF RP AND S CLOVERDALE ST,,,1,Property Damage Only Collision,Angles,2,0,0,2,0,0,0,2005/11/23 00:00:00+00,11/23/2005 20:30,At Intersection (intersection related),11,"MOTOR VEHICLE STRUCK MOTOR VEHICLE, FRONT END AT ANGLE",,0,Overcast,Dry,Dark - Street Lights On,,5327037,,10,Entering at angle,0,0,N
1257087.951,209853.6257,633,1134,1134,3550314,Matched,Block,,SW GENESEE ST BETWEEN 42ND AVE SW AND CALIFORNIA AVE SW, ,,1,Property Damage Only Collision,Other,1,0,0,1,0,0,0,2013/03/26 00:00:00+00,3/26/2013 15:55,Mid-Block (not related to intersection),28,MOTOR VEHICLE RAN OFF ROAD - HIT FIXED OBJECT,,N,Clear,Dry,Daylight,,,,50,Fixed object,0,0,N
1272351,230870.4985,634,1362,1362,3593860,Matched,Block,,E REPUBLICAN ST BETWEEN BELLEVUE AVE E AND SUMMIT AVE E, ,,1,Property Damage Only Collision,Parked Car,3,0,0,2,0,0,0,2013/04/02 00:00:00+00,4/2/2013 10:21,Mid-Block (not related to intersection),14,"MOTOR VEHICLE STRUCK MOTOR VEHICLE, REAR END",Y,N,Clear,Dry,Daylight,,,,32,One parked--one moving,0,0,N