X,Y,OBJECTID,INCKEY,COLDETKEY,REPORTNO,STATUS,ADDRTYPE,INTKEY,LOCATION,EXCEPTRSNCODE,EXCEPTRSNDESC,SEVERITYCODE,SEVERITYDESC,COLLISIONTYPE,PERSONCOUNT,PEDCOUNT,PEDCYLCOUNT,VEHCOUNT,INJURIES,SERIOUSINJURIES,FATALITIES,INCDATE,INCDTTM,JUNCTIONTYPE,SDOT_COLCODE,SDOT_COLDESC,INATTENTIONIND,UNDERINFL,WEATHER,ROADCOND,LIGHTCOND,PEDROWNOTGRNT,SDOTCOLNUM,SPEEDING,ST_COLCODE,ST_COLDESC,SEGLANEKEY,CROSSWALKKEY,HITPARKEDCAR
1274279.824,261507.2055,635,46800,46800,1794738,Matched,Block,,8TH AVE NE BETWEEN NE 106TH ST AND NE NORTHGATE WAY,,,2,Injury Collision,Parked Car,3,0,0,3,1,0,0,2005/02/02 00:00:00+00,2/2/2005,Mid-Block (not related to intersection),14,"MOTOR VEHICLE STRUCK MOTOR VEHICLE, REAR END",,0,Clear,Dry,Daylight,,5033021,,32,One parked--one moving,0,0,N
1268353.834,265256.6097,636,1003,1003,3503158,Matched,Block,,AURORA AVE N BETWEEN N 117TH PL AND N 125TH ST, ,,2,Injury Collision,Cycles,2,0,1,1,1,0,0,2013/03/14 00:00:00+00,3/14/2013 17:30,Driveway Junction,18,"MOTOR VEHICLE STRUCK PEDALCYCLIST, FRONT END AT ANGLE",,N,Clear,Dry,Daylight,Y,,,45,Vehicle - Pedalcyclist,15057,0,N
1270305.502,226619.2519,637,1177,1177,3345094,Matched,Block,,PIKE ST BETWEEN 6TH AVE AND 7TH AVE, ,,1,Property Damage Only Collision,Sideswipe,2,0,0,2,0,0,0,2013/03/30 00:00:00+00,3/30/2013 15:23,Mid-Block (not related to intersection),14,"MOTOR VEHICLE STRUCK MOTOR VEHICLE, REAR END",Y,N,Clear,Dry,Daylight,,,,11,From same direction - both going straight - both moving - sideswipe,0,0,N
1269745.645,245546.6357,638,29900,29900,1781904,Matched,Block,,DENSMORE AVE N BETWEEN N 47TH ST AND N 48TH ST,,,1,Property Damage Only Collision,Parked Car,2,0,0,2,0,0,0,2004/06/08 00:00:00+00,6/8/2004,Mid-Block (not related to intersection),13,"MOTOR VEHICLE STRUCK MOTOR VEHICLE, LEFT SIDE AT ANGLE",,0,Unknown,Unknown,Daylight,,4160041,,32,One parked--one moving,0,0,N
1277999.325,255261.7949,639,1251,1251,3645688,Unmatched,Block,,NE 85TH ST BETWEEN 21ST AVE NE AND 23RD AVE NE, ,,0,Unknown,,0,0,0,0,0,0,0,2013/03/22 00:00:00+00,3/22/2013,Mid-Block (not related to intersection),0,NOT ENOUGH INFORMATION / NOT APPLICABLE,,,,,,,,, ,,0,0,N
1274735.003,245411.0942,640,104400,104400,3328948,Matched,Intersection,25800,ROOSEVELT WAY NE AND NE 47TH ST,,,1,Property Damage Only Collision,Parked Car,2,0,0,2,0,0,0,2009/12/04 00:00:00+00,12/4/2009,At Intersection (but not related to intersection),15,"MOTOR VEHICLE STRUCK MOTOR VEHICLE, RIGHT SIDE SIDESWIPE",,0,Unknown,Unknown,Unknown,,9338011,,32,One parked--one moving,0,0,N
1275854.153,227290.1132,641,54400,54400,C668722,Matched,Block,,16TH AVE BETWEEN E UNION ST AND E PIKE ST,,,1,Property Damage Only Collision,Parked Car,2,0,0,2,0,0,0,2006/05/14 00:00:00+00,5/14/2006 10:30,Mid-Block (not related to intersection),12,"MOTOR VEHICLE STRUCK MOTOR VEHICLE, RIGHT SIDE AT ANGLE",,0,Clear,Dry,Daylight,,6134031,,32,One parked--one moving,0,0,N
1267901.298,227217.6678,642,1047,1047,3643896,Matched,Block,,2ND AVE BETWEEN LENORA ST AND BLANCHARD ST, ,,2,Injury Collision,Rear Ended,5,0,0,2,1,0,0,2013/03/24 00:00:00+00,3/24/2013 0:43,Mid-Block (but intersection related),14,"MOTOR VEHICLE STRUCK MOTOR VEHICLE, REAR END",Y,Y,Clear,Dry,Dark - Street Lights On,,,,14,From same direction - both going straight - one stopped - rear-end,0,0,N
1264777.957,231546.8405,643,322174,323674,E948532,Unmatched,Intersection,28632,MERCER ST AND QUEEN ANNE AVE N, ,,0,Unknown,,0,0,0,0,0,0,0,2019/08/03 00:00:00+00,8/3/2019,At Intersection (intersection related),11,"MOTOR VEHICLE STRUCK MOTOR VEHICLE, FRONT END AT ANGLE",,,,,,,,, ,,0,0,N
1263010.043,241305.1093,644,26600,26600,4037046,Unmatched,Block,,6TH AVE W BETWEEN W EMERSON ST AND W NICKERSON ST,,,0,Unknown,,0,0,0,0,0,0,0,2004/02/06 00:00:00+00,2/6/2004,Driveway Junction,11,"MOTOR VEHICLE STRUCK MOTOR VEHICLE, FRONT END AT ANGLE",,,,,,,4037046,,,,0,0,N
1280729.433,266116.4105,645,34000,34000,C651704,Matched,Block,,LAKE CITY WAY NE BETWEEN NE 125TH ST AND NE 127TH ST,,,1,Property Damage Only Collision,Rear Ended,4,0,0,4,0,0,0,2005/06/21 00:00:00+00,6/21/2005 18:45,Mid-Block (but intersection related),14,"MOTOR VEHICLE STRUCK MOTOR VEHICLE, REAR END",,0,Unknown,Wet,Dusk,,5172044,,14,From same direction - both going straight - one stopped - rear-end,0,0,N
1273818.7,233525.0057,646,43200,43200,1744828,Matched,Intersection,28951,10TH AVE E AND E HIGHLAND DR,,,1,Property Damage Only Collision,Angles,2,0,0,2,0,0,0,2005/03/02 00:00:00+00,3/2/2005,At Intersection (intersection related),11,"MOTOR VEHICLE STRUCK MOTOR VEHICLE, FRONT END AT ANGLE",,0,Raining,Wet,Daylight,,5061006,,10,Entering at angle,0,0,N
1280177.109,223989.5646,647,1320,1320,3645760,Matched,Block,,30TH AVE BETWEEN E ALDER ST AND E TERRACE ST,NEI,"Not Enough Information, or Insufficient Location Information",1,Property Damage Only Collision,Parked Car,2,0,0,2,0,0,0,2013/04/01 00:00:00+00,4/1/2013 7:00,Mid-Block (not related to intersection),0,NOT ENOUGH INFORMATION / NOT APPLICABLE,,N,Unknown,Unknown,Unknown,,,,32,One parked--one moving,0,0,N
1270976.687,262100.5007,648,327883,329383,3854657,Matched,Intersection,36584,MERIDIAN AVE N AND N NORTHGATE WAY, ,,1,Property Damage Only Collision,Other,1,0,0,1,0,0,0,2020/01/17 00:00:00+00,1/17/2020 20:50,At Intersection (intersection related),28,MOTOR VEHICLE RAN OFF ROAD - HIT FIXED OBJECT,,N,Overcast,Wet,Dark - Street Lights On,,,,50,Fixed object,0,0,N
1274587.336,257352.8858,649,2907,2907,1780512,Matched,Block,,NE 92ND ST BETWEEN 8TH AVE NE AND ROOSEVELT WAY NE,,,1,Property Damage Only Collision,Parked Car,2,0,0,2,0,0,0,2004/04/25 00:00:00+00,4/25/2004 5:00,Mid-Block (not related to intersection),16,"MOTOR VEHICLE STRUCK MOTOR VEHICLE, LEFT SIDE SIDESWIPE",,0,Unknown,Unknown,Unknown,,4116048,,32,One parked--one moving,0,0,N
1273011.184,254072.9778,650,103100,103100,3206080,Matched,Intersection,24537,BANNER WAY NE AND NE 80TH ST,,,2,Injury Collision,Rear Ended,2,0,0,2,1,0,0,2009/10/18 00:00:00+00,10/18/2009 10:37,At Intersection (intersection related),14,"MOTOR VEHICLE STRUCK MOTOR VEHICLE, REAR END",,0,Clear,Wet,Daylight,,9291022,,14,From same direction - both going straight - one stopped - rear-end,0,0,N
1281782.95,265052.5795,651,322238,323738,E949341,Matched,Block,,NE 123RD ST BETWEEN 35TH AVE NE AND 36TH AVE NE, ,,1,Property Damage Only Collision,Sideswipe,2,0,0,2,0,0,0,2019/08/12 00:00:00+00,8/12/2019 13:35,Mid-Block (not related to intersection),13,"MOTOR VEHICLE STRUCK MOTOR VEHICLE, LEFT SIDE AT ANGLE",,N,Clear,Dry,Daylight,,,,12,From same direction - both going straight - one stopped - sideswipe,0,0,Y
,,652,53400,53400,2184918,Matched,Alley,,,,,1,Property Damage Only Collision,Parked Car,4,0,0,2,0,0,0,2006/01/13 00:00:00+00,1/13/2006 8:43,,0,NOT ENOUGH INFORMATION / NOT APPLICABLE,,0,Raining,Wet,Daylight,,6013048,,32,One parked--one moving,0,0,N
1280001.385,213632.7263,653,327859,329359,3856838,Unmatched,Block,,S MOUNT BAKER EB BV BETWEEN 30TH AVE S AND 31ST AVE S, ,,0,Unknown,,0,0,0,0,0,0,0,2020/01/16 00:00:00+00,1/16/2020,Mid-Block (not related to intersection),14,"MOTOR VEHICLE STRUCK MOTOR VEHICLE, REAR END",,,,,,,,, ,,0,0,Y
1265863.91,193398.8333,654,91900,91900,2896338,Matched,Block,,11TH AVE SW BETWEEN SW BARTON ST AND SW CAMBRIDGE ST,,,1,Property Damage Only Collision,Other,2,0,0,2,0,0,0,2008/11/12 00:00:00+00,11/12/2008 8:02,Mid-Block (but intersection related),14,"MOTOR VEHICLE STRUCK MOTOR VEHICLE, REAR END",,0,Raining,Wet,Daylight,,8317016,,23,From same direction - all others,0,0,N
1271965.818,262071.8831,655,1313,1313,3501630,Matched,Block,,N NORTHGATE WAY BETWEEN CORLISS AVE N AND 1ST AVE NE, ,,1,Property Damage Only Collision,Rear Ended,2,0,0,2,0,0,0,2013/03/28 00:00:00+00,3/28/2013 11:11,Mid-Block (not related to intersection),14,"MOTOR VEHICLE STRUCK MOTOR VEHICLE, REAR END",Y,N,Clear,Dry,Daylight,,,,14,From same direction - both going straight - one stopped - rear-end,0,0,N
1278265.386,259233.1788,656,21700,21700,C627948,Matched,Block,,NE 100TH ST BETWEEN 21ST AVE NE AND LAKE CITY WAY NE,,,1,Property Damage Only Collision,Other,1,0,0,1,0,0,0,2004/01/18 00:00:00+00,1/18/2004 14:35,Driveway Junction,0,NOT ENOUGH INFORMATION / NOT APPLICABLE,,0,Overcast,Dry,Daylight,,4018026,,50,Fixed object,0,0,N
1267368.977,227266.4868,657,61700,61700,2070735,Matched,Block,,1ST AVE BETWEEN BLANCHARD ST AND BELL ST,,,1,Property Damage Only Collision,Other,6,0,0,3,0,0,0,2006/04/08 00:00:00+00,4/8/2006,Driveway Junction,14,"MOTOR VEHICLE STRUCK MOTOR VEHICLE, REAR END",Y,0,Overcast,Dry,Dark - Street Lights On,,6098036,,22,One car leaving driveway access,0,0,N
1269371.488,224721.1583,658,52400,52400,2606656,Matched,Intersection,29611,1ST AVE AND SENECA ST,,,1,Property Damage Only Collision,Angles,2,0,0,2,0,0,0,2006/10/19 00:00:00+00,10/19/2006 8:35,At Intersection (intersection related),11,"MOTOR VEHICLE STRUCK MOTOR VEHICLE, FRONT END AT ANGLE",,0,Raining,Wet,Dawn,,6292048,,10,Entering at angle,0,0,N
1272818.217,230443.1807,659,1089,1089,3615254,Matched,Intersection,29141,BELMONT AVE E AND E HARRISON ST, ,,1,Property Damage Only Collision,Parked Car,2,0,0,2,0,0,0,2013/03/25 00:00:00+00,3/25/2013 7:00,At Intersection (intersection related),0,NOT ENOUGH INFORMATION / NOT APPLICABLE,,N,Unknown,Unknown,Unknown,,,,32,One parked--one moving,0,0,N
1270513,227872.7487,660,24600,24600,1785206,Matched,Intersection,29868,9TH AVE AND HOWELL ST,,,2,Injury Collision,Pedestrian,2,1,0,1,1,0,0,2004/12/09 00:00:00+00,12/9/2004,At Intersection (intersection related),24,MOTOR VEHCILE STRUCK PEDESTRIAN,,0,Clear,Dry,Daylight,Y,4344061,,2,Vehicle turning left hits pedestrian,0,0,N
1281277.357,266406.0586,661,47200,47200,2026651,Matched,Block,,33RD AVE NE BETWEEN NE 125TH ST AND NE 130TH ST,,,1,Property Damage Only Collision,Parked Car,2,0,0,2,0,0,0,2005/08/20 00:00:00+00,8/20/2005 0:30,Mid-Block (not related to intersection),11,"MOTOR VEHICLE STRUCK MOTOR VEHICLE, FRONT END AT ANGLE",,0,Clear,Dry,Dark - Street Lights On,,5232030,,32,One parked--one moving,0,0,N
1265044.497,229359.5112,662,327793,329293,3852351,Matched,Intersection,29717,1ST AVE AND DENNY WAY, ,,1,Property Damage Only Collision,Sideswipe,3,0,0,2,0,0,0,2020/01/11 00:00:00+00,1/11/2020 0:49,At Intersection (intersection related),11,"MOTOR VEHICLE STRUCK MOTOR VEHICLE, FRONT END AT ANGLE",,N,Raining,Wet,Dark - Street Lights On,,,,11,From same direction - both going straight - both moving - sideswipe,0,0,N
1268516.536,242710.0937,663,105000,105000,3206531,Matched,Intersection,26848,STONE WAY N AND N 40TH ST,,,2,Injury Collision,Angles,2,0,0,2,1,0,0,2009/05/21 00:00:00+00,5/21/2009 0:23,At Intersection (intersection related),11,"MOTOR VEHICLE STRUCK MOTOR VEHICLE, FRONT END AT ANGLE",,0,Clear,Dry,Dark - Street Lights On,,9141002,,10,Entering at angle,0,0,N
1271271.958,219675.8465,664,32300,32300,1783256,Matched,Block,,S ROYAL BROUGHAM WAY BETWEEN 3RD AVE S AND 4TH AVE S,,,1,Property Damage Only Collision,Head On,4,0,0,2,0,0,0,2004/08/28 00:00:00+00,8/28/2004 1:55,Mid-Block (but intersection related),11,"MOTOR VEHICLE STRUCK MOTOR VEHICLE, FRONT END AT ANGLE",,0,Clear,Dry,Dark - Street Lights On,,4241029,,30,From opposite direction - all others,0,0,N
1273869.572,250077.5792,665,327916,329416,EA05409,Matched,Intersection,24494,OSWEGO PL NE AND NE 65TH ST, ,,1,Property Damage Only Collision,Left Turn,2,0,0,2,0,0,0,2020/01/08 00:00:00+00,1/8/2020 7:06,At Intersection (intersection related),11,"MOTOR VEHICLE STRUCK MOTOR VEHICLE, FRONT END AT ANGLE",,N,Clear,Dry,Dark - Street Lights On,,,,28,From opposite direction - one left turn - one straight,0,0,N
1256837.1,207040.3546,666,1292,1292,3615285,Unmatched,Block,,CALIFORNIA AVE SW BETWEEN SW HUDSON ST AND SW DAWSON N ST,NEI,"Not Enough Information, or Insufficient Location Information",0,Unknown,,0,0,0,0,0,0,0,2013/03/31 00:00:00+00,3/31/2013,Mid-Block (not related to intersection),0,NOT ENOUGH INFORMATION / NOT APPLICABLE,,,,,,,,, ,,0,0,N
1269977.573,224013.4322,667,322214,323714,3750953,Matched,Block,,MARION ST BETWEEN 1ST AVE AND 2ND AVE, ,,1,Property Damage Only Collision,Sideswipe,3,0,0,2,0,0,0,2019/08/07 00:00:00+00,8/7/2019 20:21,Mid-Block (not related to intersection),11,"MOTOR VEHICLE STRUCK MOTOR VEHICLE, FRONT END AT ANGLE",Y,N,Clear,Dry,Dark - Street Lights On,,,,11,From same direction - both going straight - both moving - sideswipe,0,0,N
1278329.388,227037.8682,668,58500,58500,2128352,Matched,Intersection,30026,24TH AVE AND E UNION ST,,,2,Injury Collision,Angles,2,0,0,2,1,0,0,2006/01/12 00:00:00+00,1/12/2006 15:58,At Intersection (intersection related),11,"MOTOR VEHICLE STRUCK MOTOR VEHICLE, FRONT END AT ANGLE",,0,Raining,Wet,Dusk,,6012019,,10,Entering at angle,0,0,N
1266997.147,230162.2819,669,35100,35100,C659015,Matched,Intersection,28931,5TH AVE N AND BROAD ST,,,1,Property Damage Only Collision,Sideswipe,2,0,0,2,0,0,0,2005/11/10 00:00:00+00,11/10/2005 18:10,At Intersection (intersection related),11,"MOTOR VEHICLE STRUCK MOTOR VEHICLE, FRONT END AT ANGLE",,0,Overcast,Dry,Dark - Street Lights On,,5314040,,11,From same direction - both going straight - both moving - sideswipe,0,0,N
1261665.923,250355.5785,670,1079,1079,3568597,Matched,Intersection,24209,11TH AVE NW AND NW 65TH E ST, ,,1,Property Damage Only Collision,Left Turn,3,0,0,2,0,0,0,2013/03/25 00:00:00+00,3/25/2013 17:54,At Intersection (intersection related),11,"MOTOR VEHICLE STRUCK MOTOR VEHICLE, FRONT END AT ANGLE",,N,Clear,Dry,Dark - Street Lights On,,,,28,From opposite direction - one left turn - one straight,0,0,N
1278908.753,259926.3852,671,327933,329433,EA05316,Matched,Block,,LAKE CITY WAY NE BETWEEN FISCHER PL NE AND NE 104TH WAY, ,,2,Injury Collision,Angles,3,0,0,2,2,0,0,2020/01/07 00:00:00+00,1/7/2020 12:30,Driveway Junction,11,"MOTOR VEHICLE STRUCK MOTOR VEHICLE, FRONT END AT ANGLE",,N,Clear,Dry,Daylight,,,,10,Entering at angle,0,0,N
1272399.31,227981.0989,672,45600,45600,2028039,Matched,Intersection,29860,SUMMIT AVE AND E PINE ST,,,2,Injury Collision,Angles,3,0,0,2,3,0,0,2005/04/15 00:00:00+00,4/15/2005 17:44,At Intersection (intersection related),11,"MOTOR VEHICLE STRUCK MOTOR VEHICLE, FRONT END AT ANGLE",,0,Raining,Wet,Daylight,,5105017,,10,Entering at angle,0,0,N
1261940.568,251332.8052,673,1013,1013,3615259,Matched,Block,,10TH AVE NW BETWEEN NW 67TH ST AND NW 70TH W ST, ,,1,Property Damage Only Collision,Parked Car,2,0,0,2,0,0,0,2013/03/23 00:00:00+00,3/23/2013 0:01,Mid-Block (not related to intersection),12,"MOTOR VEHICLE STRUCK MOTOR VEHICLE, RIGHT SIDE AT ANGLE",,N,Unknown,Unknown,Unknown,,,,32,One parked--one moving,0,0,N
1273370.518,254075.8851,674,1179,1179,3501510,Matched,Block,,NE 80TH ST BETWEEN 4TH AVE NE AND 5TH AVE NE, ,,1,Property Damage Only Collision,Rear Ended,2,0,0,2,0,0,0,2013/03/30 00:00:00+00,3/30/2013 11:12,Mid-Block (not related to intersection),14,"MOTOR VEHICLE STRUCK MOTOR VEHICLE, REAR END",,N,Clear,Dry,Daylight,,,,14,From same direction - both going straight - one stopped - rear-end,0,0,N
1283667.631,204674.7283,675,28500,28500,1784856,Unmatched,Intersection,33503,RAINIER AVE S AND S FINDLAY ST,,,0,Unknown,,0,0,0,0,0,0,0,2004/10/17 00:00:00+00,10/17/2004,At Intersection (intersection related),11,"MOTOR VEHICLE STRUCK MOTOR VEHICLE, FRONT END AT ANGLE",,,,,,,4291024,,,,0,0,N
1269645.108,203945.3574,676,42800,42800,1795411,Unmatched,Block,,EAST MARGINAL WAY S BETWEEN S FIDALGO ST AND 1ST AVE S,,,0,Unknown,,0,0,0,0,0,0,0,2005/01/31 00:00:00+00,1/31/2005,Mid-Block (not related to intersection),16,"MOTOR VEHICLE STRUCK MOTOR VEHICLE, LEFT SIDE SIDESWIPE",,,,,,,5031027,,,,0,0,N
1275108.256,222839.8962,677,1236,1236,3593843,Matched,Block,,14TH AVE S BETWEEN E YESLER WAY AND S WASHINGTON ST, ,,2,Injury Collision,Left Turn,2,0,0,2,1,0,0,2013/03/31 00:00:00+00,3/31/2013 14:48,Driveway Junction,11,"MOTOR VEHICLE STRUCK MOTOR VEHICLE, FRONT END AT ANGLE",,N,Clear,Dry,Daylight,,,,28,From opposite direction - one left turn - one straight,0,0,N
1278992.878,208306.1923,678,103500,103500,3335528,Matched,Intersection,32498,S ALASKA ST AND S COLUMBIAN WAY,,,1,Property Damage Only Collision,Other,1,0,0,1,0,0,0,2009/12/26 00:00:00+00,12/26/2009 12:18,At Intersection (intersection related),26,MOTOR VEHICLE STRUCK OBJECT IN ROAD,,0,Clear,Dry,Daylight,,9360016,Y,50,Fixed object,0,0,N
1278535.278,198218.4092,679,55100,55100,2613584,Matched,Block,,AIRPORT WAY S BETWEEN S OTHELLO ST AND MILITARY RD S,,,2b,Serious Injury Collision,Other,2,0,0,1,2,1,0,2006/10/29 00:00:00+00,10/29/2006 2:56,Mid-Block (not related to intersection),28,MOTOR VEHICLE RAN OFF ROAD - HIT FIXED OBJECT,,0,Overcast,Dry,Dark - No Street Lights,,6302007,Y,50,Fixed object,0,0,N
1275146.245,243006.6101,680,322162,323662,E948183,Matched,Block,,12TH AVE NE BETWEEN NE CAMPUS WB PY AND NE 41ST ST, ,,1,Property Damage Only Collision,Parked Car,2,0,0,2,0,0,0,2019/08/07 00:00:00+00,8/7/2019 9:30,Mid-Block (not related to intersection),16,"MOTOR VEHICLE STRUCK MOTOR VEHICLE, LEFT SIDE SIDESWIPE",,N,Clear,Dry,Daylight,,,,32,One parked--one moving,0,0,Y
1272801.572,229379.6261,681,37000,37000,2128430,Matched,Block,,BELMONT AVE E BETWEEN E DENNY WAY AND E OLIVE WAY,,,1,Property Damage Only Collision,Parked Car,2,0,0,2,0,0,0,2005/12/16 00:00:00+00,12/16/2005 13:12,Driveway Junction,11,"MOTOR VEHICLE STRUCK MOTOR VEHICLE, FRONT END AT ANGLE",,0,Clear,Dry,Daylight,,5350033,,32,One parked--one moving,0,0,N
1266009.85,271489.4072,682,62100,62100,2248880,Matched,Block,,N 145TH ST BETWEEN GREENWOOD AVE N AND PHINNEY AVE N,,,1,Property Damage Only Collision,Left Turn,3,0,0,2,0,0,0,2006/09/12 00:00:00+00,9/12/2006 18:08,Mid-Block (but intersection related),16,"MOTOR VEHICLE STRUCK MOTOR VEHICLE, LEFT SIDE SIDESWIPE",,0,Clear,Dry,Daylight,,6255050,,15,From same direction - one left turn - one straight,0,0,N
1277776.5,222252.2212,683,52300,52300,2019849,Matched,Block,,22ND AVE S BETWEEN S MAIN ST AND S JACKSON ST,,,1,Property Damage Only Collision,Parked Car,2,0,0,2,0,0,0,2006/04/03 00:00:00+00,4/3/2006,Mid-Block (not related to intersection),11,"MOTOR VEHICLE STRUCK MOTOR VEHICLE, FRONT END AT ANGLE",,0,Clear,Dry,Daylight,,6093028,,32,One parked--one moving,0,0,N
1275016.769,227348.9116,684,1344,1344,3605911,Matched,Block,,E MADISON ST BETWEEN 13TH AVE AND 14TH AVE, ,,1,Property Damage Only Collision,Rear Ended,3,0,0,2,0,0,0,2013/03/27 00:00:00+00,3/27/2013 18:05,Mid-Block (not related to intersection),14,"MOTOR VEHICLE STRUCK MOTOR VEHICLE, REAR END",Y,N,Clear,Dry,Daylight,,,,13,From same direction - both going straight - both moving - rear-end,0,0,N
1268373.158,267127.3965,685,327884,329384,3854828,Matched,Intersection,35827,AURORA AVE N AND N 128TH ST, ,,1,Property Damage Only Collision,Angles,4,0,0,2,0,0,0,2020/01/16 00:00:00+00,1/16/2020 15:09,At Intersection (intersection related),11,"MOTOR VEHICLE STRUCK MOTOR VEHICLE, FRONT END AT ANGLE",,N,Clear,Wet,Daylight,,,,10,Entering at angle,0,0,N
1271322.049,217404.09,686,1367,1367,3671783,Matched,Intersection,31348,4TH AVE S AND S HOLGATE ST, ,,1,Property Damage Only Collision,Rear Ended,2,0,0,2,0,0,0,2013/04/02 00:00:00+00,4/2/2013 13:25,At Intersection (intersection related),14,"MOTOR VEHICLE STRUCK MOTOR VEHICLE, REAR END",,N,Clear,Dry,Daylight,,,,13,From same direction - both going straight - both moving - rear-end,0,0,N
1266292.377,240725.5026,687,322234,323734,E948839,Unmatched,Intersection,27038,EVANSTON AVE N AND N 34TH ST,NEI,"Not Enough Information, or Insufficient Location Information",0,Unknown,,0,0,0,0,0,0,0,2019/08/10 00:00:00+00,8/10/2019,At Intersection (intersection related),0,NOT ENOUGH INFORMATION / NOT APPLICABLE,,,,,,,,, ,,0,0,Y
1270225.441,246198.1897,688,50100,50100,2618113,Matched,Block,,N 50TH ST BETWEEN WALLINGFORD AVE N AND BURKE AVE N,,,2,Injury Collision,Rear Ended,12,0,0,4,1,0,0,2006/10/07 00:00:00+00,10/7/2006,Mid-Block (not related to intersection),14,"MOTOR VEHICLE STRUCK MOTOR VEHICLE, REAR END",,0,Overcast,Dry,Daylight,,6280014,,13,From same direction - both going straight - both moving - rear-end,0,0,N
1264664.355,192428.0093,689,327797,329297,3856080,Matched,Intersection,35059,15TH AVE SW AND SW ROXBURY ST, ,,2,Injury Collision,Angles,7,0,0,3,3,0,0,2020/01/11 00:00:00+00,1/11/2020 18:52,At Intersection (intersection related),11,"MOTOR VEHICLE STRUCK MOTOR VEHICLE, FRONT END AT ANGLE",,N,Raining,Wet,Dark - Street Lights On,,,,10,Entering at angle,0,0,N
1275586.887,212337.7285,690,1255,1255,3617283,Matched,Block,,17TH AVE S BETWEEN S HINDS ST AND S SPOKANE ST, ,,1,Property Damage Only Collision,Parked Car,2,0,0,2,0,0,0,2013/03/30 00:00:00+00,3/30/2013 7:00,Mid-Block (not related to intersection),14,"MOTOR VEHICLE STRUCK MOTOR VEHICLE, REAR END",,N,Unknown,Dry,Unknown,,,,32,One parked--one moving,0,0,N
1258794.288,199646.2266,691,104300,104300,2895568,Matched,Intersection,33812,36TH AVE SW AND SW OTHELLO S ST,,,1,Property Damage Only Collision,Other,1,0,0,1,0,0,0,2009/07/10 00:00:00+00,7/10/2009 0:46,At Intersection (intersection related),26,MOTOR VEHICLE STRUCK OBJECT IN ROAD,,0,Clear,Dry,Dark - Street Lights On,,9191005,Y,50,Fixed object,0,0,N
1272453.844,225834.5358,692,55500,55500,2128045,Matched,Intersection,29920,BOREN AVE AND MADISON ST,,,2,Injury Collision,Angles,2,0,0,2,2,0,0,2006/06/06 00:00:00+00,6/6/2006,At Intersection (intersection related),14,"MOTOR VEHICLE STRUCK MOTOR VEHICLE, REAR END",,0,Clear,Dry,Dark - Street Lights On,,6157003,,10,Entering at angle,0,0,N
1268353.834,265256.6097,693,1053,1053,3501458,Matched,Block,,AURORA AVE N BETWEEN N 117TH PL AND N 125TH ST, ,,1,Property Damage Only Collision,Left Turn,2,0,0,2,0,0,0,2013/03/26 00:00:00+00,3/26/2013 16:41,Driveway Junction,11,"MOTOR VEHICLE STRUCK MOTOR VEHICLE, FRONT END AT ANGLE",Y,N,Clear,Dry,Daylight,,,,28,From opposite direction - one left turn - one straight,0,0,N
1272918.169,227763.7559,694,322161,323661,E948182,Unmatched,Block,,BOYLSTON AVE BETWEEN E PIKE ST AND E PINE ST,NEI,"Not Enough Information, or Insufficient Location Information",0,Unknown,,2,0,0,0,0,0,0,2019/08/07 00:00:00+00,8/7/2019,Mid-Block (not related to intersection),13,"MOTOR VEHICLE STRUCK MOTOR VEHICLE, LEFT SIDE AT ANGLE",,,,,,,,, ,,0,0,Y
1276758.519,210098.1481,695,38900,38900,1773342,Matched,Block,,BEACON AVE S BETWEEN BEACON WR N AVE S AND BEACON ER AVE S,,,1,Property Damage Only Collision,Rear Ended,3,0,0,3,0,0,0,2005/02/03 00:00:00+00,2/3/2005,Mid-Block (but intersection related),14,"MOTOR VEHICLE STRUCK MOTOR VEHICLE, REAR END",,0,Clear,Dry,Daylight,,5034041,,14,From same direction - both going straight - one stopped - rear-end,0,0,N
1274814.162,248748.2493,696,61000,61000,2188253,Matched,Intersection,25756,ROOSEVELT WAY NE AND NE RAVENNA WB BV,,,2,Injury Collision,Cycles,2,0,1,1,1,0,0,2006/04/18 00:00:00+00,4/18/2006 12:45,At Intersection (intersection related),18,"MOTOR VEHICLE STRUCK PEDALCYCLIST, FRONT END AT ANGLE",,0,Clear,Dry,Daylight,Y,6108005,,45,Vehicle - Pedalcyclist,0,0,N
1257500.908,248330.5461,697,40600,40600,2184885,Matched,Intersection,25142,24TH AVE NW AND NW 57TH ST,,,1,Property Damage Only Collision,Angles,2,0,0,2,0,0,0,2005/12/18 00:00:00+00,12/18/2005 14:56,At Intersection (intersection related),11,"MOTOR VEHICLE STRUCK MOTOR VEHICLE, FRONT END AT ANGLE",,0,Clear,Dry,Daylight,,5352025,,10,Entering at angle,0,0,N
1279677.896,229184.1366,698,1333,1333,3551894,Matched,Intersection,29288,M L KING JR WAY AND E DENNY WAY, ,,1,Property Damage Only Collision,Angles,2,0,0,2,0,0,0,2013/03/28 00:00:00+00,3/28/2013 7:35,At Intersection (intersection related),11,"MOTOR VEHICLE STRUCK MOTOR VEHICLE, FRONT END AT ANGLE",,N,Overcast,Wet,Daylight,,,,10,Entering at angle,0,0,N