X,Y,OBJECTID,INCKEY,COLDETKEY,REPORTNO,STATUS,ADDRTYPE,INTKEY,LOCATION,EXCEPTRSNCODE,EXCEPTRSNDESC,SEVERITYCODE,SEVERITYDESC,COLLISIONTYPE,PERSONCOUNT,PEDCOUNT,PEDCYLCOUNT,VEHCOUNT,INJURIES,SERIOUSINJURIES,FATALITIES,INCDATE,INCDTTM,JUNCTIONTYPE,SDOT_COLCODE,SDOT_COLDESC,INATTENTIONIND,UNDERINFL,WEATHER,ROADCOND,LIGHTCOND,PEDROWNOTGRNT,SDOTCOLNUM,SPEEDING,ST_COLCODE,ST_COLDESC,SEGLANEKEY,CROSSWALKKEY,HITPARKEDCAR
1276962.478,231249.8068,699,327890,329390,EA00297,Matched,Intersection,29343,19TH AVE E AND E MERCER ST, ,,2,Injury Collision,Left Turn,2,0,0,2,1,0,0,2020/01/02 00:00:00+00,1/2/2020 14:17,At Intersection (intersection related),11,"MOTOR VEHICLE STRUCK MOTOR VEHICLE, FRONT END AT ANGLE",,N,Raining,Wet,Daylight,,,,15,From same direction - one left turn - one straight,0,0,N
1278047.048,238066.0794,700,1370,1370,3476556,Matched,Block,,E ROANOKE ST BETWEEN 22ND AVE E AND EAST MONTLAKE PL E, ,,2,Injury Collision,Rear Ended,2,0,0,2,1,0,0,2013/04/02 00:00:00+00,4/2/2013 17:57,Mid-Block (not related to intersection),14,"MOTOR VEHICLE STRUCK MOTOR VEHICLE, REAR END",,N,Clear,Dry,Daylight,,,,14,From same direction - both going straight - one stopped - rear-end,0,0,N
1270642.167,227313.4848,701,103700,103700,3287470,Matched,Block,,PINE ST BETWEEN 8TH AVE AND 9TH AVE,,,1,Property Damage Only Collision,Rear Ended,2,0,0,2,0,0,0,2009/07/02 00:00:00+00,7/2/2009,Mid-Block (not related to intersection),14,"MOTOR VEHICLE STRUCK MOTOR VEHICLE, REAR END",,0,Clear,Dry,Unknown,,9183033,,13,From same direction - both going straight - both moving - rear-end,0,0,N
1262148.194,255959.688,702,322240,323740,E949030,Matched,Block,,10TH AVE NW BETWEEN NW 85TH ST AND NW 87TH ST, ,,1,Property Damage Only Collision,Rear Ended,2,0,0,2,0,0,0,2019/08/10 00:00:00+00,8/10/2019 19:00,Mid-Block (not related to intersection),14,"MOTOR VEHICLE STRUCK MOTOR VEHICLE, REAR END",Y,N,Clear,Dry,Daylight,,,,14,From same direction - both going straight - one stopped - rear-end,0,0,N
1265176.678,270845.8969,703,63600,63600,2188744,Matched,Intersection,35587,1ST AVE NW AND NW 143RD ST,,,2,Injury Collision,Cycles,2,0,1,1,1,0,0,2006/05/16 00:00:00+00,5/16/2006 6:30,At Intersection (intersection related),51,PEDALCYCLIST STRUCK MOTOR VEHICLE FRONT END AT ANGLE,,0,Clear,Dry,Daylight,,6136002,,45,Vehicle - Pedalcyclist,0,0,N
1273311.324,224385.4942,704,327835,329335,EA01474,Unmatched,Block,,BOREN AVE BETWEEN TERRACE ST AND JEFFERSON ST, ,,1,Property Damage Only Collision,,2,0,0,0,0,0,0,2020/01/10 00:00:00+00,1/10/2020,Mid-Block (not related to intersection),14,"MOTOR VEHICLE STRUCK MOTOR VEHICLE, REAR END",,,,,,,,, ,,0,0,N
1271413.155,227275.7424,705,77600,77600,2794395,Matched,Block,,PIKE ST BETWEEN TERRY AVE AND BOREN AVE,,,2,Injury Collision,Rear Ended,2,0,0,2,1,0,0,2007/09/18 00:00:00+00,9/18/2007 17:10,Mid-Block (not related to intersection),14,"MOTOR VEHICLE STRUCK MOTOR VEHICLE, REAR END",,0,Clear,Dry,Daylight,,7261021,,14,From same direction - both going straight - one stopped - rear-end,0,0,N
1275790.177,224956.9609,706,18100,18100,1799155,Unmatched,Block,,16TH AVE BETWEEN E JEFFERSON ST AND E CHERRY ST,,,0,Unknown,,0,0,0,0,0,0,0,2004/10/07 00:00:00+00,10/7/2004,Mid-Block (not related to intersection),11,"MOTOR VEHICLE STRUCK MOTOR VEHICLE, FRONT END AT ANGLE",,,,,,,4281024,,,,0,0,N
1270092.515,219319.7667,707,23500,23500,1186682,Matched,Block,,1ST AVE S BETWEEN S ROYAL BROUGHAM WAY AND S ATLANTIC ST,,,1,Property Damage Only Collision,Other,1,0,0,1,0,0,0,2004/07/19 00:00:00+00,7/19/2004 1:48,Mid-Block (but intersection related),28,MOTOR VEHICLE RAN OFF ROAD - HIT FIXED OBJECT,,0,Clear,Dry,Dark - Street Lights On,,4201030,Y,50,Fixed object,0,0,N
1262359.479,237067.9645,708,19600,19600,1784576,Matched,Block,,W MCGRAW ST BETWEEN 7TH AVE W AND 8TH AVE W,,,1,Property Damage Only Collision,Parked Car,2,0,0,2,0,0,0,2004/08/17 00:00:00+00,8/17/2004 18:05,Mid-Block (not related to intersection),16,"MOTOR VEHICLE STRUCK MOTOR VEHICLE, LEFT SIDE SIDESWIPE",,0,Clear,Dry,Daylight,,4230032,,32,One parked--one moving,0,0,N
,,709,59000,59000,2039207,Matched,Block,,BATTERY ST TUNNEL NB BETWEEN ALASKAN WY VI NB AND AURORA AVE N,,,1,Property Damage Only Collision,Rear Ended,2,0,0,2,0,0,0,2006/11/02 00:00:00+00,11/2/2006,Mid-Block (not related to intersection),14,"MOTOR VEHICLE STRUCK MOTOR VEHICLE, REAR END",,0,Raining,Wet,Other,,6306003,,13,From same direction - both going straight - both moving - rear-end,0,0,N
,,710,50300,50300,C666450,Matched,Block,,1ST AVE S BETWEEN 1ST AVS ON N RP AND S ROYAL BROUGHAM WAY,,,1,Property Damage Only Collision,Parked Car,2,0,0,2,0,0,0,2006/04/03 00:00:00+00,4/3/2006,Mid-Block (not related to intersection),11,"MOTOR VEHICLE STRUCK MOTOR VEHICLE, FRONT END AT ANGLE",,0,Unknown,Unknown,Unknown,,6093061,,20,One car leaving parked position,0,0,N
1270672.391,207376.5951,711,1108,1108,3467706,Matched,Intersection,33141,3RD AVE S AND DENVER AVE S, ,,1,Property Damage Only Collision,Other,1,0,0,1,0,0,0,2013/03/28 00:00:00+00,3/28/2013 14:55,At Intersection (intersection related),28,MOTOR VEHICLE RAN OFF ROAD - HIT FIXED OBJECT,,N,Clear,Dry,Daylight,,,,50,Fixed object,0,0,N
1260233.987,251683.674,712,1348,1348,3609017,Matched,Intersection,23926,15TH AVE NW AND NW 70TH ST, ,,1,Property Damage Only Collision,Left Turn,3,0,0,3,0,0,0,2013/03/27 00:00:00+00,3/27/2013 16:56,At Intersection (intersection related),11,"MOTOR VEHICLE STRUCK MOTOR VEHICLE, FRONT END AT ANGLE",,N,Raining,Wet,Daylight,,,,28,From opposite direction - one left turn - one straight,0,0,N
1285051.255,200876.3895,713,47600,47600,2026162,Matched,Block,,RAINIER AVE S BETWEEN S HOLLY ST AND S WILLOW ST,,,1,Property Damage Only Collision,Other,3,0,0,2,0,0,0,2005/08/25 00:00:00+00,8/25/2005 19:05,Driveway Junction,11,"MOTOR VEHICLE STRUCK MOTOR VEHICLE, FRONT END AT ANGLE",,0,Clear,Dry,Daylight,,5237023,,21,One car entering driveway access,0,0,N
,,714,1178,1178,3380692,Matched,,,,NEI,"Not Enough Information, or Insufficient Location Information",1,Property Damage Only Collision,Parked Car,3,0,0,3,0,0,0,2013/03/30 00:00:00+00,3/30/2013 3:53,Mid-Block (not related to intersection),14,"MOTOR VEHICLE STRUCK MOTOR VEHICLE, REAR END",,N,Clear,Dry,Dark - Street Lights On,,,,32,One parked--one moving,0,0,N
1272084.808,227986.9833,715,104800,104800,3207978,Matched,Intersection,29862,BELLEVUE AVE AND E PINE ST,,,1,Property Damage Only Collision,Left Turn,2,0,0,2,0,0,0,2009/11/10 00:00:00+00,11/10/2009 22:59,At Intersection (intersection related),11,"MOTOR VEHICLE STRUCK MOTOR VEHICLE, FRONT END AT ANGLE",Y,0,Raining,Wet,Dark - Street Lights On,,9314022,,28,From opposite direction - one left turn - one straight,0,0,N
1259500.557,255054.1091,716,30400,30400,4046023,Unmatched,Intersection,23863,18TH AVE NW AND NW 83RD ST,,,0,Unknown,,0,0,0,0,0,0,0,2004/02/15 00:00:00+00,2/15/2004,At Intersection (intersection related),11,"MOTOR VEHICLE STRUCK MOTOR VEHICLE, FRONT END AT ANGLE",,,,,,,4046023,,,,0,0,N
1257271.756,215865.7252,717,327936,329436,EA05309,Matched,Block,,SW ADMIRAL WAY BETWEEN 42ND AVE SW AND CALIFORNIA AVE SW, ,,1,Property Damage Only Collision,Sideswipe,2,0,0,2,0,0,0,2020/01/07 00:00:00+00,1/7/2020 11:03,Mid-Block (not related to intersection),11,"MOTOR VEHICLE STRUCK MOTOR VEHICLE, FRONT END AT ANGLE",,N,Clear,Wet,Daylight,,,,11,From same direction - both going straight - both moving - sideswipe,0,0,N
1270855.4,228883.3428,718,1303,1303,3645762,Matched,Intersection,29172,MINOR AVE AND STEWART ST,NEI,"Not Enough Information, or Insufficient Location Information",1,Property Damage Only Collision,Right Turn,2,0,0,2,0,0,0,2013/03/26 00:00:00+00,3/26/2013 7:04,At Intersection (intersection related),0,NOT ENOUGH INFORMATION / NOT APPLICABLE,,N,Unknown,Dry,Daylight,,,,16,From same direction - one right turn - one straight,0,0,N
1265896.966,227734.9885,719,76600,76600,2793608,Matched,Block,,ELLIOTT AVE BETWEEN VINE ST AND CEDAR ST,,,2,Injury Collision,Rear Ended,4,0,0,2,1,0,0,2007/02/23 00:00:00+00,2/23/2007 8:47,Mid-Block (but intersection related),14,"MOTOR VEHICLE STRUCK MOTOR VEHICLE, REAR END",,0,Clear,Dry,Daylight,,7054007,,14,From same direction - both going straight - one stopped - rear-end,0,0,N
1259424.717,250723.3538,720,55000,55000,C669642,Matched,Block,,18TH AVE NW BETWEEN NW 65TH ST AND NW 67TH ST,,,1,Property Damage Only Collision,Parked Car,2,0,0,2,0,0,0,2006/06/13 00:00:00+00,6/13/2006 8:45,Mid-Block (not related to intersection),11,"MOTOR VEHICLE STRUCK MOTOR VEHICLE, FRONT END AT ANGLE",,0,,,,,6164045,,19,One car entering parked position,0,0,N
1274478.467,213952.5677,721,1064,1064,3550081,Matched,Intersection,31315,13TH AVE S AND S STEVENS ST, ,,2,Injury Collision,Cycles,2,0,1,1,1,0,0,2013/03/25 00:00:00+00,3/25/2013 22:57,At Intersection (intersection related),18,"MOTOR VEHICLE STRUCK PEDALCYCLIST, FRONT END AT ANGLE",,N,Clear,Dry,Dark - Street Lights On,,,,45,Vehicle - Pedalcyclist,0,0,N
1273332.021,236415.1902,722,322190,323690,E946607,Matched,Intersection,28240,HARVARD AVE E AND E BOSTON ST, ,,1,Property Damage Only Collision,Other,1,0,0,1,0,0,0,2019/08/03 00:00:00+00,8/3/2019 14:21,At Intersection (intersection related),26,MOTOR VEHICLE STRUCK OBJECT IN ROAD,,N,Clear,Dry,Daylight,,,,50,Fixed object,0,0,N
1277956.86,225035.1175,723,45800,45800,1744858,Matched,Block,,23RD AVE BETWEEN E JAMES ST AND E CHERRY ST,,,1,Property Damage Only Collision,Sideswipe,2,0,0,2,0,0,0,2005/07/15 00:00:00+00,7/15/2005 17:20,Mid-Block (not related to intersection),16,"MOTOR VEHICLE STRUCK MOTOR VEHICLE, LEFT SIDE SIDESWIPE",,0,Raining,Wet,Daylight,,5196042,,11,From same direction - both going straight - both moving - sideswipe,0,0,N
1267763.17,228649.2832,724,1199,1199,3503492,Matched,Intersection,29532,5TH AVE AND BATTERY ST, ,,1,Property Damage Only Collision,Left Turn,2,0,0,2,0,0,0,2013/03/31 00:00:00+00,3/31/2013 3:44,At Intersection (intersection related),11,"MOTOR VEHICLE STRUCK MOTOR VEHICLE, FRONT END AT ANGLE",,N,Clear,Dry,Dark - Street Lights On,,,,15,From same direction - one left turn - one straight,0,0,N
1278067.801,202757.2256,725,327901,329401,EA01267,Matched,Intersection,33288,BEACON WR AVE S AND S GRAHAM ST, ,,1,Property Damage Only Collision,Angles,2,0,0,2,0,0,0,2020/01/10 00:00:00+00,1/10/2020 13:38,At Intersection (intersection related),11,"MOTOR VEHICLE STRUCK MOTOR VEHICLE, FRONT END AT ANGLE",,N,Raining,Wet,Daylight,,,,10,Entering at angle,0,0,N
1273485.578,223028.1041,726,27800,27800,1472949,Matched,Intersection,30413,BROADWAY AND YESLER WAY,,,1,Property Damage Only Collision,Left Turn,6,0,0,2,0,0,0,2004/07/21 00:00:00+00,7/21/2004 15:12,At Intersection (intersection related),11,"MOTOR VEHICLE STRUCK MOTOR VEHICLE, FRONT END AT ANGLE",,0,Clear,Dry,Dark - Street Lights On,,4203028,,28,From opposite direction - one left turn - one straight,0,0,N
1270001.419,214730.2474,727,43600,43600,1482399,Matched,Block,,1ST AVE S BETWEEN S LANDER ST AND S FOREST ST,,,2,Injury Collision,Other,2,0,0,2,1,0,0,2005/03/08 00:00:00+00,3/8/2005,Driveway Junction,11,"MOTOR VEHICLE STRUCK MOTOR VEHICLE, FRONT END AT ANGLE",,0,Clear,Dry,Daylight,,5067010,,22,One car leaving driveway access,0,0,N
1275867.514,247977.85,728,1194,1194,3501624,Matched,Block,,UNIVERSITY WAY NE BETWEEN NE 56TH ST AND NE RAVENNA EB BV, ,,1,Property Damage Only Collision,Parked Car,3,0,0,2,0,0,0,2013/03/31 00:00:00+00,3/31/2013 1:01,Mid-Block (not related to intersection),16,"MOTOR VEHICLE STRUCK MOTOR VEHICLE, LEFT SIDE SIDESWIPE",,Y,Overcast,Dry,Dark - Street Lights On,,,,32,One parked--one moving,0,0,N
1285518.913,191843.0117,729,327915,329415,EA05318,Matched,Intersection,35484,RENTON AVE S AND S ROXBURY ST, ,,1,Property Damage Only Collision,Angles,5,0,0,2,0,0,0,2020/01/09 00:00:00+00,1/9/2020 14:12,At Intersection (intersection related),11,"MOTOR VEHICLE STRUCK MOTOR VEHICLE, FRONT END AT ANGLE",,N,Overcast,Dry,Daylight,,,,10,Entering at angle,0,0,N
1272189.903,230662.4075,730,1249,1249,3645425,Matched,Block,,BELLEVUE AVE E BETWEEN E HARRISON ST AND E REPUBLICAN ST, ,,1,Property Damage Only Collision,Parked Car,2,0,0,2,0,0,0,2013/03/23 00:00:00+00,3/23/2013 18:35,Mid-Block (not related to intersection),0,NOT ENOUGH INFORMATION / NOT APPLICABLE,,N,Unknown,Unknown,Unknown,,,,32,One parked--one moving,0,0,N
1273193.515,230853.6855,731,117400,117400,3332163,Matched,Block,,E REPUBLICAN ST BETWEEN BOYLSTON AVE E AND HARVARD AVE E,,,1,Property Damage Only Collision,Parked Car,2,0,0,2,0,0,0,2010/09/25 00:00:00+00,9/25/2010 13:15,Mid-Block (not related to intersection),11,"MOTOR VEHICLE STRUCK MOTOR VEHICLE, FRONT END AT ANGLE",,N,Clear,Dry,Daylight,,10268030,,32,One parked--one moving,0,0,N
1270073.147,223535.9797,732,322242,323742,E948530,Unmatched,Block,,1ST AVE BETWEEN CHERRY ST AND COLUMBIA ST,NEI,"Not Enough Information, or Insufficient Location Information",0,Unknown,,0,0,0,0,0,0,0,2019/08/08 00:00:00+00,8/8/2019,,0,NOT ENOUGH INFORMATION / NOT APPLICABLE,,,,,,,,, ,,0,0,Y
1278259.825,229222.5449,733,65200,65200,2621299,Matched,Block,,E DENNY WAY BETWEEN 23RD AVE AND 24TH AVE,,,1,Property Damage Only Collision,Parked Car,2,0,0,2,0,0,0,2007/01/15 00:00:00+00,1/15/2007 16:25,Mid-Block (not related to intersection),12,"MOTOR VEHICLE STRUCK MOTOR VEHICLE, RIGHT SIDE AT ANGLE",,0,Clear,Ice,Dusk,,7015014,,32,One parked--one moving,0,0,N
1269483.282,195274.4952,734,327853,329353,3856089,Matched,Block,,1ST AVE S BETWEEN S CLOVERDALE W ST AND 1ST AVS OFF S RP, ,,1,Property Damage Only Collision,Rear Ended,3,0,0,2,0,0,0,2020/01/16 00:00:00+00,1/16/2020 11:43,Mid-Block (not related to intersection),14,"MOTOR VEHICLE STRUCK MOTOR VEHICLE, REAR END",,N,Clear,Dry,Daylight,,,,13,From same direction - both going straight - both moving - rear-end,0,0,N
,,735,36900,36900,1933306,Matched,Block,,BROAD ST BETWEEN 5TH AVE N AND TAYLOR AVE N,,,1,Property Damage Only Collision,Sideswipe,2,0,0,2,0,0,0,2005/10/04 00:00:00+00,10/4/2005,Mid-Block (but intersection related),16,"MOTOR VEHICLE STRUCK MOTOR VEHICLE, LEFT SIDE SIDESWIPE",,0,Clear,Dry,Daylight,,5277028,,11,From same direction - both going straight - both moving - sideswipe,0,0,N
1284183.906,257600.6251,736,60500,60500,C677872,Matched,Block,,45TH AVE NE BETWEEN NE 94TH ST AND NE 95TH ST,,,1,Property Damage Only Collision,Other,2,0,0,2,0,0,0,2006/11/27 00:00:00+00,11/27/2006 13:30,Mid-Block (but intersection related),11,"MOTOR VEHICLE STRUCK MOTOR VEHICLE, FRONT END AT ANGLE",,0,Overcast,Dry,Daylight,,6331061,,23,From same direction - all others,0,0,N
1267261.305,239739.3068,737,52200,52200,2607959,Matched,Block,,AURORA BR BETWEEN RAYE ST AND BRIDGE WAY N,,,1,Property Damage Only Collision,Sideswipe,2,0,0,2,0,0,0,2006/12/20 00:00:00+00,12/20/2006 18:55,Mid-Block (not related to intersection),16,"MOTOR VEHICLE STRUCK MOTOR VEHICLE, LEFT SIDE SIDESWIPE",,0,Raining,Wet,Dark - Street Lights On,,6354039,,11,From same direction - both going straight - both moving - sideswipe,0,0,N
1271830.52,224042.6365,738,1331,1331,3548985,Matched,Block,,JAMES ST BETWEEN 6TH AVE AND 7TH AVE, ,,1,Property Damage Only Collision,Angles,2,0,0,2,0,0,0,2013/03/28 00:00:00+00,3/28/2013 10:10,Mid-Block (but intersection related),11,"MOTOR VEHICLE STRUCK MOTOR VEHICLE, FRONT END AT ANGLE",Y,N,Clear,Dry,Daylight,,,,10,Entering at angle,0,0,N
1270142.799,221849.4258,739,327881,329381,3852352,Matched,Intersection,30368,1ST AVE S AND S KING ST, ,,1,Property Damage Only Collision,Angles,3,0,0,2,0,0,0,2020/01/17 00:00:00+00,1/17/2020 7:21,At Intersection (intersection related),11,"MOTOR VEHICLE STRUCK MOTOR VEHICLE, FRONT END AT ANGLE",,N,Overcast,Dry,Dawn,,,,10,Entering at angle,0,0,N
1275139.28,210424.1422,740,17000,17000,1793348,Unmatched,Block,,S DAKOTA ST BETWEEN 15TH AVE S AND 16TH AVE S,,,0,Unknown,,0,0,0,0,0,0,0,2004/10/15 00:00:00+00,10/15/2004,Mid-Block (but intersection related),11,"MOTOR VEHICLE STRUCK MOTOR VEHICLE, FRONT END AT ANGLE",,,,,,,4289025,,,,0,0,N
1276893.937,202148.2682,741,49600,49600,2612370,Matched,Block,,SWIFT AVE S BETWEEN S EDDY ST AND S WARSAW ST,,,1,Property Damage Only Collision,Rear Ended,4,0,0,2,0,0,0,2006/08/30 00:00:00+00,8/30/2006 9:27,Mid-Block (but intersection related),14,"MOTOR VEHICLE STRUCK MOTOR VEHICLE, REAR END",Y,0,Overcast,Dry,Daylight,,6242027,,14,From same direction - both going straight - one stopped - rear-end,0,0,N
1276028.812,212328.8332,742,327832,329332,EA01466,Unmatched,Block,,ALAMO PL S BETWEEN S HINDS ST AND S SPOKANE ST,NEI,"Not Enough Information, or Insufficient Location Information",0,Unknown,,0,0,0,0,0,0,0,2020/01/09 00:00:00+00,1/9/2020,,0,NOT ENOUGH INFORMATION / NOT APPLICABLE,,,,,,,,, ,,0,0,Y
1268371.13,266961.4181,743,105100,105100,2795498,Matched,Block,,AURORA AVE N BETWEEN N 127TH ST AND N 128TH ST,,,2,Injury Collision,Rear Ended,4,0,0,4,3,0,0,2009/04/28 00:00:00+00,4/28/2009 14:34,Mid-Block (but intersection related),14,"MOTOR VEHICLE STRUCK MOTOR VEHICLE, REAR END",,0,Clear,Dry,Daylight,,9118008,,14,From same direction - both going straight - one stopped - rear-end,0,0,N
1277862.053,257678.0854,744,17500,17500,1782282,Matched,Block,,LAKE CITY WAY NE BETWEEN RAVENNA WR AVE NE AND NE 95TH ST,,,1,Property Damage Only Collision,Sideswipe,4,0,0,2,0,0,0,2004/06/10 00:00:00+00,6/10/2004 22:40,Mid-Block (not related to intersection),16,"MOTOR VEHICLE STRUCK MOTOR VEHICLE, LEFT SIDE SIDESWIPE",,0,Clear,Wet,Dark - Street Lights On,,4162033,,11,From same direction - both going straight - both moving - sideswipe,0,0,N
1270791.777,224850.6856,745,322153,323653,3811850,Matched,Intersection,29948,5TH AVE AND MADISON ST, ,,1,Property Damage Only Collision,Sideswipe,2,0,0,2,0,0,0,2019/08/09 00:00:00+00,8/9/2019 16:50,At Intersection (intersection related),11,"MOTOR VEHICLE STRUCK MOTOR VEHICLE, FRONT END AT ANGLE",Y,N,Clear,Dry,Daylight,,,,11,From same direction - both going straight - both moving - sideswipe,0,0,N
1277383.039,252630.9942,746,1309,1309,3507768,Matched,Block,,NE 75TH ST BETWEEN 19TH AVE NE AND 20TH AVE NE, ,,2,Injury Collision,Cycles,2,0,1,1,1,0,0,2013/04/01 00:00:00+00,4/1/2013 15:30,Mid-Block (not related to intersection),23,"MOTOR VEHICLE STRUCK PEDALCYCLIST, LEFT SIDE SIDESWIPE",,N,Clear,Dry,Daylight,,,,45,Vehicle - Pedalcyclist,40890,0,N
1269809.942,229665.09,747,22400,22400,4064030,Unmatched,Block,,JOHN ST BETWEEN DEAD END AND BOREN AVE N,,,0,Unknown,,0,0,0,0,0,0,0,2004/03/04 00:00:00+00,3/4/2004,Mid-Block (not related to intersection),11,"MOTOR VEHICLE STRUCK MOTOR VEHICLE, FRONT END AT ANGLE",,,,,,,4064030,,,,0,0,N
1257127.193,205251.9855,748,59600,59600,2613682,Matched,Intersection,32804,42ND AVE SW AND SW FINDLAY ST,,,1,Property Damage Only Collision,Angles,6,0,0,2,0,0,0,2006/08/19 00:00:00+00,8/19/2006 12:09,At Intersection (intersection related),14,"MOTOR VEHICLE STRUCK MOTOR VEHICLE, REAR END",,0,Clear,Dry,Daylight,,6231020,,10,Entering at angle,0,0,N
1267640.4,259661.4628,749,34500,34500,2184903,Matched,Block,,LINDEN AVE N BETWEEN N 100TH ST AND N 101ST ST,,,1,Property Damage Only Collision,Other,1,0,0,1,0,0,0,2005/12/15 00:00:00+00,12/15/2005 9:44,Mid-Block (not related to intersection),28,MOTOR VEHICLE RAN OFF ROAD - HIT FIXED OBJECT,,0,Overcast,Wet,Daylight,,5349038,,50,Fixed object,0,0,N
1282244.44,197591.352,750,1105,1105,3615266,Matched,Block,,39TH AVE S BETWEEN S HOLDEN ST AND S KENYON ST, ,,1,Property Damage Only Collision,Parked Car,2,0,0,2,0,0,0,2013/03/28 00:00:00+00,3/28/2013 20:00,Mid-Block (not related to intersection),0,NOT ENOUGH INFORMATION / NOT APPLICABLE,,N,Unknown,Unknown,Unknown,,,,32,One parked--one moving,0,0,N
1273233.143,224517.6429,751,1361,1361,3593847,Matched,Intersection,29817,BOREN AVE AND JEFFERSON ST, ,,2,Injury Collision,Cycles,2,0,1,1,1,0,0,2013/04/02 00:00:00+00,4/2/2013 18:42,At Intersection (intersection related),18,"MOTOR VEHICLE STRUCK PEDALCYCLIST, FRONT END AT ANGLE",,N,Clear,Dry,Daylight,,,,45,Vehicle - Pedalcyclist,25156,0,N
1279700.998,208535.9432,752,44000,44000,1791236,Matched,Block,,M L KING JR WR WAY S BETWEEN S COLUMBIAN WAY AND S SNOQUALMIE ST,,,1,Property Damage Only Collision,Rear Ended,2,0,0,2,0,0,0,2005/02/24 00:00:00+00,2/24/2005 7:15,Mid-Block (but intersection related),14,"MOTOR VEHICLE STRUCK MOTOR VEHICLE, REAR END",,0,Clear,Dry,Daylight,,5055019,,14,From same direction - both going straight - one stopped - rear-end,0,0,N
1268315.165,260702.2429,753,1004,1004,3552564,Matched,Block,,AURORA AVE N BETWEEN N 104TH ST AND N NORTHGATE WAY, ,,2,Injury Collision,Rear Ended,2,0,0,2,1,0,0,2013/03/22 00:00:00+00,3/22/2013 19:26,Mid-Block (but intersection related),14,"MOTOR VEHICLE STRUCK MOTOR VEHICLE, REAR END",,N,Clear,Dry,Daylight,,,,14,From same direction - both going straight - one stopped - rear-end,0,0,N
1266172.334,241393.8349,754,50000,50000,2184811,Matched,Block,,N 36TH ST BETWEEN DAYTON AVE N AND FREMONT PL N,,,1,Property Damage Only Collision,Parked Car,3,0,0,2,0,0,0,2006/02/21 00:00:00+00,2/21/2006 0:13,Mid-Block (not related to intersection),11,"MOTOR VEHICLE STRUCK MOTOR VEHICLE, FRONT END AT ANGLE",,0,Clear,Dry,Dark - Street Lights On,,6052020,,19,One car entering parked position,0,0,N
1268278.019,271444.0835,755,31300,31300,1212334,Matched,Block,,N 145TH ST BETWEEN WHITMAN AVE N AND AURORA AVE N,,,2b,Serious Injury Collision,Pedestrian,2,1,0,1,1,1,0,2004/02/06 00:00:00+00,2/6/2004,Mid-Block (not related to intersection),24,MOTOR VEHCILE STRUCK PEDESTRIAN,,0,Raining,Wet,Dark - Street Lights On,,4037004,,0,Vehicle going straight hits pedestrian,0,0,N
1271572.055,231930.0556,756,1299,1299,3643726,Matched,Block,,EASTLAKE AVE E BETWEEN LAKEVIEW BLVD E AND ALOHA ST, ,,2,Injury Collision,Sideswipe,2,0,0,2,2,0,0,2013/03/30 00:00:00+00,3/30/2013 13:05,Mid-Block (not related to intersection),16,"MOTOR VEHICLE STRUCK MOTOR VEHICLE, LEFT SIDE SIDESWIPE",,N,Clear,Dry,Daylight,,,,11,From same direction - both going straight - both moving - sideswipe,0,0,N
1275276.384,258328.8564,757,76300,76300,2795229,Matched,Block,,NE 96TH ST BETWEEN ROOSEVELT WAY NE AND 12TH AVE NE,,,1,Property Damage Only Collision,Parked Car,4,0,0,3,0,0,0,2007/02/03 00:00:00+00,2/3/2007,Mid-Block (but intersection related),14,"MOTOR VEHICLE STRUCK MOTOR VEHICLE, REAR END",,0,Raining,Wet,Daylight,,7034022,,32,One parked--one moving,0,0,N
1258374.231,247166.5689,758,78100,78100,2803661,Matched,Block,,BALLARD AVE NW BETWEEN NW VERNON PL AND 22ND AVE NW,,,1,Property Damage Only Collision,Parked Car,2,0,0,2,0,0,0,2007/02/09 00:00:00+00,2/9/2007,Mid-Block (not related to intersection),14,"MOTOR VEHICLE STRUCK MOTOR VEHICLE, REAR END",,0,Overcast,Dry,Daylight,,7040037,,32,One parked--one moving,0,0,N
1276260.578,203011.2836,759,19100,19100,1779486,Matched,Intersection,33396,SWIFT AVE S AND S GRAHAM ST,,,1,Property Damage Only Collision,Left Turn,3,0,0,2,0,0,0,2004/02/27 00:00:00+00,2/27/2004 17:42,At Intersection (intersection related),11,"MOTOR VEHICLE STRUCK MOTOR VEHICLE, FRONT END AT ANGLE",,0,Overcast,Dry,Dusk,,4058018,,28,From opposite direction - one left turn - one straight,0,0,N
1279851.307,208794.0185,760,322157,323657,E948172,Matched,Block,,S OREGON ST BETWEEN M L KING JR ER WAY S AND 31ST AVE S, ,,1,Property Damage Only Collision,Other,1,0,0,1,0,0,0,2019/08/07 00:00:00+00,8/7/2019 10:27,Mid-Block (but intersection related),28,MOTOR VEHICLE RAN OFF ROAD - HIT FIXED OBJECT,,N,Clear,Dry,Daylight,,,,50,Fixed object,0,0,N
1269564.233,226923.1313,761,1311,1311,2606572,Matched,Block,,5TH AVE BETWEEN PINE ST AND OLIVE WAY, ,,2,Injury Collision,Right Turn,4,0,0,2,1,0,0,2013/03/28 00:00:00+00,3/28/2013 6:27,Mid-Block (but intersection related),11,"MOTOR VEHICLE STRUCK MOTOR VEHICLE, FRONT END AT ANGLE",Y,N,Raining,Wet,Dark - Street Lights On,,,,16,From same direction - one right turn - one straight,0,0,N