X,Y,OBJECTID,INCKEY,COLDETKEY,REPORTNO,STATUS,ADDRTYPE,INTKEY,LOCATION,EXCEPTRSNCODE,EXCEPTRSNDESC,SEVERITYCODE,SEVERITYDESC,COLLISIONTYPE,PERSONCOUNT,PEDCOUNT,PEDCYLCOUNT,VEHCOUNT,INJURIES,SERIOUSINJURIES,FATALITIES,INCDATE,INCDTTM,JUNCTIONTYPE,SDOT_COLCODE,SDOT_COLDESC,INATTENTIONIND,UNDERINFL,WEATHER,ROADCOND,LIGHTCOND,PEDROWNOTGRNT,SDOTCOLNUM,SPEEDING,ST_COLCODE,ST_COLDESC,SEGLANEKEY,CROSSWALKKEY,HITPARKEDCAR
1256529.671,248085.3474,762,20100,20100,1473746,Matched,Block,,NW 56TH ST BETWEEN 26TH AVE NW AND 28TH AVE NW,,,1,Property Damage Only Collision,Parked Car,2,0,0,2,0,0,0,2004/03/20 00:00:00+00,3/20/2004 22:25,Driveway Junction,11,"MOTOR VEHICLE STRUCK MOTOR VEHICLE, FRONT END AT ANGLE",,0,Clear,Dry,Dark - Street Lights On,,4080013,,32,One parked--one moving,0,0,N
1282322.775,209902.7332,763,56800,56800,2279331,Matched,Intersection,32700,39TH AVE S AND S DAKOTA ST,,,1,Property Damage Only Collision,Angles,2,0,0,2,0,0,0,2006/02/08 00:00:00+00,2/8/2006,At Intersection (intersection related),14,"MOTOR VEHICLE STRUCK MOTOR VEHICLE, REAR END",,0,Clear,Dry,Daylight,,6039015,,10,Entering at angle,0,0,N
1265648.499,247031.8261,764,36500,36500,5037033,Unmatched,Intersection,25643,PHINNEY AVE N AND N 53RD ST,,,0,Unknown,,0,0,0,0,0,0,0,2005/02/06 00:00:00+00,2/6/2005,At Intersection (intersection related),11,"MOTOR VEHICLE STRUCK MOTOR VEHICLE, FRONT END AT ANGLE",,,,,,,5037033,,,,0,0,N
1280342.705,267442.879,765,1081,1081,3597017,Matched,Block,,30TH AVE NE BETWEEN NE 130TH ST AND NE 133RD ST, ,,2,Injury Collision,Other,1,0,0,1,1,0,0,2013/03/25 00:00:00+00,3/25/2013 3:39,Mid-Block (not related to intersection),28,MOTOR VEHICLE RAN OFF ROAD - HIT FIXED OBJECT,,N,Clear,Dry,Dark - Street Lights Off,,,,50,Fixed object,0,0,N
,,766,25100,25100,1328062,Matched,,,,NEI,"Not Enough Information, or Insufficient Location Information",1,Property Damage Only Collision,Sideswipe,2,0,0,2,0,0,0,2004/02/06 00:00:00+00,2/6/2004,,0,NOT ENOUGH INFORMATION / NOT APPLICABLE,,0,Overcast,Wet,Dark - Street Lights On,,4037017,,11,From same direction - both going straight - both moving - sideswipe,0,0,N
1271830.52,224042.6365,767,45100,45100,1796669,Matched,Block,,JAMES ST BETWEEN 6TH AVE AND 7TH AVE,,,2,Injury Collision,Rear Ended,3,0,0,2,1,0,0,2005/04/19 00:00:00+00,4/19/2005 15:25,Mid-Block (but intersection related),14,"MOTOR VEHICLE STRUCK MOTOR VEHICLE, REAR END",,0,Clear,Dry,Daylight,,5109001,,14,From same direction - both going straight - one stopped - rear-end,0,0,N
1283741.641,199249.1448,768,1200,1200,2897718,Matched,Block,,S OTHELLO ST BETWEEN 44TH AVE S AND 45TH AVE S, ,,1,Property Damage Only Collision,Parked Car,2,0,0,2,0,0,0,2013/03/30 00:00:00+00,3/30/2013 0:45,Mid-Block (not related to intersection),14,"MOTOR VEHICLE STRUCK MOTOR VEHICLE, REAR END",,N,Clear,Dry,Dark - Street Lights On,,,Y,32,One parked--one moving,0,0,N
,,769,77300,77300,2827941,Matched,Alley,,,,,1,Property Damage Only Collision,Parked Car,2,0,0,2,0,0,0,2007/10/16 00:00:00+00,10/16/2007 16:00,Driveway Junction,11,"MOTOR VEHICLE STRUCK MOTOR VEHICLE, FRONT END AT ANGLE",,0,Unknown,Unknown,Daylight,,7289009,,20,One car leaving parked position,0,0,N
1274536.981,254035.2847,770,31900,31900,1780156,Matched,Block,,NE 80TH ST BETWEEN 8TH AVE NE AND ROOSEVELT WAY NE,,,1,Property Damage Only Collision,Angles,6,0,0,2,0,0,0,2004/02/28 00:00:00+00,2/28/2004 21:55,Mid-Block (but intersection related),11,"MOTOR VEHICLE STRUCK MOTOR VEHICLE, FRONT END AT ANGLE",,0,Clear,Dry,Dark - Street Lights On,,4059020,,10,Entering at angle,0,0,N
1277419.797,216111.9996,771,327925,329425,3856952,Matched,Intersection,31578,22ND AVE S AND S COLLEGE ST, ,,1,Property Damage Only Collision,Angles,2,0,0,2,0,0,0,2020/01/21 00:00:00+00,1/21/2020 10:25,At Intersection (intersection related),11,"MOTOR VEHICLE STRUCK MOTOR VEHICLE, FRONT END AT ANGLE",,N,Raining,Wet,Daylight,,,,10,Entering at angle,0,0,N
1281192.098,211229.939,772,1286,1286,3467518,Matched,Block,,S CHARLESTOWN ST BETWEEN 35TH AVE S AND 36TH AVE S, ,,2,Injury Collision,Parked Car,2,0,0,2,2,0,0,2013/03/27 00:00:00+00,3/27/2013 16:24,Mid-Block (not related to intersection),11,"MOTOR VEHICLE STRUCK MOTOR VEHICLE, FRONT END AT ANGLE",,N,Raining,Wet,Daylight,,,,32,One parked--one moving,0,0,N
1269916.982,223799.7439,773,118500,118500,2907022,Matched,Block,,1ST AVE BETWEEN COLUMBIA ST AND MARION ST,,,1,Property Damage Only Collision,Parked Car,2,0,0,2,0,0,0,2010/04/10 00:00:00+00,4/10/2010 2:25,Mid-Block (not related to intersection),11,"MOTOR VEHICLE STRUCK MOTOR VEHICLE, FRONT END AT ANGLE",,N,Clear,Dry,Dark - Street Lights On,,10100014,,32,One parked--one moving,0,0,N
1275750.818,223159.2365,774,54100,54100,2401006,Matched,Block,,16TH AVE BETWEEN E YESLER WAY AND E FIR W ST,,,1,Property Damage Only Collision,Parked Car,2,0,0,2,0,0,0,2006/06/28 00:00:00+00,6/28/2006 18:51,Driveway Junction,11,"MOTOR VEHICLE STRUCK MOTOR VEHICLE, FRONT END AT ANGLE",Y,0,Clear,Dry,Daylight,,6179017,,32,One parked--one moving,0,0,N
1259091.025,194221.9915,775,1051,1051,3380687,Matched,Block,,35TH AVE SW BETWEEN SW HENDERSON ST AND SW BARTON ST, ,,1,Property Damage Only Collision,Angles,5,0,0,3,0,0,0,2013/03/26 00:00:00+00,3/26/2013 9:11,Mid-Block (but intersection related),11,"MOTOR VEHICLE STRUCK MOTOR VEHICLE, FRONT END AT ANGLE",,N,Clear,Dry,Daylight,,,,10,Entering at angle,0,0,N
1273838.842,242792.6607,776,322184,323684,E948538,Unmatched,Intersection,27114,7TH AVE NE AND NE 40TH ST, ,,1,Property Damage Only Collision,,1,0,0,0,0,0,0,2019/08/08 00:00:00+00,8/8/2019,At Intersection (intersection related),11,"MOTOR VEHICLE STRUCK MOTOR VEHICLE, FRONT END AT ANGLE",,,,,,,,, ,,0,0,N
1266991.777,229948.7015,777,1215,1215,3562737,Matched,Block,,5TH AVE N BETWEEN JOHN ST AND BROAD ST, ,,2,Injury Collision,Rear Ended,2,0,0,2,1,0,0,2013/03/30 00:00:00+00,3/30/2013 16:49,Mid-Block (not related to intersection),14,"MOTOR VEHICLE STRUCK MOTOR VEHICLE, REAR END",Y,N,Clear,Dry,Daylight,,,,14,From same direction - both going straight - one stopped - rear-end,0,0,N
1269977.573,224013.4322,778,1147,1147,3548946,Unmatched,Block,,MARION ST BETWEEN 1ST AVE AND 2ND AVE, ,,1,Property Damage Only Collision,,2,0,0,0,0,0,0,2013/03/29 00:00:00+00,3/29/2013,Mid-Block (not related to intersection),14,"MOTOR VEHICLE STRUCK MOTOR VEHICLE, REAR END",,,,,,,,, ,,0,0,N
1269269.121,218748.8547,779,28700,28700,1213894,Matched,Block,,ALASKAN WY VI SB BETWEEN ALASKAN WY VI SB EFR OFF RP AND S HOLGATE ST,,,1,Property Damage Only Collision,Other,1,0,0,1,0,0,0,2004/09/12 00:00:00+00,9/12/2004 6:20,Mid-Block (not related to intersection),28,MOTOR VEHICLE RAN OFF ROAD - HIT FIXED OBJECT,,0,Unknown,Unknown,Unknown,,4256026,,51,Other object,0,0,N
1268433.323,227169.2336,780,40900,40900,1907779,Matched,Block,,3RD AVE BETWEEN VIRGINIA ST AND LENORA ST,,,1,Property Damage Only Collision,Rear Ended,4,0,0,2,0,0,0,2005/05/18 00:00:00+00,5/18/2005 22:38,Mid-Block (but intersection related),14,"MOTOR VEHICLE STRUCK MOTOR VEHICLE, REAR END",,0,Overcast,Wet,Dark - Street Lights On,,5138056,,14,From same direction - both going straight - one stopped - rear-end,0,0,N
1283912.72,199581.5302,781,1229,1229,3672151,Matched,Block,,45TH AVE S BETWEEN S MYRTLE ST AND S OTHELLO ST, ,,1,Property Damage Only Collision,Parked Car,2,0,0,2,0,0,0,2013/03/30 00:00:00+00,3/30/2013 23:35,Mid-Block (not related to intersection),11,"MOTOR VEHICLE STRUCK MOTOR VEHICLE, FRONT END AT ANGLE",,N,Clear,Dry,Dark - No Street Lights,,,,32,One parked--one moving,0,0,N
1267905.493,240669.2351,782,327897,329397,EA01106,Matched,Intersection,27040,ALBION PL N AND N 35TH ST, ,,1,Property Damage Only Collision,Angles,3,0,0,3,0,0,0,2020/01/09 00:00:00+00,1/9/2020 8:38,At Intersection (intersection related),11,"MOTOR VEHICLE STRUCK MOTOR VEHICLE, FRONT END AT ANGLE",,N,Raining,Wet,Daylight,,,,10,Entering at angle,0,0,N
1279494.28,199660.56,783,1267,1267,3672025,Matched,Block,,BEACON ER AVE S BETWEEN S MYRTLE ST AND S OTHELLO ST, ,,2,Injury Collision,Rear Ended,6,0,0,2,1,0,0,2013/03/31 00:00:00+00,3/31/2013 19:00,Mid-Block (not related to intersection),14,"MOTOR VEHICLE STRUCK MOTOR VEHICLE, REAR END",,N,Clear,Dry,Dusk,,,,14,From same direction - both going straight - one stopped - rear-end,0,0,N
1277852.553,240587.497,784,117300,117300,2880897,Matched,Block,,MONTLAKE BLVD NE BETWEEN NE PACIFIC ST AND NE PACIFIC PL,,,2,Injury Collision,Rear Ended,3,0,0,2,1,0,0,2010/10/15 00:00:00+00,10/15/2010 19:32,Mid-Block (not related to intersection),14,"MOTOR VEHICLE STRUCK MOTOR VEHICLE, REAR END",,N,Clear,Dry,Dusk,,10288024,,13,From same direction - both going straight - both moving - rear-end,0,0,N
1267898.854,252516.2378,785,322237,323737,E949029,Unmatched,Block,,WINONA AVE N BETWEEN LINDEN AVE N AND N 74TH ST,NEI,"Not Enough Information, or Insufficient Location Information",0,Unknown,,0,0,0,0,0,0,0,2019/08/10 00:00:00+00,8/10/2019,,0,NOT ENOUGH INFORMATION / NOT APPLICABLE,,,,,,,,, ,,0,0,Y
1271330.693,217779.6332,786,64500,64500,2793287,Matched,Block,,4TH AVE S BETWEEN S MASSACHUSETTS ST AND S HOLGATE ST,,,2,Injury Collision,Other,2,0,0,2,1,0,0,2007/03/14 00:00:00+00,3/14/2007 17:40,Driveway Junction,11,"MOTOR VEHICLE STRUCK MOTOR VEHICLE, FRONT END AT ANGLE",,0,Clear,Dry,Dark - Street Lights On,,7073002,,22,One car leaving driveway access,0,0,N
1263133.164,195463.5082,787,327840,329340,3851937,Unmatched,Block,,DELRIDGE WAY SW BETWEEN SW CLOVERDALE ST AND SW TRENTON ST, ,,0,Unknown,,0,0,0,0,0,0,0,2020/01/16 00:00:00+00,1/16/2020,Mid-Block (not related to intersection),16,"MOTOR VEHICLE STRUCK MOTOR VEHICLE, LEFT SIDE SIDESWIPE",,,,,,,,, ,,0,0,Y
1278944.086,249286.248,788,37800,37800,2022690,Matched,Block,,25TH AVE NE BETWEEN NE 60TH ST AND NE 65TH ST,,,2,Injury Collision,Rear Ended,3,0,0,2,1,0,0,2005/04/23 00:00:00+00,4/23/2005 13:31,Mid-Block (not related to intersection),14,"MOTOR VEHICLE STRUCK MOTOR VEHICLE, REAR END",,0,Clear,Dry,Daylight,,5113036,,14,From same direction - both going straight - one stopped - rear-end,0,0,N
1283235.805,243109.7707,789,61300,61300,2617920,Matched,Block,,42ND AVE NE BETWEEN NE 38TH ST AND NE 41ST ST,,,1,Property Damage Only Collision,Parked Car,2,0,0,2,0,0,0,2006/12/10 00:00:00+00,12/10/2006 16:00,Mid-Block (not related to intersection),16,"MOTOR VEHICLE STRUCK MOTOR VEHICLE, LEFT SIDE SIDESWIPE",,0,Unknown,Unknown,Unknown,,6344008,,32,One parked--one moving,0,0,N
1277773.185,207184.5729,790,51600,51600,2059498,Matched,Block,,S FERDINAND ST BETWEEN 24TH AVE S AND 24TH PL S,,,1,Property Damage Only Collision,Parked Car,2,0,0,2,0,0,0,2006/05/28 00:00:00+00,5/28/2006 15:00,Mid-Block (not related to intersection),11,"MOTOR VEHICLE STRUCK MOTOR VEHICLE, FRONT END AT ANGLE",,0,Overcast,Wet,Daylight,,6148025,,32,One parked--one moving,0,0,N
1260234.884,245000.8095,791,1340,1340,3582015,Matched,Block,,BALLARD BR BETWEEN POINT B AND BALLARD BR OFF RP, ,,1,Property Damage Only Collision,Sideswipe,2,0,0,2,0,0,0,2013/03/28 00:00:00+00,3/28/2013 15:28,Mid-Block (not related to intersection),11,"MOTOR VEHICLE STRUCK MOTOR VEHICLE, FRONT END AT ANGLE",,N,Clear,Dry,Daylight,,,,11,From same direction - both going straight - both moving - sideswipe,0,0,N
1275858.488,247370.3321,792,327886,329386,3854957,Matched,Intersection,25760,UNIVERSITY WAY NE AND NE 55TH ST, ,,2,Injury Collision,Pedestrian,2,1,0,1,1,0,0,2020/01/17 00:00:00+00,1/17/2020 17:44,At Intersection (intersection related),24,MOTOR VEHCILE STRUCK PEDESTRIAN,,N,Clear,Dry,Dark - Street Lights On,Y,,,0,Vehicle going straight hits pedestrian,0,0,N
1270220.76,212036.9638,793,1396,1396,3671784,Matched,Block,,S SPOKANE SR ST BETWEEN 1ST AVE S AND 2ND AVE S, ,,1,Property Damage Only Collision,Left Turn,3,0,0,2,0,0,0,2013/04/03 00:00:00+00,4/3/2013 13:03,Mid-Block (not related to intersection),14,"MOTOR VEHICLE STRUCK MOTOR VEHICLE, REAR END",Y,N,Clear,Dry,Daylight,,,,15,From same direction - one left turn - one straight,0,0,N
1259987.057,252692.374,794,49200,49200,2400558,Matched,Block,,16TH AVE NW BETWEEN NW 73RD ST AND NW 75TH ST,,,1,Property Damage Only Collision,Parked Car,2,0,0,2,0,0,0,2006/05/21 00:00:00+00,5/21/2006 12:00,Mid-Block (not related to intersection),14,"MOTOR VEHICLE STRUCK MOTOR VEHICLE, REAR END",,0,Unknown,Unknown,Unknown,,6141030,,32,One parked--one moving,0,0,N
1272915.799,227551.992,795,327790,329290,3847630,Matched,Intersection,29743,BOYLSTON AVE AND E PIKE ST, ,,2,Injury Collision,Other,1,0,0,1,1,0,0,2020/01/15 00:00:00+00,1/15/2020 9:38,At Intersection (intersection related),28,MOTOR VEHICLE RAN OFF ROAD - HIT FIXED OBJECT,,N,Overcast,Wet,Daylight,,,,50,Fixed object,0,0,N
1287341.224,186580.8856,796,120100,120100,3567070,Matched,Block,,S LEO ST BETWEEN 56TH E AVE S AND 57TH AVE S,,,1,Property Damage Only Collision,Other,1,0,0,1,0,0,0,2011/06/11 00:00:00+00,6/11/2011 23:36,Mid-Block (not related to intersection),28,MOTOR VEHICLE RAN OFF ROAD - HIT FIXED OBJECT,,N,Clear,Dry,Dark - Street Lights On,,11162002,,50,Fixed object,0,0,N
1276641.676,245352.3314,797,18300,18300,4072036,Unmatched,Intersection,26068,17TH SB AVE NE AND NE 47TH ST,,,0,Unknown,,0,0,0,0,0,0,0,2004/03/12 00:00:00+00,3/12/2004,At Intersection (intersection related),11,"MOTOR VEHICLE STRUCK MOTOR VEHICLE, FRONT END AT ANGLE",,,,,,,4072036,,,,0,0,N
1272666.777,230865.6904,798,322197,323697,3548000,Matched,Block,,E REPUBLICAN ST BETWEEN SUMMIT AVE E AND BELMONT AVE E, ,,1,Property Damage Only Collision,Other,1,0,0,1,0,0,0,2019/08/09 00:00:00+00,8/9/2019 3:33,Mid-Block (not related to intersection),26,MOTOR VEHICLE STRUCK OBJECT IN ROAD,,N,Clear,Dry,Dark - Street Lights On,,,,50,Fixed object,0,0,N
1274527.158,226393.097,799,1294,1294,3615286,Unmatched,Block,,12TH AVE BETWEEN E MARION ST AND E SPRING ST,NEI,"Not Enough Information, or Insufficient Location Information",1,Property Damage Only Collision,,1,0,0,0,0,0,0,2013/03/13 00:00:00+00,3/13/2013,Mid-Block (not related to intersection),0,NOT ENOUGH INFORMATION / NOT APPLICABLE,,,,,,,,, ,,0,0,N
1270132.743,257483.5188,800,22000,22000,1079891,Matched,Block,,N 92ND ST BETWEEN DENSMORE AVE N AND WALLINGFORD AVE N,,,2,Injury Collision,Other,1,0,1,0,1,0,0,2004/10/11 00:00:00+00,10/11/2004 16:00,Mid-Block (but intersection related),69,PEDALCYCLIST OVERTURNED IN ROAD,,0,Clear,Dry,Daylight,,4285019,,52,Vehicle overturned,0,0,N
1272482.366,203099.9441,801,57300,57300,2404532,Matched,Block,,S MICHIGAN ST BETWEEN 7TH AVE S AND CORSON AVE S,,,1,Property Damage Only Collision,Other,2,0,0,2,0,0,0,2006/05/31 00:00:00+00,5/31/2006 17:20,Driveway Junction,11,"MOTOR VEHICLE STRUCK MOTOR VEHICLE, FRONT END AT ANGLE",,0,Clear,Dry,Daylight,,6151015,,22,One car leaving driveway access,0,0,N
1274871.127,230602.6619,802,36000,36000,1793318,Matched,Block,,13TH AVE E BETWEEN E HARRISON ST AND E REPUBLICAN ST,,,1,Property Damage Only Collision,Parked Car,2,0,0,2,0,0,0,2005/05/02 00:00:00+00,5/2/2005,Mid-Block (not related to intersection),13,"MOTOR VEHICLE STRUCK MOTOR VEHICLE, LEFT SIDE AT ANGLE",,0,Clear,Dry,Unknown,,5122030,,32,One parked--one moving,0,0,N
1275885.729,241688.878,803,1099,1099,3503283,Matched,Intersection,27149,15TH AVE NE AND NE PACIFIC ST, ,,1,Property Damage Only Collision,Cycles,2,0,1,1,0,0,0,2013/03/28 00:00:00+00,3/28/2013 15:30,At Intersection (intersection related),18,"MOTOR VEHICLE STRUCK PEDALCYCLIST, FRONT END AT ANGLE",,N,Clear,Dry,Daylight,Y,,,45,Vehicle - Pedalcyclist,0,520838,N
1274643.415,244486.5489,804,24900,24900,1794238,Unmatched,Block,,ROOSEVELT WAY NE BETWEEN NE 43RD N ST AND NE 45TH ST,,,0,Unknown,,0,0,0,0,0,0,0,2004/12/02 00:00:00+00,12/2/2004,Mid-Block (but intersection related),14,"MOTOR VEHICLE STRUCK MOTOR VEHICLE, REAR END",,,,,,,4337012,,,,0,0,N
1264181.375,259826.4808,805,46200,46200,1791736,Matched,Block,,HOLMAN RD NW BETWEEN 4TH AVE NW AND 3RD AVE NW,,,1,Property Damage Only Collision,Rear Ended,2,0,0,2,0,0,0,2005/04/11 00:00:00+00,4/11/2005 18:31,Mid-Block (not related to intersection),14,"MOTOR VEHICLE STRUCK MOTOR VEHICLE, REAR END",Y,0,Raining,Wet,Dusk,,5101020,,13,From same direction - both going straight - both moving - rear-end,0,0,N
1269395.978,226576.089,806,330000,331500,C824543,Unmatched,Intersection,29579,4TH AVE AND PINE ST, ,,0,Unknown,,0,0,0,0,0,0,0,2019/10/23 00:00:00+00,10/23/2019,At Intersection (intersection related),16,"MOTOR VEHICLE STRUCK MOTOR VEHICLE, LEFT SIDE SIDESWIPE",,,,,,,,, ,,0,0,N
1280847.792,197719.8358,807,1159,1159,3671682,Matched,Block,,BEACON WR AVE S BETWEEN S PORTLAND ST AND S CHICAGO ST, ,,1,Property Damage Only Collision,Parked Car,3,0,0,3,0,0,0,2013/03/26 00:00:00+00,3/26/2013 7:20,Mid-Block (not related to intersection),14,"MOTOR VEHICLE STRUCK MOTOR VEHICLE, REAR END",,N,Overcast,Dry,Dark - Street Lights On,,,,32,One parked--one moving,0,0,N
1269455.295,227106.8494,808,30100,30100,1777460,Matched,Intersection,29567,5TH AVE AND OLIVE WAY,,,1,Property Damage Only Collision,Sideswipe,2,0,0,2,0,0,0,2004/01/23 00:00:00+00,1/23/2004 12:07,At Intersection (intersection related),11,"MOTOR VEHICLE STRUCK MOTOR VEHICLE, FRONT END AT ANGLE",,0,Raining,Wet,Daylight,,4023021,,11,From same direction - both going straight - both moving - sideswipe,0,0,N
1266541.54,243607.4288,809,1253,1253,3615280,Unmatched,Block,,N 42ND ST BETWEEN EVANSTON AVE N AND FREMONT AVE N, ,,0,Unknown,,0,0,0,0,0,0,0,2013/03/30 00:00:00+00,3/30/2013,Mid-Block (not related to intersection),0,NOT ENOUGH INFORMATION / NOT APPLICABLE,,,,,,,,, ,,0,0,N
1268574.098,207886.4186,810,118400,118400,3384011,Matched,Block,,EAST MARGINAL WAY S BETWEEN S ALASKA ST AND XW ALASKA,,,1,Property Damage Only Collision,Other,1,0,0,1,0,0,0,2010/04/19 00:00:00+00,4/19/2010 17:30,Mid-Block (not related to intersection),0,NOT ENOUGH INFORMATION / NOT APPLICABLE,,N,Clear,Dry,Daylight,,10109001,,57,All other non-collision,0,0,N
1283215.89,245822.5499,811,55300,55300,2061341,Matched,Block,,SAND POINT WAY NE BETWEEN PENNY DR AND NE 50TH ST,,,1,Property Damage Only Collision,Other,3,0,0,1,0,0,0,2006/03/06 00:00:00+00,3/6/2006,Mid-Block (not related to intersection),28,MOTOR VEHICLE RAN OFF ROAD - HIT FIXED OBJECT,,0,Raining,Wet,Dark - Street Lights On,,6065012,Y,50,Fixed object,0,0,N
1254256.509,252447.2801,812,1050,1050,2906693,Matched,Block,,34TH AVE NW BETWEEN NW 72ND ST AND NW 73RD ST, ,,1,Property Damage Only Collision,Parked Car,2,0,0,2,0,0,0,2013/03/26 00:00:00+00,3/26/2013 20:42,Mid-Block (not related to intersection),14,"MOTOR VEHICLE STRUCK MOTOR VEHICLE, REAR END",,N,Clear,Dry,Dark - No Street Lights,,,,32,One parked--one moving,0,0,N
1265591.064,227627.3577,813,322176,323676,E948534,Unmatched,Block,,ALASKAN WAY BETWEEN VINE ST AND CLAY ST,NEI,"Not Enough Information, or Insufficient Location Information",0,Unknown,,0,0,0,0,0,0,0,2019/08/07 00:00:00+00,8/7/2019,,0,NOT ENOUGH INFORMATION / NOT APPLICABLE,,,,,,,,, ,,0,0,Y
1263091.798,193799.9039,814,322145,323645,3752684,Matched,Intersection,34883,21ST AVE SW AND SW BARTON ST, ,,1,Property Damage Only Collision,Angles,2,0,0,2,0,0,0,2019/08/07 00:00:00+00,8/7/2019 14:20,At Intersection (intersection related),11,"MOTOR VEHICLE STRUCK MOTOR VEHICLE, FRONT END AT ANGLE",,N,Clear,Dry,Daylight,,,,10,Entering at angle,0,0,N
1270124.916,225344.7849,815,26700,26700,1482393,Matched,Block,,4TH AVE BETWEEN SENECA ST AND UNIVERSITY ST,,,1,Property Damage Only Collision,Parked Car,4,0,0,3,0,0,0,2004/11/18 00:00:00+00,11/18/2004 10:20,Mid-Block (not related to intersection),14,"MOTOR VEHICLE STRUCK MOTOR VEHICLE, REAR END",,0,Overcast,Dry,Daylight,,4323031,,32,One parked--one moving,0,0,N
1268766.244,241725.6908,816,33500,33500,1791586,Matched,Intersection,26871,INTERLAKE AVE N AND N 38TH ST,,,1,Property Damage Only Collision,Angles,3,0,0,2,0,0,0,2005/02/22 00:00:00+00,2/22/2005 13:01,At Intersection (intersection related),11,"MOTOR VEHICLE STRUCK MOTOR VEHICLE, FRONT END AT ANGLE",,0,Clear,Dry,Daylight,,5053021,,10,Entering at angle,0,0,N
1265066.095,230210.4811,817,43400,43400,1059857,Matched,Intersection,28930,1ST AVE N AND THOMAS ST,,,1,Property Damage Only Collision,Angles,4,0,0,3,0,0,0,2005/01/06 00:00:00+00,1/6/2005,At Intersection (intersection related),11,"MOTOR VEHICLE STRUCK MOTOR VEHICLE, FRONT END AT ANGLE",,0,Clear,Dry,Dark - Street Lights On,,5006015,,10,Entering at angle,0,0,N
1272328.644,267365.1911,818,1225,1225,3608987,Matched,Intersection,35969,1ST AVE NE AND NE 130TH ST, ,,2,Injury Collision,Angles,3,0,0,2,1,0,0,2013/03/30 00:00:00+00,3/30/2013 18:05,At Intersection (intersection related),11,"MOTOR VEHICLE STRUCK MOTOR VEHICLE, FRONT END AT ANGLE",Y,N,Clear,Dry,Daylight,,,,10,Entering at angle,0,0,N
1271344.915,225178.1291,819,327911,329411,EA03073,Matched,Intersection,29935,7TH AVE AND MADISON ST, ,,2,Injury Collision,Angles,3,0,0,2,2,0,0,2019/12/15 00:00:00+00,12/15/2019 18:12,At Intersection (intersection related),11,"MOTOR VEHICLE STRUCK MOTOR VEHICLE, FRONT END AT ANGLE",,N,Clear,Dry,Dark - Street Lights On,,,,10,Entering at angle,0,0,N
1265540.363,252544.5901,820,8741,8741,1782439,Matched,Block,,GREENWOOD AVE N BETWEEN N 73RD ST AND N 74TH ST,,,2,Injury Collision,Rear Ended,8,0,0,4,2,0,0,2004/04/25 00:00:00+00,4/25/2004 10:58,Mid-Block (but intersection related),14,"MOTOR VEHICLE STRUCK MOTOR VEHICLE, REAR END",Y,0,Clear,Dry,Daylight,,4116034,,14,From same direction - both going straight - one stopped - rear-end,0,0,N
1273868.245,244094.3142,821,103300,103300,2803506,Matched,Intersection,27082,7TH AVE NE AND NE 43RD ST,,,2,Injury Collision,Angles,5,0,0,4,2,0,0,2009/10/11 00:00:00+00,10/11/2009 10:18,At Intersection (intersection related),11,"MOTOR VEHICLE STRUCK MOTOR VEHICLE, FRONT END AT ANGLE",,0,Clear,Dry,Daylight,,9284015,,10,Entering at angle,0,0,N
1262206.075,210617.8119,822,322253,323753,3752823,Matched,Block,,26TH AVE SW BETWEEN SW YANCY ST AND SW DAKOTA ST, ,,1,Property Damage Only Collision,Parked Car,3,0,0,3,0,0,0,2019/08/11 00:00:00+00,8/11/2019 0:29,Mid-Block (not related to intersection),14,"MOTOR VEHICLE STRUCK MOTOR VEHICLE, REAR END",,N,Clear,Dry,Dark - Street Lights On,,,,32,One parked--one moving,0,0,Y
1274327.555,221785.0009,823,64900,64900,2623613,Matched,Intersection,30430,12TH AVE S AND S KING ST,,,1,Property Damage Only Collision,Angles,2,0,0,2,0,0,0,2007/10/23 00:00:00+00,10/23/2007 12:23,At Intersection (intersection related),11,"MOTOR VEHICLE STRUCK MOTOR VEHICLE, FRONT END AT ANGLE",,0,Clear,Dry,Daylight,,7296019,,10,Entering at angle,0,0,N
1264598.454,195110.133,824,327855,329355,3856092,Unmatched,Block,,SW TRENTON ST BETWEEN 15TH AVE SW AND 16TH AVE SW, ,,1,Property Damage Only Collision,,2,0,0,0,0,0,0,2020/01/17 00:00:00+00,1/17/2020,Mid-Block (but intersection related),14,"MOTOR VEHICLE STRUCK MOTOR VEHICLE, REAR END",,,,,,,,, ,,0,0,N
1274082.502,246093.6582,825,105600,105600,3327985,Matched,Block,,NE 50TH ST BETWEEN 7TH AVE NE AND 8TH AVE NE,,,1,Property Damage Only Collision,Sideswipe,3,0,0,2,0,0,0,2009/09/25 00:00:00+00,9/25/2009 14:30,Mid-Block (not related to intersection),16,"MOTOR VEHICLE STRUCK MOTOR VEHICLE, LEFT SIDE SIDESWIPE",Y,0,Clear,Dry,Daylight,,9268027,,11,From same direction - both going straight - both moving - sideswipe,0,0,N
1274928.728,204994.0665,826,54200,54200,2610626,Matched,Block,,15TH AVE S BETWEEN S LUCILE ST AND S ORCAS ST,,,1,Property Damage Only Collision,Parked Car,2,0,0,2,0,0,0,2006/09/03 00:00:00+00,9/3/2006,Mid-Block (not related to intersection),14,"MOTOR VEHICLE STRUCK MOTOR VEHICLE, REAR END",,0,Clear,Dry,Dark - Street Lights On,,6246004,,32,One parked--one moving,0,0,N