X,Y,OBJECTID,INCKEY,COLDETKEY,REPORTNO,STATUS,ADDRTYPE,INTKEY,LOCATION,EXCEPTRSNCODE,EXCEPTRSNDESC,SEVERITYCODE,SEVERITYDESC,COLLISIONTYPE,PERSONCOUNT,PEDCOUNT,PEDCYLCOUNT,VEHCOUNT,INJURIES,SERIOUSINJURIES,FATALITIES,INCDATE,INCDTTM,JUNCTIONTYPE,SDOT_COLCODE,SDOT_COLDESC,INATTENTIONIND,UNDERINFL,WEATHER,ROADCOND,LIGHTCOND,PEDROWNOTGRNT,SDOTCOLNUM,SPEEDING,ST_COLCODE,ST_COLDESC,SEGLANEKEY,CROSSWALKKEY,HITPARKEDCAR
1262242.291,231965.5804,827,1062,1062,3503599,Matched,Block,,ELLIOTT AVE W BETWEEN W MERCER ST AND W MERCER PL, ,,1,Property Damage Only Collision,Parked Car,3,0,0,2,0,0,0,2013/03/25 00:00:00+00,3/25/2013 2:27,Mid-Block (not related to intersection),14,"MOTOR VEHICLE STRUCK MOTOR VEHICLE, REAR END",,Y,Clear,Dry,Dark - Street Lights On,,,,32,One parked--one moving,0,0,N
1270401.889,225508.8862,828,322167,323667,E948184,Matched,Block,,5TH AVE BETWEEN SENECA ST AND UNIVERSITY ST, ,,1,Property Damage Only Collision,Sideswipe,3,0,0,2,0,0,0,2019/08/07 00:00:00+00,8/7/2019 14:42,Mid-Block (not related to intersection),11,"MOTOR VEHICLE STRUCK MOTOR VEHICLE, FRONT END AT ANGLE",,N,Clear,Dry,Daylight,,,,11,From same direction - both going straight - both moving - sideswipe,0,0,N
1267760.374,251817.7037,829,1188,1188,3645758,Matched,Block,,N 71ST ST BETWEEN LINDEN AVE N AND AURORA AVE N, ,,1,Property Damage Only Collision,Parked Car,2,0,0,2,0,0,0,2012/12/28 00:00:00+00,12/28/2012 12:00,Mid-Block (not related to intersection),0,NOT ENOUGH INFORMATION / NOT APPLICABLE,,N,Unknown,Unknown,Unknown,,,,32,One parked--one moving,0,0,N
1257766.935,220754.464,830,26900,26900,1197801,Matched,Block,,HARBOR AVE SW BETWEEN ALKI AVE SW AND SW CALIFORNIA PL,,,1,Property Damage Only Collision,Rear Ended,3,0,0,2,0,0,0,2004/12/04 00:00:00+00,12/4/2004,Mid-Block (not related to intersection),14,"MOTOR VEHICLE STRUCK MOTOR VEHICLE, REAR END",,0,Raining,Wet,Dark - Street Lights On,,4339016,,13,From same direction - both going straight - both moving - rear-end,0,0,N
1273065.536,236107.1389,831,33000,33000,2063792,Matched,Block,,BOYLSTON AVE E BETWEEN LAKEVIEW N BV E AND E BOSTON ST,,,1,Property Damage Only Collision,Parked Car,6,0,0,2,0,0,0,2005/10/05 00:00:00+00,10/5/2005,Mid-Block (not related to intersection),11,"MOTOR VEHICLE STRUCK MOTOR VEHICLE, FRONT END AT ANGLE",Y,0,Clear,Dry,Daylight,,5278035,,32,One parked--one moving,0,0,N
1271494.205,229177.3081,832,42100,42100,1933326,Matched,Block,,DENNY WAY BETWEEN STEWART ST AND MELROSE AVE,,,1,Property Damage Only Collision,Rear Ended,2,0,0,2,0,0,0,2005/06/12 00:00:00+00,6/12/2005 21:57,Mid-Block (but intersection related),14,"MOTOR VEHICLE STRUCK MOTOR VEHICLE, REAR END",,0,Raining,Wet,Dark - Street Lights On,,5163012,,14,From same direction - both going straight - one stopped - rear-end,0,0,N
1259435.789,251367.0342,833,1185,1185,3507859,Matched,Block,,18TH AVE NW BETWEEN NW 67TH ST AND NW 70TH ST, ,,1,Property Damage Only Collision,Parked Car,2,0,0,2,0,0,0,2013/03/30 00:00:00+00,3/30/2013 3:56,Mid-Block (not related to intersection),14,"MOTOR VEHICLE STRUCK MOTOR VEHICLE, REAR END",,N,Clear,Wet,Dark - Street Lights On,,,,32,One parked--one moving,0,0,N
1266292.377,240725.5026,834,327896,329396,EA01104,Matched,Intersection,27038,EVANSTON AVE N AND N 34TH ST, ,,2,Injury Collision,Pedestrian,2,1,0,1,1,0,0,2020/01/09 00:00:00+00,1/9/2020 6:58,At Intersection (intersection related),24,MOTOR VEHCILE STRUCK PEDESTRIAN,,N,Overcast,Dry,Dawn,Y,,,0,Vehicle going straight hits pedestrian,0,642048,N
1267662.791,268139.4151,835,1263,1263,3615283,Matched,Block,,LINDEN AVE N BETWEEN N 130TH ST AND N 135TH ST, ,,1,Property Damage Only Collision,Parked Car,2,0,0,2,0,0,0,2013/03/31 00:00:00+00,3/31/2013 17:00,Mid-Block (not related to intersection),0,NOT ENOUGH INFORMATION / NOT APPLICABLE,,N,Clear,Dry,Daylight,,,,32,One parked--one moving,0,0,N
1277946.215,224376.6373,836,75700,75700,2623432,Matched,Block,,23RD AVE BETWEEN E TERRACE ST AND E JEFFERSON ST,,,2,Injury Collision,Head On,2,0,0,2,2,0,0,2007/04/02 00:00:00+00,4/2/2007,Mid-Block (but intersection related),11,"MOTOR VEHICLE STRUCK MOTOR VEHICLE, FRONT END AT ANGLE",Y,0,Clear,Dry,Daylight,,7092019,,25,From opposite direction - one stopped - head-on,0,0,N
1267719.456,233522.4276,837,322254,323754,E948742,Matched,Block,,6TH AVE N BETWEEN HIGHLAND DR AND COMSTOCK ST, ,,1,Property Damage Only Collision,Parked Car,2,0,0,2,0,0,0,2019/08/06 00:00:00+00,8/6/2019 19:38,Mid-Block (not related to intersection),11,"MOTOR VEHICLE STRUCK MOTOR VEHICLE, FRONT END AT ANGLE",Y,N,Clear,Dry,Daylight,,,,32,One parked--one moving,0,0,Y
1260828.656,257388.2821,838,53200,53200,2611901,Matched,Block,,HOLMAN RD NW BETWEEN MARY AVE NW AND 14TH AVE NW,,,1,Property Damage Only Collision,Rear Ended,2,0,0,2,0,0,0,2006/07/05 00:00:00+00,7/5/2006,Mid-Block (not related to intersection),14,"MOTOR VEHICLE STRUCK MOTOR VEHICLE, REAR END",,0,Overcast,Dry,Daylight,,6186023,,14,From same direction - both going straight - one stopped - rear-end,0,0,N
1275853.778,220580.3917,839,327849,329349,EA01418,Matched,Block,,RAINIER AVE S BETWEEN S DEARBORN ST AND S CHARLES N ST, ,,2,Injury Collision,Pedestrian,3,1,0,1,1,0,0,2020/01/05 00:00:00+00,1/5/2020 13:51,Mid-Block (not related to intersection),24,MOTOR VEHCILE STRUCK PEDESTRIAN,,N,Clear,Wet,Daylight,,,,0,Vehicle going straight hits pedestrian,0,0,N
1258172.46,246959.6766,840,39200,39200,2023480,Matched,Intersection,25166,22ND AVE NW AND SHILSHOLE AVE NW,,,2,Injury Collision,Rear Ended,3,0,0,2,2,0,0,2005/06/15 00:00:00+00,6/15/2005 18:05,At Intersection (but not related to intersection),14,"MOTOR VEHICLE STRUCK MOTOR VEHICLE, REAR END",,0,Clear,Dry,Daylight,,5166019,,13,From same direction - both going straight - both moving - rear-end,0,0,N
1268386.875,255545.9858,841,60300,60300,2178426,Matched,Block,,N 85TH ST BETWEEN AURORA AVE N AND NESBIT AVE N,,,2,Injury Collision,Other,1,0,0,1,1,0,0,2006/03/05 00:00:00+00,3/5/2006,Mid-Block (not related to intersection),28,MOTOR VEHICLE RAN OFF ROAD - HIT FIXED OBJECT,,1,Clear,Dry,Dark - Street Lights On,,6064007,,50,Fixed object,0,0,N
1268545.244,193207.4472,842,52500,52500,2127679,Matched,Intersection,34976,3RD AVE SW AND OLSON PL SW,,,2,Injury Collision,Left Turn,2,0,0,2,2,0,0,2006/04/08 00:00:00+00,4/8/2006,At Intersection (intersection related),11,"MOTOR VEHICLE STRUCK MOTOR VEHICLE, FRONT END AT ANGLE",,0,Raining,Wet,Daylight,,6098052,,28,From opposite direction - one left turn - one straight,0,0,N
1274165.217,224658.7667,843,1138,1138,3605914,Matched,Intersection,29810,11TH AVE AND E JEFFERSON ST, ,,2,Injury Collision,Cycles,2,0,1,1,1,0,0,2013/03/29 00:00:00+00,3/29/2013 18:10,At Intersection (intersection related),18,"MOTOR VEHICLE STRUCK PEDALCYCLIST, FRONT END AT ANGLE",,N,Clear,Dry,Daylight,Y,,,45,Vehicle - Pedalcyclist,10453,0,N
1278468.989,258894.3114,844,327893,329393,EA01100,Matched,Intersection,37713,LAKE CITY WAY NE AND NE 98TH ST, ,,2,Injury Collision,Angles,2,0,0,2,1,0,0,2020/01/06 00:00:00+00,1/6/2020 9:40,At Intersection (intersection related),11,"MOTOR VEHICLE STRUCK MOTOR VEHICLE, FRONT END AT ANGLE",,N,Raining,Wet,Daylight,,,,10,Entering at angle,0,0,N
1269938.67,225659.2309,845,1359,1359,3581634,Matched,Block,,4TH AVE BETWEEN UNIVERSITY ST AND UNION ST, ,,2,Injury Collision,Rear Ended,3,0,0,3,1,0,0,2013/04/02 00:00:00+00,4/2/2013 15:38,Mid-Block (not related to intersection),14,"MOTOR VEHICLE STRUCK MOTOR VEHICLE, REAR END",Y,N,Clear,Dry,Daylight,,,,14,From same direction - both going straight - one stopped - rear-end,0,0,N
1270926.888,225642.0887,846,48600,48600,2623595,Matched,Block,,SENECA ST BETWEEN 6TH AVE AND HUBBELL PL,,,1,Property Damage Only Collision,Rear Ended,2,0,0,2,0,0,0,2006/12/01 00:00:00+00,12/1/2006,Mid-Block (but intersection related),14,"MOTOR VEHICLE STRUCK MOTOR VEHICLE, REAR END",,0,Clear,Dry,Dark - Street Lights On,,6335053,,14,From same direction - both going straight - one stopped - rear-end,0,0,N
1276401.139,211925.0501,847,327783,329283,3857101,Unmatched,Block,,BEACON AVE S BETWEEN S SPOKANE ST AND BEACON WR AVE S, ,,2,Injury Collision,,4,0,0,0,2,0,0,2020/01/10 00:00:00+00,1/10/2020,Mid-Block (but intersection related),14,"MOTOR VEHICLE STRUCK MOTOR VEHICLE, REAR END",,,,,,,,, ,,0,0,N
1257127.193,205251.9855,848,105300,105300,2896591,Matched,Intersection,32804,42ND AVE SW AND SW FINDLAY ST,,,1,Property Damage Only Collision,Angles,2,0,0,2,0,0,0,2009/03/14 00:00:00+00,3/14/2009 12:30,At Intersection (intersection related),11,"MOTOR VEHICLE STRUCK MOTOR VEHICLE, FRONT END AT ANGLE",,0,Raining,Wet,Daylight,,9073021,,10,Entering at angle,0,0,N
1270740.717,246456.9128,849,19000,19000,1780970,Matched,Intersection,25524,MERIDIAN AVE N AND N 51ST ST,,,2,Injury Collision,Angles,2,0,0,2,1,0,0,2004/01/17 00:00:00+00,1/17/2004 11:30,At Intersection (intersection related),11,"MOTOR VEHICLE STRUCK MOTOR VEHICLE, FRONT END AT ANGLE",,0,Clear,Dry,Daylight,,4017014,,10,Entering at angle,0,0,N
1276881.038,255792.5405,850,327942,329442,EA03419,Matched,Block,,17TH AVE NE BETWEEN NE 86TH ST AND NE 88TH ST, ,,1,Property Damage Only Collision,Parked Car,2,0,0,2,0,0,0,2020/01/15 00:00:00+00,1/15/2020 7:43,Mid-Block (not related to intersection),11,"MOTOR VEHICLE STRUCK MOTOR VEHICLE, FRONT END AT ANGLE",,N,Clear,Ice,Daylight,,,,32,One parked--one moving,0,0,N
1271393.135,265175.2685,851,1272,1272,3501459,Matched,Block,,N 122ND ST BETWEEN MERIDIAN AVE N AND CORLISS AVE N, ,,1,Property Damage Only Collision,Parked Car,3,0,0,2,0,0,0,2013/04/01 00:00:00+00,4/1/2013 12:26,Mid-Block (not related to intersection),14,"MOTOR VEHICLE STRUCK MOTOR VEHICLE, REAR END",,N,Overcast,Dry,Daylight,,,,20,One car leaving parked position,0,0,N
1271315.326,217004.2093,852,20600,20600,1059881,Matched,Block,,4TH AVE S BETWEEN S HOLGATE ST AND S WALKER ST,,,1,Property Damage Only Collision,Other,2,0,0,1,0,0,0,2004/11/30 00:00:00+00,11/30/2004 23:53,Mid-Block (not related to intersection),28,MOTOR VEHICLE RAN OFF ROAD - HIT FIXED OBJECT,,0,Overcast,Wet,Dark - Street Lights On,,4335010,Y,50,Fixed object,0,0,N
1272799.821,224616.7387,853,57500,57500,2071201,Matched,Intersection,29815,JAMES ST AND TERRY AVE,,,2b,Serious Injury Collision,Pedestrian,3,1,0,1,1,1,0,2006/06/01 00:00:00+00,6/1/2006,At Intersection (intersection related),24,MOTOR VEHCILE STRUCK PEDESTRIAN,,0,Raining,Wet,Daylight,,6152008,,0,Vehicle going straight hits pedestrian,0,0,N
1264440.005,194444.9622,854,35800,35800,1795287,Matched,Intersection,35033,16TH AVE SW AND SW HENDERSON ST,,,1,Property Damage Only Collision,Angles,2,0,0,2,0,0,0,2005/01/26 00:00:00+00,1/26/2005 6:40,At Intersection (intersection related),11,"MOTOR VEHICLE STRUCK MOTOR VEHICLE, FRONT END AT ANGLE",,0,Overcast,Wet,Dawn,,5026038,Y,10,Entering at angle,0,0,N
1264073.455,242490.5451,855,1132,1132,3502002,Matched,Block,,LEARY WAY NW BETWEEN NW 39TH ST AND 3RD AVE NW, ,,1,Property Damage Only Collision,Rear Ended,2,0,0,2,0,0,0,2013/03/26 00:00:00+00,3/26/2013 21:25,Mid-Block (but intersection related),14,"MOTOR VEHICLE STRUCK MOTOR VEHICLE, REAR END",,N,Clear,Dry,Dark - Street Lights On,,,,14,From same direction - both going straight - one stopped - rear-end,0,0,N
1275431.082,267267.2308,856,45200,45200,2020379,Matched,Block,,NE 130TH ST BETWEEN DEAD END 2 AND 12TH AVE NE,,,1,Property Damage Only Collision,Other,1,0,0,1,0,0,0,2005/05/27 00:00:00+00,5/27/2005 6:00,Mid-Block (not related to intersection),28,MOTOR VEHICLE RAN OFF ROAD - HIT FIXED OBJECT,,0,Clear,Dry,Dark - Street Lights On,,5147014,,50,Fixed object,0,0,N
1264571.428,253498.9725,857,1008,1008,3615240,Unmatched,Block,,NW 77TH ST BETWEEN 1ST AVE NW AND 3RD AVE NW, ,,0,Unknown,,0,0,0,0,0,0,0,2013/03/23 00:00:00+00,3/23/2013,Mid-Block (not related to intersection),15,"MOTOR VEHICLE STRUCK MOTOR VEHICLE, RIGHT SIDE SIDESWIPE",,,,,,,,, ,,0,0,N
1261221.575,204088.4124,858,110000,110000,3288432,Matched,Block,,HIGH POINT DR SW BETWEEN SW RAYMOND ST AND 30TH N AVE SW,,,1,Property Damage Only Collision,Parked Car,2,0,0,2,0,0,0,2010/05/12 00:00:00+00,5/12/2010 21:00,Mid-Block (not related to intersection),14,"MOTOR VEHICLE STRUCK MOTOR VEHICLE, REAR END",,N,Clear,Dry,Dark - Street Lights On,,10132027,,32,One parked--one moving,0,0,N
1259540.837,210020.2903,859,29300,29300,1774932,Matched,Block,,35TH AVE SW BETWEEN FAUNTLEROY N WAY SW AND FAUNTLEROY S WAY SW,,,1,Property Damage Only Collision,Rear Ended,2,0,0,2,0,0,0,2004/02/28 00:00:00+00,2/28/2004 12:30,Driveway Junction,14,"MOTOR VEHICLE STRUCK MOTOR VEHICLE, REAR END",Y,0,Clear,Dry,Daylight,,4059015,,14,From same direction - both going straight - one stopped - rear-end,0,0,N
1259861.747,253038.8075,860,1244,1244,3615303,Unmatched,Block,,NW 75TH ST BETWEEN 16TH AVE NW AND 17TH AVE NW, ,,0,Unknown,,0,0,0,0,0,0,0,2013/03/22 00:00:00+00,3/22/2013,Mid-Block (not related to intersection),0,NOT ENOUGH INFORMATION / NOT APPLICABLE,,,,,,,,, ,,0,0,N
1267901.828,230764.4648,861,118600,118600,2690466,Unmatched,Block,,AURORA AVE N BETWEEN HARRISON ST AND REPUBLICAN ST,,,0,Unknown,,0,0,0,0,0,0,0,2011/09/26 00:00:00+00,9/26/2011,,0,NOT ENOUGH INFORMATION / NOT APPLICABLE,,,,,,,11269046,,,,0,0,N
1278955.815,217314.5358,862,56500,56500,2280301,Matched,Intersection,31421,M L KING JR WAY S AND S HOLGATE ST,,,1,Property Damage Only Collision,Angles,2,0,0,2,0,0,0,2006/01/08 00:00:00+00,1/8/2006,At Intersection (intersection related),11,"MOTOR VEHICLE STRUCK MOTOR VEHICLE, FRONT END AT ANGLE",,0,Clear,Dry,Daylight,,6008015,,10,Entering at angle,0,0,N
1256963.239,211693.2994,863,1041,1041,3553225,Matched,Block,,CALIFORNIA AVE SW BETWEEN SW CHARLESTOWN ST AND SW BRADFORD ST, ,,1,Property Damage Only Collision,Parked Car,7,0,0,7,0,0,0,2013/03/24 00:00:00+00,3/24/2013 3:07,Mid-Block (not related to intersection),16,"MOTOR VEHICLE STRUCK MOTOR VEHICLE, LEFT SIDE SIDESWIPE",,Y,Clear,Dry,Dark - Street Lights On,,,,32,One parked--one moving,0,0,N
1264617.414,231550.8599,864,322173,323673,E948535,Matched,Block,,W MERCER ST BETWEEN QUEEN ANNE AVE N AND 1ST AVE W, ,,1,Property Damage Only Collision,Parked Car,2,0,0,2,0,0,0,2019/08/08 00:00:00+00,8/8/2019 12:00,Mid-Block (not related to intersection),11,"MOTOR VEHICLE STRUCK MOTOR VEHICLE, FRONT END AT ANGLE",,N,Clear,Dry,Unknown,,,,32,One parked--one moving,0,0,Y
1265194.746,260557.1291,865,37700,37700,C655193,Matched,Block,,HOLMAN RD N BETWEEN NW 103RD ST AND N 104TH ST,,,1,Property Damage Only Collision,Other,2,0,0,2,0,0,0,2005/08/25 00:00:00+00,8/25/2005 11:35,Driveway Junction,11,"MOTOR VEHICLE STRUCK MOTOR VEHICLE, FRONT END AT ANGLE",,0,Clear,Dry,Daylight,,5237048,,22,One car leaving driveway access,0,0,N
1263346.611,212242.7487,866,33400,33400,1076890,Matched,Block,,WEST SEATTLE BR WB BETWEEN W SEATTLE BR WB OFF RP AND HARBOR AV SW OFF RP,,,2b,Serious Injury Collision,Rear Ended,3,0,0,3,3,1,0,2005/07/06 00:00:00+00,7/6/2005,Mid-Block (not related to intersection),14,"MOTOR VEHICLE STRUCK MOTOR VEHICLE, REAR END",Y,0,Clear,Dry,Daylight,,5187041,,13,From same direction - both going straight - both moving - rear-end,0,0,N
1271262.385,222158.2396,867,41400,41400,2190495,Matched,Intersection,30508,2ND AV ET S AND S JACKSON ST,,,2,Injury Collision,Pedestrian,3,1,0,1,1,0,0,2005/11/25 00:00:00+00,11/25/2005 18:59,At Intersection (intersection related),24,MOTOR VEHCILE STRUCK PEDESTRIAN,,0,Raining,Wet,Dark - Street Lights On,,5329006,,0,Vehicle going straight hits pedestrian,0,0,N
1266296.262,240892.4132,868,1184,1184,3615267,Matched,Block,,EVANSTON AVE N BETWEEN N 34TH ST AND N 35TH ST, ,,1,Property Damage Only Collision,Parked Car,2,0,0,2,0,0,0,2013/03/24 00:00:00+00,3/24/2013 2:00,Mid-Block (not related to intersection),0,NOT ENOUGH INFORMATION / NOT APPLICABLE,,N,Unknown,Unknown,Unknown,,,,32,One parked--one moving,0,0,N
1274274.721,260511.3141,869,327869,329369,EA01098,Unmatched,Block,,8TH AVE NE BETWEEN NE 104TH ST AND NE 105TH ST, ,,0,Unknown,,0,0,0,0,0,0,0,2019/12/31 00:00:00+00,12/31/2019,Mid-Block (not related to intersection),14,"MOTOR VEHICLE STRUCK MOTOR VEHICLE, REAR END",,,,,,,,, ,,0,0,Y
1267846.347,212030.8591,870,1373,1373,2793099,Matched,Block,,SPOKANE ST - W SEA B RP BETWEEN S SPOKANE ST AND SPOKANE ST - ALASKAN RP, ,,2,Injury Collision,Rear Ended,3,0,0,3,2,0,0,2013/04/03 00:00:00+00,4/3/2013 16:05,Mid-Block (not related to intersection),14,"MOTOR VEHICLE STRUCK MOTOR VEHICLE, REAR END",,N,Clear,Dry,Daylight,,,,14,From same direction - both going straight - one stopped - rear-end,0,0,N
1275352.145,244729.021,871,89200,89200,2893991,Matched,Block,,NE 45TH ST BETWEEN 12TH AVE NE AND BROOKLYN AVE NE,,,1,Property Damage Only Collision,Sideswipe,2,0,0,2,0,0,0,2008/05/13 00:00:00+00,5/13/2008 19:00,Mid-Block (not related to intersection),11,"MOTOR VEHICLE STRUCK MOTOR VEHICLE, FRONT END AT ANGLE",Y,0,Raining,Wet,Dusk,,8134032,,11,From same direction - both going straight - both moving - sideswipe,0,0,N
1278990.533,227670.7045,872,322247,323747,E949437,Matched,Block,,26TH AVE BETWEEN E PIKE ST AND E PINE ST, ,,1,Property Damage Only Collision,Parked Car,2,0,0,2,0,0,0,2019/08/03 00:00:00+00,8/3/2019 1:00,Mid-Block (not related to intersection),15,"MOTOR VEHICLE STRUCK MOTOR VEHICLE, RIGHT SIDE SIDESWIPE",,N,Clear,Dry,Dark - Street Lights On,,,,32,One parked--one moving,0,0,Y
1259647.681,248415.7484,873,53000,53000,2803657,Matched,Block,,17TH AVE NW BETWEEN NW 57TH ST AND NW 58TH ST,,,2,Injury Collision,Parked Car,4,0,0,2,1,0,0,2006/12/29 00:00:00+00,12/29/2006 14:39,Mid-Block (not related to intersection),11,"MOTOR VEHICLE STRUCK MOTOR VEHICLE, FRONT END AT ANGLE",,0,Clear,Dry,Daylight,,6363027,,32,One parked--one moving,0,0,N
,,874,327843,329343,EA01117,Matched,Block,,RAINIER AVE S BETWEEN CORNELL AVE S AND 75TH AVE S, ,,2,Injury Collision,Other,1,0,0,1,1,0,0,2020/01/05 00:00:00+00,1/5/2020 13:50,Mid-Block (not related to intersection),28,MOTOR VEHICLE RAN OFF ROAD - HIT FIXED OBJECT,,N,Clear,Dry,Daylight,,,,50,Fixed object,0,0,N
1277675.703,256266.7153,875,77500,77500,2793716,Matched,Block,,NE 89TH ST BETWEEN 20TH AVE NE AND DEAD END 1,,,1,Property Damage Only Collision,Parked Car,2,0,0,2,0,0,0,2007/02/22 00:00:00+00,2/22/2007 20:00,Mid-Block (not related to intersection),14,"MOTOR VEHICLE STRUCK MOTOR VEHICLE, REAR END",,0,Clear,Dry,Dawn,,7053041,,32,One parked--one moving,0,0,N
1279325.569,235859.924,876,23800,23800,1797982,Unmatched,Block,,LAKE WASHINGTON BLVD E BETWEEN BOYER AVE E AND E FOSTER ISLAND RD,,,0,Unknown,,0,0,0,0,0,0,0,2004/12/29 00:00:00+00,12/29/2004,Mid-Block (not related to intersection),14,"MOTOR VEHICLE STRUCK MOTOR VEHICLE, REAR END",,,,,,,4364052,,,,0,0,N
1273779.053,204318.3888,877,22800,22800,1795676,Matched,Block,,AIRPORT WAY S BETWEEN S HOMER ST AND S DORIS ST,,,1,Property Damage Only Collision,Other,2,0,0,2,0,0,0,2004/09/21 00:00:00+00,9/21/2004 10:34,Mid-Block (but intersection related),14,"MOTOR VEHICLE STRUCK MOTOR VEHICLE, REAR END",,0,Clear,Dry,Daylight,,4265024,,21,One car entering driveway access,0,0,N
1275540.204,227657.8562,878,61100,61100,1796135,Matched,Intersection,30136,15TH AVE AND E MADISON ST,,,2,Injury Collision,Rear Ended,4,0,0,2,3,0,0,2006/03/14 00:00:00+00,3/14/2006 18:50,At Intersection (intersection related),14,"MOTOR VEHICLE STRUCK MOTOR VEHICLE, REAR END",,0,Clear,Dry,Dusk,,6073026,,14,From same direction - both going straight - one stopped - rear-end,0,0,N
1278226.772,202255.9641,879,51400,51400,C688983,Matched,Block,,BEACON ER AVE S BETWEEN S EDDY ST AND S MORGAN ST,,,1,Property Damage Only Collision,Parked Car,2,0,0,2,0,0,0,2006/11/15 00:00:00+00,11/15/2006 13:00,Mid-Block (not related to intersection),11,"MOTOR VEHICLE STRUCK MOTOR VEHICLE, FRONT END AT ANGLE",,0,Clear,Dry,Other,,6319060,,32,One parked--one moving,0,0,N
1260491.894,196498.2819,880,1110,1110,3380691,Matched,Intersection,34925,30TH AVE SW AND SW THISTLE ST, ,,1,Property Damage Only Collision,Angles,2,0,0,2,0,0,0,2013/03/29 00:00:00+00,3/29/2013 8:27,At Intersection (intersection related),11,"MOTOR VEHICLE STRUCK MOTOR VEHICLE, FRONT END AT ANGLE",,N,Raining,Dry,Daylight,,,,10,Entering at angle,0,0,N
1270932.328,203944.2968,881,322139,323639,E947526,Matched,Block,,4TH AVE S BETWEEN S FIDALGO ST AND S FRONT ST, ,,2,Injury Collision,Rear Ended,2,0,0,2,1,0,0,2019/08/06 00:00:00+00,8/6/2019 10:07,Mid-Block (not related to intersection),14,"MOTOR VEHICLE STRUCK MOTOR VEHICLE, REAR END",Y,N,Clear,Dry,Daylight,,,,14,From same direction - both going straight - one stopped - rear-end,0,0,N
1272030.855,214689.9938,882,1353,1353,3502606,Matched,Block,,6TH AVE S BETWEEN S LANDER ST AND S FOREST ST, ,,1,Property Damage Only Collision,Parked Car,2,0,0,2,0,0,0,2013/04/02 00:00:00+00,4/2/2013 8:05,Mid-Block (not related to intersection),11,"MOTOR VEHICLE STRUCK MOTOR VEHICLE, FRONT END AT ANGLE",,N,Clear,Dry,Daylight,,,,20,One car leaving parked position,0,0,N
,,883,48500,48500,2070628,Matched,Block,,SPRUCE ST BETWEEN 8TH AVE AND TERRY AVE,,,1,Property Damage Only Collision,Parked Car,2,0,0,2,0,0,0,2006/02/27 00:00:00+00,2/27/2006 16:30,Mid-Block (not related to intersection),14,"MOTOR VEHICLE STRUCK MOTOR VEHICLE, REAR END",,0,Unknown,Unknown,Daylight,,6058018,,32,One parked--one moving,0,0,N
1271692.215,223960.6673,884,327792,329292,3851905,Matched,Intersection,29973,6TH AVE AND JAMES ST, ,,1,Property Damage Only Collision,Left Turn,3,0,0,2,0,0,0,2020/01/11 00:00:00+00,1/11/2020 19:11,At Intersection (intersection related),11,"MOTOR VEHICLE STRUCK MOTOR VEHICLE, FRONT END AT ANGLE",,N,Raining,Wet,Dark - Street Lights On,,,,28,From opposite direction - one left turn - one straight,0,0,N
1280946.022,261807.6356,885,91000,91000,2896901,Matched,Block,,NE 110TH ST BETWEEN 31ST AVE NE AND 34TH AVE NE,,,1,Property Damage Only Collision,Other,2,0,0,2,0,0,0,2008/03/13 00:00:00+00,3/13/2008 17:34,Driveway Junction,11,"MOTOR VEHICLE STRUCK MOTOR VEHICLE, FRONT END AT ANGLE",,0,Raining,Wet,Daylight,,8073035,,21,One car entering driveway access,0,0,N
1275879.975,243634.3479,886,31800,31800,1773604,Matched,Block,,NE 42ND ST BETWEEN UNIVERSITY WAY NE AND 15TH AVE NE,,,1,Property Damage Only Collision,Parked Car,2,0,0,2,0,0,0,2004/02/17 00:00:00+00,2/17/2004 16:21,Mid-Block (not related to intersection),11,"MOTOR VEHICLE STRUCK MOTOR VEHICLE, FRONT END AT ANGLE",,0,Raining,Wet,Daylight,,4048018,,32,One parked--one moving,0,0,N
1270602.619,225805.6667,887,327923,329423,3856739,Matched,Intersection,29914,6TH AVE AND UNIVERSITY ST, ,,2,Injury Collision,Pedestrian,2,1,0,1,1,0,0,2020/01/21 00:00:00+00,1/21/2020 6:00,At Intersection (intersection related),24,MOTOR VEHCILE STRUCK PEDESTRIAN,,N,Raining,Wet,Dark - Street Lights On,,,,2,Vehicle turning left hits pedestrian,0,521711,N
1276177.225,203082.2866,888,1283,1283,3672047,Matched,Block,,SWIFT AVE S BETWEEN 19TH ER AVE S AND S GRAHAM ST, ,,1,Property Damage Only Collision,Rear Ended,3,0,0,2,0,0,0,2013/04/01 00:00:00+00,4/1/2013 12:52,Mid-Block (not related to intersection),14,"MOTOR VEHICLE STRUCK MOTOR VEHICLE, REAR END",,N,Overcast,Dry,Daylight,,,,14,From same direction - both going straight - one stopped - rear-end,0,0,N
1275539.246,246048.9179,889,103900,103900,9345040,Unmatched,Intersection,25792,BROOKLYN AVE NE AND NE 50TH ST,,,0,Unknown,,0,0,0,0,0,0,0,2009/12/11 00:00:00+00,12/11/2009,At Intersection (intersection related),11,"MOTOR VEHICLE STRUCK MOTOR VEHICLE, FRONT END AT ANGLE",,,,,,,9345040,,,,0,0,N
1267054.144,227552.688,890,322231,323731,3813586,Unmatched,Block,,1ST AVE BETWEEN BELL ST AND BATTERY ST, ,,0,Unknown,,0,0,0,0,0,0,0,2019/08/10 00:00:00+00,8/10/2019,Mid-Block (not related to intersection),14,"MOTOR VEHICLE STRUCK MOTOR VEHICLE, REAR END",,,,,,,,, ,,0,0,Y