X,Y,OBJECTID,INCKEY,COLDETKEY,REPORTNO,STATUS,ADDRTYPE,INTKEY,LOCATION,EXCEPTRSNCODE,EXCEPTRSNDESC,SEVERITYCODE,SEVERITYDESC,COLLISIONTYPE,PERSONCOUNT,PEDCOUNT,PEDCYLCOUNT,VEHCOUNT,INJURIES,SERIOUSINJURIES,FATALITIES,INCDATE,INCDTTM,JUNCTIONTYPE,SDOT_COLCODE,SDOT_COLDESC,INATTENTIONIND,UNDERINFL,WEATHER,ROADCOND,LIGHTCOND,PEDROWNOTGRNT,SDOTCOLNUM,SPEEDING,ST_COLCODE,ST_COLDESC,SEGLANEKEY,CROSSWALKKEY,HITPARKEDCAR
1263535.516,230361.6763,891,56000,56000,2608457,Matched,Block,,ELLIOTT AVE W BETWEEN W THOMAS N ST AND 4TH AVE W,,,1,Property Damage Only Collision,Rear Ended,2,0,0,2,0,0,0,2006/07/31 00:00:00+00,7/31/2006 11:23,Mid-Block (not related to intersection),14,"MOTOR VEHICLE STRUCK MOTOR VEHICLE, REAR END",Y,0,Clear,Dry,Daylight,,6212005,,13,From same direction - both going straight - both moving - rear-end,0,0,N
1268965.238,227120.8087,892,1048,1048,3643897,Matched,Block,,4TH AVE BETWEEN STEWART ST AND VIRGINIA ST, ,,2b,Serious Injury Collision,Left Turn,7,0,0,5,4,1,0,2013/03/24 00:00:00+00,3/24/2013 14:18,Mid-Block (not related to intersection),11,"MOTOR VEHICLE STRUCK MOTOR VEHICLE, FRONT END AT ANGLE",,N,Clear,Dry,Daylight,,,,15,From same direction - one left turn - one straight,0,0,N
1255135.733,237786.6498,893,322195,323695,3506222,Matched,Block,,W SMITH ST BETWEEN 30TH AVE W AND 31ST AVE W, ,,1,Property Damage Only Collision,Parked Car,2,0,0,2,0,0,0,2019/08/05 00:00:00+00,8/5/2019 13:00,Mid-Block (not related to intersection),0,NOT ENOUGH INFORMATION / NOT APPLICABLE,,N,Unknown,Unknown,Daylight,,,,32,One parked--one moving,0,0,Y
1268961.32,231450.3185,894,24200,24200,1213856,Matched,Intersection,28765,9TH AVE N AND MERCER SR ST,,,2,Injury Collision,Angles,5,0,0,2,2,0,0,2004/06/13 00:00:00+00,6/13/2004 10:40,At Intersection (intersection related),11,"MOTOR VEHICLE STRUCK MOTOR VEHICLE, FRONT END AT ANGLE",,0,Clear,Dry,Daylight,,4165013,,10,Entering at angle,0,0,N
1258167.917,254727.5821,895,38000,38000,1796707,Matched,Block,,23RD AVE NW BETWEEN NW 80TH ST AND NW 83RD ST,,,2,Injury Collision,Parked Car,2,0,0,2,1,0,0,2005/06/20 00:00:00+00,6/20/2005 14:23,Mid-Block (not related to intersection),11,"MOTOR VEHICLE STRUCK MOTOR VEHICLE, FRONT END AT ANGLE",,0,Clear,Dry,Daylight,,5171018,,32,One parked--one moving,0,0,N
1262779.242,207760.0616,896,62800,62800,2060199,Unmatched,Intersection,32927,DELRIDGE WAY SW AND SW EDMUNDS ST,,,0,Unknown,,0,0,0,0,0,0,0,2006/03/22 00:00:00+00,3/22/2006,At Intersection (intersection related),11,"MOTOR VEHICLE STRUCK MOTOR VEHICLE, FRONT END AT ANGLE",,,,,,,6081033,,,,0,0,N
1281640.495,252550.2405,897,39800,39800,1794736,Matched,Block,,NE 75TH ST BETWEEN 35TH AVE NE AND 36TH AVE NE,,,1,Property Damage Only Collision,Angles,2,0,0,2,0,0,0,2005/01/09 00:00:00+00,1/9/2005,Mid-Block (but intersection related),11,"MOTOR VEHICLE STRUCK MOTOR VEHICLE, FRONT END AT ANGLE",,0,Snowing,Snow/Slush,Daylight,,5009021,Y,10,Entering at angle,0,0,N
1269453.56,224413.9774,898,1325,1325,3581604,Matched,Block,,SPRING ST BETWEEN POST AVE AND 1ST AVE, ,,1,Property Damage Only Collision,Other,2,0,0,2,0,0,0,2013/04/02 00:00:00+00,4/2/2013 17:33,Mid-Block (not related to intersection),14,"MOTOR VEHICLE STRUCK MOTOR VEHICLE, REAR END",,N,Clear,Dry,Daylight,,,,23,From same direction - all others,0,0,N
1268319.054,231486.3152,899,327873,329373,EA01308,Matched,Block,,DEXTER AVE N BETWEEN MERCER ST AND BROAD ST, ,,2,Injury Collision,Rear Ended,3,0,0,3,1,0,0,2020/01/09 00:00:00+00,1/9/2020 15:56,Mid-Block (not related to intersection),14,"MOTOR VEHICLE STRUCK MOTOR VEHICLE, REAR END",,N,Overcast,Dry,Daylight,,,,14,From same direction - both going straight - one stopped - rear-end,0,0,N
1268300.281,230767.9765,900,25000,25000,1777159,Matched,Block,,DEXTER AVE N BETWEEN HARRISON ST AND REPUBLICAN ST,,,2,Injury Collision,Cycles,2,0,1,1,1,0,0,2004/01/23 00:00:00+00,1/23/2004 8:45,Mid-Block (not related to intersection),56,PEDALCYCLIST STRUCK MOTOR VEHICLE LEFT SIDE SIDESWIPE,,0,Unknown,Unknown,Daylight,,4023036,,45,Vehicle - Pedalcyclist,0,0,N
1269269.121,218748.8547,901,47800,47800,1795308,Matched,Block,,ALASKAN WY VI SB BETWEEN ALASKAN WY VI SB EFR OFF RP AND S HOLGATE ST,,,3,Fatality Collision,Other,5,0,0,1,3,0,2,2005/04/10 00:00:00+00,4/10/2005 21:51,Mid-Block (not related to intersection),28,MOTOR VEHICLE RAN OFF ROAD - HIT FIXED OBJECT,,1,Raining,Wet,Dark - Street Lights On,,5100001,,50,Fixed object,0,0,N
1284172.363,193811.5642,902,327784,329284,3857102,Unmatched,Block,,RENTON AVE S BETWEEN S HENDERSON ST AND S BARTON ST, ,,2,Injury Collision,,3,0,0,0,1,0,0,2020/01/11 00:00:00+00,1/11/2020,Mid-Block (not related to intersection),14,"MOTOR VEHICLE STRUCK MOTOR VEHICLE, REAR END",,,,,,,,, ,,0,0,N
1275412.068,246052.9896,903,90800,90800,2828995,Matched,Block,,NE 50TH ST BETWEEN 12TH AVE NE AND BROOKLYN AVE NE,,,1,Property Damage Only Collision,Rear Ended,3,0,0,2,0,0,0,2008/01/31 00:00:00+00,1/31/2008 15:06,Mid-Block (not related to intersection),14,"MOTOR VEHICLE STRUCK MOTOR VEHICLE, REAR END",Y,0,Overcast,Wet,Daylight,,8031010,,14,From same direction - both going straight - one stopped - rear-end,0,0,N
1259062.123,186022.277,904,32000,32000,1215388,Matched,Block,,35TH AVE SW BETWEEN 37TH AVE SW AND MARINE VIEW DR SW,,,1,Property Damage Only Collision,Parked Car,4,0,0,4,0,0,0,2004/06/24 00:00:00+00,6/24/2004 19:43,Mid-Block (but intersection related),14,"MOTOR VEHICLE STRUCK MOTOR VEHICLE, REAR END",,0,Clear,Dry,Daylight,,4176028,Y,32,One parked--one moving,0,0,N
1258110.373,205538.1143,905,322201,323701,3587816,Matched,Block,,FAUNTLEROY WAY SW BETWEEN SW BRANDON ST AND SW FINDLAY ST, ,,1,Property Damage Only Collision,Parked Car,2,0,0,2,0,0,0,2019/08/11 00:00:00+00,8/11/2019 1:46,Mid-Block (not related to intersection),11,"MOTOR VEHICLE STRUCK MOTOR VEHICLE, FRONT END AT ANGLE",,N,Clear,Dry,Dark - Street Lights On,,,,32,One parked--one moving,0,0,Y
1255766.809,215565.7767,906,1270,1270,3380607,Matched,Block,,47TH AVE SW BETWEEN SW ADMIRAL WAY AND SW LANDER ST, ,,1,Property Damage Only Collision,Parked Car,3,0,0,2,0,0,0,2013/04/01 00:00:00+00,4/1/2013 14:49,Mid-Block (not related to intersection),11,"MOTOR VEHICLE STRUCK MOTOR VEHICLE, FRONT END AT ANGLE",,N,Clear,Dry,Daylight,,,,32,One parked--one moving,0,0,N
1271251.422,231307.5739,907,20300,20300,1069351,Matched,Intersection,29121,MERCER ST AND YALE AVE N,,,1,Property Damage Only Collision,Left Turn,4,0,0,2,0,0,0,2004/12/04 00:00:00+00,12/4/2004,At Intersection (intersection related),11,"MOTOR VEHICLE STRUCK MOTOR VEHICLE, FRONT END AT ANGLE",,0,Overcast,Dry,Daylight,,4339001,,28,From opposite direction - one left turn - one straight,0,0,N
1268343.075,263934.2424,908,322218,323718,E946799,Matched,Block,,AURORA AVE N BETWEEN N 115TH ST AND N 117TH PL, ,,1,Property Damage Only Collision,Angles,4,0,0,3,0,0,0,2019/07/29 00:00:00+00,7/29/2019 16:53,Mid-Block (not related to intersection),11,"MOTOR VEHICLE STRUCK MOTOR VEHICLE, FRONT END AT ANGLE",,N,Clear,Dry,Daylight,,,,10,Entering at angle,0,0,N
1275867.938,249234.0792,909,59800,59800,2623855,Matched,Block,,NE 62ND ST BETWEEN BROOKLYN AVE NE AND 15TH AVE NE,,,1,Property Damage Only Collision,Parked Car,2,0,0,2,0,0,0,2006/12/04 00:00:00+00,12/4/2006,Mid-Block (not related to intersection),13,"MOTOR VEHICLE STRUCK MOTOR VEHICLE, LEFT SIDE AT ANGLE",,0,Overcast,Dry,Daylight,,6338014,,32,One parked--one moving,0,0,N
1260730.002,204793.9414,910,50700,50700,2625580,Matched,Block,,30TH AVE SW BETWEEN SW FINDLAY ST AND SW JUNEAU ST,,,2b,Serious Injury Collision,Pedestrian,2,1,0,1,1,1,0,2006/10/20 00:00:00+00,10/20/2006 14:42,Mid-Block (not related to intersection),24,MOTOR VEHCILE STRUCK PEDESTRIAN,,0,Clear,Dry,Daylight,Y,6293002,,4,Vehicle hits Pedestrian - All Other Actions,0,0,N
1274663.967,225093.6695,911,1018,1018,3645722,Unmatched,Block,,E JAMES CT BETWEEN 12TH AVE AND 13TH AVE, ,,0,Unknown,,0,0,0,0,0,0,0,2013/03/22 00:00:00+00,3/22/2013,Mid-Block (not related to intersection),15,"MOTOR VEHICLE STRUCK MOTOR VEHICLE, RIGHT SIDE SIDESWIPE",,,,,,,,, ,,0,0,N
1271170.432,228596.6279,912,46400,46400,1783671,Matched,Intersection,29850,HOWELL ST AND MINOR AVE,,,2b,Serious Injury Collision,Left Turn,2,0,0,2,1,1,0,2005/03/10 00:00:00+00,3/10/2005 17:38,At Intersection (intersection related),11,"MOTOR VEHICLE STRUCK MOTOR VEHICLE, FRONT END AT ANGLE",,0,Clear,Dry,Daylight,,5069036,,28,From opposite direction - one left turn - one straight,0,0,N
1269293.535,224852.7909,913,200000,200140,E442959,Matched,Block,,1ST AVE BETWEEN SENECA ST AND UNIVERSITY ST, ,,1,Property Damage Only Collision,Parked Car,1,0,0,2,0,0,0,2015/07/11 00:00:00+00,7/11/2015 12:34,Mid-Block (not related to intersection),11,"MOTOR VEHICLE STRUCK MOTOR VEHICLE, FRONT END AT ANGLE",,N,Clear,Dry,Daylight,,,,20,One car leaving parked position,0,0,N
1286311.633,197913.8361,914,1155,1155,3615256,Matched,Block,,SEWARD PARK AVE S BETWEEN S FONTANELLE PL AND S KENYON ST, ,,1,Property Damage Only Collision,Parked Car,2,0,0,2,0,0,0,2013/03/26 00:00:00+00,3/26/2013 15:00,Mid-Block (not related to intersection),0,NOT ENOUGH INFORMATION / NOT APPLICABLE,,N,Unknown,Unknown,Unknown,,,,32,One parked--one moving,0,0,N
1269228.121,229252.4794,915,29200,29200,1213515,Matched,Intersection,29510,DENNY WAY AND WESTLAKE AVE,,,1,Property Damage Only Collision,Angles,2,0,0,2,0,0,0,2004/05/18 00:00:00+00,5/18/2004 7:40,At Intersection (intersection related),11,"MOTOR VEHICLE STRUCK MOTOR VEHICLE, FRONT END AT ANGLE",,0,Clear,Dry,Daylight,,4139028,,10,Entering at angle,0,0,N
1276700.326,210089.2096,916,42200,42200,2026015,Matched,Block,,BEACON WR N AVE S BETWEEN BEACON AVE S AND BEACON ER S AVE S,,,2,Injury Collision,Rear Ended,4,0,0,2,2,0,0,2005/08/02 00:00:00+00,8/2/2005,Mid-Block (not related to intersection),14,"MOTOR VEHICLE STRUCK MOTOR VEHICLE, REAR END",,0,Clear,Dry,Daylight,,5214016,,13,From same direction - both going straight - both moving - rear-end,0,0,N
1273014.144,239959.6311,917,1254,1254,3615302,Unmatched,Block,,EASTLAKE AVE E BETWEEN E SHELBY ST AND E ALLISON ST, ,,0,Unknown,,0,0,0,0,0,0,0,2013/03/30 00:00:00+00,3/30/2013,Mid-Block (not related to intersection),0,NOT ENOUGH INFORMATION / NOT APPLICABLE,,,,,,,,, ,,0,0,N
1272383.892,194516.065,918,76400,76400,2826885,Matched,Block,,8TH AVE S BETWEEN S CONCORD ST AND S HENDERSON ST,,,1,Property Damage Only Collision,Other,2,0,0,2,0,0,0,2007/12/23 00:00:00+00,12/23/2007 21:23,Mid-Block (not related to intersection),28,MOTOR VEHICLE RAN OFF ROAD - HIT FIXED OBJECT,,0,Unknown,Wet,Dark - Street Lights On,,7357015,Y,50,Fixed object,0,0,N
1277204.968,255285.2569,919,55400,55400,2624180,Matched,Intersection,37776,LAKE CITY WAY NE AND NE 85TH ST,,,2,Injury Collision,Angles,2,0,0,2,1,0,0,2006/10/15 00:00:00+00,10/15/2006 21:41,At Intersection (intersection related),11,"MOTOR VEHICLE STRUCK MOTOR VEHICLE, FRONT END AT ANGLE",,0,Overcast,Wet,Dark - Street Lights On,,6288019,,10,Entering at angle,0,0,N
1255749.589,193858.8381,920,322172,323672,E948533,Unmatched,Intersection,34815,45TH AVE SW AND SW WILDWOOD PL,NEI,"Not Enough Information, or Insufficient Location Information",0,Unknown,,0,0,0,0,0,0,0,2019/08/04 00:00:00+00,8/4/2019,At Intersection (intersection related),0,NOT ENOUGH INFORMATION / NOT APPLICABLE,,,,,,,,, ,,0,0,Y
1272846.963,249971.9979,921,23100,23100,4135046,Unmatched,Block,,LATONA AVE NE BETWEEN NE 64TH ST AND NE 65TH E ST,,,0,Unknown,,0,0,0,0,0,0,0,2004/05/14 00:00:00+00,5/14/2004,Mid-Block (but intersection related),14,"MOTOR VEHICLE STRUCK MOTOR VEHICLE, REAR END",,,,,,,4135046,,,,0,0,N
1268382.133,233966.8546,922,61200,61200,2606629,Matched,Intersection,28753,DEXTER AVE N AND LEE ST,,,2,Injury Collision,Angles,2,0,0,2,1,0,0,2006/11/08 00:00:00+00,11/8/2006,At Intersection (intersection related),11,"MOTOR VEHICLE STRUCK MOTOR VEHICLE, FRONT END AT ANGLE",,0,Overcast,Dry,Daylight,,6312016,,10,Entering at angle,0,0,N
,,923,39600,39600,C646585,Matched,Block,,SENECA ST OFF RP BETWEEN ALASKAN WY VI NB AND 1ST AVE,,,2,Injury Collision,Right Turn,2,0,0,2,1,0,0,2005/03/28 00:00:00+00,3/28/2005 6:55,Mid-Block (but intersection related),14,"MOTOR VEHICLE STRUCK MOTOR VEHICLE, REAR END",,0,Overcast,Wet,Dawn,,5087062,,16,From same direction - one right turn - one straight,0,0,N
1270791.359,253410.399,924,1183,1183,3501826,Matched,Block,,N 77TH ST BETWEEN EAST GREEN LAKE DR N AND MERIDIAN AVE N, ,,1,Property Damage Only Collision,Parked Car,2,0,0,2,0,0,0,2013/03/30 00:00:00+00,3/30/2013 17:05,Mid-Block (not related to intersection),14,"MOTOR VEHICLE STRUCK MOTOR VEHICLE, REAR END",,N,Clear,Dry,Daylight,,,,32,One parked--one moving,0,0,N
1255115.703,195052.1994,925,327874,329374,EA01307,Matched,Block,,FAUNTLEROY WAY SW BETWEEN SW TRENTON ST AND SW BARTON ST, ,,1,Property Damage Only Collision,Other,2,0,0,2,0,0,0,2019/12/16 00:00:00+00,12/16/2019 14:24,Mid-Block (not related to intersection),11,"MOTOR VEHICLE STRUCK MOTOR VEHICLE, FRONT END AT ANGLE",,N,Clear,Dry,Daylight,,,,23,From same direction - all others,0,0,N
1273593.824,258875.1084,926,1390,1390,3507816,Matched,Block,,5TH AVE NE BETWEEN NE 97TH ST AND NE 98TH ST, ,,1,Property Damage Only Collision,Parked Car,2,0,0,2,0,0,0,2013/04/03 00:00:00+00,4/3/2013 19:20,Mid-Block (not related to intersection),14,"MOTOR VEHICLE STRUCK MOTOR VEHICLE, REAR END",,N,Clear,Dry,Dusk,,,,20,One car leaving parked position,0,0,N
1255115.703,195052.1994,927,89100,89100,2824825,Matched,Block,,FAUNTLEROY WAY SW BETWEEN SW TRENTON ST AND SW BARTON ST,,,2,Injury Collision,Head On,7,0,0,3,1,0,0,2008/05/21 00:00:00+00,5/21/2008 20:21,Mid-Block (not related to intersection),11,"MOTOR VEHICLE STRUCK MOTOR VEHICLE, FRONT END AT ANGLE",,0,Raining,Wet,Dusk,,8142031,,30,From opposite direction - all others,0,0,N
1265639.335,246659.9768,928,322246,323746,E949075,Unmatched,Block,,PHINNEY AVE N BETWEEN N 51ST ST AND N 52ND ST,NEI,"Not Enough Information, or Insufficient Location Information",0,Unknown,,0,0,0,0,0,0,0,2019/08/11 00:00:00+00,8/11/2019,,0,NOT ENOUGH INFORMATION / NOT APPLICABLE,,,,,,,,, ,,0,0,Y
1258844.297,248300.8708,929,65700,65700,2795194,Matched,Intersection,25138,20TH AVE NW AND NW 57TH ST,,,1,Property Damage Only Collision,Angles,3,0,0,2,0,0,0,2007/06/29 00:00:00+00,6/29/2007 18:04,At Intersection (intersection related),11,"MOTOR VEHICLE STRUCK MOTOR VEHICLE, FRONT END AT ANGLE",,0,Clear,Dry,Daylight,,7180043,,10,Entering at angle,0,0,N
1259013.96,246328.5104,930,327824,329324,3867376,Unmatched,Block,,BALLARD AVE NW BETWEEN NW DOCK PL AND NW IONE PL, ,,2b,Serious Injury Collision,,1,0,0,0,1,0,0,2020/01/18 00:00:00+00,1/18/2020,Mid-Block (not related to intersection),24,MOTOR VEHCILE STRUCK PEDESTRIAN,,,,,,,,, ,,0,0,N
1266399.119,231980.8958,931,92000,92000,3285732,Matched,Block,,NOB HILL AVE N BETWEEN ROY ST AND VALLEY ST,,,1,Property Damage Only Collision,Parked Car,2,0,0,2,0,0,0,2008/12/01 00:00:00+00,12/1/2008,Mid-Block (not related to intersection),16,"MOTOR VEHICLE STRUCK MOTOR VEHICLE, LEFT SIDE SIDESWIPE",,0,Unknown,Unknown,Daylight,,8336035,,32,One parked--one moving,0,0,N
1267149.127,242281.407,932,19300,19300,1219913,Unmatched,Block,,N 39TH ST BETWEEN LINDEN AVE N AND AURORA AVE N,,,0,Unknown,,0,0,0,0,0,0,0,2004/12/20 00:00:00+00,12/20/2004,Driveway Junction,11,"MOTOR VEHICLE STRUCK MOTOR VEHICLE, FRONT END AT ANGLE",,,,,,,4355025,,,,0,0,N
1262712.746,205406.449,933,23600,23600,1217334,Matched,Block,,DELRIDGE WAY SW BETWEEN SW BRANDON ST AND SW FINDLAY ST,,,1,Property Damage Only Collision,Parked Car,3,0,0,2,0,0,0,2004/11/24 00:00:00+00,11/24/2004 15:30,Mid-Block (not related to intersection),11,"MOTOR VEHICLE STRUCK MOTOR VEHICLE, FRONT END AT ANGLE",,0,Raining,Wet,Dusk,,4329023,,20,One car leaving parked position,0,0,N
1275228.695,205386.7903,934,22200,22200,1792991,Matched,Intersection,33361,16TH AVE S AND S LUCILE ST,,,1,Property Damage Only Collision,Angles,6,0,0,2,0,0,0,2004/09/14 00:00:00+00,9/14/2004 15:30,At Intersection (intersection related),11,"MOTOR VEHICLE STRUCK MOTOR VEHICLE, FRONT END AT ANGLE",,0,Raining,Wet,Daylight,,4258042,,10,Entering at angle,0,0,N
1269593.844,201300.8325,935,57100,57100,2398730,Matched,Block,,1ST AV S BR SB BETWEEN POINT B AND POINT A,,,1,Property Damage Only Collision,Sideswipe,2,0,0,2,0,0,0,2006/03/20 00:00:00+00,3/20/2006 9:16,Mid-Block (not related to intersection),14,"MOTOR VEHICLE STRUCK MOTOR VEHICLE, REAR END",Y,0,Clear,Dry,Daylight,,6079043,,12,From same direction - both going straight - one stopped - sideswipe,0,0,N
1278178.177,250636.3826,936,36700,36700,2025448,Matched,Intersection,24791,RAVENNA AVE NE AND NE 68TH ST,,,1,Property Damage Only Collision,Other,1,0,0,1,0,0,0,2005/06/20 00:00:00+00,6/20/2005 21:57,At Intersection (intersection related),26,MOTOR VEHICLE STRUCK OBJECT IN ROAD,,0,Clear,Dry,Dark - Street Lights On,,5171042,,50,Fixed object,0,0,N
1257555.918,203913.8561,937,1102,1102,3380690,Matched,Block,,SW RAYMOND ST BETWEEN FAUNTLEROY WAY SW AND 41ST AVE SW, ,,1,Property Damage Only Collision,Parked Car,2,0,0,2,0,0,0,2013/03/28 00:00:00+00,3/28/2013 20:51,Mid-Block (not related to intersection),11,"MOTOR VEHICLE STRUCK MOTOR VEHICLE, FRONT END AT ANGLE",,N,Clear,Dry,Dark - Street Lights On,,,,32,One parked--one moving,0,0,N
1276211.107,228780.4108,938,1346,1346,3605913,Matched,Intersection,30117,17TH AVE AND E HOWELL ST, ,,1,Property Damage Only Collision,Angles,2,0,0,2,0,0,0,2013/03/28 00:00:00+00,3/28/2013 5:57,At Intersection (intersection related),11,"MOTOR VEHICLE STRUCK MOTOR VEHICLE, FRONT END AT ANGLE",Y,N,Raining,Wet,Dark - Street Lights On,,,,10,Entering at angle,0,0,N
1286806.083,194385.0175,939,63300,63300,2610754,Matched,Block,,SEWARD PARK AVE S BETWEEN HAMLET AVE S AND S HENDERSON ST,,,1,Property Damage Only Collision,Parked Car,2,0,0,2,0,0,0,2006/08/11 00:00:00+00,8/11/2006 16:12,Mid-Block (not related to intersection),16,"MOTOR VEHICLE STRUCK MOTOR VEHICLE, LEFT SIDE SIDESWIPE",,0,Clear,Dry,Daylight,,6223042,,32,One parked--one moving,0,0,N
1271573.464,219669.9183,940,100000,100000,3327008,Matched,Block,,S ROYAL BROUGHAM WAY BETWEEN 4TH AVE S AND 5TH AVE S,,,2,Injury Collision,Rear Ended,2,0,0,2,1,0,0,2009/08/17 00:00:00+00,8/17/2009 12:20,Mid-Block (not related to intersection),14,"MOTOR VEHICLE STRUCK MOTOR VEHICLE, REAR END",Y,0,Clear,Dry,Daylight,,9229019,,14,From same direction - both going straight - one stopped - rear-end,0,0,N
1269804.427,224621.8044,941,77200,77200,2805232,Matched,Intersection,29613,2ND AVE AND SPRING ST,,,2,Injury Collision,Angles,7,0,0,2,1,0,0,2007/11/10 00:00:00+00,11/10/2007 23:27,At Intersection (intersection related),11,"MOTOR VEHICLE STRUCK MOTOR VEHICLE, FRONT END AT ANGLE",,0,Overcast,Dry,Dark - Street Lights On,,7314018,,10,Entering at angle,0,0,N
1270254.233,224177.1077,942,29700,29700,1482326,Matched,Block,,MARION ST BETWEEN 2ND AVE AND 3RD AVE,,,1,Property Damage Only Collision,Rear Ended,2,0,0,2,0,0,0,2004/03/05 00:00:00+00,3/5/2004,Mid-Block (not related to intersection),14,"MOTOR VEHICLE STRUCK MOTOR VEHICLE, REAR END",,0,Raining,Wet,Daylight,,4065042,Y,14,From same direction - both going straight - one stopped - rear-end,0,0,N
1287525.691,193051.7905,943,327926,329426,3856956,Matched,Intersection,35452,57TH AVE S AND RAINIER AVE S, ,,1,Property Damage Only Collision,Angles,2,0,0,2,0,0,0,2020/01/20 00:00:00+00,1/20/2020 13:53,At Intersection (intersection related),11,"MOTOR VEHICLE STRUCK MOTOR VEHICLE, FRONT END AT ANGLE",,N,Clear,Dry,Daylight,,,,10,Entering at angle,0,0,N
1277379.715,224064.7679,944,1291,1291,3476307,Matched,Block,,21ST AVE BETWEEN E ALDER ST AND E TERRACE ST, ,,1,Property Damage Only Collision,Parked Car,2,0,0,2,0,0,0,2013/03/27 00:00:00+00,3/27/2013 19:00,Mid-Block (not related to intersection),11,"MOTOR VEHICLE STRUCK MOTOR VEHICLE, FRONT END AT ANGLE",,N,Raining,Wet,Daylight,,,,32,One parked--one moving,0,0,N
1280304.947,244621.4339,945,90200,90200,2609733,Matched,Block,,NE 45TH ST BETWEEN U VILLAGE DR AND NE 45TH PL,,,1,Property Damage Only Collision,Rear Ended,3,0,0,3,0,0,0,2008/03/20 00:00:00+00,3/20/2008 13:38,Driveway Junction,14,"MOTOR VEHICLE STRUCK MOTOR VEHICLE, REAR END",,0,Overcast,Dry,Daylight,,8080012,,14,From same direction - both going straight - one stopped - rear-end,0,0,N
1270971.589,261439.2074,946,322209,323709,E946795,Matched,Intersection,36588,MERIDIAN AVE N AND N 107TH ST, ,,1,Property Damage Only Collision,Left Turn,3,0,0,2,0,0,0,2019/07/22 00:00:00+00,7/22/2019 17:39,At Intersection (intersection related),11,"MOTOR VEHICLE STRUCK MOTOR VEHICLE, FRONT END AT ANGLE",,N,Clear,Dry,Daylight,,,,28,From opposite direction - one left turn - one straight,0,0,N
1276157.508,248662.7512,947,53900,53900,2178785,Matched,Intersection,25994,15TH AVE NE AND COWEN PL NE,,,1,Property Damage Only Collision,Angles,2,0,0,2,0,0,0,2006/04/20 00:00:00+00,4/20/2006 21:56,At Intersection (intersection related),11,"MOTOR VEHICLE STRUCK MOTOR VEHICLE, FRONT END AT ANGLE",,0,Raining,Wet,Dark - Street Lights On,,6110025,,10,Entering at angle,0,0,N
1272592.6,258077.374,948,1056,1056,3501976,Matched,Block,,NE 95TH ST BETWEEN 1ST AVE NE AND 3RD AVE NE, ,,1,Property Damage Only Collision,Parked Car,2,0,0,2,0,0,0,2013/03/26 00:00:00+00,3/26/2013 21:28,Driveway Junction,11,"MOTOR VEHICLE STRUCK MOTOR VEHICLE, FRONT END AT ANGLE",Y,N,Clear,Dry,Dark - Street Lights On,,,,32,One parked--one moving,0,0,N
1276959.324,245017.8368,949,322189,323689,E948574,Matched,Block,,18TH AVE NE BETWEEN NE 45TH ST AND NE 47TH ST, ,,1,Property Damage Only Collision,Sideswipe,4,0,0,2,0,0,0,2019/08/04 00:00:00+00,8/4/2019 13:40,Mid-Block (not related to intersection),14,"MOTOR VEHICLE STRUCK MOTOR VEHICLE, REAR END",Y,N,Clear,Dry,Daylight,,,,11,From same direction - both going straight - both moving - sideswipe,0,0,N
1274036.344,222100.3491,950,1220,1220,3605915,Matched,Block,,S JACKSON ST BETWEEN 10TH AVE S AND 12TH AVE S, ,,1,Property Damage Only Collision,Rear Ended,5,0,0,2,0,0,0,2013/03/30 00:00:00+00,3/30/2013 8:45,Mid-Block (not related to intersection),14,"MOTOR VEHICLE STRUCK MOTOR VEHICLE, REAR END",Y,N,Clear,Dry,Daylight,,,,14,From same direction - both going straight - one stopped - rear-end,0,0,N
1258765.6,247092.3609,951,1148,1148,3608973,Matched,Intersection,25164,LEARY AVE NW AND NW VERNON PL, ,,2b,Serious Injury Collision,Angles,2,0,0,2,1,1,0,2013/03/26 00:00:00+00,3/26/2013 17:14,At Intersection (intersection related),11,"MOTOR VEHICLE STRUCK MOTOR VEHICLE, FRONT END AT ANGLE",,N,Clear,Dry,Daylight,,,,10,Entering at angle,0,0,N
1271692.215,223960.6673,952,27100,27100,4291046,Unmatched,Intersection,29973,6TH AVE AND JAMES ST,,,0,Unknown,,0,0,0,0,0,0,0,2004/10/17 00:00:00+00,10/17/2004,At Intersection (intersection related),11,"MOTOR VEHICLE STRUCK MOTOR VEHICLE, FRONT END AT ANGLE",,,,,,,4291046,,,,0,0,N
1278415.605,215379.2785,953,41100,41100,1786060,Matched,Intersection,31467,RAINIER AVE S AND S BAYVIEW ST,,,2,Injury Collision,Angles,4,0,0,2,2,0,0,2005/12/31 00:00:00+00,12/31/2005 23:59,At Intersection (intersection related),11,"MOTOR VEHICLE STRUCK MOTOR VEHICLE, FRONT END AT ANGLE",,0,Raining,Wet,Dark - Street Lights On,,5365017,,10,Entering at angle,0,0,N
1274506.432,225328.1602,954,1224,1224,3605978,Matched,Intersection,29795,12TH AVE AND E CHERRY ST, ,,2,Injury Collision,Angles,4,0,0,4,1,0,0,2013/03/30 00:00:00+00,3/30/2013 6:27,At Intersection (intersection related),11,"MOTOR VEHICLE STRUCK MOTOR VEHICLE, FRONT END AT ANGLE",,N,Clear,Dry,Dawn,,,,10,Entering at angle,0,0,N
1274461.189,223006.7212,955,327904,329404,EA02735,Matched,Intersection,30410,12TH AVE AND E YESLER WAY, ,,2,Injury Collision,Angles,4,0,0,2,2,0,0,2019/12/17 00:00:00+00,12/17/2019 1:06,At Intersection (intersection related),11,"MOTOR VEHICLE STRUCK MOTOR VEHICLE, FRONT END AT ANGLE",,N,Clear,Dry,Dark - Street Lights On,,,,10,Entering at angle,0,0,N