X,Y,OBJECTID,INCKEY,COLDETKEY,REPORTNO,STATUS,ADDRTYPE,INTKEY,LOCATION,EXCEPTRSNCODE,EXCEPTRSNDESC,SEVERITYCODE,SEVERITYDESC,COLLISIONTYPE,PERSONCOUNT,PEDCOUNT,PEDCYLCOUNT,VEHCOUNT,INJURIES,SERIOUSINJURIES,FATALITIES,INCDATE,INCDTTM,JUNCTIONTYPE,SDOT_COLCODE,SDOT_COLDESC,INATTENTIONIND,UNDERINFL,WEATHER,ROADCOND,LIGHTCOND,PEDROWNOTGRNT,SDOTCOLNUM,SPEEDING,ST_COLCODE,ST_COLDESC,SEGLANEKEY,CROSSWALKKEY,HITPARKEDCAR
1267908.957,254763.82,956,1243,1243,3615301,Unmatched,Block,,N 82ND ST BETWEEN LINDEN AVE N AND AURORA AVE N, ,,0,Unknown,,0,0,0,0,0,0,0,2013/03/28 00:00:00+00,3/28/2013,Mid-Block (not related to intersection),0,NOT ENOUGH INFORMATION / NOT APPLICABLE,,,,,,,,, ,,0,0,N
1275423.787,221455.259,957,103400,103400,2623443,Matched,Intersection,30437,RAINIER AVE S AND S WELLER ST,,,2,Injury Collision,Angles,3,0,0,3,1,0,0,2009/04/10 00:00:00+00,4/10/2009 14:23,At Intersection (intersection related),11,"MOTOR VEHICLE STRUCK MOTOR VEHICLE, FRONT END AT ANGLE",,0,Overcast,Wet,Daylight,,9100006,,10,Entering at angle,0,0,N
1277552.233,217974.1189,958,322110,323610,E927364,Matched,Block,,22ND AVE S BETWEEN S MASSACHUSETTS ST AND S STATE ST, ,,1,Property Damage Only Collision,Parked Car,2,0,0,2,0,0,0,2019/05/27 00:00:00+00,5/27/2019 14:39,Mid-Block (not related to intersection),14,"MOTOR VEHICLE STRUCK MOTOR VEHICLE, REAR END",Y,N,Clear,Dry,Daylight,,,,32,One parked--one moving,0,0,Y
1281161.858,222286.4898,959,65000,65000,2620883,Matched,Block,,S FRINK PL BETWEEN S WASHINGTON ST AND LAKE WASHINGTON BLVD S,,,1,Property Damage Only Collision,Other,1,0,0,1,0,0,0,2007/03/24 00:00:00+00,3/24/2007 17:34,Mid-Block (not related to intersection),26,MOTOR VEHICLE STRUCK OBJECT IN ROAD,,0,Raining,Wet,Daylight,,7083003,,50,Fixed object,0,0,N
1262712.746,205406.449,960,327854,329354,3856091,Matched,Block,,DELRIDGE WAY SW BETWEEN SW BRANDON ST AND SW FINDLAY ST, ,,1,Property Damage Only Collision,Parked Car,2,0,0,2,0,0,0,2020/01/17 00:00:00+00,1/17/2020 15:40,Mid-Block (not related to intersection),11,"MOTOR VEHICLE STRUCK MOTOR VEHICLE, FRONT END AT ANGLE",,N,Overcast,Dry,Dusk,,,,20,One car leaving parked position,0,0,N
1270842.969,223814.545,961,91500,91500,3280481,Matched,Block,,CHERRY ST BETWEEN 3RD AVE AND 4TH AVE,,,1,Property Damage Only Collision,Other,2,0,0,2,0,0,0,2008/10/03 00:00:00+00,10/3/2008,Mid-Block (but intersection related),11,"MOTOR VEHICLE STRUCK MOTOR VEHICLE, FRONT END AT ANGLE",,0,Clear,Dry,Daylight,,8277045,,23,From same direction - all others,0,0,N
1274168.156,218175.8329,962,45400,45400,1791522,Matched,Block,,S MASSACHUSETTS ST BETWEEN DEAD END AND 12TH AVE S,,,1,Property Damage Only Collision,Parked Car,2,0,0,2,0,0,0,2005/04/25 00:00:00+00,4/25/2005 6:00,Mid-Block (not related to intersection),11,"MOTOR VEHICLE STRUCK MOTOR VEHICLE, FRONT END AT ANGLE",,0,Clear,Dry,Dark - No Street Lights,,5115021,,32,One parked--one moving,0,0,N
1256918.217,209533.8684,963,1006,1006,3615238,Unmatched,Block,,CALIFORNIA AVE SW BETWEEN SW GENESEE ST AND SW OREGON ST, ,,0,Unknown,,0,0,0,0,0,0,0,2013/03/23 00:00:00+00,3/23/2013,Mid-Block (not related to intersection),13,"MOTOR VEHICLE STRUCK MOTOR VEHICLE, LEFT SIDE AT ANGLE",,,,,,,,, ,,0,0,N
1259615.922,212309.5366,964,1180,1180,3615250,Unmatched,Block,,35TH AVE SW BETWEEN SW SPOKANE ST AND SW MANNING ST, ,,0,Unknown,,1,0,0,0,0,0,0,2013/03/23 00:00:00+00,3/23/2013,Mid-Block (not related to intersection),0,NOT ENOUGH INFORMATION / NOT APPLICABLE,,,,,,,,, ,,0,0,N
,,965,28100,28100,1778147,Matched,Block,,ALASKAN WY VI NB BETWEEN S ROYAL BROUGHAM WAY ON RP AND SENECA ST OFF RP,,,1,Property Damage Only Collision,Sideswipe,2,0,0,2,0,0,0,2004/08/12 00:00:00+00,8/12/2004 17:30,Mid-Block (but intersection related),11,"MOTOR VEHICLE STRUCK MOTOR VEHICLE, FRONT END AT ANGLE",,0,Clear,Dry,Daylight,,4225009,,12,From same direction - both going straight - one stopped - sideswipe,0,0,N
1268262.309,229277.1954,966,42900,42900,1060253,Matched,Intersection,29515,DENNY WAY AND DEXTER AVE,,,2,Injury Collision,Left Turn,7,0,0,3,4,0,0,2005/06/14 00:00:00+00,6/14/2005 16:21,At Intersection (intersection related),11,"MOTOR VEHICLE STRUCK MOTOR VEHICLE, FRONT END AT ANGLE",,0,Clear,Dry,Daylight,,5165015,,28,From opposite direction - one left turn - one straight,0,0,N
1268272.203,257003.2312,967,1142,1142,3507856,Matched,Block,,AURORA AVE N BETWEEN N 90TH ST AND N 91ST ST, ,,2,Injury Collision,Rear Ended,5,0,0,3,1,0,0,2013/03/29 00:00:00+00,3/29/2013 14:47,Mid-Block (not related to intersection),14,"MOTOR VEHICLE STRUCK MOTOR VEHICLE, REAR END",,N,Clear,Dry,Daylight,,,,13,From same direction - both going straight - both moving - rear-end,0,0,N
1274464.68,223187.2106,968,1233,1233,3593840,Matched,Block,,12TH AVE BETWEEN E YESLER WAY AND E FIR ST, ,,2,Injury Collision,Rear Ended,6,0,0,2,1,0,0,2013/03/31 00:00:00+00,3/31/2013 13:04,Mid-Block (not related to intersection),14,"MOTOR VEHICLE STRUCK MOTOR VEHICLE, REAR END",,N,Clear,Dry,Daylight,,,,14,From same direction - both going straight - one stopped - rear-end,0,0,N
1262469.726,245048.7213,969,75900,75900,2794099,Matched,Intersection,26709,LEARY WAY NW AND NW 45TH ST,,,2,Injury Collision,Other,1,0,0,1,1,0,0,2007/10/21 00:00:00+00,10/21/2007 2:25,At Intersection (intersection related),28,MOTOR VEHICLE RAN OFF ROAD - HIT FIXED OBJECT,,1,Clear,Dry,Dark - Street Lights On,,7294004,Y,50,Fixed object,0,0,N
1282817.12,195270.1564,970,63900,63900,2615889,Matched,Intersection,35256,42ND AVE S AND S CLOVERDALE ST,,,2,Injury Collision,Angles,8,0,0,2,2,0,0,2006/08/24 00:00:00+00,8/24/2006 12:52,At Intersection (intersection related),11,"MOTOR VEHICLE STRUCK MOTOR VEHICLE, FRONT END AT ANGLE",,0,Clear,Dry,Daylight,,6236024,,10,Entering at angle,0,0,N
1282052.296,209154.6554,971,322192,323692,E946539,Matched,Intersection,32712,38TH AVE S AND S GENESEE ST, ,,1,Property Damage Only Collision,Angles,6,0,0,2,0,0,0,2019/07/25 00:00:00+00,7/25/2019 16:19,At Intersection (intersection related),11,"MOTOR VEHICLE STRUCK MOTOR VEHICLE, FRONT END AT ANGLE",,N,Clear,Dry,Daylight,,,,10,Entering at angle,0,0,N
1259261.631,249089.5513,972,36800,36800,1791950,Matched,Block,,NW 60TH ST BETWEEN 17TH AVE NW AND 20TH AVE NW,,,1,Property Damage Only Collision,Parked Car,2,0,0,2,0,0,0,2005/03/20 00:00:00+00,3/20/2005 18:00,Mid-Block (not related to intersection),14,"MOTOR VEHICLE STRUCK MOTOR VEHICLE, REAR END",,0,Unknown,Unknown,Unknown,,5079044,,32,One parked--one moving,0,0,N
1268099.032,192330.7613,973,88900,88900,2792789,Matched,Intersection,34984,OLSON PL SW AND SW ROXBURY ST,,,1,Property Damage Only Collision,Left Turn,2,0,0,2,0,0,0,2008/02/25 00:00:00+00,2/25/2008 15:21,At Intersection (intersection related),11,"MOTOR VEHICLE STRUCK MOTOR VEHICLE, FRONT END AT ANGLE",,0,Clear,Dry,Daylight,,8056018,,28,From opposite direction - one left turn - one straight,0,0,N
1275146.274,224972.8288,974,40700,40700,2028055,Matched,Block,,14TH AVE BETWEEN E JEFFERSON ST AND E CHERRY ST,,,2,Injury Collision,Rear Ended,2,0,0,2,1,0,0,2005/04/20 00:00:00+00,4/20/2005 8:50,Mid-Block (but intersection related),14,"MOTOR VEHICLE STRUCK MOTOR VEHICLE, REAR END",,0,Clear,Dry,Daylight,,5110013,,14,From same direction - both going straight - one stopped - rear-end,0,0,N
1276116.688,261953.0701,975,1332,1332,3198822,Matched,Block,,NE NORTHGATE WAY BETWEEN 14TH AVE NE AND 15TH AVE NE, ,,1,Property Damage Only Collision,Sideswipe,2,0,0,2,0,0,0,2013/04/02 00:00:00+00,4/2/2013 19:45,Mid-Block (not related to intersection),14,"MOTOR VEHICLE STRUCK MOTOR VEHICLE, REAR END",,N,Clear,Dry,Dusk,,,,12,From same direction - both going straight - one stopped - sideswipe,0,0,N
1272376.153,225965.8343,976,327876,329376,EA03074,Matched,Block,,BOREN AVE BETWEEN MADISON ST AND SPRING ST, ,,1,Property Damage Only Collision,Sideswipe,3,0,0,3,0,0,0,2020/01/02 00:00:00+00,1/2/2020 16:20,Mid-Block (not related to intersection),14,"MOTOR VEHICLE STRUCK MOTOR VEHICLE, REAR END",,N,Raining,Wet,Dark - Street Lights On,,,,11,From same direction - both going straight - both moving - sideswipe,0,0,N
1270479.872,225377.2761,977,1365,1365,3643908,Matched,Intersection,29929,5TH AVE AND SENECA ST, ,,2,Injury Collision,Angles,2,0,0,2,1,0,0,2013/04/02 00:00:00+00,4/2/2013 19:07,At Intersection (intersection related),11,"MOTOR VEHICLE STRUCK MOTOR VEHICLE, FRONT END AT ANGLE",,N,Clear,Dry,Dusk,,,,10,Entering at angle,0,0,N
1255510.183,207067.4778,978,322251,323751,3752820,Matched,Block,,47TH AVE SW BETWEEN SW HUDSON ST AND SW HEINZE WAY, ,,1,Property Damage Only Collision,Parked Car,2,0,0,2,0,0,0,2019/08/10 00:00:00+00,8/10/2019 1:15,Mid-Block (not related to intersection),11,"MOTOR VEHICLE STRUCK MOTOR VEHICLE, FRONT END AT ANGLE",,N,Clear,Wet,Dark - Street Lights On,,,,32,One parked--one moving,0,0,Y
1273317.224,230642.3796,979,49900,49900,1796008,Matched,Block,,HARVARD AVE E BETWEEN E HARRISON ST AND E REPUBLICAN ST,,,1,Property Damage Only Collision,Parked Car,2,0,0,2,0,0,0,2006/01/10 00:00:00+00,1/10/2006 12:15,Mid-Block (not related to intersection),11,"MOTOR VEHICLE STRUCK MOTOR VEHICLE, FRONT END AT ANGLE",,0,Overcast,Dry,Daylight,,6010016,,32,One parked--one moving,0,0,N
1268627.639,230973.3705,980,327794,329294,3852353,Matched,Intersection,28774,8TH AVE N AND REPUBLICAN ST, ,,2,Injury Collision,Pedestrian,2,1,0,1,1,0,0,2020/01/14 00:00:00+00,1/14/2020 9:40,At Intersection (intersection related),24,MOTOR VEHCILE STRUCK PEDESTRIAN,,N,Snowing,Wet,Daylight,Y,,,0,Vehicle going straight hits pedestrian,0,0,N
1268667.426,225649.7768,981,18600,18600,1785104,Matched,Intersection,29598,PIKE PL AND PIKE ST,,,2,Injury Collision,Pedestrian,2,1,0,1,1,0,0,2004/10/14 00:00:00+00,10/14/2004 18:36,At Intersection (intersection related),24,MOTOR VEHCILE STRUCK PEDESTRIAN,,0,Overcast,Dry,Dark - Street Lights On,,4288030,,3,Vehicle backing hits pedestrian,0,0,N
1269757.854,203607.7981,982,322155,323655,E948044,Matched,Intersection,33046,1ST AVE S AND EAST MARGINAL WAY S, ,,1,Property Damage Only Collision,Right Turn,2,0,0,2,0,0,0,2019/08/01 00:00:00+00,8/1/2019 11:14,At Intersection (intersection related),11,"MOTOR VEHICLE STRUCK MOTOR VEHICLE, FRONT END AT ANGLE",,N,Clear,Dry,Daylight,,,,16,From same direction - one right turn - one straight,0,0,N
1273607.151,260034.4929,983,1307,1307,3502005,Matched,Intersection,37475,5TH AVE NE AND NE 103RD ST, ,,2,Injury Collision,Angles,2,0,0,2,2,0,0,2013/03/27 00:00:00+00,3/27/2013 14:54,At Intersection (intersection related),11,"MOTOR VEHICLE STRUCK MOTOR VEHICLE, FRONT END AT ANGLE",,N,Overcast,Wet,Daylight,,,,10,Entering at angle,0,0,N
1271830.52,224042.6365,984,20700,20700,1181833,Unmatched,Block,,JAMES ST BETWEEN 6TH AVE AND 7TH AVE,,,0,Unknown,,0,0,0,0,0,0,0,2004/01/30 00:00:00+00,1/30/2004,Mid-Block (but intersection related),11,"MOTOR VEHICLE STRUCK MOTOR VEHICLE, FRONT END AT ANGLE",,,,,,,4030032,,,,0,0,N
1267962.768,230137.8841,985,58700,58700,2622655,Matched,Intersection,28787,7TH AVE N AND THOMAS ST,,,2,Injury Collision,Right Turn,3,0,0,2,1,0,0,2006/09/18 00:00:00+00,9/18/2006 18:29,At Intersection (intersection related),11,"MOTOR VEHICLE STRUCK MOTOR VEHICLE, FRONT END AT ANGLE",,0,Overcast,Dry,Dusk,,6261016,,16,From same direction - one right turn - one straight,0,0,N
1279836.397,199214.7327,986,36200,36200,1791530,Matched,Intersection,34347,BEACON WR AVE S AND S OTHELLO ST,,,2,Injury Collision,Left Turn,4,0,0,2,1,0,0,2005/03/19 00:00:00+00,3/19/2005 20:19,At Intersection (intersection related),11,"MOTOR VEHICLE STRUCK MOTOR VEHICLE, FRONT END AT ANGLE",,0,Overcast,Dry,Dark - Street Lights On,,5078004,,15,From same direction - one left turn - one straight,0,0,N
1264090.142,229810.0482,987,1082,1082,3599461,Matched,Intersection,28663,2ND AVE W AND WESTERN AVE W, ,,1,Property Damage Only Collision,Left Turn,2,0,0,2,0,0,0,2013/03/25 00:00:00+00,3/25/2013 18:30,At Intersection (intersection related),11,"MOTOR VEHICLE STRUCK MOTOR VEHICLE, FRONT END AT ANGLE",,N,Clear,Dry,Daylight,,,,28,From opposite direction - one left turn - one straight,0,0,N
1273790.362,232189.6731,988,1360,1360,3593845,Matched,Intersection,28977,10TH AVE E AND E ALOHA ST, ,,1,Property Damage Only Collision,Sideswipe,2,0,0,2,0,0,0,2013/04/02 00:00:00+00,4/2/2013 6:34,At Intersection (intersection related),16,"MOTOR VEHICLE STRUCK MOTOR VEHICLE, LEFT SIDE SIDESWIPE",,N,Clear,Dry,Daylight,,,,12,From same direction - both going straight - one stopped - sideswipe,0,0,N
1276029.831,243898.4414,989,44900,44900,2058976,Matched,Block,,15TH AVE NE BETWEEN NE 42ND ST AND NE 43RD ST,,,1,Property Damage Only Collision,Sideswipe,4,0,0,2,0,0,0,2005/10/21 00:00:00+00,10/21/2005 12:45,Mid-Block (but intersection related),16,"MOTOR VEHICLE STRUCK MOTOR VEHICLE, LEFT SIDE SIDESWIPE",,0,Clear,Dry,Daylight,,5294033,Y,11,From same direction - both going straight - both moving - sideswipe,0,0,N
1259452.776,247738.4611,990,1152,1152,3613550,Matched,Block,,NW MARKET ST BETWEEN 17TH AVE NW AND BARNES AVE NW, ,,1,Property Damage Only Collision,Parked Car,2,0,0,2,0,0,0,2013/03/26 00:00:00+00,3/26/2013 8:53,Mid-Block (not related to intersection),11,"MOTOR VEHICLE STRUCK MOTOR VEHICLE, FRONT END AT ANGLE",Y,N,Clear,Dry,Daylight,,,,32,One parked--one moving,0,0,N
1275406.977,231403.9926,991,91100,91100,3274029,Matched,Block,,MALDEN AVE E BETWEEN E MERCER ST AND E ROY ST,,,1,Property Damage Only Collision,Parked Car,2,0,0,2,0,0,0,2008/08/21 00:00:00+00,8/21/2008 0:01,,0,NOT ENOUGH INFORMATION / NOT APPLICABLE,,0,Raining,Wet,Dark - Street Lights On,,8234031,,32,One parked--one moving,0,0,N
1265382.265,228637.9885,992,31600,31600,1475123,Matched,Block,,WESTERN AVE BETWEEN BROAD ST AND EAGLE ST,,,1,Property Damage Only Collision,Parked Car,2,0,0,2,0,0,0,2004/06/09 00:00:00+00,6/9/2004,Mid-Block (not related to intersection),11,"MOTOR VEHICLE STRUCK MOTOR VEHICLE, FRONT END AT ANGLE",,0,Raining,Wet,Dark - Street Lights On,,4161003,,20,One car leaving parked position,0,0,N
1282857.07,197251.7313,993,1285,1285,3672326,Matched,Intersection,34501,M L KING JR WR WAY S AND S KENYON ST, ,,2,Injury Collision,Other,2,0,0,2,1,0,0,2013/04/01 00:00:00+00,4/1/2013 18:33,At Intersection (intersection related),11,"MOTOR VEHICLE STRUCK MOTOR VEHICLE, FRONT END AT ANGLE",,N,Clear,Dry,Daylight,,,,40,Railway Vehicle Strikes Vehicle,0,0,N
1281787.298,193567.9553,994,104500,104500,3211430,Matched,Intersection,35371,38TH AVE S AND S BARTON ST,,,2,Injury Collision,Angles,4,0,0,2,1,0,0,2009/08/16 00:00:00+00,8/16/2009 19:55,At Intersection (intersection related),11,"MOTOR VEHICLE STRUCK MOTOR VEHICLE, FRONT END AT ANGLE",,0,Clear,Dry,Dusk,,9228008,Y,10,Entering at angle,0,0,N
1262931.157,253928.8586,995,54600,54600,2022806,Matched,Block,,8TH AVE NW BETWEEN NW 78TH ST AND NW 79TH ST,,,1,Property Damage Only Collision,Parked Car,3,0,0,3,0,0,0,2006/02/24 00:00:00+00,2/24/2006 6:29,Mid-Block (not related to intersection),13,"MOTOR VEHICLE STRUCK MOTOR VEHICLE, LEFT SIDE AT ANGLE",,0,Sleet/Hail/Freezing Rain,Ice,Dark - Street Lights On,,6055043,,32,One parked--one moving,0,0,N
1279111.394,252598.218,996,1054,1054,3501509,Matched,Block,,NE 75TH ST BETWEEN 25TH AVE NE AND 26TH AVE NE, ,,1,Property Damage Only Collision,Right Turn,3,0,0,2,0,0,0,2013/03/26 00:00:00+00,3/26/2013 16:07,Driveway Junction,11,"MOTOR VEHICLE STRUCK MOTOR VEHICLE, FRONT END AT ANGLE",,N,Clear,Dry,Daylight,,,,16,From same direction - one right turn - one straight,0,0,N
1264780.935,235032.1604,997,322165,323665,E948190,Unmatched,Block,,QUEEN ANNE AVE N BETWEEN GARFIELD ST AND BLAINE ST,NEI,"Not Enough Information, or Insufficient Location Information",0,Unknown,,2,0,0,0,0,0,0,2019/08/07 00:00:00+00,8/7/2019,Mid-Block (not related to intersection),12,"MOTOR VEHICLE STRUCK MOTOR VEHICLE, RIGHT SIDE AT ANGLE",,,,,,,,, ,,0,0,Y
1270645.49,258463.8183,998,1186,1186,3615261,Unmatched,Block,,COLLEGE WAY N BETWEEN N 95TH ST AND N 97TH ST, ,,0,Unknown,,0,0,0,0,0,0,0,2011/05/05 00:00:00+00,5/5/2011,Mid-Block (not related to intersection),0,NOT ENOUGH INFORMATION / NOT APPLICABLE,,,,,,,,, ,,0,0,N
1272546.448,254099.5437,999,327895,329395,EA01102,Matched,Intersection,24557,CORLISS WAY N AND NE 80TH ST, ,,1,Property Damage Only Collision,Other,2,0,0,1,0,0,0,2020/01/01 00:00:00+00,1/1/2020 3:42,At Intersection (intersection related),28,MOTOR VEHICLE RAN OFF ROAD - HIT FIXED OBJECT,,N,Overcast,Wet,Dark - Street Lights On,,,,50,Fixed object,0,0,N
1268650.045,211165.6268,1000,28400,28400,1775324,Matched,Block,,DUWAMISH AVE S BETWEEN EAST MARGINAL SB WAY S AND EAST MARGINAL NB WAY S,,,2,Injury Collision,Other,1,0,0,1,1,0,0,2004/09/18 00:00:00+00,9/18/2004 17:48,Mid-Block (not related to intersection),28,MOTOR VEHICLE RAN OFF ROAD - HIT FIXED OBJECT,,0,Overcast,Wet,Daylight,,4262007,,50,Fixed object,0,0,N
1279212.994,221804.4922,1001,33700,33700,1745139,Matched,Block,,M L KING JR WAY S BETWEEN S JACKSON ST AND S KING ST,,,1,Property Damage Only Collision,Rear Ended,2,0,0,2,0,0,0,2005/06/09 00:00:00+00,6/9/2005,Mid-Block (but intersection related),14,"MOTOR VEHICLE STRUCK MOTOR VEHICLE, REAR END",Y,0,Clear,Dry,Daylight,,5160039,,14,From same direction - both going straight - one stopped - rear-end,0,0,N
1274995.41,207714.0984,1002,43800,43800,2025210,Matched,Block,,15TH AVE S BETWEEN S ANGELINE ST AND S FERDINAND ST,,,1,Property Damage Only Collision,Parked Car,3,0,0,3,0,0,0,2005/06/15 00:00:00+00,6/15/2005 8:01,Mid-Block (not related to intersection),13,"MOTOR VEHICLE STRUCK MOTOR VEHICLE, LEFT SIDE AT ANGLE",,0,Clear,Dry,Daylight,,5166010,,32,One parked--one moving,0,0,N
1255695.446,240176.5414,1003,1191,1191,3549368,Matched,Block,,29TH AVE W BETWEEN W BARRETT ST AND W DRAVUS ST, ,,1,Property Damage Only Collision,Parked Car,2,0,0,2,0,0,0,2013/03/30 00:00:00+00,3/30/2013 13:00,Mid-Block (not related to intersection),14,"MOTOR VEHICLE STRUCK MOTOR VEHICLE, REAR END",,N,Clear,Dry,Daylight,,,,32,One parked--one moving,0,0,N
1270038.146,224226.9701,1004,1144,1144,3503937,Matched,Block,,2ND AVE BETWEEN MARION ST AND MADISON ST, ,,1,Property Damage Only Collision,Other,3,0,0,3,0,0,0,2013/03/29 00:00:00+00,3/29/2013 9:26,Mid-Block (not related to intersection),11,"MOTOR VEHICLE STRUCK MOTOR VEHICLE, FRONT END AT ANGLE",,N,Clear,Dry,Daylight,,,,23,From same direction - all others,0,0,N
1255692.96,213557.8081,1005,1266,1266,3645687,Unmatched,Block,,47TH AVE SW BETWEEN SW HANFORD ST AND SW HINDS ST, ,,0,Unknown,,0,0,0,0,0,0,0,2013/03/31 00:00:00+00,3/31/2013,Mid-Block (not related to intersection),0,NOT ENOUGH INFORMATION / NOT APPLICABLE,,,,,,,,, ,,0,0,N
1258813.655,207170.1795,1006,117800,117800,3288015,Matched,Intersection,32776,37TH AVE SW AND SW HUDSON ST,,,1,Property Damage Only Collision,Angles,2,0,0,2,0,0,0,2010/09/04 00:00:00+00,9/4/2010 22:44,At Intersection (intersection related),11,"MOTOR VEHICLE STRUCK MOTOR VEHICLE, FRONT END AT ANGLE",,N,Clear,Dry,Dark - Street Lights On,,10247014,,10,Entering at angle,0,0,N
1259962.491,247727.8475,1007,322133,323633,E947336,Matched,Block,,NW MARKET ST BETWEEN 15TH AVE NW AND 17TH AVE NW, ,,2,Injury Collision,Rear Ended,2,0,0,2,1,0,0,2019/07/31 00:00:00+00,7/31/2019 11:16,Mid-Block (but intersection related),14,"MOTOR VEHICLE STRUCK MOTOR VEHICLE, REAR END",,N,Clear,Dry,Daylight,,,,14,From same direction - both going straight - one stopped - rear-end,0,0,N
1260184.79,242449.1501,1008,53500,53500,2187517,Matched,Block,,15TH AVE W BETWEEN W EMERSON ST AND BALLARD BR,,,2,Injury Collision,Rear Ended,2,0,0,2,1,0,0,2006/06/13 00:00:00+00,6/13/2006 15:25,Mid-Block (but intersection related),14,"MOTOR VEHICLE STRUCK MOTOR VEHICLE, REAR END",Y,0,Clear,Dry,Daylight,,6164017,,14,From same direction - both going straight - one stopped - rear-end,0,0,N
1277691.574,245674.5014,1009,327842,329342,EA01471,Unmatched,Block,,21ST AVE NE BETWEEN NE 47TH ST AND NE 50TH ST,NEI,"Not Enough Information, or Insufficient Location Information",0,Unknown,,0,0,0,0,0,0,0,2020/01/10 00:00:00+00,1/10/2020,,0,NOT ENOUGH INFORMATION / NOT APPLICABLE,,,,,,,,, ,,0,0,Y
1273562.212,227541.5487,1010,105800,105800,3280792,Matched,Intersection,29745,BROADWAY AND E PIKE ST,,,2,Injury Collision,Left Turn,7,0,0,2,2,0,0,2009/04/21 00:00:00+00,4/21/2009 18:49,At Intersection (intersection related),11,"MOTOR VEHICLE STRUCK MOTOR VEHICLE, FRONT END AT ANGLE",,0,Clear,Dry,Daylight,,9111025,,28,From opposite direction - one left turn - one straight,0,0,N
1261803.37,195627.1938,1011,39300,39300,1076530,Matched,Block,,26TH AVE SW BETWEEN SW CLOVERDALE ST AND DEAD END 2,,,1,Property Damage Only Collision,Parked Car,2,0,0,2,0,0,0,2005/05/29 00:00:00+00,5/29/2005 1:30,Mid-Block (not related to intersection),13,"MOTOR VEHICLE STRUCK MOTOR VEHICLE, LEFT SIDE AT ANGLE",,0,Clear,Dry,Dark - Street Lights On,,5149018,,32,One parked--one moving,0,0,N
1273129.062,226589.9603,1012,61800,61800,C675445,Matched,Intersection,29771,BOYLSTON AVE AND SPRING ST,,,1,Property Damage Only Collision,Angles,2,0,0,2,0,0,0,2006/10/06 00:00:00+00,10/6/2006,At Intersection (intersection related),11,"MOTOR VEHICLE STRUCK MOTOR VEHICLE, FRONT END AT ANGLE",,0,Raining,Wet,Daylight,,6279067,,10,Entering at angle,0,0,N
1269230.605,254205.4545,1013,40400,40400,1219847,Matched,Intersection,24229,GREEN LAKE DR N AND N 80TH ST,,,1,Property Damage Only Collision,Left Turn,2,0,0,2,0,0,0,2005/01/18 00:00:00+00,1/18/2005 14:35,At Intersection (intersection related),11,"MOTOR VEHICLE STRUCK MOTOR VEHICLE, FRONT END AT ANGLE",,0,Raining,Wet,Daylight,,5018038,,28,From opposite direction - one left turn - one straight,0,0,N
1272156.128,226976.1151,1014,1337,1337,3563041,Matched,Block,,MINOR AVE BETWEEN UNIVERSITY ST AND UNION ST, ,,1,Property Damage Only Collision,Parked Car,2,0,0,2,0,0,0,2013/03/27 00:00:00+00,3/27/2013 23:19,Mid-Block (but intersection related),14,"MOTOR VEHICLE STRUCK MOTOR VEHICLE, REAR END",,N,Clear,Dry,Dark - Street Lights On,,,,32,One parked--one moving,0,0,N
1274615.235,261995.6508,1015,327870,329370,EA01146,Matched,Block,,NE NORTHGATE WAY BETWEEN 8TH AVE NE AND ROOSEVELT WAY NE, ,,1,Property Damage Only Collision,Angles,2,0,0,2,0,0,0,2019/12/17 00:00:00+00,12/17/2019 14:24,Driveway Junction,11,"MOTOR VEHICLE STRUCK MOTOR VEHICLE, FRONT END AT ANGLE",,N,Overcast,Wet,Daylight,,,,10,Entering at angle,0,0,N
1282612.739,198953.415,1016,1368,1368,3672049,Matched,Intersection,164357,40TH AVE S AND S HOLLY PARK DR, ,,1,Property Damage Only Collision,Angles,2,0,0,2,0,0,0,2013/04/02 00:00:00+00,4/2/2013 7:45,At Intersection (intersection related),11,"MOTOR VEHICLE STRUCK MOTOR VEHICLE, FRONT END AT ANGLE",,N,Clear,Dry,Daylight,,,,10,Entering at angle,0,0,N
1278867.785,246139.958,1017,49000,49000,C672074,Matched,Block,,25TH AVE NE BETWEEN NE 49TH ST AND NE BLAKELEY ST,,,1,Property Damage Only Collision,Rear Ended,2,0,0,2,0,0,0,2006/08/03 00:00:00+00,8/3/2006,Mid-Block (but intersection related),14,"MOTOR VEHICLE STRUCK MOTOR VEHICLE, REAR END",,0,Clear,Dry,Daylight,,6215037,,14,From same direction - both going straight - one stopped - rear-end,0,0,N
1270081.554,224785.9475,1018,327831,329331,EA01473,Unmatched,Intersection,29950,3RD AVE AND SPRING ST, ,,2,Injury Collision,,2,0,0,0,1,0,0,2020/01/10 00:00:00+00,1/10/2020,At Intersection (intersection related),24,MOTOR VEHCILE STRUCK PEDESTRIAN,,,,,,,,, ,,0,0,N
1260285.327,247436.8918,1019,119400,119400,3377147,Matched,Intersection,25425,15TH AVE NW AND NW 54TH ST,,,2,Injury Collision,Pedestrian,3,1,0,1,1,0,0,2011/08/28 00:00:00+00,8/28/2011 19:27,At Intersection (intersection related),24,MOTOR VEHCILE STRUCK PEDESTRIAN,,0,Clear,Dry,Daylight,,11240001,,0,Vehicle going straight hits pedestrian,0,0,N