X,Y,OBJECTID,INCKEY,COLDETKEY,REPORTNO,STATUS,ADDRTYPE,INTKEY,LOCATION,EXCEPTRSNCODE,EXCEPTRSNDESC,SEVERITYCODE,SEVERITYDESC,COLLISIONTYPE,PERSONCOUNT,PEDCOUNT,PEDCYLCOUNT,VEHCOUNT,INJURIES,SERIOUSINJURIES,FATALITIES,INCDATE,INCDTTM,JUNCTIONTYPE,SDOT_COLCODE,SDOT_COLDESC,INATTENTIONIND,UNDERINFL,WEATHER,ROADCOND,LIGHTCOND,PEDROWNOTGRNT,SDOTCOLNUM,SPEEDING,ST_COLCODE,ST_COLDESC,SEGLANEKEY,CROSSWALKKEY,HITPARKEDCAR
1279325.569,235859.924,1020,18200,18200,1217160,Matched,Block,,LAKE WASHINGTON BLVD E BETWEEN BOYER AVE E AND E FOSTER ISLAND RD,,,2,Injury Collision,Head On,3,0,0,2,1,0,0,2004/08/06 00:00:00+00,8/6/2004,Mid-Block (not related to intersection),11,"MOTOR VEHICLE STRUCK MOTOR VEHICLE, FRONT END AT ANGLE",,0,Raining,Wet,Daylight,,4219023,,30,From opposite direction - all others,0,0,N
1274777.869,212126.8506,1021,327928,329428,EA01247,Matched,Block,,S COLUMBIAN WAY BETWEEN 14TH AVE S AND S SPOKANE ST, ,,1,Property Damage Only Collision,Rear Ended,3,0,0,3,0,0,0,2020/01/10 00:00:00+00,1/10/2020 14:25,Mid-Block (not related to intersection),14,"MOTOR VEHICLE STRUCK MOTOR VEHICLE, REAR END",,N,Raining,Wet,Daylight,,,,13,From same direction - both going straight - both moving - rear-end,0,0,N
1274510.53,225541.1102,1022,1288,1288,3476163,Matched,Block,,12TH AVE BETWEEN E CHERRY ST AND E COLUMBIA ST, ,,1,Property Damage Only Collision,Sideswipe,2,0,0,2,0,0,0,2013/03/27 00:00:00+00,3/27/2013 14:02,Mid-Block (not related to intersection),16,"MOTOR VEHICLE STRUCK MOTOR VEHICLE, LEFT SIDE SIDESWIPE",,N,Raining,Wet,Daylight,,,,12,From same direction - both going straight - one stopped - sideswipe,0,0,N
,,1023,19700,19700,1772779,Matched,Intersection,31489,RAINIER AVE S AND S STEVENS ST,,,2,Injury Collision,Angles,3,0,0,2,1,0,0,2004/05/08 00:00:00+00,5/8/2004,At Intersection (intersection related),11,"MOTOR VEHICLE STRUCK MOTOR VEHICLE, FRONT END AT ANGLE",,0,Overcast,Dry,Daylight,,4129015,,10,Entering at angle,0,0,N
1265729.659,250295.0804,1024,58800,58800,2188851,Matched,Intersection,24363,PHINNEY AVE N AND N 65TH ST,,,2b,Serious Injury Collision,Cycles,1,0,1,0,1,1,0,2006/05/07 00:00:00+00,5/7/2006,At Intersection (intersection related),51,PEDALCYCLIST STRUCK MOTOR VEHICLE FRONT END AT ANGLE,,0,Overcast,Dry,Daylight,,6127003,,45,Vehicle - Pedalcyclist,0,0,N
1276218.599,236921.8531,1025,34800,34800,1783890,Matched,Block,,16TH AVE E BETWEEN E LYNN ST AND E MCGRAW ST,,,1,Property Damage Only Collision,Parked Car,2,0,0,2,0,0,0,2005/01/08 00:00:00+00,1/8/2005,Mid-Block (not related to intersection),15,"MOTOR VEHICLE STRUCK MOTOR VEHICLE, RIGHT SIDE SIDESWIPE",,0,Snowing,Snow/Slush,Dark - Street Lights On,,5008033,,32,One parked--one moving,0,0,N
1273248.249,229246.9083,1026,1135,1135,3605976,Matched,Intersection,29069,HARVARD AVE AND E DENNY WAY, ,,2,Injury Collision,Angles,2,0,0,2,1,0,0,2013/03/29 00:00:00+00,3/29/2013 16:34,At Intersection (intersection related),14,"MOTOR VEHICLE STRUCK MOTOR VEHICLE, REAR END",,Y,Clear,Dry,Daylight,,,Y,10,Entering at angle,0,0,N
1282466.738,200268.5908,1027,322141,323641,E947596,Matched,Block,,M L KING JR WR WAY S BETWEEN S WILLOW ST AND S MYRTLE ST, ,,1,Property Damage Only Collision,Rear Ended,2,0,0,2,0,0,0,2019/08/05 00:00:00+00,8/5/2019 6:50,Mid-Block (but intersection related),14,"MOTOR VEHICLE STRUCK MOTOR VEHICLE, REAR END",,N,Clear,Dry,Daylight,,,,13,From same direction - both going straight - both moving - rear-end,0,0,N
1270139.42,253959.5491,1028,1351,1351,3501460,Matched,Block,,WALLINGFORD AVE N BETWEEN EAST GREEN LAKE DR N AND N 80TH ST, ,,1,Property Damage Only Collision,Parked Car,2,0,0,2,0,0,0,2013/04/02 00:00:00+00,4/2/2013 12:00,Mid-Block (not related to intersection),11,"MOTOR VEHICLE STRUCK MOTOR VEHICLE, FRONT END AT ANGLE",,N,Overcast,Dry,Daylight,,,,32,One parked--one moving,0,0,N
1285434.901,192502.8107,1029,38100,38100,C650289,Matched,Block,,51ST AVE S BETWEEN S FLETCHER ST AND S CAMBRIDGE ST,,,2,Injury Collision,Rear Ended,4,0,0,4,2,0,0,2005/05/18 00:00:00+00,5/18/2005 13:00,Mid-Block (but intersection related),14,"MOTOR VEHICLE STRUCK MOTOR VEHICLE, REAR END",,0,Clear,Wet,Daylight,,5138086,,14,From same direction - both going straight - one stopped - rear-end,0,0,N
1285509.662,196323.7841,1030,62900,62900,2615553,Matched,Intersection,35416,RAINIER AVE S AND S ROSE S ST,,,1,Property Damage Only Collision,Angles,2,0,0,2,0,0,0,2006/07/06 00:00:00+00,7/6/2006,At Intersection (intersection related),11,"MOTOR VEHICLE STRUCK MOTOR VEHICLE, FRONT END AT ANGLE",Y,0,Overcast,Dry,Daylight,,6187026,,10,Entering at angle,0,0,N
1278016.612,223749.2992,1031,52100,52100,1796443,Matched,Block,,23RD AVE BETWEEN E SPRUCE ST AND E ALDER ST,,,1,Property Damage Only Collision,Rear Ended,4,0,0,3,0,0,0,2006/05/11 00:00:00+00,5/11/2006 18:23,Mid-Block (but intersection related),14,"MOTOR VEHICLE STRUCK MOTOR VEHICLE, REAR END",,0,Clear,Dry,Daylight,,6131015,,14,From same direction - both going straight - one stopped - rear-end,0,0,N
1267966.24,229923.5785,1032,1324,1324,3504074,Matched,Block,,7TH NB AVE N BETWEEN JOHN ST AND THOMAS ST, ,,1,Property Damage Only Collision,Sideswipe,3,0,0,2,0,0,0,2013/03/27 00:00:00+00,3/27/2013 16:45,Mid-Block (not related to intersection),11,"MOTOR VEHICLE STRUCK MOTOR VEHICLE, FRONT END AT ANGLE",,N,Overcast,Wet,Daylight,,,,11,From same direction - both going straight - both moving - sideswipe,0,0,N
1282466.738,200268.5908,1033,327864,329364,3857110,Matched,Block,,M L KING JR WR WAY S BETWEEN S WILLOW ST AND S MYRTLE ST, ,,1,Property Damage Only Collision,Rear Ended,2,0,0,2,0,0,0,2020/01/17 00:00:00+00,1/17/2020 16:43,Mid-Block (not related to intersection),14,"MOTOR VEHICLE STRUCK MOTOR VEHICLE, REAR END",,N,,Unknown,Daylight,,,,14,From same direction - both going straight - one stopped - rear-end,0,0,N
1257768.767,205226.5158,1034,16500,16500,2897722,Unmatched,Intersection,32806,40TH AVE SW AND SW FINDLAY ST, ,,0,Unknown,,0,0,0,0,0,0,0,2013/03/31 00:00:00+00,3/31/2013,At Intersection (intersection related),26,MOTOR VEHICLE STRUCK OBJECT IN ROAD,,,,,,,,, ,,0,0,N
1279850.089,222888.6125,1035,48000,48000,1745029,Matched,Intersection,30577,29TH AVE AND E YESLER WAY,,,1,Property Damage Only Collision,Angles,2,0,0,2,0,0,0,2005/01/26 00:00:00+00,1/26/2005 9:26,At Intersection (intersection related),11,"MOTOR VEHICLE STRUCK MOTOR VEHICLE, FRONT END AT ANGLE",,0,Clear,Dry,Daylight,,5026015,,10,Entering at angle,0,0,N
1284904,201204.0618,1036,327801,329301,3857107,Matched,Intersection,34420,RAINIER AVE S AND S HOLLY ST, ,,2,Injury Collision,Left Turn,3,0,0,2,1,0,0,2020/01/15 00:00:00+00,1/15/2020 6:57,At Intersection (intersection related),11,"MOTOR VEHICLE STRUCK MOTOR VEHICLE, FRONT END AT ANGLE",,N,Partly Cloudy,Wet,Dawn,,,,28,From opposite direction - one left turn - one straight,0,0,N
1262911.025,252992.5849,1037,91400,91400,3276853,Matched,Intersection,24151,8TH AVE NW AND NW 75TH ST,,,1,Property Damage Only Collision,Angles,3,0,0,2,0,0,0,2008/12/30 00:00:00+00,12/30/2008 10:32,At Intersection (intersection related),11,"MOTOR VEHICLE STRUCK MOTOR VEHICLE, FRONT END AT ANGLE",,0,Overcast,Dry,Daylight,,8365006,,10,Entering at angle,0,0,N
1262703.086,209417.2815,1038,18800,18800,1781325,Matched,Block,,DELRIDGE WAY SW BETWEEN SW GENESEE ST AND SW OREGON ST,,,1,Property Damage Only Collision,Rear Ended,3,0,0,3,0,0,0,2004/11/02 00:00:00+00,11/2/2004,Mid-Block (not related to intersection),14,"MOTOR VEHICLE STRUCK MOTOR VEHICLE, REAR END",Y,0,Raining,Wet,Daylight,,4307047,,14,From same direction - both going straight - one stopped - rear-end,0,0,N
1274551.867,227089.5945,1039,322151,323651,3795400,Matched,Intersection,29761,12TH AVE AND E MADISON ST, ,,2,Injury Collision,Left Turn,2,0,0,2,1,0,0,2019/08/07 00:00:00+00,8/7/2019 18:23,At Intersection (intersection related),51,PEDALCYCLIST STRUCK MOTOR VEHICLE FRONT END AT ANGLE,,N,Clear,Dry,Daylight,,,,28,From opposite direction - one left turn - one straight,0,0,N
1270522.223,226252.9795,1040,23300,23300,4146054,Unmatched,Block,,UNION ST BETWEEN 6TH AVE AND 7TH AVE,,,0,Unknown,,0,0,0,0,0,0,0,2004/05/25 00:00:00+00,5/25/2004,Mid-Block (but intersection related),15,"MOTOR VEHICLE STRUCK MOTOR VEHICLE, RIGHT SIDE SIDESWIPE",,,,,,,4146054,,,,0,0,N
1264780.935,235032.1604,1041,21000,21000,1213592,Unmatched,Block,,QUEEN ANNE AVE N BETWEEN GARFIELD ST AND BLAINE ST,,,0,Unknown,,0,0,0,0,0,0,0,2004/10/30 00:00:00+00,10/30/2004,Mid-Block (but intersection related),11,"MOTOR VEHICLE STRUCK MOTOR VEHICLE, FRONT END AT ANGLE",,,,,,,4304030,,,,0,0,N
1265598.415,255475.5415,1042,59100,59100,2023192,Matched,Block,,GREENWOOD AVE N BETWEEN N 84TH ST AND N 85TH ST,,,1,Property Damage Only Collision,Sideswipe,3,0,0,2,0,0,0,2006/05/23 00:00:00+00,5/23/2006 10:16,Mid-Block (but intersection related),11,"MOTOR VEHICLE STRUCK MOTOR VEHICLE, FRONT END AT ANGLE",,0,Raining,Wet,Daylight,,6143019,,11,From same direction - both going straight - both moving - sideswipe,0,0,N
1272384.237,224370.5894,1043,34300,34300,2028518,Matched,Block,,JAMES ST BETWEEN 8TH AVE AND 9TH AVE,,,1,Property Damage Only Collision,Rear Ended,6,0,0,3,0,0,0,2005/06/07 00:00:00+00,6/7/2005,Mid-Block (not related to intersection),14,"MOTOR VEHICLE STRUCK MOTOR VEHICLE, REAR END",,0,Overcast,Dry,Daylight,,5158034,,14,From same direction - both going straight - one stopped - rear-end,0,0,N
1263011.11,258317.9115,1044,1086,1086,3613223,Matched,Intersection,37149,8TH AVE NW AND NW 95TH ST, ,,1,Property Damage Only Collision,Angles,2,0,0,2,0,0,0,2013/03/25 00:00:00+00,3/25/2013 16:33,At Intersection (intersection related),14,"MOTOR VEHICLE STRUCK MOTOR VEHICLE, REAR END",,N,Clear,Dry,Daylight,,,,10,Entering at angle,0,0,N
1281705.553,268388.5201,1045,322144,323644,3737473,Matched,Intersection,36173,35TH AVE NE AND ERICKSON PL NE, ,,1,Property Damage Only Collision,Angles,2,0,0,2,0,0,0,2019/08/08 00:00:00+00,8/8/2019 8:32,At Intersection (intersection related),11,"MOTOR VEHICLE STRUCK MOTOR VEHICLE, FRONT END AT ANGLE",,N,Clear,Dry,Daylight,,,,10,Entering at angle,0,0,N
1281118.144,267099.1841,1046,1354,1354,3503056,Matched,Intersection,36052,LAKE CITY WAY NE AND NE 130TH ST, ,,2,Injury Collision,Left Turn,2,0,0,2,2,0,0,2013/04/02 00:00:00+00,4/2/2013 19:29,At Intersection (intersection related),11,"MOTOR VEHICLE STRUCK MOTOR VEHICLE, FRONT END AT ANGLE",,N,Clear,Dry,Dusk,,,,28,From opposite direction - one left turn - one straight,0,0,N
1278330.184,222922.222,1047,46000,46000,1744859,Matched,Intersection,30583,24TH AVE AND E YESLER WAY,,,1,Property Damage Only Collision,Angles,2,0,0,2,0,0,0,2005/07/16 00:00:00+00,7/16/2005 12:40,At Intersection (intersection related),11,"MOTOR VEHICLE STRUCK MOTOR VEHICLE, FRONT END AT ANGLE",,0,Clear,Dry,Daylight,,5197029,,10,Entering at angle,0,0,N
1269489.73,257831.5894,1048,1002,1002,3503140,Matched,Block,,ASHWORTH AVE N BETWEEN N 92ND ST AND N 95TH ST, ,,2,Injury Collision,Angles,2,0,0,2,1,0,0,2013/03/20 00:00:00+00,3/20/2013 7:36,Driveway Junction,11,"MOTOR VEHICLE STRUCK MOTOR VEHICLE, FRONT END AT ANGLE",,N,Raining,Wet,Daylight,,,,10,Entering at angle,0,0,N
1274862.153,219012.9308,1049,1174,1174,3672287,Matched,Block,,14TH AVE S BETWEEN S JUDKINS ST AND S ATLANTIC ST, ,,1,Property Damage Only Collision,Parked Car,3,0,0,3,0,0,0,2013/03/26 00:00:00+00,3/26/2013 2:37,Mid-Block (not related to intersection),16,"MOTOR VEHICLE STRUCK MOTOR VEHICLE, LEFT SIDE SIDESWIPE",,N,Clear,Dry,Dark - Street Lights On,,,,32,One parked--one moving,0,0,N
1260663.075,210305.9865,1050,30500,30500,1795251,Matched,Block,,SW AVALON WAY BETWEEN 30TH AVE SW AND SW GENESEE ST,,,1,Property Damage Only Collision,Rear Ended,2,0,0,2,0,0,0,2004/10/23 00:00:00+00,10/23/2004 19:00,Mid-Block (but intersection related),14,"MOTOR VEHICLE STRUCK MOTOR VEHICLE, REAR END",,0,Clear,Dry,Dark - Street Lights On,,4297024,,14,From same direction - both going straight - one stopped - rear-end,0,0,N
1281685.957,265758.3774,1051,1261,1261,3609041,Matched,Intersection,36192,35TH AVE NE AND NE 125TH ST, ,,2,Injury Collision,Left Turn,2,0,0,2,1,0,0,2013/03/31 00:00:00+00,3/31/2013 15:35,At Intersection (intersection related),11,"MOTOR VEHICLE STRUCK MOTOR VEHICLE, FRONT END AT ANGLE",,N,Clear,Dry,Daylight,,,,28,From opposite direction - one left turn - one straight,0,0,N
1263018.849,232048.2523,1052,118900,118900,3477103,Matched,Block,,W ROY ST BETWEEN 5TH AVE W AND DEAD END 1,,,1,Property Damage Only Collision,Parked Car,2,0,0,2,0,0,0,2011/08/29 00:00:00+00,8/29/2011 4:30,Mid-Block (not related to intersection),16,"MOTOR VEHICLE STRUCK MOTOR VEHICLE, LEFT SIDE SIDESWIPE",,N,Clear,Dry,Dark - Street Lights On,,11241019,,32,One parked--one moving,0,0,N
1273825.358,233850.6525,1053,56300,56300,2620581,Matched,Block,,10TH AVE E BETWEEN E HIGHLAND DR AND E GALER ST,,,1,Property Damage Only Collision,Rear Ended,3,0,0,2,0,0,0,2006/11/13 00:00:00+00,11/13/2006 14:45,Mid-Block (but intersection related),14,"MOTOR VEHICLE STRUCK MOTOR VEHICLE, REAR END",Y,0,Clear,Wet,Daylight,,6317012,,14,From same direction - both going straight - one stopped - rear-end,0,0,N
1279149.975,213887.4315,1054,1060,1060,3502343,Matched,Block,,RAINIER AVE S BETWEEN S FOREST ST AND M L KING JR WAY S, ,,1,Property Damage Only Collision,Rear Ended,8,0,0,3,0,0,0,2013/03/25 00:00:00+00,3/25/2013 13:19,Mid-Block (not related to intersection),14,"MOTOR VEHICLE STRUCK MOTOR VEHICLE, REAR END",Y,N,Clear,Dry,Daylight,,,,13,From same direction - both going straight - both moving - rear-end,0,0,N
1281118.144,267099.1841,1055,322168,323668,E948539,Unmatched,Intersection,36052,LAKE CITY WAY NE AND NE 130TH ST,NEI,"Not Enough Information, or Insufficient Location Information",0,Unknown,,0,0,0,0,0,0,0,2019/08/09 00:00:00+00,8/9/2019,At Intersection (intersection related),0,NOT ENOUGH INFORMATION / NOT APPLICABLE,,,,,,,,, ,,0,0,Y
1276210.49,255480.5227,1056,1196,1196,3501625,Matched,Block,,15TH AVE NE BETWEEN NE 85TH ST AND NE 86TH ST, ,,1,Property Damage Only Collision,Parked Car,2,0,0,2,0,0,0,2013/03/31 00:00:00+00,3/31/2013 10:38,Mid-Block (not related to intersection),14,"MOTOR VEHICLE STRUCK MOTOR VEHICLE, REAR END",,N,Other,Unknown,Unknown,,,,32,One parked--one moving,0,0,N
1275069.708,244737.194,1057,27400,27400,1930978,Unmatched,Block,,NE 45TH ST BETWEEN 11TH AVE NE AND 12TH AVE NE,,,0,Unknown,,0,0,0,0,0,0,0,2004/12/10 00:00:00+00,12/10/2004,Mid-Block (but intersection related),26,MOTOR VEHICLE STRUCK OBJECT IN ROAD,,,,,,,4345002,,,,0,0,N
1264119.849,235045.0893,1058,32900,32900,1097215,Matched,Block,,2ND AVE W BETWEEN W GARFIELD ST AND W BLAINE ST,,,1,Property Damage Only Collision,Sideswipe,2,0,0,2,0,0,0,2005/02/23 00:00:00+00,2/23/2005 9:12,Mid-Block (not related to intersection),16,"MOTOR VEHICLE STRUCK MOTOR VEHICLE, LEFT SIDE SIDESWIPE",,0,Clear,Dry,Daylight,,5054029,,12,From same direction - both going straight - one stopped - sideswipe,0,0,N
1284682.644,201696.7185,1059,41600,41600,1797556,Matched,Block,,RAINIER AVE S BETWEEN S MORGAN ST AND S WARSAW ST,,,1,Property Damage Only Collision,Parked Car,3,0,0,2,0,0,0,2005/05/24 00:00:00+00,5/24/2005 16:30,Mid-Block (not related to intersection),11,"MOTOR VEHICLE STRUCK MOTOR VEHICLE, FRONT END AT ANGLE",,0,Clear,Dry,Daylight,,5144035,,20,One car leaving parked position,0,0,N
1281397.382,208304.9498,1060,1228,1228,3672124,Matched,Block,,RAINIER AVE S BETWEEN S OREGON ST AND S ALASKA ST, ,,2,Injury Collision,Rear Ended,4,0,0,2,1,0,0,2013/03/30 00:00:00+00,3/30/2013 17:02,Mid-Block (not related to intersection),14,"MOTOR VEHICLE STRUCK MOTOR VEHICLE, REAR END",,N,Clear,Dry,Daylight,,,,14,From same direction - both going straight - one stopped - rear-end,0,0,N
1281563.718,260482.1124,1061,327902,329402,EA01388,Matched,Intersection,36855,35TH AVE NE AND NE 105TH ST, ,,1,Property Damage Only Collision,Angles,2,0,0,2,0,0,0,2020/01/08 00:00:00+00,1/8/2020 19:31,At Intersection (intersection related),11,"MOTOR VEHICLE STRUCK MOTOR VEHICLE, FRONT END AT ANGLE",,N,Overcast,Wet,Dark - Street Lights On,,,,10,Entering at angle,0,0,N
1260234.884,245000.8095,1062,16900,16900,3573501,Matched,Block,,BALLARD BR BETWEEN POINT B AND BALLARD BR OFF RP, ,,1,Property Damage Only Collision,Sideswipe,2,0,0,2,0,0,0,2013/04/13 00:00:00+00,4/13/2013 18:27,Mid-Block (not related to intersection),11,"MOTOR VEHICLE STRUCK MOTOR VEHICLE, FRONT END AT ANGLE",,N,Raining,Wet,Daylight,,,Y,26,From opposite direction - both going straight - sideswipe,0,0,N
1261920.754,232333.8623,1063,103000,103000,3200736,Matched,Intersection,28700,ELLIOTT AVE W AND W MERCER PL,,,1,Property Damage Only Collision,Sideswipe,5,0,0,2,0,0,0,2009/09/06 00:00:00+00,9/6/2009,At Intersection (intersection related),11,"MOTOR VEHICLE STRUCK MOTOR VEHICLE, FRONT END AT ANGLE",,0,Raining,Wet,Daylight,,9249020,,81,Same direction -- both turning left -- both moving -- sideswipe,0,0,N
1282644.761,230191.6398,1064,322111,323611,E927367,Matched,Block,,LAKE WASHINGTON BLVD E BETWEEN MCGILVRA BLVD E AND HILLSIDE DR E, ,,2,Injury Collision,Other,1,0,0,1,1,0,0,2019/05/26 00:00:00+00,5/26/2019 21:50,Mid-Block (not related to intersection),26,MOTOR VEHICLE STRUCK OBJECT IN ROAD,,N,Clear,Dry,Dark - No Street Lights,,,,57,All other non-collision,0,0,N
1278181.931,231931.7452,1065,63800,63800,2070983,Matched,Block,,23RD AVE E BETWEEN E VALLEY ST AND E ALOHA ST,,,2,Injury Collision,Rear Ended,4,0,0,3,1,0,0,2006/03/25 00:00:00+00,3/25/2006 22:22,Mid-Block (but intersection related),14,"MOTOR VEHICLE STRUCK MOTOR VEHICLE, REAR END",,0,Overcast,Wet,Dark - Street Lights On,,6084026,,14,From same direction - both going straight - one stopped - rear-end,0,0,N
1264817.802,236358.888,1066,327845,329345,EA01464,Unmatched,Block,,QUEEN ANNE AVE N BETWEEN CROCKETT ST AND BOSTON ST,NEI,"Not Enough Information, or Insufficient Location Information",0,Unknown,,0,0,0,0,0,0,0,2020/01/09 00:00:00+00,1/9/2020,,0,NOT ENOUGH INFORMATION / NOT APPLICABLE,,,,,,,,, ,,0,0,Y
1270981.962,223896.8432,1067,106000,106000,9190046,Unmatched,Intersection,29971,4TH AVE AND CHERRY ST,,,0,Unknown,,0,0,0,0,0,0,0,2009/07/09 00:00:00+00,7/9/2009,At Intersection (intersection related),11,"MOTOR VEHICLE STRUCK MOTOR VEHICLE, FRONT END AT ANGLE",,,,,,,9190046,,,,0,0,N
1278900.485,246480.0585,1068,39000,39000,2023608,Matched,Intersection,25949,25TH AVE NE AND NE BLAKELEY ST,,,2,Injury Collision,Cycles,2,0,1,1,1,0,0,2005/06/15 00:00:00+00,6/15/2005 19:12,At Intersection (intersection related),18,"MOTOR VEHICLE STRUCK PEDALCYCLIST, FRONT END AT ANGLE",,0,Clear,Dry,Daylight,,5166021,,45,Vehicle - Pedalcyclist,0,0,N
1273189.474,223957.799,1069,61900,61900,C666663,Matched,Block,,TERRY AVE BETWEEN ALDER ST AND TERRACE ST,,,1,Property Damage Only Collision,Parked Car,2,0,0,2,0,0,0,2006/03/16 00:00:00+00,3/16/2006 10:20,Mid-Block (not related to intersection),11,"MOTOR VEHICLE STRUCK MOTOR VEHICLE, FRONT END AT ANGLE",,0,Overcast,Dry,Daylight,,6075039,,20,One car leaving parked position,0,0,N
1265657.762,247402.4025,1070,52000,52000,2603576,Matched,Block,,PHINNEY AVE N BETWEEN N 54TH ST AND N 55TH ST,,,1,Property Damage Only Collision,Rear Ended,2,0,0,2,0,0,0,2006/07/07 00:00:00+00,7/7/2006,Mid-Block (but intersection related),14,"MOTOR VEHICLE STRUCK MOTOR VEHICLE, REAR END",,0,Clear,Dry,Daylight,,6188026,,14,From same direction - both going straight - one stopped - rear-end,0,0,N
1256082.78,215555.14,1071,1137,1137,3553734,Matched,Block,,46TH AVE SW BETWEEN SW ADMIRAL WAY AND SW LANDER ST, ,,1,Property Damage Only Collision,Parked Car,2,0,0,2,0,0,0,2013/03/26 00:00:00+00,3/26/2013 23:40,Mid-Block (not related to intersection),11,"MOTOR VEHICLE STRUCK MOTOR VEHICLE, FRONT END AT ANGLE",,N,Clear,Dry,Dark - Street Lights On,,,,32,One parked--one moving,0,0,N
1277394.709,224764.4894,1072,327871,329371,EA03067,Matched,Block,,21ST AVE BETWEEN E JEFFERSON ST AND E JAMES ST, ,,1,Property Damage Only Collision,Parked Car,3,0,0,3,0,0,0,2020/01/06 00:00:00+00,1/6/2020 16:19,Mid-Block (not related to intersection),11,"MOTOR VEHICLE STRUCK MOTOR VEHICLE, FRONT END AT ANGLE",,N,Raining,Wet,Dark - Street Lights On,,,,19,One car entering parked position,0,0,N
1270306.74,231478.6133,1073,25800,25800,1482420,Unmatched,Intersection,28760,FAIRVIEW AVE N AND MERCER ST,,,0,Unknown,,0,0,0,0,0,0,0,2004/11/14 00:00:00+00,11/14/2004,At Intersection (intersection related),11,"MOTOR VEHICLE STRUCK MOTOR VEHICLE, FRONT END AT ANGLE",,,,,,,4319033,,,,0,0,N
1272290.627,260737.1445,1074,48400,48400,1794568,Matched,Intersection,37566,1ST AVE NE AND NE 105TH ST,,,2,Injury Collision,Left Turn,5,0,0,2,1,0,0,2005/07/07 00:00:00+00,7/7/2005,At Intersection (intersection related),11,"MOTOR VEHICLE STRUCK MOTOR VEHICLE, FRONT END AT ANGLE",,0,Clear,Dry,Daylight,,5188031,,28,From opposite direction - one left turn - one straight,0,0,N
1257757.85,215850.5023,1075,327798,329298,3856084,Matched,Intersection,31064,41ST AVE SW AND SW ADMIRAL WAY, ,,1,Property Damage Only Collision,Pedestrian,3,2,0,1,0,0,0,2020/01/14 00:00:00+00,1/14/2020 8:36,At Intersection (intersection related),24,MOTOR VEHCILE STRUCK PEDESTRIAN,,N,Snowing,Wet,Daylight,,,,2,Vehicle turning left hits pedestrian,0,525477,N
1260277.157,245894.8835,1076,105500,105500,2893148,Matched,Intersection,25468,15TH NB AVE NW AND NW LEARY WAY,,,1,Property Damage Only Collision,Sideswipe,3,0,0,2,0,0,0,2009/08/02 00:00:00+00,8/2/2009,At Intersection (intersection related),11,"MOTOR VEHICLE STRUCK MOTOR VEHICLE, FRONT END AT ANGLE",,0,Clear,Dry,Daylight,,9214017,,81,Same direction -- both turning left -- both moving -- sideswipe,0,0,N
1274528.528,212529.6872,1077,30300,30300,1772743,Matched,Block,,S COLUMBIAN EB WAY BETWEEN I5 SB COLLECTOR AND 14TH AVE S,,,2,Injury Collision,Rear Ended,3,0,0,2,1,0,0,2004/06/13 00:00:00+00,6/13/2004 16:30,Mid-Block (not related to intersection),14,"MOTOR VEHICLE STRUCK MOTOR VEHICLE, REAR END",,0,Clear,Dry,Daylight,,4165008,,14,From same direction - both going straight - one stopped - rear-end,0,0,N
1270223.474,244866.7567,1078,327941,329441,EA01964,Matched,Block,,N 45TH ST BETWEEN WALLINGFORD AVE N AND BURKE AVE N, ,,2,Injury Collision,Rear Ended,2,0,0,2,2,0,0,2020/01/11 00:00:00+00,1/11/2020 14:25,Mid-Block (not related to intersection),14,"MOTOR VEHICLE STRUCK MOTOR VEHICLE, REAR END",,N,Overcast,Wet,Daylight,,,,14,From same direction - both going straight - one stopped - rear-end,0,0,N
1267312.544,237944.2664,1079,1281,1281,3615279,Unmatched,Intersection,28085,AURORA AVE N AND HALLADAY ST,NEI,"Not Enough Information, or Insufficient Location Information",0,Unknown,,0,0,0,0,0,0,0,2013/04/01 00:00:00+00,4/1/2013,At Intersection (intersection related),0,NOT ENOUGH INFORMATION / NOT APPLICABLE,,,,,,,,, ,,0,0,N
1256766.609,205266.2547,1080,21500,21500,1198006,Unmatched,Intersection,32803,CALIFORNIA AVE SW AND SW FINDLAY ST,,,0,Unknown,,0,0,0,0,0,0,0,2004/12/08 00:00:00+00,12/8/2004,At Intersection (intersection related),11,"MOTOR VEHICLE STRUCK MOTOR VEHICLE, FRONT END AT ANGLE",,,,,,,4343035,,,,0,0,N
1266684.289,244709.0869,1081,322228,323728,E949287,Matched,Intersection,26926,FREMONT AVE N AND N ALLEN PL, ,,2,Injury Collision,Left Turn,3,0,0,2,1,0,0,2019/08/09 00:00:00+00,8/9/2019 7:53,At Intersection (intersection related),11,"MOTOR VEHICLE STRUCK MOTOR VEHICLE, FRONT END AT ANGLE",,N,Overcast,Dry,Daylight,,,,28,From opposite direction - one left turn - one straight,0,0,N
1258356.434,238534.4863,1082,57800,57800,2410889,Matched,Block,,21ST AVE W BETWEEN ELLIOTT BAY TRL AND THORNDYKE AVE W,,,2,Injury Collision,Cycles,2,0,1,1,1,0,0,2006/08/09 00:00:00+00,8/9/2006,Mid-Block (not related to intersection),18,"MOTOR VEHICLE STRUCK PEDALCYCLIST, FRONT END AT ANGLE",,0,Clear,Dry,Daylight,Y,6221003,,45,Vehicle - Pedalcyclist,0,0,N