X,Y,OBJECTID,INCKEY,COLDETKEY,REPORTNO,STATUS,ADDRTYPE,INTKEY,LOCATION,EXCEPTRSNCODE,EXCEPTRSNDESC,SEVERITYCODE,SEVERITYDESC,COLLISIONTYPE,PERSONCOUNT,PEDCOUNT,PEDCYLCOUNT,VEHCOUNT,INJURIES,SERIOUSINJURIES,FATALITIES,INCDATE,INCDTTM,JUNCTIONTYPE,SDOT_COLCODE,SDOT_COLDESC,INATTENTIONIND,UNDERINFL,WEATHER,ROADCOND,LIGHTCOND,PEDROWNOTGRNT,SDOTCOLNUM,SPEEDING,ST_COLCODE,ST_COLDESC,SEGLANEKEY,CROSSWALKKEY,HITPARKEDCAR
1265246.012,254288.1702,1083,35000,35000,2020441,Matched,Block,,N 80TH ST BETWEEN 1ST AVE NW AND GREENWOOD AVE N,,,2,Injury Collision,Rear Ended,3,0,0,2,2,0,0,2005/08/14 00:00:00+00,8/14/2005 12:07,Mid-Block (not related to intersection),14,"MOTOR VEHICLE STRUCK MOTOR VEHICLE, REAR END",Y,0,Clear,Dry,Daylight,,5226016,,13,From same direction - both going straight - both moving - rear-end,0,0,N
1281855.571,255154.8671,1084,1111,1111,3502001,Matched,Intersection,37950,36TH AVE NE AND NE 85TH ST, ,,1,Property Damage Only Collision,Parked Car,4,0,0,4,0,0,0,2013/03/26 00:00:00+00,3/26/2013 18:31,At Intersection (intersection related),14,"MOTOR VEHICLE STRUCK MOTOR VEHICLE, REAR END",,Y,Clear,Dry,Dusk,,,,32,One parked--one moving,0,0,N
1269440.812,244882.1746,1085,46600,46600,1794546,Matched,Block,,N 45TH ST BETWEEN WOODLAWN W AVE N AND WOODLAWN E AVE N,,,2,Injury Collision,Other,1,0,0,1,1,0,0,2005/04/28 00:00:00+00,4/28/2005 3:33,Driveway Junction,26,MOTOR VEHICLE STRUCK OBJECT IN ROAD,Y,0,Raining,Wet,Dark - Street Lights On,,5118024,,66,Vehicle Hits Other Road or Construction Machinery,0,0,N
1260306.069,255724.8099,1086,1001,1001,3501405,Matched,Intersection,37265,15TH AVE NW AND NW 85TH ST, ,,1,Property Damage Only Collision,Sideswipe,2,0,0,2,0,0,0,2013/03/20 00:00:00+00,3/20/2013 16:08,At Intersection (intersection related),11,"MOTOR VEHICLE STRUCK MOTOR VEHICLE, FRONT END AT ANGLE",,N,Clear,Dry,Daylight,,,,11,From same direction - both going straight - both moving - sideswipe,0,0,N
1264830.191,236801.721,1087,90000,90000,2805188,Matched,Block,,QUEEN ANNE AVE N BETWEEN BOSTON ST AND MCGRAW ST,,,1,Property Damage Only Collision,Parked Car,2,0,0,2,0,0,0,2008/07/21 00:00:00+00,7/21/2008 17:40,Mid-Block (not related to intersection),11,"MOTOR VEHICLE STRUCK MOTOR VEHICLE, FRONT END AT ANGLE",,0,Clear,Dry,Daylight,,8203022,,32,One parked--one moving,0,0,N
1270739.209,260119.782,1088,27300,27300,4033038,Unmatched,Block,,N 103RD ST BETWEEN WALLINGFORD AVE N AND MERIDIAN AVE N,,,0,Unknown,,0,0,0,0,0,0,0,2004/02/02 00:00:00+00,2/2/2004,Mid-Block (not related to intersection),13,"MOTOR VEHICLE STRUCK MOTOR VEHICLE, LEFT SIDE AT ANGLE",,,,,,,4033038,,,,0,0,N
1278566.434,259056.6595,1089,44600,44600,529659,Unmatched,Block,,LAKE CITY WAY NE BETWEEN NE 98TH ST AND NE 100TH ST,,,0,Unknown,,0,0,0,0,0,0,0,2005/10/10 00:00:00+00,10/10/2005,Mid-Block (not related to intersection),14,"MOTOR VEHICLE STRUCK MOTOR VEHICLE, REAR END",,,,,,,5283035,,,,0,0,N
1265598.861,228876.4223,1090,1246,1246,3643905,Matched,Block,,1ST AVE BETWEEN BROAD ST AND EAGLE ST, ,,1,Property Damage Only Collision,Parked Car,2,0,0,2,0,0,0,2013/03/31 00:00:00+00,3/31/2013 13:24,Mid-Block (not related to intersection),11,"MOTOR VEHICLE STRUCK MOTOR VEHICLE, FRONT END AT ANGLE",,Y,Clear,Dry,Daylight,,,,32,One parked--one moving,0,0,N
1264689.551,203726.3441,1091,89800,89800,C710360,Matched,Block,,16TH AVE SW BETWEEN SW FINDLAY ST AND SW MORGAN ST,,,2,Injury Collision,Rear Ended,2,0,0,2,1,0,0,2008/09/29 00:00:00+00,9/29/2008 11:50,Mid-Block (not related to intersection),14,"MOTOR VEHICLE STRUCK MOTOR VEHICLE, REAR END",,0,Clear,Dry,Daylight,,8273033,,14,From same direction - both going straight - one stopped - rear-end,0,0,N
1278369.078,228551.3677,1092,322211,323711,E946603,Matched,Block,,24TH AVE BETWEEN E OLIVE ST AND E HOWELL ST, ,,2,Injury Collision,Sideswipe,2,0,0,2,2,0,0,2019/07/29 00:00:00+00,7/29/2019 16:56,Mid-Block (not related to intersection),11,"MOTOR VEHICLE STRUCK MOTOR VEHICLE, FRONT END AT ANGLE",,N,Clear,Dry,Daylight,,,,27,From opposite direction - both going straight - one stopped - sideswipe,0,0,N
1273019.573,220895.8417,1093,55700,55700,2622541,Matched,Intersection,30447,8TH AVE S AND S DEARBORN ST,,,2,Injury Collision,Angles,2,0,0,2,1,0,0,2006/11/18 00:00:00+00,11/18/2006 10:46,At Intersection (intersection related),11,"MOTOR VEHICLE STRUCK MOTOR VEHICLE, FRONT END AT ANGLE",,0,Clear,Dry,Daylight,,6322041,,10,Entering at angle,0,0,N
1250804.689,214924.5532,1094,1021,1021,3380605,Matched,Block,,62ND AVE SW BETWEEN ALKI AVE SW AND SW STEVENS ST, ,,1,Property Damage Only Collision,Parked Car,2,0,0,2,0,0,0,2013/03/24 00:00:00+00,3/24/2013 17:00,Mid-Block (not related to intersection),13,"MOTOR VEHICLE STRUCK MOTOR VEHICLE, LEFT SIDE AT ANGLE",,N,Clear,Dry,Daylight,,,,32,One parked--one moving,0,0,N
1270808.504,224504.9494,1095,322164,323664,E948189,Matched,Block,,MARION ST BETWEEN 4TH AVE AND 5TH AVE, ,,1,Property Damage Only Collision,Rear Ended,2,0,0,2,0,0,0,2019/08/07 00:00:00+00,8/7/2019 17:30,Mid-Block (not related to intersection),11,"MOTOR VEHICLE STRUCK MOTOR VEHICLE, FRONT END AT ANGLE",,N,Clear,Dry,Daylight,,,,14,From same direction - both going straight - one stopped - rear-end,0,0,N
1278016.847,252618.9813,1096,39100,39100,2023345,Matched,Block,,NE 75TH ST BETWEEN 21ST AVE NE AND RAVENNA AVE NE,,,1,Property Damage Only Collision,Right Turn,2,0,0,2,0,0,0,2005/08/03 00:00:00+00,8/3/2005,Mid-Block (not related to intersection),11,"MOTOR VEHICLE STRUCK MOTOR VEHICLE, FRONT END AT ANGLE",Y,0,Clear,Dry,Daylight,,5215041,,16,From same direction - one right turn - one straight,0,0,N
1261737.846,192823.7605,1097,62000,62000,2072555,Matched,Block,,26TH AVE SW BETWEEN SW CAMBRIDGE ST AND SW ROXBURY ST,,,2,Injury Collision,Rear Ended,2,0,0,2,2,0,0,2006/02/26 00:00:00+00,2/26/2006 18:28,Mid-Block (but intersection related),14,"MOTOR VEHICLE STRUCK MOTOR VEHICLE, REAR END",Y,0,Raining,Wet,Dark - Street Lights On,,6057019,,14,From same direction - both going straight - one stopped - rear-end,0,0,N
1278067.351,228561.0948,1098,50800,50800,2128519,Matched,Intersection,29988,23RD AVE AND E OLIVE N ST,,,1,Property Damage Only Collision,Left Turn,6,0,0,2,0,0,0,2006/06/18 00:00:00+00,6/18/2006 16:03,At Intersection (intersection related),11,"MOTOR VEHICLE STRUCK MOTOR VEHICLE, FRONT END AT ANGLE",,0,Overcast,Dry,Dawn,,6169012,,28,From opposite direction - one left turn - one straight,0,0,N
1268767.464,213477.94,1099,1322,1322,3502604,Matched,Block,,ALASKAN WY VI NB BETWEEN ALASKAN WY VI NB ON RP AND S LANDER ST, ,,1,Property Damage Only Collision,Sideswipe,2,0,0,2,0,0,0,2013/03/28 00:00:00+00,3/28/2013 7:28,Mid-Block (not related to intersection),11,"MOTOR VEHICLE STRUCK MOTOR VEHICLE, FRONT END AT ANGLE",Y,N,Overcast,Wet,Daylight,,,,11,From same direction - both going straight - both moving - sideswipe,0,0,N
1271692.215,223960.6673,1100,327880,329380,3851909,Matched,Intersection,29973,6TH AVE AND JAMES ST, ,,2,Injury Collision,Angles,3,0,0,2,2,0,0,2020/01/16 00:00:00+00,1/16/2020 20:17,At Intersection (intersection related),11,"MOTOR VEHICLE STRUCK MOTOR VEHICLE, FRONT END AT ANGLE",,N,Overcast,Dry,Dark - Street Lights On,,,,10,Entering at angle,0,0,N
1285368.227,189709.0702,1101,46900,46900,1786092,Matched,Block,,51ST AVE S BETWEEN S GAZELLE ST AND S RYAN WAY,,,1,Property Damage Only Collision,Parked Car,2,0,0,2,0,0,0,2005/05/08 00:00:00+00,5/8/2005,Mid-Block (not related to intersection),13,"MOTOR VEHICLE STRUCK MOTOR VEHICLE, LEFT SIDE AT ANGLE",,0,Overcast,Dry,Daylight,,5128015,,32,One parked--one moving,0,0,N
1268216.115,226931.2373,1102,1009,1009,3615242,Matched,Block,,2ND AVE BETWEEN VIRGINIA ST AND LENORA ST, ,,1,Property Damage Only Collision,Parked Car,2,0,0,2,0,0,0,2013/03/22 00:00:00+00,3/22/2013 23:00,Mid-Block (not related to intersection),14,"MOTOR VEHICLE STRUCK MOTOR VEHICLE, REAR END",,N,Unknown,Unknown,Unknown,,,,32,One parked--one moving,0,0,N
1271409.314,231305.1046,1103,20000,20000,1069333,Matched,Block,,MERCER ST BETWEEN YALE AVE N AND EASTLAKE AVE E,,,1,Property Damage Only Collision,Parked Car,2,0,0,2,0,0,0,2004/11/11 00:00:00+00,11/11/2004 1:44,Mid-Block (not related to intersection),11,"MOTOR VEHICLE STRUCK MOTOR VEHICLE, FRONT END AT ANGLE",,0,Clear,Dry,Dark - Street Lights On,,4316030,,32,One parked--one moving,0,0,N
1273129.115,223744.8186,1104,30900,30900,1477843,Matched,Block,,ALDER ST BETWEEN 9TH AVE AND TERRY AVE,,,1,Property Damage Only Collision,Parked Car,2,0,0,2,0,0,0,2004/08/25 00:00:00+00,8/25/2004 9:41,Mid-Block (not related to intersection),16,"MOTOR VEHICLE STRUCK MOTOR VEHICLE, LEFT SIDE SIDESWIPE",,0,Raining,Wet,Daylight,,4238027,,32,One parked--one moving,0,0,N
1257086.093,215527.2629,1105,1235,1235,3465580,Matched,Block,,CALIFORNIA AVE SW BETWEEN SW ADMIRAL WAY AND SW LANDER ST, ,,1,Property Damage Only Collision,Sideswipe,2,0,0,2,0,0,0,2013/03/30 00:00:00+00,3/30/2013 20:00,Mid-Block (not related to intersection),11,"MOTOR VEHICLE STRUCK MOTOR VEHICLE, FRONT END AT ANGLE",,N,Clear,Dry,Dark - Street Lights On,,,,12,From same direction - both going straight - one stopped - sideswipe,0,0,N
1255312.463,254417.3393,1106,90100,90100,2829916,Matched,Intersection,23967,31ST AVE NW AND NW 80TH ST,,,1,Property Damage Only Collision,Angles,2,0,0,2,0,0,0,2008/08/02 00:00:00+00,8/2/2008,At Intersection (intersection related),11,"MOTOR VEHICLE STRUCK MOTOR VEHICLE, FRONT END AT ANGLE",,0,Clear,Dry,Daylight,,8215028,,10,Entering at angle,0,0,N
1287520.419,192875.5393,1107,55800,55800,2615608,Matched,Block,,57TH AVE S BETWEEN RAINIER AVE S AND WATERS AVE S,,,1,Property Damage Only Collision,Parked Car,2,0,0,2,0,0,0,2006/08/28 00:00:00+00,8/28/2006 1:00,Mid-Block (not related to intersection),16,"MOTOR VEHICLE STRUCK MOTOR VEHICLE, LEFT SIDE SIDESWIPE",,0,Clear,Dry,Dark - Street Lights On,,6240034,,32,One parked--one moving,0,0,N
1272078.787,227780.4652,1108,1042,1042,3553986,Matched,Block,,BELLEVUE AVE BETWEEN E PIKE ST AND E PINE ST, ,,1,Property Damage Only Collision,Parked Car,2,0,0,2,0,0,0,2013/03/24 00:00:00+00,3/24/2013 16:30,Mid-Block (not related to intersection),13,"MOTOR VEHICLE STRUCK MOTOR VEHICLE, LEFT SIDE AT ANGLE",,N,Clear,Dry,Daylight,,,,32,One parked--one moving,0,0,N
1268673.529,225900.3447,1109,322178,323678,E948536,Unmatched,Block,,1ST AVE BETWEEN PIKE ST AND PINE ST, ,,0,Unknown,,0,0,0,0,0,0,0,2019/08/08 00:00:00+00,8/8/2019,Mid-Block (not related to intersection),11,"MOTOR VEHICLE STRUCK MOTOR VEHICLE, FRONT END AT ANGLE",,,,,,,,, ,,0,0,N
1257132.08,216526.916,1110,27700,27700,1798169,Matched,Intersection,31049,CALIFORNIA AVE SW AND SW COLLEGE ST,,,1,Property Damage Only Collision,Angles,3,0,0,2,0,0,0,2004/08/02 00:00:00+00,8/2/2004,At Intersection (intersection related),11,"MOTOR VEHICLE STRUCK MOTOR VEHICLE, FRONT END AT ANGLE",,0,Clear,Dry,Daylight,,4215023,,10,Entering at angle,0,0,N
1275082.573,212026.2983,1111,33600,33600,1783990,Matched,Intersection,32245,15TH AVE S AND S SPOKANE ST,,,2,Injury Collision,Angles,4,0,0,3,3,0,0,2005/09/11 00:00:00+00,9/11/2005 20:41,At Intersection (intersection related),11,"MOTOR VEHICLE STRUCK MOTOR VEHICLE, FRONT END AT ANGLE",,0,Clear,Dry,Dark - Street Lights On,,5254020,,10,Entering at angle,0,0,N
1263502.063,241295.0495,1112,42700,42700,2024364,Matched,Block,,W NICKERSON ST BETWEEN 3RD AVE W AND 6TH AVE W,,,1,Property Damage Only Collision,Other,3,0,0,2,0,0,0,2005/12/01 00:00:00+00,12/1/2005,Driveway Junction,11,"MOTOR VEHICLE STRUCK MOTOR VEHICLE, FRONT END AT ANGLE",,0,Snowing,Wet,Daylight,,5335028,,22,One car leaving driveway access,0,0,N
1277798.017,240200.708,1113,1321,1321,3501985,Matched,Intersection,27299,MONTLAKE BLVD NE AND NE PACIFIC ST, ,,2b,Serious Injury Collision,Pedestrian,2,1,0,1,1,1,0,2013/03/28 00:00:00+00,3/28/2013 19:03,At Intersection (intersection related),24,MOTOR VEHCILE STRUCK PEDESTRIAN,,N,Clear,Dry,Dusk,Y,,,2,Vehicle turning left hits pedestrian,0,524625,N
1260222.598,251041.4164,1114,327892,329392,EA01099,Matched,Intersection,23942,15TH AVE NW AND NW 67TH ST, ,,2,Injury Collision,Pedestrian,2,1,0,1,1,0,0,2020/01/06 00:00:00+00,1/6/2020 7:46,At Intersection (intersection related),24,MOTOR VEHCILE STRUCK PEDESTRIAN,,N,Raining,Wet,Dark - Street Lights On,Y,,,2,Vehicle turning left hits pedestrian,0,521274,N
1266505.16,198493.2195,1115,1375,1375,3380833,Matched,Intersection,34153,HIGHLAND PARK WAY SW AND SW HOLDEN N ST, ,,1,Property Damage Only Collision,Rear Ended,3,0,0,2,0,0,0,2013/04/03 00:00:00+00,4/3/2013 17:28,At Intersection (intersection related),14,"MOTOR VEHICLE STRUCK MOTOR VEHICLE, REAR END",,N,Clear,Dry,Daylight,,,,14,From same direction - both going straight - one stopped - rear-end,0,0,N
1270247.453,239571.492,1116,103800,103800,3289763,Matched,Intersection,26916,BURKE AVE N AND N NORTHLAKE WAY, ,,2,Injury Collision,Cycles,3,0,1,1,1,0,0,2009/03/05 00:00:00+00,3/5/2009,At Intersection (intersection related),18,"MOTOR VEHICLE STRUCK PEDALCYCLIST, FRONT END AT ANGLE",,0,Overcast,Wet,Daylight,Y,9064020,,45,Vehicle - Pedalcyclist,0,522489,N
1267038.548,231808.6709,1117,322248,323748,E949040,Unmatched,Intersection,28888,5TH AVE N AND ROY ST, ,,1,Property Damage Only Collision,,3,0,0,0,0,0,0,2019/08/10 00:00:00+00,8/10/2019,At Intersection (intersection related),11,"MOTOR VEHICLE STRUCK MOTOR VEHICLE, FRONT END AT ANGLE",,,,,,,,, ,,0,0,N
1277139.266,217987.2124,1118,52800,52800,2279740,Matched,Block,,RAINIER AVE S BETWEEN S MASSACHUSETTS ST AND S STATE ST,,,2,Injury Collision,Rear Ended,2,0,0,2,1,0,0,2006/02/11 00:00:00+00,2/11/2006 13:00,Mid-Block (not related to intersection),14,"MOTOR VEHICLE STRUCK MOTOR VEHICLE, REAR END",,0,Clear,Dry,Daylight,,6042040,,14,From same direction - both going straight - one stopped - rear-end,0,0,N
1275645.496,221003.1271,1119,327847,329347,EA02536,Matched,Block,,RAINIER AVE S BETWEEN S LANE ST AND S DEARBORN ST, ,,1,Property Damage Only Collision,Sideswipe,2,0,0,2,0,0,0,2020/01/09 00:00:00+00,1/9/2020 12:43,Mid-Block (not related to intersection),11,"MOTOR VEHICLE STRUCK MOTOR VEHICLE, FRONT END AT ANGLE",,N,Clear,Dry,Daylight,,,,11,From same direction - both going straight - both moving - sideswipe,0,0,N
1281187.387,202590.9781,1120,92200,92200,2892052,Matched,Block,,S GRAHAM ST BETWEEN 33RD AVE S AND M L KING JR WR WAY S,,,1,Property Damage Only Collision,Rear Ended,4,0,0,2,0,0,0,2008/10/23 00:00:00+00,10/23/2008 9:57,Mid-Block (not related to intersection),14,"MOTOR VEHICLE STRUCK MOTOR VEHICLE, REAR END",,0,Unknown,Unknown,Daylight,,8297024,,14,From same direction - both going straight - one stopped - rear-end,0,0,N
1254417.137,200478.4093,1121,24000,24000,1775320,Matched,Block,,BEACH DR SW BETWEEN 48TH AVE SW AND DEAD END,,,1,Property Damage Only Collision,Parked Car,2,0,0,2,0,0,0,2004/05/01 00:00:00+00,5/1/2004,Mid-Block (not related to intersection),11,"MOTOR VEHICLE STRUCK MOTOR VEHICLE, FRONT END AT ANGLE",,0,Clear,Dry,Dark - Street Lights On,,4122001,,32,One parked--one moving,0,0,N
1277342.351,217557.8999,1122,37600,37600,1793210,Matched,Intersection,31533,RAINIER AVE S AND S GRAND ST,,,2,Injury Collision,Angles,3,0,0,2,1,0,0,2005/01/27 00:00:00+00,1/27/2005 11:59,At Intersection (intersection related),11,"MOTOR VEHICLE STRUCK MOTOR VEHICLE, FRONT END AT ANGLE",,0,Clear,Dry,Daylight,,5027013,,10,Entering at angle,0,0,N
,,1123,62200,62200,2390445,Matched,Alley,,,,,1,Property Damage Only Collision,Parked Car,2,0,0,2,0,0,0,2006/12/16 00:00:00+00,12/16/2006 20:19,Mid-Block (not related to intersection),12,"MOTOR VEHICLE STRUCK MOTOR VEHICLE, RIGHT SIDE AT ANGLE",,0,Clear,Dry,Dark - Street Lights On,,6350010,,32,One parked--one moving,0,0,N
1267578.398,192345.5072,1124,39400,39400,2024652,Matched,Block,,SW ROXBURY ST BETWEEN 5TH AVE SW AND 6TH AVE SW,,,2,Injury Collision,Rear Ended,2,0,0,2,1,0,0,2005/08/08 00:00:00+00,8/8/2005,Mid-Block (not related to intersection),14,"MOTOR VEHICLE STRUCK MOTOR VEHICLE, REAR END",,0,Clear,Dry,Daylight,,5220016,,14,From same direction - both going straight - one stopped - rear-end,0,0,N
1288354.081,249778.4735,1125,1114,1114,3507857,Matched,Block,,NE 65TH ST BETWEEN SAND POINT WAY NE AND 62ND AVE NE, ,,1,Property Damage Only Collision,Other,2,0,0,2,0,0,0,2013/03/29 00:00:00+00,3/29/2013 18:39,Mid-Block (not related to intersection),28,MOTOR VEHICLE RAN OFF ROAD - HIT FIXED OBJECT,Y,N,Clear,Dry,Dusk,,,,50,Fixed object,0,0,N
1273553.086,226825.0796,1126,24400,24400,C632099,Matched,Block,,BROADWAY BETWEEN HARVARD AVE AND E UNION ST,,,1,Property Damage Only Collision,Parked Car,2,0,0,2,0,0,0,2004/04/19 00:00:00+00,4/19/2004 14:00,Mid-Block (not related to intersection),11,"MOTOR VEHICLE STRUCK MOTOR VEHICLE, FRONT END AT ANGLE",,0,Clear,Dry,Daylight,,4110052,,20,One car leaving parked position,0,0,N
1272080.814,222140.4535,1127,48100,48100,1316838,Matched,Intersection,30511,6TH AVE S AND S JACKSON ST,,,1,Property Damage Only Collision,Left Turn,2,0,0,2,0,0,0,2005/06/08 00:00:00+00,6/8/2005,At Intersection (intersection related),11,"MOTOR VEHICLE STRUCK MOTOR VEHICLE, FRONT END AT ANGLE",,0,Overcast,Dry,Daylight,,5159022,,28,From opposite direction - one left turn - one straight,0,0,N
1286227.12,198899.0608,1128,327830,329330,EA01075,Matched,Block,,SEWARD PARK AVE S BETWEEN S OTHELLO ST AND S FONTANELLE PL, ,,1,Property Damage Only Collision,Parked Car,2,0,0,2,0,0,0,2020/01/03 00:00:00+00,1/3/2020 22:03,Mid-Block (not related to intersection),13,"MOTOR VEHICLE STRUCK MOTOR VEHICLE, LEFT SIDE AT ANGLE",,N,Raining,Wet,Dark - Street Lights On,,,,32,One parked--one moving,0,0,Y
1272406.12,222287.0126,1129,119500,119500,3560283,Matched,Block,,MAYNARD AVE S BETWEEN S MAIN ST AND S JACKSON ST,,,1,Property Damage Only Collision,Parked Car,2,0,0,2,0,0,0,2011/06/03 00:00:00+00,6/3/2011 18:56,Mid-Block (not related to intersection),14,"MOTOR VEHICLE STRUCK MOTOR VEHICLE, REAR END",,N,Clear,Dry,Daylight,,11154020,,32,One parked--one moving,0,0,N
1274900.637,243940.2196,1130,32400,32400,2059186,Matched,Block,,11TH AVE NE BETWEEN NE 42ND ST AND NE 43RD ST,,,1,Property Damage Only Collision,Parked Car,2,0,0,2,0,0,0,2005/12/08 00:00:00+00,12/8/2005,Mid-Block (not related to intersection),12,"MOTOR VEHICLE STRUCK MOTOR VEHICLE, RIGHT SIDE AT ANGLE",,0,Clear,Dry,Daylight,,5342022,,32,One parked--one moving,0,0,N
1283184.668,193990.4575,1131,327938,329438,EA05319,Matched,Block,,M L KING JR ER WAY S BETWEEN S HENDERSON ST AND S DIRECTOR ST, ,,2,Injury Collision,Rear Ended,4,0,0,2,1,0,0,2020/01/09 00:00:00+00,1/9/2020 13:25,Mid-Block (not related to intersection),14,"MOTOR VEHICLE STRUCK MOTOR VEHICLE, REAR END",,N,Clear,Wet,Daylight,,,,14,From same direction - both going straight - one stopped - rear-end,0,0,N
1277928.539,246281.6852,1132,1273,1273,3507862,Matched,Block,,22ND AVE NE BETWEEN NE 50TH ST AND NE 52ND ST, ,,1,Property Damage Only Collision,Parked Car,2,0,0,2,0,0,0,2013/04/01 00:00:00+00,4/1/2013 1:00,Mid-Block (not related to intersection),14,"MOTOR VEHICLE STRUCK MOTOR VEHICLE, REAR END",,N,Clear,Dry,Dark - Street Lights On,,,,32,One parked--one moving,0,0,N
1277024.319,222491.4349,1133,322215,323715,3750954,Matched,Block,,20TH AVE S BETWEEN S WASHINGTON ST AND S MAIN ST, ,,1,Property Damage Only Collision,Parked Car,2,0,0,2,0,0,0,2019/07/05 00:00:00+00,7/5/2019,Mid-Block (not related to intersection),0,NOT ENOUGH INFORMATION / NOT APPLICABLE,,N,Clear,Dry,Unknown,,,,32,One parked--one moving,0,0,Y
1262188.016,210024.1284,1134,59400,59400,2404826,Matched,Intersection,32062,26TH AVE SW AND SW NEVADA ST,,,1,Property Damage Only Collision,Other,1,0,0,1,0,0,0,2006/06/24 00:00:00+00,6/24/2006 22:27,At Intersection (intersection related),28,MOTOR VEHICLE RAN OFF ROAD - HIT FIXED OBJECT,,0,Clear,Dry,Dark - Street Lights On,,6175005,Y,50,Fixed object,0,0,N
1262666.693,203788.9914,1135,50500,50500,2072582,Matched,Block,,DELRIDGE WAY SW BETWEEN SW JUNEAU ST AND 24TH AVE SW,,,1,Property Damage Only Collision,Right Turn,16,0,0,2,0,0,0,2006/06/19 00:00:00+00,6/19/2006 14:30,Mid-Block (but intersection related),14,"MOTOR VEHICLE STRUCK MOTOR VEHICLE, REAR END",Y,0,Clear,Dry,Daylight,,6170009,,16,From same direction - one right turn - one straight,0,0,N
1271380.893,229461.1344,1136,1080,1080,3581512,Matched,Block,,STEWART ST BETWEEN YALE AVE N AND EASTLAKE AVE E, ,,2,Injury Collision,Sideswipe,2,0,0,2,1,0,0,2013/03/25 00:00:00+00,3/25/2013 23:57,Mid-Block (not related to intersection),0,NOT ENOUGH INFORMATION / NOT APPLICABLE,,N,Clear,Dry,Dark - Street Lights On,,,,11,From same direction - both going straight - both moving - sideswipe,0,0,N
1277621.248,214580.0479,1137,322196,323696,3547684,Matched,Block,,23RD AVE S BETWEEN S LANDER ST AND S MCCLELLAN ST, ,,1,Property Damage Only Collision,Other,2,0,0,1,0,0,0,2019/08/09 00:00:00+00,8/9/2019 3:55,Mid-Block (not related to intersection),28,MOTOR VEHICLE RAN OFF ROAD - HIT FIXED OBJECT,,N,Clear,Dry,Dark - Street Lights On,,,,51,Other object,0,0,N
1270046.963,225476.367,1138,45500,45500,1777535,Matched,Intersection,29931,4TH AVE AND UNIVERSITY ST,,,2,Injury Collision,Rear Ended,3,0,0,2,2,0,0,2005/03/30 00:00:00+00,3/30/2005 12:00,At Intersection (intersection related),14,"MOTOR VEHICLE STRUCK MOTOR VEHICLE, REAR END",Y,0,Clear,Dry,Daylight,,5089018,,14,From same direction - both going straight - one stopped - rear-end,0,0,N
1282741.628,227626.0653,1139,1015,1015,3645681,Unmatched,Block,,MADRONA DR BETWEEN NEWPORT WAY AND GRAND AVE, ,,0,Unknown,,0,0,0,0,0,0,0,2013/03/14 00:00:00+00,3/14/2013,Mid-Block (not related to intersection),13,"MOTOR VEHICLE STRUCK MOTOR VEHICLE, LEFT SIDE AT ANGLE",,,,,,,,, ,,0,0,N
,,1140,1158,1158,3615264,Unmatched,,,,NEI,"Not Enough Information, or Insufficient Location Information",0,Unknown,,0,0,0,0,0,0,0,2013/03/26 00:00:00+00,3/26/2013,,0,NOT ENOUGH INFORMATION / NOT APPLICABLE,,,,,,,,, ,,0,0,N
1272566.3,225011.583,1141,28800,28800,1798932,Matched,Block,,TERRY AVE BETWEEN CHERRY ST AND COLUMBIA ST,,,1,Property Damage Only Collision,Parked Car,2,0,0,2,0,0,0,2004/08/31 00:00:00+00,8/31/2004 12:23,Mid-Block (not related to intersection),14,"MOTOR VEHICLE STRUCK MOTOR VEHICLE, REAR END",Y,0,Clear,Dry,Daylight,,4244027,,32,One parked--one moving,0,0,N
1259105.157,194547.9346,1142,41200,41200,1197677,Matched,Intersection,34729,35TH AVE SW AND SW HENDERSON ST,,,2,Injury Collision,Pedestrian,2,1,0,1,1,0,0,2005/02/18 00:00:00+00,2/18/2005 16:02,At Intersection (intersection related),24,MOTOR VEHCILE STRUCK PEDESTRIAN,,0,Clear,Dry,Daylight,Y,5049004,,2,Vehicle turning left hits pedestrian,0,0,N
1262186.986,209892.5919,1143,1234,1234,2897719,Matched,Block,,26TH AVE SW BETWEEN SW NEVADA ST AND SW GENESEE ST, ,,1,Property Damage Only Collision,Parked Car,2,0,0,2,0,0,0,2013/03/30 00:00:00+00,3/30/2013 10:30,Mid-Block (not related to intersection),16,"MOTOR VEHICLE STRUCK MOTOR VEHICLE, LEFT SIDE SIDESWIPE",,N,Clear,Dry,Daylight,,,,32,One parked--one moving,0,0,N
1269973.98,213348.5118,1144,89000,89000,2665551,Matched,Block,,1ST AVE S BETWEEN S HANFORD ST AND S HORTON ST,,,1,Property Damage Only Collision,Parked Car,2,0,0,2,0,0,0,2008/02/12 00:00:00+00,2/12/2008 7:50,Mid-Block (not related to intersection),16,"MOTOR VEHICLE STRUCK MOTOR VEHICLE, LEFT SIDE SIDESWIPE",,0,Clear,Dry,Daylight,,8043031,Y,32,One parked--one moving,0,0,N
1259436.572,215641.9943,1145,322203,323703,3587817,Matched,Block,,SW ADMIRAL WAY BETWEEN SW OLGA ST AND 37TH E AVE SW, ,,1,Property Damage Only Collision,Other,3,0,0,1,0,0,0,2019/08/11 00:00:00+00,8/11/2019 2:17,Mid-Block (not related to intersection),26,MOTOR VEHICLE STRUCK OBJECT IN ROAD,,Y,Clear,Dry,Dark - Street Lights On,,,Y,50,Fixed object,0,0,N