X,Y,OBJECTID,INCKEY,COLDETKEY,REPORTNO,STATUS,ADDRTYPE,INTKEY,LOCATION,EXCEPTRSNCODE,EXCEPTRSNDESC,SEVERITYCODE,SEVERITYDESC,COLLISIONTYPE,PERSONCOUNT,PEDCOUNT,PEDCYLCOUNT,VEHCOUNT,INJURIES,SERIOUSINJURIES,FATALITIES,INCDATE,INCDTTM,JUNCTIONTYPE,SDOT_COLCODE,SDOT_COLDESC,INATTENTIONIND,UNDERINFL,WEATHER,ROADCOND,LIGHTCOND,PEDROWNOTGRNT,SDOTCOLNUM,SPEEDING,ST_COLCODE,ST_COLDESC,SEGLANEKEY,CROSSWALKKEY,HITPARKEDCAR
1263093.464,200192.5349,1146,53600,53600,2127310,Matched,Block,,DELRIDGE WAY SW BETWEEN SW MYRTLE ST AND SW ORCHARD ST,,,1,Property Damage Only Collision,Rear Ended,2,0,0,2,0,0,0,2006/05/17 00:00:00+00,5/17/2006 16:56,Mid-Block (but intersection related),14,"MOTOR VEHICLE STRUCK MOTOR VEHICLE, REAR END",Y,0,Clear,Dry,Daylight,,6137017,,14,From same direction - both going straight - one stopped - rear-end,0,0,N
1260224.522,244487.2996,1147,322163,323663,E948188,Unmatched,Block,,BALLARD BR BETWEEN POINT A AND POINT B, ,,1,Property Damage Only Collision,,2,0,0,0,0,0,0,2019/08/07 00:00:00+00,8/7/2019,Mid-Block (not related to intersection),11,"MOTOR VEHICLE STRUCK MOTOR VEHICLE, FRONT END AT ANGLE",,,,,,,,, ,,0,0,N
1266982.135,241771.4726,1148,37400,37400,2061208,Matched,Intersection,27018,FREMONT WAY N AND N 38TH ST,,,2,Injury Collision,Rear Ended,2,0,0,2,1,0,0,2005/08/26 00:00:00+00,8/26/2005 7:23,At Intersection (intersection related),14,"MOTOR VEHICLE STRUCK MOTOR VEHICLE, REAR END",Y,0,Clear,Dry,Daylight,,5238014,,14,From same direction - both going straight - one stopped - rear-end,0,0,N
1279041.839,271126.3882,1149,62300,62300,2136897,Matched,Intersection,35996,25TH AVE NE AND NE 145TH ST,,,2,Injury Collision,Angles,2,0,0,2,1,0,0,2006/05/03 00:00:00+00,5/3/2006,At Intersection (intersection related),14,"MOTOR VEHICLE STRUCK MOTOR VEHICLE, REAR END",,0,Clear,Dry,Daylight,,6123039,,10,Entering at angle,0,0,N
1260173.911,255726.8575,1150,51000,51000,2059368,Matched,Block,,NW 85TH ST BETWEEN 15TH AVE NW AND 16TH AVE NW,,,1,Property Damage Only Collision,Sideswipe,3,0,0,2,0,0,0,2006/01/26 00:00:00+00,1/26/2006 8:15,Mid-Block (but intersection related),11,"MOTOR VEHICLE STRUCK MOTOR VEHICLE, FRONT END AT ANGLE",,0,Overcast,Wet,Daylight,,6026048,,11,From same direction - both going straight - both moving - sideswipe,0,0,N
1274321.97,221479.3706,1151,1345,1345,3605912,Matched,Intersection,30436,12TH AVE S AND S WELLER ST, ,,1,Property Damage Only Collision,Left Turn,3,0,0,2,0,0,0,2013/03/27 00:00:00+00,3/27/2013 17:56,At Intersection (intersection related),11,"MOTOR VEHICLE STRUCK MOTOR VEHICLE, FRONT END AT ANGLE",,N,Clear,Dry,Daylight,,,,28,From opposite direction - one left turn - one straight,0,0,N
1261018.553,258033.4975,1152,327879,329379,EA03058,Matched,Block,,14TH AVE NW BETWEEN NW 92ND ST AND NW 95TH ST, ,,1,Property Damage Only Collision,Parked Car,2,0,0,2,0,0,0,2019/12/29 00:00:00+00,12/29/2019 7:01,Mid-Block (not related to intersection),16,"MOTOR VEHICLE STRUCK MOTOR VEHICLE, LEFT SIDE SIDESWIPE",,N,Unknown,Unknown,Unknown,,,,32,One parked--one moving,0,0,Y
1264460.821,268216.8926,1153,1376,1376,3501332,Matched,Intersection,35618,3RD AVE NW AND NW 132ND ST, ,,1,Property Damage Only Collision,Angles,3,0,0,2,0,0,0,2013/04/03 00:00:00+00,4/3/2013 14:57,At Intersection (intersection related),11,"MOTOR VEHICLE STRUCK MOTOR VEHICLE, FRONT END AT ANGLE",,N,Clear,Dry,Daylight,,,,10,Entering at angle,0,0,N
1282722.624,207430.2982,1154,322239,323739,E948606,Matched,Block,,S ANGELINE ST BETWEEN 39TH AVE S AND 42ND AVE S, ,,1,Property Damage Only Collision,Parked Car,2,0,0,2,0,0,0,2019/08/09 00:00:00+00,8/9/2019 15:30,Mid-Block (not related to intersection),0,NOT ENOUGH INFORMATION / NOT APPLICABLE,,N,Clear,Dry,Daylight,,,,32,One parked--one moving,0,0,Y
1278397.275,242377.4576,1155,64600,64600,C696927,Matched,Block,,MONTLAKE BLVD NE BETWEEN NE PACIFIC PL AND 25TH AVE NE,,,2,Injury Collision,Rear Ended,3,0,0,3,1,0,0,2007/10/23 00:00:00+00,10/23/2007 14:30,Mid-Block (not related to intersection),14,"MOTOR VEHICLE STRUCK MOTOR VEHICLE, REAR END",,0,Clear,Dry,Daylight,,7296035,,14,From same direction - both going straight - one stopped - rear-end,0,0,N
1267969.373,259521.9357,1156,327826,329326,EA00622,Matched,Block,,N 100TH ST BETWEEN LINDEN AVE N AND AURORA AVE N, ,,2,Injury Collision,Other,7,0,0,4,1,0,0,2020/01/03 00:00:00+00,1/3/2020 18:25,Mid-Block (but intersection related),11,"MOTOR VEHICLE STRUCK MOTOR VEHICLE, FRONT END AT ANGLE",,N,Overcast,Wet,Dark - Street Lights On,,,,23,From same direction - all others,0,0,N
1268275.382,227312.909,1157,17600,17600,1777181,Matched,Intersection,29558,3RD AVE AND LENORA ST,,,2,Injury Collision,Pedestrian,2,1,0,1,1,0,0,2004/02/12 00:00:00+00,2/12/2004 12:28,At Intersection (intersection related),24,MOTOR VEHCILE STRUCK PEDESTRIAN,,0,Clear,Dry,Daylight,Y,4043007,,2,Vehicle turning left hits pedestrian,0,0,N
1254301.787,252706.6353,1158,322158,323658,E948176,Unmatched,Block,,34TH AVE NW BETWEEN NW 73RD ST AND NW 74TH ST, ,,0,Unknown,,2,0,0,0,0,0,0,2019/08/03 00:00:00+00,8/3/2019,Mid-Block (not related to intersection),13,"MOTOR VEHICLE STRUCK MOTOR VEHICLE, LEFT SIDE AT ANGLE",,,,,,,,, ,,0,0,Y
1263415.354,252443.1279,1159,1314,1314,3568893,Matched,Block,,NW 73RD ST BETWEEN 6TH AVE NW AND 7TH AVE NW, ,,1,Property Damage Only Collision,Parked Car,2,0,0,2,0,0,0,2013/04/01 00:00:00+00,4/1/2013 9:27,Mid-Block (not related to intersection),14,"MOTOR VEHICLE STRUCK MOTOR VEHICLE, REAR END",Y,N,Overcast,Dry,Daylight,,,,32,One parked--one moving,0,0,N
1278979.441,252600.6968,1160,21200,21200,1227970,Matched,Intersection,24661,25TH AVE NE AND NE 75TH ST,,,1,Property Damage Only Collision,Left Turn,2,0,0,2,0,0,0,2004/06/08 00:00:00+00,6/8/2004,At Intersection (intersection related),11,"MOTOR VEHICLE STRUCK MOTOR VEHICLE, FRONT END AT ANGLE",,0,Raining,Wet,Dark - Street Lights On,,4160038,,28,From opposite direction - one left turn - one straight,0,0,N
1268143.412,225355.7216,1161,56900,56900,2625188,Matched,Block,,ALASKAN WAY BETWEEN ALASKAN E RDWY WAY AND PIKE ST,,,1,Property Damage Only Collision,Parked Car,2,0,0,2,0,0,0,2006/11/24 00:00:00+00,11/24/2006 14:45,Mid-Block (not related to intersection),13,"MOTOR VEHICLE STRUCK MOTOR VEHICLE, LEFT SIDE AT ANGLE",,0,Clear,Dry,Daylight,,6328024,,32,One parked--one moving,0,0,N
1270374.782,245924.3747,1162,34400,34400,529670,Matched,Intersection,25551,BURKE AVE N AND N 49TH ST,,,1,Property Damage Only Collision,Angles,0,0,0,2,0,0,0,2005/11/05 00:00:00+00,11/5/2005,At Intersection (intersection related),11,"MOTOR VEHICLE STRUCK MOTOR VEHICLE, FRONT END AT ANGLE",,0,Raining,Wet,Dark - Street Lights Off,,5309040,Y,10,Entering at angle,0,0,N
1268709.015,267452.5347,1163,1087,1087,3613548,Matched,Block,,N 130TH ST BETWEEN AURORA AVE N AND STONE AVE N, ,,1,Property Damage Only Collision,Sideswipe,2,0,0,2,0,0,0,2013/03/25 00:00:00+00,3/25/2013 5:55,Mid-Block (not related to intersection),11,"MOTOR VEHICLE STRUCK MOTOR VEHICLE, FRONT END AT ANGLE",,N,Clear,Dry,Dark - Street Lights On,,,,11,From same direction - both going straight - both moving - sideswipe,0,0,N
1268810.194,217940.419,1164,25700,25700,1186598,Matched,Block,,ALASKAN WAY S BETWEEN S MASSACHUSETTS ST AND EAST MARGINAL WAY S,,,1,Property Damage Only Collision,Sideswipe,3,0,0,2,0,0,0,2004/08/13 00:00:00+00,8/13/2004 19:20,Mid-Block (not related to intersection),16,"MOTOR VEHICLE STRUCK MOTOR VEHICLE, LEFT SIDE SIDESWIPE",,0,Clear,Dry,Daylight,,4226036,,11,From same direction - both going straight - both moving - sideswipe,0,0,N
1270215.954,213952.7867,1165,45300,45300,1069729,Matched,Block,,OCCIDENTAL AVE S BETWEEN S FOREST ST AND S HANFORD ST,,,1,Property Damage Only Collision,Parked Car,2,0,0,2,0,0,0,2005/03/18 00:00:00+00,3/18/2005 10:09,Mid-Block (not related to intersection),13,"MOTOR VEHICLE STRUCK MOTOR VEHICLE, LEFT SIDE AT ANGLE",Y,0,Clear,Dry,Daylight,,5077020,,32,One parked--one moving,0,0,N
1270401.889,225508.8862,1166,40000,40000,1933078,Matched,Block,,5TH AVE BETWEEN SENECA ST AND UNIVERSITY ST,,,1,Property Damage Only Collision,Sideswipe,2,0,0,2,0,0,0,2005/06/07 00:00:00+00,6/7/2005,Mid-Block (but intersection related),11,"MOTOR VEHICLE STRUCK MOTOR VEHICLE, FRONT END AT ANGLE",Y,0,Raining,Wet,Daylight,,5158022,,71,Same direction -- both turning right -- both moving -- sideswipe,0,0,N
1269043.199,267619.569,1167,179200,179240,3700656,Matched,Block,,STONE AVE N BETWEEN N 130TH ST AND N 131ST ST, ,,1,Property Damage Only Collision,Parked Car,2,0,0,2,0,0,0,2014/11/07 00:00:00+00,11/7/2014 8:00,Mid-Block (not related to intersection),14,"MOTOR VEHICLE STRUCK MOTOR VEHICLE, REAR END",,N,Overcast,Dry,Daylight,,,,32,One parked--one moving,0,0,N
1268401.569,269452.9699,1168,237400,237840,3694084,Matched,Intersection,35748,AURORA AVE N AND N 137TH ST, ,,1,Property Damage Only Collision,Angles,2,0,0,2,0,0,0,2017/03/26 00:00:00+00,3/26/2017 19:49,At Intersection (intersection related),11,"MOTOR VEHICLE STRUCK MOTOR VEHICLE, FRONT END AT ANGLE",,N,Raining,Wet,Dark - Street Lights On,,,,10,Entering at angle,0,0,N
1257541.627,250311.2738,1169,78500,78500,2610001,Matched,Block,,24TH AVE NW BETWEEN NW 64TH ST AND NW 65TH ST,,,1,Property Damage Only Collision,Left Turn,3,0,0,2,0,0,0,2007/04/27 00:00:00+00,4/27/2007 17:50,Mid-Block (but intersection related),14,"MOTOR VEHICLE STRUCK MOTOR VEHICLE, REAR END",,0,Clear,Dry,Daylight,,7117040,,15,From same direction - one left turn - one straight,0,0,N
1278032.948,222058.1969,1170,265600,266400,E756624,Unmatched,Intersection,30757,23RD AVE S AND S JACKSON ST, ,,0,Unknown,,0,0,0,0,0,0,0,2018/01/08 00:00:00+00,1/8/2018,At Intersection (intersection related),18,"MOTOR VEHICLE STRUCK PEDALCYCLIST, FRONT END AT ANGLE",,,,,,,,, ,,0,0,N
,,1171,148800,148820,3606453,Matched,Alley,,, ,,1,Property Damage Only Collision,Parked Car,2,0,0,2,0,0,0,2013/06/21 00:00:00+00,6/21/2013 15:04,Driveway Junction,0,NOT ENOUGH INFORMATION / NOT APPLICABLE,,N,Clear,Dry,Daylight,,,,32,One parked--one moving,0,0,N
1276270.75,261281.6166,1172,100400,100400,3210410,Matched,Intersection,36513,15TH AVE NE AND NE 107TH ST,,,1,Property Damage Only Collision,Angles,2,0,0,2,0,0,0,2009/07/01 00:00:00+00,7/1/2009,At Intersection (intersection related),14,"MOTOR VEHICLE STRUCK MOTOR VEHICLE, REAR END",,0,Clear,Dry,Daylight,,9182010,,10,Entering at angle,0,0,N
1260775.421,212207.0821,1173,131000,131000,3563029,Matched,Intersection,164879,ADMIRAL AVALON RP AND SW MANNING ST,,,2,Injury Collision,Angles,3,0,0,2,1,0,0,2012/07/11 00:00:00+00,7/11/2012 8:53,At Intersection (intersection related),11,"MOTOR VEHICLE STRUCK MOTOR VEHICLE, FRONT END AT ANGLE",,N,Clear,Dry,Daylight,,12193024,,10,Entering at angle,0,0,N
1257543.987,250431.6321,1174,68100,68100,2893034,Matched,Intersection,23943,24TH AVE NW AND NW 65TH ST,,,2,Injury Collision,Angles,3,0,0,2,1,0,0,2007/10/04 00:00:00+00,10/4/2007,At Intersection (intersection related),11,"MOTOR VEHICLE STRUCK MOTOR VEHICLE, FRONT END AT ANGLE",,1,Clear,Dry,Dark - Street Lights On,,7277020,,10,Entering at angle,0,0,N
1269257.613,193953.729,1175,233700,234100,3692766,Matched,Block,,OLSON PL SW BETWEEN 1ST AVE S AND 2ND AVE SW, ,,1,Property Damage Only Collision,Rear Ended,4,0,0,2,0,0,0,2017/01/17 00:00:00+00,1/17/2017 12:47,Mid-Block (but intersection related),14,"MOTOR VEHICLE STRUCK MOTOR VEHICLE, REAR END",,N,Raining,Wet,Daylight,,,,14,From same direction - both going straight - one stopped - rear-end,0,0,N
1281202.818,209477.3009,1176,82700,82700,3279863,Matched,Block,,RAINIER AVE S BETWEEN S ADAMS ST AND S GENESEE N ST,,,1,Property Damage Only Collision,Sideswipe,2,0,0,2,0,0,0,2008/09/02 00:00:00+00,9/2/2008,Mid-Block (not related to intersection),16,"MOTOR VEHICLE STRUCK MOTOR VEHICLE, LEFT SIDE SIDESWIPE",,0,Clear,Dry,Daylight,,8246016,,11,From same direction - both going straight - both moving - sideswipe,0,0,N
1272384.237,224370.5894,1177,138900,138900,3503761,Matched,Block,,JAMES ST BETWEEN 8TH AVE AND 9TH AVE,,,1,Property Damage Only Collision,Sideswipe,2,0,0,2,0,0,0,2012/05/01 00:00:00+00,5/1/2012 17:40,Mid-Block (not related to intersection),11,"MOTOR VEHICLE STRUCK MOTOR VEHICLE, FRONT END AT ANGLE",,N,Clear,Wet,Daylight,,12122005,,11,From same direction - both going straight - both moving - sideswipe,0,0,N
1272697.667,220902.8543,1178,247500,248080,E700787,Matched,Intersection,30544,7TH AVE S AND S DEARBORN ST, ,,2,Injury Collision,Angles,3,0,0,2,1,0,0,2017/07/29 00:00:00+00,7/29/2017 21:58,At Intersection (intersection related),11,"MOTOR VEHICLE STRUCK MOTOR VEHICLE, FRONT END AT ANGLE",,N,Clear,Dry,Dark - Street Lights On,,,,10,Entering at angle,0,0,N
1265107.78,231857.4691,1179,123500,123500,3375927,Matched,Intersection,28882,1ST AVE N AND ROY ST, ,,2,Injury Collision,Pedestrian,2,1,0,1,1,0,0,2011/04/02 00:00:00+00,4/2/2011 19:36,At Intersection (intersection related),24,MOTOR VEHCILE STRUCK PEDESTRIAN,,N,Overcast,Dry,Dusk,Y,11092010,,2,Vehicle turning left hits pedestrian,0,523486,N
1264062.043,246311.1485,1180,127800,127800,C759421,Unmatched,Intersection,25346,3RD AVE NW AND NW 50TH ST,,,0,Unknown,,0,0,0,0,0,0,0,2011/12/20 00:00:00+00,12/20/2011,At Intersection (intersection related),11,"MOTOR VEHICLE STRUCK MOTOR VEHICLE, FRONT END AT ANGLE",,,,,,,11354033,,,,0,0,N
1266650.96,239377.1995,1181,149700,149720,3645927,Matched,Intersection,28057,NICKERSON ST AND WESTLAKE AVE N, ,,1,Property Damage Only Collision,Sideswipe,4,0,0,2,0,0,0,2013/07/04 00:00:00+00,7/4/2013 23:42,At Intersection (intersection related),16,"MOTOR VEHICLE STRUCK MOTOR VEHICLE, LEFT SIDE SIDESWIPE",Y,Y,Clear,Dry,Dark - Street Lights On,,,,81,Same direction -- both turning left -- both moving -- sideswipe,0,0,N
1280189.772,220044.5981,1182,125100,125100,3559798,Matched,Block,,30TH AVE S BETWEEN S CHARLES ST AND S NORMAN ST,,,1,Property Damage Only Collision,Parked Car,2,0,0,2,0,0,0,2011/06/21 00:00:00+00,6/21/2011 0:01,Mid-Block (not related to intersection),11,"MOTOR VEHICLE STRUCK MOTOR VEHICLE, FRONT END AT ANGLE",,N,Unknown,Dry,Unknown,,11172023,,32,One parked--one moving,0,0,N
1260126.175,250398.4493,1183,216100,216380,3777935,Matched,Block,,NW 65TH ST BETWEEN 15TH AVE NW AND 16TH AVE NW, ,,1,Property Damage Only Collision,Rear Ended,2,0,0,2,0,0,0,2016/03/18 00:00:00+00,3/18/2016 12:00,Mid-Block (but intersection related),14,"MOTOR VEHICLE STRUCK MOTOR VEHICLE, REAR END",Y,N,Clear,Dry,Daylight,,,,14,From same direction - both going straight - one stopped - rear-end,0,0,N
1275177.851,232184.4213,1184,98800,98800,C719936,Matched,Intersection,28971,14TH AVE E AND E ALOHA ST,,,1,Property Damage Only Collision,Left Turn,2,0,0,2,0,0,0,2009/04/12 00:00:00+00,4/12/2009 18:00,At Intersection (intersection related),11,"MOTOR VEHICLE STRUCK MOTOR VEHICLE, FRONT END AT ANGLE",,0,Overcast,Dry,Daylight,,9102032,,28,From opposite direction - one left turn - one straight,0,0,N
1256215.179,208241.4403,1185,187900,187980,3587760,Matched,Block,,45TH AVE SW BETWEEN SW ALASKA ST AND SW EDMUNDS ST, ,,1,Property Damage Only Collision,Angles,2,0,0,2,0,0,0,2015/03/17 00:00:00+00,3/17/2015 16:37,Mid-Block (not related to intersection),11,"MOTOR VEHICLE STRUCK MOTOR VEHICLE, FRONT END AT ANGLE",,N,Raining,Wet,Daylight,,,,10,Entering at angle,0,0,N
1273908.209,244770.8172,1186,130200,130200,3562005,Matched,Intersection,27070,7TH AVE NE AND NE 45TH ST, ,,2,Injury Collision,Pedestrian,2,1,0,1,1,0,0,2011/10/14 00:00:00+00,10/14/2011 16:25,At Intersection (intersection related),24,MOTOR VEHCILE STRUCK PEDESTRIAN,,N,Clear,Dry,Daylight,,11287002,,0,Vehicle going straight hits pedestrian,0,524682,N
1273483.208,271317.9578,1187,80700,80700,2860107,Matched,Block,,NE 145TH ST BETWEEN 145TH ST ON RP AND 5TH AVE NE,,,2,Injury Collision,Rear Ended,2,0,0,2,1,0,0,2008/02/06 00:00:00+00,2/6/2008,Mid-Block (but intersection related),14,"MOTOR VEHICLE STRUCK MOTOR VEHICLE, REAR END",,0,Raining,Wet,Daylight,,8037039,,14,From same direction - both going straight - one stopped - rear-end,0,0,N
1282466.738,200268.5908,1188,233000,233400,3755089,Matched,Block,,M L KING JR WR WAY S BETWEEN S WILLOW ST AND S MYRTLE ST, ,,1,Property Damage Only Collision,Rear Ended,4,0,0,2,0,0,0,2016/12/21 00:00:00+00,12/21/2016 18:08,Mid-Block (but intersection related),14,"MOTOR VEHICLE STRUCK MOTOR VEHICLE, REAR END",Y,N,Overcast,Dry,Dark - Street Lights On,,,,14,From same direction - both going straight - one stopped - rear-end,0,0,N
1269387.639,240439.9825,1189,176900,176920,3587115,Matched,Intersection,26901,WOODLAWN AVE N AND N 35TH ST, ,,2,Injury Collision,Angles,2,0,0,2,1,0,0,2014/10/03 00:00:00+00,10/3/2014 8:19,At Intersection (intersection related),11,"MOTOR VEHICLE STRUCK MOTOR VEHICLE, FRONT END AT ANGLE",Y,N,Clear,Dry,Daylight,,,,10,Entering at angle,0,0,N
1274714.803,229659.3541,1190,79300,79300,2806197,Matched,Block,,E JOHN ST BETWEEN 12TH AVE E AND 13TH AVE E,,,1,Property Damage Only Collision,Rear Ended,2,0,0,2,0,0,0,2008/10/03 00:00:00+00,10/3/2008,Mid-Block (but intersection related),14,"MOTOR VEHICLE STRUCK MOTOR VEHICLE, REAR END",Y,0,Raining,Wet,Daylight,,8277019,,14,From same direction - both going straight - one stopped - rear-end,0,0,N
1261596.868,245866.1017,1191,148900,148920,3645980,Matched,Intersection,25455,11TH AVE NW AND NW LEARY WAY, ,,2,Injury Collision,Left Turn,2,0,0,2,1,0,0,2013/06/27 00:00:00+00,6/27/2013 0:18,At Intersection (intersection related),0,NOT ENOUGH INFORMATION / NOT APPLICABLE,,N,Clear,Dry,Dark - Street Lights On,,,,28,From opposite direction - one left turn - one straight,0,0,N
1270930.2,224932.6492,1192,279100,280000,E782354,Matched,Block,,MADISON ST BETWEEN 5TH AVE AND 6TH AVE, ,,1,Property Damage Only Collision,Sideswipe,2,0,0,2,0,0,0,2018/03/22 00:00:00+00,3/22/2018 16:42,Mid-Block (not related to intersection),16,"MOTOR VEHICLE STRUCK MOTOR VEHICLE, LEFT SIDE SIDESWIPE",,N,Clear,Dry,Daylight,,,,11,From same direction - both going straight - both moving - sideswipe,0,0,N
1279427.474,213326.1357,1193,152900,152920,3590001,Matched,Block,,RAINIER AVE S BETWEEN S MOUNT BAKER EB BV AND S HANFORD ST, ,,2,Injury Collision,Head On,5,0,0,3,2,0,0,2013/08/20 00:00:00+00,8/20/2013 12:45,Driveway Junction,11,"MOTOR VEHICLE STRUCK MOTOR VEHICLE, FRONT END AT ANGLE",,N,Clear,Dry,Daylight,,,,25,From opposite direction - one stopped - head-on,0,0,N
1269366.291,223473.9461,1194,210400,210640,3791489,Matched,Block,,ALASKAN WAY BETWEEN COLUMBIA ST AND MARION ST, ,,2,Injury Collision,Pedestrian,4,1,0,1,1,0,0,2015/12/31 00:00:00+00,12/31/2015 17:33,Mid-Block (not related to intersection),24,MOTOR VEHCILE STRUCK PEDESTRIAN,,N,Clear,Dry,Dark - Street Lights On,,,,0,Vehicle going straight hits pedestrian,0,0,N
1278454.869,230452.6418,1195,82400,82400,2615242,Matched,Block,,24TH AVE E BETWEEN E THOMAS ST AND E HARRISON ST,,,1,Property Damage Only Collision,Parked Car,2,0,0,2,0,0,0,2008/02/27 00:00:00+00,2/27/2008 7:30,Mid-Block (not related to intersection),11,"MOTOR VEHICLE STRUCK MOTOR VEHICLE, FRONT END AT ANGLE",,0,Overcast,Dry,Daylight,,8058020,,32,One parked--one moving,0,0,N
1257460.921,205563.9575,1196,195500,195577,3736151,Matched,Block,,41ST AVE SW BETWEEN SW BRANDON ST AND SW FINDLAY ST,NEI,"Not Enough Information, or Insufficient Location Information",1,Property Damage Only Collision,Parked Car,2,0,0,2,0,0,0,2015/06/06 00:00:00+00,6/6/2015 22:00,,0,NOT ENOUGH INFORMATION / NOT APPLICABLE,,N,Unknown,Unknown,Unknown,,,,32,One parked--one moving,0,0,Y
1274490.652,249145.6591,1197,98000,98000,2893411,Matched,Intersection,25717,9TH AVE NE AND NE 62ND ST,,,1,Property Damage Only Collision,Angles,5,0,0,2,0,0,0,2009/04/11 00:00:00+00,4/11/2009 17:54,At Intersection (intersection related),11,"MOTOR VEHICLE STRUCK MOTOR VEHICLE, FRONT END AT ANGLE",,0,Overcast,Dry,Daylight,,9101019,,10,Entering at angle,0,0,N
,,1198,192900,192980,E421768,Unmatched,,,,NEI,"Not Enough Information, or Insufficient Location Information",0,Unknown,,0,0,0,0,0,0,0,2015/05/03 00:00:00+00,5/3/2015,Mid-Block (not related to intersection),14,"MOTOR VEHICLE STRUCK MOTOR VEHICLE, REAR END",,,,,,,,, ,,0,0,N
1259573.626,211137.1194,1199,88100,88100,2895972,Matched,Intersection,31875,35TH AVE SW AND SW ANDOVER N ST,,,1,Property Damage Only Collision,Angles,4,0,0,2,0,0,0,2008/09/09 00:00:00+00,9/9/2008,At Intersection (intersection related),11,"MOTOR VEHICLE STRUCK MOTOR VEHICLE, FRONT END AT ANGLE",,0,Clear,Dry,Daylight,,8253007,,10,Entering at angle,0,0,N
1271315.326,217004.2093,1200,183400,183480,3700913,Matched,Block,,4TH AVE S BETWEEN S HOLGATE ST AND S WALKER ST,NEI,"Not Enough Information, or Insufficient Location Information",1,Property Damage Only Collision,Sideswipe,2,0,0,2,0,0,0,2015/01/10 00:00:00+00,1/10/2015 21:30,Mid-Block (not related to intersection),0,NOT ENOUGH INFORMATION / NOT APPLICABLE,,N,Unknown,Unknown,Unknown,,,,11,From same direction - both going straight - both moving - sideswipe,0,0,N
1274551.867,227089.5945,1201,231300,231700,E609707,Matched,Intersection,29761,12TH AVE AND E MADISON ST, ,,2,Injury Collision,Left Turn,4,0,0,4,2,0,0,2016/11/13 00:00:00+00,11/13/2016 16:40,At Intersection (intersection related),14,"MOTOR VEHICLE STRUCK MOTOR VEHICLE, REAR END",,N,Raining,Wet,Dark - Street Lights On,,,,28,From opposite direction - one left turn - one straight,0,0,N
1267980.735,267468.245,1202,75300,75300,2795752,Matched,Block,,N 130TH ST BETWEEN LINDEN AVE N AND AURORA AVE N,,,1,Property Damage Only Collision,Rear Ended,2,0,0,2,0,0,0,2007/04/15 00:00:00+00,4/15/2007 21:58,Mid-Block (but intersection related),14,"MOTOR VEHICLE STRUCK MOTOR VEHICLE, REAR END",,0,Clear,Dry,Dark - Street Lights On,,7105015,,14,From same direction - both going straight - one stopped - rear-end,0,0,N
1266505.16,198493.2195,1203,126800,126800,3380248,Matched,Intersection,34153,HIGHLAND PARK WAY SW AND SW HOLDEN N ST,,,2,Injury Collision,Left Turn,3,0,0,3,1,0,0,2011/11/16 00:00:00+00,11/16/2011 17:50,At Intersection (intersection related),11,"MOTOR VEHICLE STRUCK MOTOR VEHICLE, FRONT END AT ANGLE",,N,Raining,Wet,Dark - Street Lights Off,,11320015,,28,From opposite direction - one left turn - one straight,0,0,N
1270723.735,225893.3057,1204,269200,270000,3583914,Matched,Block,,UNIVERSITY ST BETWEEN 6TH AVE AND DEAD END, ,,1,Property Damage Only Collision,Other,4,0,0,2,0,0,0,2018/02/06 00:00:00+00,2/6/2018 22:15,Mid-Block (not related to intersection),11,"MOTOR VEHICLE STRUCK MOTOR VEHICLE, FRONT END AT ANGLE",,N,Overcast,Dry,Dark - Street Lights On,,,,23,From same direction - all others,0,0,N
1258234.187,241070.1122,1205,218200,218500,3740230,Matched,Block,,W BERTONA ST BETWEEN 21ST AVE W AND 22ND AVE W, ,,1,Property Damage Only Collision,Parked Car,2,0,0,2,0,0,0,2016/04/23 00:00:00+00,4/23/2016 1:07,Mid-Block (not related to intersection),14,"MOTOR VEHICLE STRUCK MOTOR VEHICLE, REAR END",Y,Y,Clear,Dry,Dark - Street Lights On,,,,32,One parked--one moving,0,0,Y
1282337.031,225581.1117,1206,92900,92900,2621220,Matched,Block,,E COLUMBIA ST BETWEEN RANDOLPH PL AND 38TH AVE,,,2,Injury Collision,Parked Car,2,0,0,2,1,0,0,2008/01/05 00:00:00+00,1/5/2008,Mid-Block (not related to intersection),11,"MOTOR VEHICLE STRUCK MOTOR VEHICLE, FRONT END AT ANGLE",,1,Clear,Dry,Dark - Street Lights On,,8005023,,32,One parked--one moving,0,0,N
1261670.8,210824.7395,1207,222100,222380,3505225,Matched,Block,,SW YANCY ST BETWEEN DEAD END 1 AND 28TH AVE SW, ,,1,Property Damage Only Collision,Parked Car,2,0,0,2,0,0,0,2016/06/19 00:00:00+00,6/19/2016 23:33,Mid-Block (not related to intersection),14,"MOTOR VEHICLE STRUCK MOTOR VEHICLE, REAR END",,N,Clear,Dry,Dark - Street Lights On,,,,32,One parked--one moving,0,0,Y