X,Y,OBJECTID,INCKEY,COLDETKEY,REPORTNO,STATUS,ADDRTYPE,INTKEY,LOCATION,EXCEPTRSNCODE,EXCEPTRSNDESC,SEVERITYCODE,SEVERITYDESC,COLLISIONTYPE,PERSONCOUNT,PEDCOUNT,PEDCYLCOUNT,VEHCOUNT,INJURIES,SERIOUSINJURIES,FATALITIES,INCDATE,INCDTTM,JUNCTIONTYPE,SDOT_COLCODE,SDOT_COLDESC,INATTENTIONIND,UNDERINFL,WEATHER,ROADCOND,LIGHTCOND,PEDROWNOTGRNT,SDOTCOLNUM,SPEEDING,ST_COLCODE,ST_COLDESC,SEGLANEKEY,CROSSWALKKEY,HITPARKEDCAR
1283268.781,245894.8331,1208,189100,189180,E404577,Matched,Intersection,26239,SAND POINT WAY NE AND NE 50TH ST, ,,1,Property Damage Only Collision,Angles,2,0,0,2,0,0,0,2015/02/27 00:00:00+00,2/27/2015 18:02,At Intersection (intersection related),11,"MOTOR VEHICLE STRUCK MOTOR VEHICLE, FRONT END AT ANGLE",,N,Clear,Dry,Dark - Street Lights On,,,,10,Entering at angle,0,0,N
1278909.645,247104.3432,1209,131400,131400,3546036,Matched,Intersection,25940,25TH AVE NE AND NE 54TH ST,,,1,Property Damage Only Collision,Angles,2,0,0,2,0,0,0,2012/02/16 00:00:00+00,2/16/2012 19:23,At Intersection (intersection related),11,"MOTOR VEHICLE STRUCK MOTOR VEHICLE, FRONT END AT ANGLE",,N,Raining,Wet,Dark - Street Lights On,,12047009,,10,Entering at angle,0,0,N
,,1210,109900,109900,3375127,Matched,,,,NEI,"Not Enough Information, or Insufficient Location Information",2,Injury Collision,Other,1,0,0,1,1,0,0,2010/06/09 00:00:00+00,6/9/2010 21:19,,0,NOT ENOUGH INFORMATION / NOT APPLICABLE,,Y,Clear,Dry,Dark - Street Lights Off,,10160002,,50,Fixed object,0,0,N
1284281.645,202025.3069,1211,194500,194600,E427715,Matched,Block,,46TH AVE S BETWEEN S EDDY ST AND S MORGAN ST, ,,1,Property Damage Only Collision,Parked Car,0,0,0,2,0,0,0,2015/05/26 00:00:00+00,5/26/2015 2:45,Mid-Block (not related to intersection),14,"MOTOR VEHICLE STRUCK MOTOR VEHICLE, REAR END",,N,Overcast,Dry,Dark - Street Lights On,,,,32,One parked--one moving,0,0,Y
1275495.313,221759.5292,1212,111600,111600,3199591,Matched,Block,,S KING ST BETWEEN RAINIER AVE S AND 16TH AVE S,,,1,Property Damage Only Collision,Parked Car,2,0,0,2,0,0,0,2010/06/17 00:00:00+00,6/17/2010 13:00,Mid-Block (not related to intersection),16,"MOTOR VEHICLE STRUCK MOTOR VEHICLE, LEFT SIDE SIDESWIPE",,N,Unknown,Unknown,Daylight,,10168019,,32,One parked--one moving,0,0,N
1268738.83,224523.0865,1213,248900,249500,E715823,Matched,Block,,ALASKAN WAY BETWEEN SENECA ST AND UNIVERSITY ST, ,,1,Property Damage Only Collision,Rear Ended,0,0,0,2,0,0,0,2017/09/21 00:00:00+00,9/21/2017 9:40,Mid-Block (not related to intersection),14,"MOTOR VEHICLE STRUCK MOTOR VEHICLE, REAR END",,N,Clear,Dry,Daylight,,,,14,From same direction - both going straight - one stopped - rear-end,0,0,N
1275700.853,207962.4161,1214,191300,191380,3583382,Matched,Block,,S ANGELINE ST BETWEEN 15TH AVE S AND S COLUMBIAN W WAY, ,,2,Injury Collision,Angles,3,0,0,2,2,0,0,2015/04/27 00:00:00+00,4/27/2015 19:34,Driveway Junction,11,"MOTOR VEHICLE STRUCK MOTOR VEHICLE, FRONT END AT ANGLE",,N,Clear,Dry,Daylight,,,,10,Entering at angle,0,0,N
1263070.141,199975.3299,1215,101700,101700,3296159,Matched,Intersection,33963,DELRIDGE WAY SW AND SW ORCHARD ST,,,1,Property Damage Only Collision,Left Turn,5,0,0,2,0,0,0,2009/05/24 00:00:00+00,5/24/2009 13:35,At Intersection (intersection related),11,"MOTOR VEHICLE STRUCK MOTOR VEHICLE, FRONT END AT ANGLE",,0,Clear,Dry,Daylight,,9144006,,28,From opposite direction - one left turn - one straight,0,0,N
1270258.513,261453.0739,1216,163000,163020,3333750,Matched,Block,,N 107TH ST BETWEEN DENSMORE AVE N AND N NORTHGATE WAY, ,,1,Property Damage Only Collision,Other,5,0,0,2,0,0,0,2010/06/22 00:00:00+00,6/22/2010 13:14,Mid-Block (not related to intersection),11,"MOTOR VEHICLE STRUCK MOTOR VEHICLE, FRONT END AT ANGLE",,N,Clear,Dry,Daylight,,,,23,From same direction - all others,0,0,N
,,1217,125700,125700,3566314,Matched,,,,NEI,"Not Enough Information, or Insufficient Location Information",1,Property Damage Only Collision,Sideswipe,3,0,0,2,0,0,0,2011/10/03 00:00:00+00,10/3/2011,,0,NOT ENOUGH INFORMATION / NOT APPLICABLE,,0,Overcast,Dry,Daylight,,11276016,,11,From same direction - both going straight - both moving - sideswipe,0,0,N
1255251.14,208928.7805,1218,217800,218080,E532555,Matched,Block,,48TH AVE SW BETWEEN SW OREGON ST AND SW ALASKA ST, ,,1,Property Damage Only Collision,Parked Car,2,0,0,2,0,0,0,2016/04/02 00:00:00+00,4/2/2016,Mid-Block (not related to intersection),14,"MOTOR VEHICLE STRUCK MOTOR VEHICLE, REAR END",,N,Unknown,Dry,Unknown,,,,32,One parked--one moving,0,0,N
1276678.538,245024.26,1219,113600,113600,3383437,Matched,Block,,17TH NB AVE NE BETWEEN NE 45TH ST AND NE 47TH ST,,,1,Property Damage Only Collision,Parked Car,2,0,0,2,0,0,0,2010/10/25 00:00:00+00,10/25/2010 19:00,Mid-Block (not related to intersection),15,"MOTOR VEHICLE STRUCK MOTOR VEHICLE, RIGHT SIDE SIDESWIPE",,N,Unknown,Unknown,Unknown,,10298011,,32,One parked--one moving,0,0,N
1280604.369,211603.8211,1220,238900,239340,3754997,Matched,Block,,33RD AVE S BETWEEN S SPOKANE ST AND RAINIER AVE S, ,,1,Property Damage Only Collision,Parked Car,2,0,0,2,0,0,0,2017/04/08 00:00:00+00,4/8/2017 2:21,Mid-Block (not related to intersection),14,"MOTOR VEHICLE STRUCK MOTOR VEHICLE, REAR END",,N,Overcast,Dry,Dark - Street Lights On,,,,32,One parked--one moving,0,0,Y
1263574.609,212373.7643,1221,113700,113700,3383098,Matched,Block,,DELRIDGE WAY SW BETWEEN SW SPOKANE ST AND CHELAN SR AVE SW,,,1,Property Damage Only Collision,Other,2,0,0,2,0,0,0,2010/11/19 00:00:00+00,11/19/2010 8:30,Mid-Block (but intersection related),11,"MOTOR VEHICLE STRUCK MOTOR VEHICLE, FRONT END AT ANGLE",,N,Overcast,Wet,Daylight,,10323037,,23,From same direction - all others,0,0,N
1268709.015,267452.5347,1222,145300,145300,3642233,Unmatched,Block,,N 130TH ST BETWEEN AURORA AVE N AND STONE AVE N, ,,2,Injury Collision,,2,0,0,0,1,0,0,2013/04/30 00:00:00+00,4/30/2013,Mid-Block (not related to intersection),14,"MOTOR VEHICLE STRUCK MOTOR VEHICLE, REAR END",,,,,,,,, ,,0,0,N
1266765.873,226603.8276,1223,107700,107700,3373305,Matched,Block,,ALASKAN WAY BETWEEN BLANCHARD ST AND XW BELL ST,,,1,Property Damage Only Collision,Sideswipe,4,0,0,2,0,0,0,2010/10/24 00:00:00+00,10/24/2010 12:22,Mid-Block (not related to intersection),16,"MOTOR VEHICLE STRUCK MOTOR VEHICLE, LEFT SIDE SIDESWIPE",,N,Raining,Wet,Daylight,,10297045,,11,From same direction - both going straight - both moving - sideswipe,0,0,N
1288853.18,188900.9512,1224,232300,232700,E617827,Matched,Block,,62ND AVE S BETWEEN S RYAN ST AND S PRENTICE ST, ,,1,Property Damage Only Collision,Parked Car,5,0,0,2,0,0,0,2016/12/08 00:00:00+00,12/8/2016 17:48,Mid-Block (not related to intersection),14,"MOTOR VEHICLE STRUCK MOTOR VEHICLE, REAR END",Y,N,Clear,Dry,Dark - Street Lights On,,,,32,One parked--one moving,0,0,N
1266797.034,192702.3357,1225,139100,139100,2796475,Matched,Block,,8TH AVE SW BETWEEN SW CAMBRIDGE ST AND SW ROXBURY ST,,,2,Injury Collision,Rear Ended,2,0,0,2,1,0,0,2012/04/19 00:00:00+00,4/19/2012 22:23,Mid-Block (but intersection related),14,"MOTOR VEHICLE STRUCK MOTOR VEHICLE, REAR END",,N,Raining,Wet,Dark - Street Lights On,,12110031,,14,From same direction - both going straight - one stopped - rear-end,0,0,N
1272938.094,224698.6469,1226,247700,248280,E699577,Matched,Block,,JAMES ST BETWEEN TERRY AVE AND BOREN AVE, ,,1,Property Damage Only Collision,Other,1,0,0,1,0,0,0,2017/08/06 00:00:00+00,8/6/2017 3:45,Mid-Block (not related to intersection),28,MOTOR VEHICLE RAN OFF ROAD - HIT FIXED OBJECT,,N,Clear,Dry,Dark - Street Lights On,,,,50,Fixed object,0,0,N
1278727.268,217530.1098,1227,174800,174820,3699437,Matched,Intersection,31415,26TH AVE S AND S GRAND ST, ,,1,Property Damage Only Collision,Angles,2,0,0,2,0,0,0,2014/09/04 00:00:00+00,9/4/2014 8:29,At Intersection (intersection related),11,"MOTOR VEHICLE STRUCK MOTOR VEHICLE, FRONT END AT ANGLE",Y,N,Clear,Dry,Daylight,,,,10,Entering at angle,0,0,N
1275674.208,241847.4434,1228,160100,160120,3646309,Matched,Intersection,27167,UNIVERSITY WAY NE AND NE PACIFIC ST, ,,2,Injury Collision,Cycles,2,0,1,1,1,0,0,2014/01/09 00:00:00+00,1/9/2014 7:55,At Intersection (intersection related),18,"MOTOR VEHICLE STRUCK PEDALCYCLIST, FRONT END AT ANGLE",,N,Overcast,Dry,Daylight,,,,45,Vehicle - Pedalcyclist,0,522415,N
1262292.789,195149.7858,1229,139500,139500,3380578,Matched,Block,,SW TRENTON ST BETWEEN 24TH AVE SW AND 25TH AVE SW,,,1,Property Damage Only Collision,Other,2,0,0,1,0,0,0,2012/09/29 00:00:00+00,9/29/2012 10:46,Mid-Block (not related to intersection),26,MOTOR VEHICLE STRUCK OBJECT IN ROAD,,N,Clear,Dry,Daylight,,12273016,,50,Fixed object,0,0,N
1275840.86,217383.7377,1230,216200,216480,3786748,Matched,Intersection,31539,17TH AVE S AND S HOLGATE ST, ,,1,Property Damage Only Collision,Pedestrian,3,2,0,1,0,0,0,2016/03/21 00:00:00+00,3/21/2016 9:46,At Intersection (intersection related),24,MOTOR VEHCILE STRUCK PEDESTRIAN,,N,Raining,Wet,Daylight,,,,2,Vehicle turning left hits pedestrian,0,31539,N
1261644.014,248106.4295,1231,84600,84600,2803068,Matched,Block,,11TH AVE NW BETWEEN NW 56TH ST AND NW 57TH ST,,,2,Injury Collision,Parked Car,4,0,0,4,1,0,0,2008/07/22 00:00:00+00,7/22/2008 20:30,Mid-Block (not related to intersection),15,"MOTOR VEHICLE STRUCK MOTOR VEHICLE, RIGHT SIDE SIDESWIPE",Y,0,Clear,Dry,Daylight,,8204004,,32,One parked--one moving,0,0,N
1260299.988,255380.6178,1232,172100,172120,3646360,Matched,Block,,15TH AVE NW BETWEEN NW 83RD ST AND NW 85TH ST, ,,2,Injury Collision,Rear Ended,4,0,0,3,1,0,0,2014/07/19 00:00:00+00,7/19/2014 19:15,Mid-Block (but intersection related),14,"MOTOR VEHICLE STRUCK MOTOR VEHICLE, REAR END",Y,N,Clear,Dry,Daylight,,,,14,From same direction - both going straight - one stopped - rear-end,0,0,N
1272263.098,251008.2233,1233,166600,166620,3576762,Matched,Block,,EAST GREEN LAKE WAY N BETWEEN 1ST AVE NE AND 2ND AVE NE, ,,2,Injury Collision,Rear Ended,2,0,0,2,1,0,0,2014/04/25 00:00:00+00,4/25/2014 7:37,Mid-Block (but intersection related),14,"MOTOR VEHICLE STRUCK MOTOR VEHICLE, REAR END",Y,N,Clear,Dry,Daylight,,,,14,From same direction - both going straight - one stopped - rear-end,0,0,N
1280115.965,200871.6652,1234,130400,130400,3545544,Matched,Block,,S BRIGHTON ST BETWEEN 30TH AVE S AND 32ND AVE S,,,2,Injury Collision,Cycles,3,0,1,1,1,0,0,2011/06/29 00:00:00+00,6/29/2011 20:00,Mid-Block (not related to intersection),18,"MOTOR VEHICLE STRUCK PEDALCYCLIST, FRONT END AT ANGLE",,N,Clear,Dry,Daylight,Y,11180005,,45,Vehicle - Pedalcyclist,0,0,N
1280875.088,271069.6472,1235,79400,79400,3277158,Matched,Block,,NE 145TH ST BETWEEN 31ST AVE NE AND 32ND AVE NE,,,1,Property Damage Only Collision,Other,1,0,0,1,0,0,0,2008/11/25 00:00:00+00,11/25/2008 3:05,Driveway Junction,28,MOTOR VEHICLE RAN OFF ROAD - HIT FIXED OBJECT,,0,Clear,Dry,Dark - Street Lights On,,8330010,Y,50,Fixed object,0,0,N
1266693.777,264186.1253,1236,294300,295380,E811688,Unmatched,Intersection,36382,EVANSTON AVE N AND N 117TH ST, ,,1,Property Damage Only Collision,,2,0,0,0,0,0,0,2018/06/24 00:00:00+00,6/24/2018,At Intersection (intersection related),11,"MOTOR VEHICLE STRUCK MOTOR VEHICLE, FRONT END AT ANGLE",,,,,,,,, ,,0,0,N
1268061.715,268796.709,1237,137700,137700,3545221,Matched,Block,,N 135TH ST BETWEEN LINDEN AVE N AND AURORA AVE N,,,2,Injury Collision,Other,4,0,0,3,1,0,0,2012/05/13 00:00:00+00,5/13/2012 14:20,Driveway Junction,14,"MOTOR VEHICLE STRUCK MOTOR VEHICLE, REAR END",,N,Clear,Dry,Daylight,,12134014,,23,From same direction - all others,0,0,N
1274023.787,221486.9271,1238,238300,238740,E641478,Matched,Block,,S WELLER ST BETWEEN 10TH AVE S AND 12TH AVE S, ,,1,Property Damage Only Collision,Parked Car,0,0,0,2,0,0,0,2017/02/04 00:00:00+00,2/4/2017 12:23,Mid-Block (not related to intersection),11,"MOTOR VEHICLE STRUCK MOTOR VEHICLE, FRONT END AT ANGLE",,N,Raining,Wet,Daylight,,,,20,One car leaving parked position,0,0,N
,,1239,107100,107100,3377384,Matched,,,,NEI,"Not Enough Information, or Insufficient Location Information",2,Injury Collision,Sideswipe,3,0,0,3,1,0,0,2010/06/05 00:00:00+00,6/5/2010 17:20,,0,NOT ENOUGH INFORMATION / NOT APPLICABLE,,N,Clear,Dry,Daylight,,10156002,,26,From opposite direction - both going straight - sideswipe,0,0,N
1255448.175,205319.11,1240,227200,227540,3781092,Matched,Intersection,32897,47TH AVE SW AND SW FINDLAY ST, ,,1,Property Damage Only Collision,Angles,2,0,0,2,0,0,0,2016/09/03 00:00:00+00,9/3/2016 8:46,At Intersection (intersection related),11,"MOTOR VEHICLE STRUCK MOTOR VEHICLE, FRONT END AT ANGLE",,N,Overcast,Wet,Daylight,,,,10,Entering at angle,0,0,N
1282684.583,205708.4735,1241,152400,152420,3589958,Matched,Block,,RAINIER AVE S BETWEEN 39TH S AVE S AND 42ND AVE S, ,,1,Property Damage Only Collision,Sideswipe,2,0,0,2,0,0,0,2013/08/12 00:00:00+00,8/12/2013 18:22,Mid-Block (not related to intersection),16,"MOTOR VEHICLE STRUCK MOTOR VEHICLE, LEFT SIDE SIDESWIPE",Y,Y,Clear,Dry,Daylight,,,,26,From opposite direction - both going straight - sideswipe,0,0,N
1271665.808,225900.9749,1242,292300,293240,E808962,Matched,Block,,9TH AVE BETWEEN SPRING ST AND SENECA ST, ,,1,Property Damage Only Collision,Parked Car,2,0,0,2,0,0,0,2018/06/14 00:00:00+00,6/14/2018 13:00,Mid-Block (not related to intersection),14,"MOTOR VEHICLE STRUCK MOTOR VEHICLE, REAR END",,N,Clear,Dry,Daylight,,,,32,One parked--one moving,0,0,Y
1266903.654,254254.6564,1243,94900,94900,2893336,Matched,Intersection,24284,FREMONT AVE N AND N 80TH ST,,,1,Property Damage Only Collision,Left Turn,2,0,0,2,0,0,0,2009/11/18 00:00:00+00,11/18/2009 18:45,At Intersection (intersection related),11,"MOTOR VEHICLE STRUCK MOTOR VEHICLE, FRONT END AT ANGLE",,0,Raining,Wet,Dark - Street Lights On,,9322018,,28,From opposite direction - one left turn - one straight,0,0,N
1271749.255,236935.3804,1244,215700,215960,3777893,Unmatched,Block,,E LYNN ST BETWEEN FAIRVIEW AVE E AND MINOR AVE E,NEI,"Not Enough Information, or Insufficient Location Information",0,Unknown,,0,0,0,0,0,0,0,2016/03/07 00:00:00+00,3/7/2016,,14,"MOTOR VEHICLE STRUCK MOTOR VEHICLE, REAR END",,,,,,,,, ,,0,0,Y
1265213.293,252688.4657,1245,111800,111800,3383083,Matched,Block,,N 74TH ST BETWEEN 1ST AVE NW AND GREENWOOD AVE N,,,1,Property Damage Only Collision,Parked Car,2,0,0,2,0,0,0,2010/11/10 00:00:00+00,11/10/2010 22:00,Mid-Block (not related to intersection),11,"MOTOR VEHICLE STRUCK MOTOR VEHICLE, FRONT END AT ANGLE",,N,Unknown,Unknown,Unknown,,10314011,,32,One parked--one moving,0,0,N
1265060.576,260255.4614,1246,135100,135100,3562098,Matched,Block,,1ST AVE NW BETWEEN DEAD END 2 AND NW 103RD ST,,,1,Property Damage Only Collision,Parked Car,2,0,0,2,0,0,0,2012/05/25 00:00:00+00,5/25/2012 7:20,Mid-Block (not related to intersection),16,"MOTOR VEHICLE STRUCK MOTOR VEHICLE, LEFT SIDE SIDESWIPE",,N,Unknown,Unknown,Unknown,,12146022,,32,One parked--one moving,0,0,N
1268767.464,213477.94,1247,129700,129700,3289725,Matched,Block,,ALASKAN WY VI NB BETWEEN ALASKAN WY VI NB ON RP AND S LANDER ST,,,2,Injury Collision,Other,3,0,0,2,2,0,0,2011/02/18 00:00:00+00,2/18/2011 21:21,Mid-Block (not related to intersection),26,MOTOR VEHICLE STRUCK OBJECT IN ROAD,,N,Clear,Unknown,Dark - Street Lights On,,11049037,,50,Fixed object,0,0,N
1259202.399,208662.74,1248,151800,151820,3593467,Matched,Block,,36TH AVE SW BETWEEN SW SNOQUALMIE ST AND SW ALASKA ST, ,,1,Property Damage Only Collision,Other,1,0,0,1,0,0,0,2013/08/05 00:00:00+00,8/5/2013 0:13,Mid-Block (not related to intersection),28,MOTOR VEHICLE RAN OFF ROAD - HIT FIXED OBJECT,Y,N,Clear,Dry,Dark - Street Lights On,,,,50,Fixed object,0,0,N
1267372.371,232273.2532,1249,75400,75400,2609062,Matched,Block,,TAYLOR AVE N BETWEEN VALLEY ST AND ALOHA ST,,,1,Property Damage Only Collision,Parked Car,2,0,0,2,0,0,0,2007/07/09 00:00:00+00,7/9/2007,Driveway Junction,13,"MOTOR VEHICLE STRUCK MOTOR VEHICLE, LEFT SIDE AT ANGLE",,0,Clear,Dry,Unknown,,7190009,,32,One parked--one moving,0,0,N
1271068.623,225014.6129,1250,182300,182360,3696194,Matched,Intersection,29947,6TH AVE AND MADISON ST, ,,1,Property Damage Only Collision,Angles,4,0,0,2,0,0,0,2014/11/15 00:00:00+00,11/15/2014 23:08,At Intersection (intersection related),11,"MOTOR VEHICLE STRUCK MOTOR VEHICLE, FRONT END AT ANGLE",,N,Overcast,Dry,Dark - Street Lights On,,,,10,Entering at angle,0,0,N
1267786.927,229289.5957,1251,158900,158920,3640935,Matched,Block,,DENNY WAY BETWEEN 6TH AVE AND BOREALIS AVE, ,,1,Property Damage Only Collision,Sideswipe,3,0,0,2,0,0,0,2013/12/21 00:00:00+00,12/21/2013 22:43,Mid-Block (not related to intersection),11,"MOTOR VEHICLE STRUCK MOTOR VEHICLE, FRONT END AT ANGLE",Y,N,Raining,Wet,Dark - Street Lights On,,,,11,From same direction - both going straight - both moving - sideswipe,0,0,N
1277840.487,216361.8125,1252,268500,269280,3764909,Matched,Block,,S WALKER ST BETWEEN 23RD AVE S AND RAINIER AVE S, ,,1,Property Damage Only Collision,Right Turn,3,0,0,2,0,0,0,2018/01/30 00:00:00+00,1/30/2018 23:14,Mid-Block (not related to intersection),15,"MOTOR VEHICLE STRUCK MOTOR VEHICLE, RIGHT SIDE SIDESWIPE",,N,Clear,Dry,Dark - Street Lights On,,,,16,From same direction - one right turn - one straight,0,0,N
,,1253,201000,201140,3707575,Unmatched,,,,NEI,"Not Enough Information, or Insufficient Location Information",0,Unknown,,0,0,0,0,0,0,0,2015/08/26 00:00:00+00,8/26/2015,,14,"MOTOR VEHICLE STRUCK MOTOR VEHICLE, REAR END",,,,,,,,, ,,0,0,N
1268616.178,210016.4584,1254,120500,120500,3548656,Matched,Intersection,32187,EAST MARGINAL WAY S AND S NEVADA ST,,,1,Property Damage Only Collision,Right Turn,3,0,0,2,0,0,0,2011/12/05 00:00:00+00,12/5/2011 14:30,At Intersection (intersection related),11,"MOTOR VEHICLE STRUCK MOTOR VEHICLE, FRONT END AT ANGLE",Y,N,Clear,Dry,Daylight,,11339002,,16,From same direction - one right turn - one straight,0,0,N
1285529.412,197408.8513,1255,266900,267680,3818477,Matched,Block,,RAINIER AVE S BETWEEN S CHICAGO ST AND S KENYON ST, ,,1,Property Damage Only Collision,Angles,3,0,0,2,0,0,0,2018/01/21 00:00:00+00,1/21/2018 10:00,Mid-Block (not related to intersection),11,"MOTOR VEHICLE STRUCK MOTOR VEHICLE, FRONT END AT ANGLE",Y,N,Overcast,Dry,Daylight,,,,10,Entering at angle,0,0,N
1270267.529,202545.9546,1256,80100,80100,2892253,Matched,Block,,EAST MARGINAL WAY S BETWEEN S FRONT ST AND S MICHIGAN ST,,,1,Property Damage Only Collision,Rear Ended,2,0,0,2,0,0,0,2008/03/31 00:00:00+00,3/31/2008 9:58,Mid-Block (but intersection related),14,"MOTOR VEHICLE STRUCK MOTOR VEHICLE, REAR END",,0,Clear,Dry,Daylight,,8091014,,14,From same direction - both going straight - one stopped - rear-end,0,0,N
1271229.976,228977.7633,1257,212100,212340,3581919,Matched,Block,,YALE AVE BETWEEN HOWELL ST AND STEWART ST, ,,2,Injury Collision,Parked Car,2,0,0,2,1,0,0,2016/01/25 00:00:00+00,1/25/2016 1:53,Mid-Block (but intersection related),14,"MOTOR VEHICLE STRUCK MOTOR VEHICLE, REAR END",Y,N,Clear,Dry,Dark - Street Lights On,,,,32,One parked--one moving,0,0,N
1285448.924,193269.8627,1258,175900,175920,3696337,Matched,Block,,RAINIER AVE S BETWEEN S FISHER PL AND 51ST AVE S, ,,1,Property Damage Only Collision,Sideswipe,2,0,0,2,0,0,0,2014/09/14 00:00:00+00,9/14/2014 21:45,Mid-Block (not related to intersection),16,"MOTOR VEHICLE STRUCK MOTOR VEHICLE, LEFT SIDE SIDESWIPE",,N,Clear,Dry,Dark - Street Lights On,,,,11,From same direction - both going straight - both moving - sideswipe,0,0,N
1267486.872,250903.1113,1259,79900,79900,3284048,Matched,Intersection,24355,LINDEN AVE N AND N 67TH ST,,,2,Injury Collision,Angles,17,0,0,5,5,0,0,2008/09/08 00:00:00+00,9/8/2008,At Intersection (intersection related),11,"MOTOR VEHICLE STRUCK MOTOR VEHICLE, FRONT END AT ANGLE",,0,Clear,Dry,Daylight,,8252008,,10,Entering at angle,0,0,N
1273153.234,220893.325,1260,189900,189980,C794078,Unmatched,Block,,S DEARBORN ST BETWEEN 8TH AVE S AND DEARBORN OFF RP,NEI,"Not Enough Information, or Insufficient Location Information",0,Unknown,,0,0,0,0,0,0,0,2014/09/08 00:00:00+00,9/8/2014,,0,NOT ENOUGH INFORMATION / NOT APPLICABLE,,,,,,,,, ,,0,0,N
1277598.619,217037.7525,1261,207000,207200,E479526,Matched,Intersection,31547,RAINIER AVE S AND S PLUM ST, ,,1,Property Damage Only Collision,Angles,4,0,0,2,0,0,0,2015/11/05 00:00:00+00,11/5/2015 16:18,At Intersection (but not related to intersection),11,"MOTOR VEHICLE STRUCK MOTOR VEHICLE, FRONT END AT ANGLE",,N,Clear,Dry,Dusk,,,,10,Entering at angle,0,0,N
1255987.825,247800.8483,1262,153200,153204,3612944,Matched,Block,,NW MARKET ST BETWEEN 28TH AVE NW AND NW 54TH ST, ,,2,Injury Collision,Rear Ended,4,0,1,2,3,0,0,2013/09/01 00:00:00+00,9/1/2013 13:13,Mid-Block (not related to intersection),54,PEDALCYCLIST STRUCK MOTOR VEHICLE REAR END,Y,N,Clear,Dry,Daylight,,,,14,From same direction - both going straight - one stopped - rear-end,25933,0,N
1263477.466,202434.2654,1263,249800,250400,3769338,Matched,Block,,21ST AVE SW BETWEEN SW GRAHAM ST AND SW HOLLY ST, ,,1,Property Damage Only Collision,Other,0,0,0,2,0,0,0,2017/10/08 00:00:00+00,10/8/2017 20:55,Mid-Block (not related to intersection),11,"MOTOR VEHICLE STRUCK MOTOR VEHICLE, FRONT END AT ANGLE",,N,Clear,Dry,Dark - Street Lights Off,,,,23,From same direction - all others,0,0,Y
1260045.198,204145.9576,1264,68900,68900,2798401,Matched,Block,,32ND AVE SW BETWEEN SW JUNEAU ST AND SW RAYMOND ST,,,1,Property Damage Only Collision,Parked Car,2,0,0,2,0,0,0,2007/03/13 00:00:00+00,3/13/2007 14:20,Mid-Block (not related to intersection),13,"MOTOR VEHICLE STRUCK MOTOR VEHICLE, LEFT SIDE AT ANGLE",,0,Clear,Dry,Daylight,,7072012,,32,One parked--one moving,0,0,N
1281916.3,209155.4771,1265,196900,197020,E428336,Matched,Block,,S GENESEE ST BETWEEN 37TH AVE S AND 38TH AVE S, ,,2,Injury Collision,Rear Ended,0,0,0,2,1,0,0,2015/05/18 00:00:00+00,5/18/2015 18:35,Mid-Block (not related to intersection),14,"MOTOR VEHICLE STRUCK MOTOR VEHICLE, REAR END",,N,Clear,Dry,Daylight,,,,14,From same direction - both going straight - one stopped - rear-end,0,0,N
1274388.698,229235.9509,1266,70700,70700,2806057,Matched,Block,,E DENNY WAY BETWEEN 11TH AVE AND 12TH AVE,,,1,Property Damage Only Collision,Parked Car,2,0,0,2,0,0,0,2007/03/06 00:00:00+00,3/6/2007,Mid-Block (not related to intersection),13,"MOTOR VEHICLE STRUCK MOTOR VEHICLE, LEFT SIDE AT ANGLE",,0,Clear,Dry,Other,,7065007,,32,One parked--one moving,0,0,N
1270375.936,224604.5387,1267,151600,151620,3573473,Matched,Block,,MADISON ST BETWEEN 3RD AVE AND 4TH AVE,NEI,"Not Enough Information, or Insufficient Location Information",2b,Serious Injury Collision,Other,2,0,0,1,1,1,0,2013/08/02 00:00:00+00,8/2/2013 13:59,Mid-Block (not related to intersection),0,NOT ENOUGH INFORMATION / NOT APPLICABLE,,N,Raining,Wet,Daylight,,,,53,"Person fell, jumped or was pushed from vehicle",0,0,N
,,1268,102200,102200,3274751,Matched,,,,NEI,"Not Enough Information, or Insufficient Location Information",1,Property Damage Only Collision,Sideswipe,2,0,0,2,0,0,0,2009/05/06 00:00:00+00,5/6/2009,,0,NOT ENOUGH INFORMATION / NOT APPLICABLE,,0,Unknown,Unknown,Unknown,,9126050,,11,From same direction - both going straight - both moving - sideswipe,0,0,N
1274805.592,212029.8625,1269,164000,164020,3577627,Matched,Intersection,32247,S COLUMBIAN WAY AND S SPOKANE ST,NEI,"Not Enough Information, or Insufficient Location Information",1,Property Damage Only Collision,Other,2,0,0,2,0,0,0,2014/02/28 00:00:00+00,2/28/2014 3:15,At Intersection (intersection related),0,NOT ENOUGH INFORMATION / NOT APPLICABLE,,N,Unknown,Dry,Dark - Street Lights On,,,,23,From same direction - all others,0,0,N
1270781.041,229213.5106,1270,202400,202540,C800032,Unmatched,Block,,DENNY WAY BETWEEN VIRGINIA ST AND YALE AVE, ,,0,Unknown,,0,0,0,0,0,0,0,2015/02/25 00:00:00+00,2/25/2015,Mid-Block (but intersection related),14,"MOTOR VEHICLE STRUCK MOTOR VEHICLE, REAR END",,,,,,,,, ,,0,0,N