X,Y,OBJECTID,INCKEY,COLDETKEY,REPORTNO,STATUS,ADDRTYPE,INTKEY,LOCATION,EXCEPTRSNCODE,EXCEPTRSNDESC,SEVERITYCODE,SEVERITYDESC,COLLISIONTYPE,PERSONCOUNT,PEDCOUNT,PEDCYLCOUNT,VEHCOUNT,INJURIES,SERIOUSINJURIES,FATALITIES,INCDATE,INCDTTM,JUNCTIONTYPE,SDOT_COLCODE,SDOT_COLDESC,INATTENTIONIND,UNDERINFL,WEATHER,ROADCOND,LIGHTCOND,PEDROWNOTGRNT,SDOTCOLNUM,SPEEDING,ST_COLCODE,ST_COLDESC,SEGLANEKEY,CROSSWALKKEY,HITPARKEDCAR
1273652.287,214508.2145,1335,160300,160320,C782670,Unmatched,Block,,I5 SB BETWEEN I5 SB - W SEATTLE BR RP AND S FOREST ST OFF RP, ,,0,Unknown,,0,0,0,0,0,0,0,2013/09/28 00:00:00+00,9/28/2013,Mid-Block (not related to intersection),11,"MOTOR VEHICLE STRUCK MOTOR VEHICLE, FRONT END AT ANGLE",,,,,,,,, ,,0,0,N
1271771.7,223065.589,1336,140400,140400,C762219,Unmatched,Block,,YESLER WAY BETWEEN TERRACE ST AND 6TH AVE, ,,0,Unknown,,0,0,0,0,0,0,0,2012/03/02 00:00:00+00,3/2/2012,Mid-Block (not related to intersection),0,NOT ENOUGH INFORMATION / NOT APPLICABLE,,,,,,,12062034,, ,,0,0,N
1263452.045,234837.037,1337,259600,260247,C812162,Unmatched,Intersection,27851,4TH AVE W AND W GARFIELD ST, ,,0,Unknown,,0,0,0,0,0,0,0,2016/06/23 00:00:00+00,6/23/2016,At Intersection (intersection related),11,"MOTOR VEHICLE STRUCK MOTOR VEHICLE, FRONT END AT ANGLE",,,,,,,,, ,,0,0,N
1283334.617,204683.2853,1338,72900,72900,2611066,Matched,Block,,S FINDLAY ST BETWEEN 42ND AVE S AND RAINIER AVE S,,,1,Property Damage Only Collision,Parked Car,2,0,0,2,0,0,0,2007/01/29 00:00:00+00,1/29/2007 18:33,Mid-Block (not related to intersection),14,"MOTOR VEHICLE STRUCK MOTOR VEHICLE, REAR END",,0,Clear,Dry,Dark - Street Lights On,,7029006,,32,One parked--one moving,0,0,N
1264489.212,196420.1028,1339,202300,202440,E451951,Matched,Intersection,35008,16TH AVE SW AND SW THISTLE ST, ,,2,Injury Collision,Angles,0,0,0,2,2,0,0,2015/08/13 00:00:00+00,8/13/2015 13:49,At Intersection (intersection related),11,"MOTOR VEHICLE STRUCK MOTOR VEHICLE, FRONT END AT ANGLE",,N,Clear,Dry,Daylight,,,,10,Entering at angle,0,0,N
1270733.974,246188.4303,1340,73500,73500,2803417,Matched,Intersection,25525,MERIDIAN AVE N AND N 50TH ST,,,2,Injury Collision,Angles,4,0,0,2,1,0,0,2007/08/28 00:00:00+00,8/28/2007 18:25,At Intersection (intersection related),11,"MOTOR VEHICLE STRUCK MOTOR VEHICLE, FRONT END AT ANGLE",,0,Clear,Dry,Daylight,,7240015,,10,Entering at angle,0,0,N
1265425.589,231689.8553,1341,130300,130300,C757948,Unmatched,Block,,WARREN AVE N BETWEEN MERCER ST AND ROY ST,,,0,Unknown,,0,0,0,0,0,0,0,2011/11/04 00:00:00+00,11/4/2011,,0,NOT ENOUGH INFORMATION / NOT APPLICABLE,,,,,,,11308041,,,,0,0,N
1267330.173,266156.3013,1342,107300,107300,3206454,Matched,Block,,N 125TH ST BETWEEN NORTH PARK AVE N AND INTERURBAN TRL,,,2,Injury Collision,Rear Ended,3,0,0,2,1,0,0,2010/07/17 00:00:00+00,7/17/2010 12:56,Mid-Block (not related to intersection),14,"MOTOR VEHICLE STRUCK MOTOR VEHICLE, REAR END",Y,N,Clear,Dry,Daylight,,10198002,,14,From same direction - both going straight - one stopped - rear-end,0,0,N
1278951.057,200119.527,1343,193300,193380,3708825,Matched,Block,,BEACON WR AVE S BETWEEN 28TH AVE S AND S MYRTLE ST, ,,2,Injury Collision,Rear Ended,4,0,0,2,2,0,0,2015/05/14 00:00:00+00,5/14/2015 15:54,Mid-Block (but intersection related),14,"MOTOR VEHICLE STRUCK MOTOR VEHICLE, REAR END",,N,Clear,Dry,Daylight,,,,13,From same direction - both going straight - both moving - rear-end,0,0,N
1285699.657,259190.9471,1344,189300,189380,C790794,Unmatched,Block,,LAKE SHORE BLVD NE BETWEEN NE 100TH ST AND RIVIERA PL NE, ,,0,Unknown,,0,0,0,0,0,0,0,2014/06/01 00:00:00+00,6/1/2014,Mid-Block (not related to intersection),11,"MOTOR VEHICLE STRUCK MOTOR VEHICLE, FRONT END AT ANGLE",,,,,,,,, ,,0,0,Y
1272794.293,237334.4342,1345,100600,100600,3199157,Matched,Block,,FRANKLIN AVE E BETWEEN E LYNN ST AND E LOUISA ST,,,1,Property Damage Only Collision,Parked Car,2,0,0,2,0,0,0,2009/06/19 00:00:00+00,6/19/2009 12:47,Mid-Block (not related to intersection),32,DRIVERLESS VEHICLE STRUCK MOTOR VEHICLE RIGHT SIDE AT ANGLE ,,0,Overcast,Dry,Daylight,,9170026,,32,One parked--one moving,0,0,N
1270803.784,222933.1322,1346,146700,146720,3644031,Matched,Block,,2ND AV ET S BETWEEN S WASHINGTON ST AND YESLER WAY, ,,2,Injury Collision,Parked Car,3,0,0,2,1,0,0,2013/05/22 00:00:00+00,5/22/2013 11:00,Mid-Block (not related to intersection),11,"MOTOR VEHICLE STRUCK MOTOR VEHICLE, FRONT END AT ANGLE",,N,Raining,Wet,Daylight,,,,32,One parked--one moving,0,0,N
1259962.491,247727.8475,1347,213700,213960,3786756,Matched,Block,,NW MARKET ST BETWEEN 15TH AVE NW AND 17TH AVE NW, ,,1,Property Damage Only Collision,Sideswipe,2,0,0,2,0,0,0,2016/02/14 00:00:00+00,2/14/2016 16:10,Mid-Block (not related to intersection),11,"MOTOR VEHICLE STRUCK MOTOR VEHICLE, FRONT END AT ANGLE",,N,Overcast,Wet,Dusk,,,,11,From same direction - both going straight - both moving - sideswipe,0,0,N
1266288.914,257579.9067,1348,82900,82900,2893866,Matched,Intersection,37430,DAYTON AVE N AND N 92ND ST,,,2,Injury Collision,Angles,2,0,0,2,2,0,0,2008/10/03 00:00:00+00,10/3/2008,At Intersection (intersection related),11,"MOTOR VEHICLE STRUCK MOTOR VEHICLE, FRONT END AT ANGLE",,0,Overcast,Dry,Daylight,,8277051,,10,Entering at angle,0,0,N
1272076.473,216990.121,1349,288700,289560,E799178,Unmatched,Block,,6TH AVE S BETWEEN S HOLGATE ST AND S WALKER ST, ,,1,Property Damage Only Collision,,2,0,0,0,0,0,0,2018/05/18 00:00:00+00,5/18/2018,Mid-Block (not related to intersection),14,"MOTOR VEHICLE STRUCK MOTOR VEHICLE, REAR END",,,,,,,,, ,,0,0,N
1272119.572,229043.6471,1350,134500,134500,3551879,Matched,Block,,BELLEVUE AVE BETWEEN E HOWELL ST AND E DENNY WAY,,,1,Property Damage Only Collision,Other,2,0,0,2,0,0,0,2012/03/04 00:00:00+00,3/4/2012 19:25,Mid-Block (not related to intersection),11,"MOTOR VEHICLE STRUCK MOTOR VEHICLE, FRONT END AT ANGLE",,N,Overcast,Dry,Dark - Street Lights On,,12064004,,23,From same direction - all others,0,0,N
1268686.719,270772.6054,1351,115400,115400,3561855,Matched,Intersection,35720,MIDVALE AVE N AND N 143RD ST,,,2,Injury Collision,Angles,5,0,0,2,1,0,0,2010/12/21 00:00:00+00,12/21/2010 16:27,At Intersection (intersection related),11,"MOTOR VEHICLE STRUCK MOTOR VEHICLE, FRONT END AT ANGLE",,N,Clear,Wet,Unknown,,10355005,,10,Entering at angle,0,0,N
1268555.383,243456.4183,1352,142200,142200,3508063,Matched,Block,,STONE WAY N BETWEEN N 41ST N ST AND N 42ND ST, ,,1,Property Damage Only Collision,Parked Car,2,0,0,2,0,0,0,2012/11/30 00:00:00+00,11/30/2012 12:00,Mid-Block (not related to intersection),14,"MOTOR VEHICLE STRUCK MOTOR VEHICLE, REAR END",,N,Overcast,Wet,Daylight,,12335053,,32,One parked--one moving,0,0,N
1261526.326,209771.0778,1353,126200,126200,3343122,Matched,Block,,SW GENESEE ST BETWEEN 26TH AVE SW AND 30TH AVE SW,,,1,Property Damage Only Collision,Parked Car,2,0,0,2,0,0,0,2011/04/06 00:00:00+00,4/6/2011 10:40,Mid-Block (not related to intersection),14,"MOTOR VEHICLE STRUCK MOTOR VEHICLE, REAR END",Y,N,Clear,Dry,Daylight,,11096014,,32,One parked--one moving,0,0,N
1269833.8,206303.0529,1354,259700,260340,C812388,Unmatched,Intersection,33026,1ST AVE S AND S DAWSON ST, ,,0,Unknown,,0,0,0,0,0,0,0,2016/07/12 00:00:00+00,7/12/2016,At Intersection (but not related to intersection),11,"MOTOR VEHICLE STRUCK MOTOR VEHICLE, FRONT END AT ANGLE",,,,,,,,, ,,0,0,N
1270666.189,243608.5769,1355,98900,98900,9264034,Unmatched,Intersection,27209,MERIDIAN AVE N AND N 42ND ST,,,0,Unknown,,0,0,0,0,0,0,0,2009/09/21 00:00:00+00,9/21/2009,At Intersection (intersection related),11,"MOTOR VEHICLE STRUCK MOTOR VEHICLE, FRONT END AT ANGLE",,,,,,,9264034,,,,0,0,N
1270393.304,224259.3102,1356,220500,220780,E547565,Unmatched,Intersection,29967,3RD AVE AND MARION ST,NEI,"Not Enough Information, or Insufficient Location Information",1,Property Damage Only Collision,,2,0,0,0,0,0,0,2016/05/26 00:00:00+00,5/26/2016,At Intersection (intersection related),0,NOT ENOUGH INFORMATION / NOT APPLICABLE,,,,,,,,, ,,0,0,N
1279295.323,244632.1437,1357,86000,86000,2894940,Matched,Block,,NE 45TH ST BETWEEN NE 45TH ST RP AND MONTLAKE BLVD NE,,,2,Injury Collision,Angles,3,0,0,2,1,0,0,2008/11/20 00:00:00+00,11/20/2008 16:52,Driveway Junction,11,"MOTOR VEHICLE STRUCK MOTOR VEHICLE, FRONT END AT ANGLE",,0,Overcast,Wet,Dark - Street Lights On,,8325008,,10,Entering at angle,0,0,N
1285490.469,195244.5083,1358,187700,187780,C787813,Unmatched,Intersection,35427,RAINIER AVE S AND S CLOVERDALE ST, ,,0,Unknown,,0,0,0,0,0,0,0,2014/03/01 00:00:00+00,3/1/2014,At Intersection (intersection related),11,"MOTOR VEHICLE STRUCK MOTOR VEHICLE, FRONT END AT ANGLE",,,,,,,,, ,,0,0,N
1259255.789,200513.1785,1359,80200,80200,2824794,Matched,Intersection,34025,35TH AVE SW AND SW MYRTLE ST,,,2,Injury Collision,Left Turn,3,0,0,2,1,0,0,2008/06/27 00:00:00+00,6/27/2008 15:12,At Intersection (intersection related),11,"MOTOR VEHICLE STRUCK MOTOR VEHICLE, FRONT END AT ANGLE",,0,Clear,Dry,Daylight,,8179032,,28,From opposite direction - one left turn - one straight,0,0,N
1269122.793,231500.8446,1360,251400,252000,M16000468,Unmatched,Block,,MERCER NR ST BETWEEN 9TH AVE N AND WESTLAKE AVE N,NEI,"Not Enough Information, or Insufficient Location Information",0,Unknown,,0,0,0,0,0,0,0,2016/01/06 00:00:00+00,1/6/2016,,0,NOT ENOUGH INFORMATION / NOT APPLICABLE,,,,,,,,, ,,0,0,N
1268019.224,244249.3618,1361,124600,124600,3562409,Matched,Intersection,26818,WOODLAND PARK AVE N AND N 43RD N ST,,,2,Injury Collision,Cycles,2,0,1,1,1,0,0,2011/12/07 00:00:00+00,12/7/2011 21:57,At Intersection (intersection related),18,"MOTOR VEHICLE STRUCK PEDALCYCLIST, FRONT END AT ANGLE",,N,Clear,Dry,Dark - Street Lights On,Y,11341002,,45,Vehicle - Pedalcyclist,0,0,N
,,1362,207500,207700,3738103,Matched,,,,NEI,"Not Enough Information, or Insufficient Location Information",1,Property Damage Only Collision,Parked Car,2,0,0,2,0,0,0,2015/11/24 00:00:00+00,11/24/2015 18:00,,0,NOT ENOUGH INFORMATION / NOT APPLICABLE,,N,Unknown,Unknown,Unknown,,,,32,One parked--one moving,0,0,N
1260111.057,239331.0025,1363,175300,175320,3465973,Matched,Block,,15TH AVE W BETWEEN W ARMOUR ST AND 15TH AV W NB OFF RP, ,,1,Property Damage Only Collision,Rear Ended,3,0,0,2,0,0,0,2014/09/11 00:00:00+00,9/11/2014 18:15,Mid-Block (but intersection related),14,"MOTOR VEHICLE STRUCK MOTOR VEHICLE, REAR END",,N,Clear,Dry,Daylight,,,,14,From same direction - both going straight - one stopped - rear-end,0,0,N
1256879.217,236751.2949,1364,230500,230900,E598661,Matched,Block,,W BOSTON ST BETWEEN THORNDYKE AVE W AND 26TH AVE W, ,,1,Property Damage Only Collision,Parked Car,0,0,0,2,0,0,0,2016/10/20 00:00:00+00,10/20/2016,Driveway Junction,14,"MOTOR VEHICLE STRUCK MOTOR VEHICLE, REAR END",,N,Clear,Dry,Dark - Street Lights On,,,,32,One parked--one moving,0,0,Y
1267966.24,229923.5785,1365,177900,177920,3575282,Matched,Block,,7TH NB AVE N BETWEEN JOHN ST AND THOMAS ST, ,,2,Injury Collision,Rear Ended,2,0,0,2,1,0,0,2014/10/23 00:00:00+00,10/23/2014 15:30,Mid-Block (but intersection related),14,"MOTOR VEHICLE STRUCK MOTOR VEHICLE, REAR END",,N,Overcast,Wet,Daylight,,,,13,From same direction - both going straight - both moving - rear-end,0,0,N
1268886.336,228934.0555,1366,96400,96400,3200653,Matched,Block,,8TH AVE BETWEEN BLANCHARD ST AND BELL ST,,,1,Property Damage Only Collision,Other,1,0,0,1,0,0,0,2009/05/28 00:00:00+00,5/28/2009 16:56,Mid-Block (but intersection related),48,DRIVERLESS VEHICLE RAN OFF ROAD - HIT FIXED OBJECT,,0,Clear,Dry,Daylight,,9148036,,50,Fixed object,0,0,N
1272176.667,225670.4127,1367,258000,258660,E743313,Matched,Intersection,29924,MADISON ST AND TERRY AVE, ,,2,Injury Collision,Pedestrian,2,1,0,1,1,0,0,2017/11/15 00:00:00+00,11/15/2017 17:06,At Intersection (intersection related),24,MOTOR VEHCILE STRUCK PEDESTRIAN,,N,Clear,Dry,Dark - Street Lights On,,,,1,Vehicle turning right hits pedestrian,0,523646,N
1274920.383,257176.6941,1368,112000,112000,2880818,Matched,Block,,ROOSEVELT WAY NE BETWEEN NE 91ST ST AND NE 92ND ST,,,1,Property Damage Only Collision,Parked Car,2,0,0,2,0,0,0,2010/06/12 00:00:00+00,6/12/2010 16:53,Mid-Block (not related to intersection),14,"MOTOR VEHICLE STRUCK MOTOR VEHICLE, REAR END",,N,Overcast,Dry,Daylight,,10163008,,32,One parked--one moving,0,0,N
1266325.095,228433.4446,1369,135700,135700,3549252,Matched,Block,,CEDAR ST BETWEEN 1ST AVE AND 2ND AVE,,,1,Property Damage Only Collision,Left Turn,2,0,0,2,0,0,0,2012/10/13 00:00:00+00,10/13/2012 19:42,Mid-Block (not related to intersection),11,"MOTOR VEHICLE STRUCK MOTOR VEHICLE, FRONT END AT ANGLE",,N,Raining,Wet,Dark - Street Lights On,,12287023,,15,From same direction - one left turn - one straight,0,0,N
1270220.76,212036.9638,1370,188100,188180,3730226,Matched,Block,,S SPOKANE SR ST BETWEEN 1ST AVE S AND 2ND AVE S, ,,1,Property Damage Only Collision,Sideswipe,4,0,0,2,0,0,0,2015/03/20 00:00:00+00,3/20/2015 14:44,Mid-Block (not related to intersection),11,"MOTOR VEHICLE STRUCK MOTOR VEHICLE, FRONT END AT ANGLE",Y,N,Raining,Wet,Daylight,,,,11,From same direction - both going straight - both moving - sideswipe,0,0,N
1277753.321,228983.7814,1371,185100,185180,3199439,Matched,Block,,E MADISON ST BETWEEN E DENNY WAY AND 22ND AVE E, ,,2,Injury Collision,Sideswipe,2,0,0,2,1,0,0,2015/02/09 00:00:00+00,2/9/2015 12:56,Mid-Block (but intersection related),11,"MOTOR VEHICLE STRUCK MOTOR VEHICLE, FRONT END AT ANGLE",,N,Raining,Wet,Daylight,,,,11,From same direction - both going straight - both moving - sideswipe,0,0,N
1275265.821,222989.1072,1372,249900,250500,3585750,Matched,Block,,E YESLER WAY BETWEEN 14TH AVE AND 15TH AVE, ,,1,Property Damage Only Collision,Head On,0,0,0,2,0,0,0,2017/10/11 00:00:00+00,10/11/2017 17:22,Mid-Block (but intersection related),31,DRIVERLESS VEHICLE STRUCK MOTOR VEHICLE FRONT END AT ANGLE,,N,Clear,Dry,Dusk,,,,25,From opposite direction - one stopped - head-on,0,0,N
1276393.06,223146.0836,1373,170700,170720,3700144,Matched,Block,,18TH AVE BETWEEN E YESLER WAY AND E FIR ST, ,,1,Property Damage Only Collision,Parked Car,2,0,0,2,0,0,0,2014/06/19 00:00:00+00,6/19/2014 12:45,Mid-Block (not related to intersection),13,"MOTOR VEHICLE STRUCK MOTOR VEHICLE, LEFT SIDE AT ANGLE",,N,Unknown,Unknown,Daylight,,,,32,One parked--one moving,0,0,N
1256986.091,243943.7359,1374,138100,138100,3503716,Matched,Block,,GILMAN AVE W BETWEEN 25TH AVE W AND 26TH AVE W,,,1,Property Damage Only Collision,Other,1,0,0,1,0,0,0,2012/05/19 00:00:00+00,5/19/2012 9:10,Mid-Block (not related to intersection),28,MOTOR VEHICLE RAN OFF ROAD - HIT FIXED OBJECT,,N,Clear,Dry,Daylight,,12140019,,50,Fixed object,0,0,N
1272057.186,221070.2634,1375,204000,204140,E467333,Matched,Block,,6TH AVE S BETWEEN S LANE ST AND S DEARBORN ST, ,,1,Property Damage Only Collision,Angles,0,0,0,2,0,0,0,2015/09/30 00:00:00+00,9/30/2015 10:04,Driveway Junction,11,"MOTOR VEHICLE STRUCK MOTOR VEHICLE, FRONT END AT ANGLE",,N,Clear,Dry,Daylight,,,,10,Entering at angle,0,0,N
1280375.395,271085.1174,1376,238500,238940,E644775,Matched,Intersection,35990,30TH AVE NE AND NE 145TH ST, ,,2,Injury Collision,Angles,0,0,0,2,2,0,0,2017/02/18 00:00:00+00,2/18/2017 16:20,At Intersection (intersection related),11,"MOTOR VEHICLE STRUCK MOTOR VEHICLE, FRONT END AT ANGLE",,N,Raining,Wet,Daylight,,,,10,Entering at angle,0,0,N
1265852.64,243844.6587,1377,107200,107200,3565504,Matched,Block,,FRANCIS AVE N BETWEEN N 42ND ST AND N 43RD ST,,,1,Property Damage Only Collision,Parked Car,4,0,0,3,0,0,0,2010/10/15 00:00:00+00,10/15/2010 0:45,Mid-Block (not related to intersection),14,"MOTOR VEHICLE STRUCK MOTOR VEHICLE, REAR END",,Y,Clear,Dry,Dark - Street Lights On,,10288012,,32,One parked--one moving,0,0,N
1266483.247,240679.1343,1378,190400,190480,C795285,Unmatched,Block,,N 34TH ST BETWEEN EVANSTON AVE N AND FREMONT AVE N, ,,0,Unknown,,0,0,0,0,0,0,0,2014/10/13 00:00:00+00,10/13/2014,Mid-Block (not related to intersection),11,"MOTOR VEHICLE STRUCK MOTOR VEHICLE, FRONT END AT ANGLE",,,,,,,,, ,,0,0,N
1257222.715,208526.5645,1379,146200,146220,3505516,Matched,Intersection,31917,42ND AVE SW AND SW ALASKA ST, ,,2,Injury Collision,Cycles,2,0,1,1,1,0,0,2013/05/15 00:00:00+00,5/15/2013 17:06,At Intersection (intersection related),18,"MOTOR VEHICLE STRUCK PEDALCYCLIST, FRONT END AT ANGLE",,N,Raining,Wet,Daylight,Y,,,45,Vehicle - Pedalcyclist,0,521779,N
1281075.963,210240.315,1380,173500,173520,3581035,Matched,Block,,RAINIER AVE S BETWEEN S ANDOVER ST AND S DAKOTA ST, ,,1,Property Damage Only Collision,Angles,2,0,0,2,0,0,0,2014/08/09 00:00:00+00,8/9/2014 14:17,Mid-Block (not related to intersection),11,"MOTOR VEHICLE STRUCK MOTOR VEHICLE, FRONT END AT ANGLE",,N,Clear,Dry,Daylight,,,,10,Entering at angle,0,0,N
1270142.799,221849.4258,1381,109800,109800,3346157,Matched,Intersection,30368,1ST AVE S AND S KING ST,,,1,Property Damage Only Collision,Angles,3,0,0,2,0,0,0,2010/07/31 00:00:00+00,7/31/2010 19:25,At Intersection (intersection related),11,"MOTOR VEHICLE STRUCK MOTOR VEHICLE, FRONT END AT ANGLE",Y,N,Clear,Dry,Daylight,,10212011,,10,Entering at angle,0,0,N
,,1382,235200,235631,E575834,Unmatched,,,,NEI,"Not Enough Information, or Insufficient Location Information",0,Unknown,,0,0,0,0,0,0,0,2016/08/14 00:00:00+00,8/14/2016,,0,NOT ENOUGH INFORMATION / NOT APPLICABLE,,,,,,,,, ,,0,0,N
1279050.248,225219.8267,1383,111100,111100,3386629,Matched,Block,,E CHERRY ST BETWEEN 26TH AVE AND 27TH W AVE,,,1,Property Damage Only Collision,Parked Car,3,0,0,3,0,0,0,2010/09/15 00:00:00+00,9/15/2010 17:31,Mid-Block (not related to intersection),14,"MOTOR VEHICLE STRUCK MOTOR VEHICLE, REAR END",,Y,Raining,Wet,Daylight,,10258022,,32,One parked--one moving,0,0,N
1273560.509,227338.6788,1384,184700,184780,3626707,Matched,Block,,BROADWAY BETWEEN E UNION ST AND E PIKE ST, ,,2,Injury Collision,Rear Ended,4,0,0,2,1,0,0,2015/01/31 00:00:00+00,1/31/2015 3:17,Mid-Block (but intersection related),14,"MOTOR VEHICLE STRUCK MOTOR VEHICLE, REAR END",,Y,Fog/Smog/Smoke,Wet,Dark - Street Lights On,,,,14,From same direction - both going straight - one stopped - rear-end,0,0,N
1274995.41,207714.0984,1385,134400,134400,3608405,Matched,Block,,15TH AVE S BETWEEN S ANGELINE ST AND S FERDINAND ST,,,2,Injury Collision,Rear Ended,2,0,0,2,1,0,0,2012/05/09 00:00:00+00,5/9/2012 8:10,Mid-Block (not related to intersection),14,"MOTOR VEHICLE STRUCK MOTOR VEHICLE, REAR END",,N,Overcast,Wet,Daylight,,12130027,,13,From same direction - both going straight - both moving - rear-end,0,0,N
1268927.965,235571.3899,1386,87300,87300,2907047,Unmatched,Block,,WESTLAKE EAST RDWY AVE N BETWEEN HOWE ST AND NEWTON ST,,,0,Unknown,,0,0,0,0,0,0,0,2008/06/03 00:00:00+00,6/3/2008,Mid-Block (not related to intersection),18,"MOTOR VEHICLE STRUCK PEDALCYCLIST, FRONT END AT ANGLE",,,,,,,8155036,,,,0,0,N
1260375.283,192539.4177,1387,163100,163120,3465418,Matched,Intersection,34961,30TH AVE SW AND SW ROXBURY ST, ,,1,Property Damage Only Collision,Rear Ended,2,0,0,2,0,0,0,2014/02/27 00:00:00+00,2/27/2014 12:41,At Intersection (intersection related),14,"MOTOR VEHICLE STRUCK MOTOR VEHICLE, REAR END",,N,Clear,Dry,Daylight,,,,13,From same direction - both going straight - both moving - rear-end,0,0,N
1275578.484,214569.5996,1388,140600,140600,3387545,Matched,Intersection,31623,BEACON AVE S AND S MCCLELLAN ST,,,1,Property Damage Only Collision,Angles,3,0,0,2,0,0,0,2012/01/24 00:00:00+00,1/24/2012 8:34,At Intersection (intersection related),11,"MOTOR VEHICLE STRUCK MOTOR VEHICLE, FRONT END AT ANGLE",,N,Raining,Wet,Daylight,,12024015,,10,Entering at angle,0,0,N
1260987.339,249983.2104,1389,263500,264280,E754385,Unmatched,Block,,14TH AVE NW BETWEEN NW 63RD ST AND NW 64TH ST,NEI,"Not Enough Information, or Insufficient Location Information",0,Unknown,,0,0,0,0,0,0,0,2018/01/01 00:00:00+00,1/1/2018,,0,NOT ENOUGH INFORMATION / NOT APPLICABLE,,,,,,,,, ,,0,0,Y
1275397.946,229653.8014,1390,92800,92800,2806194,Matched,Intersection,29058,E JOHN ST AND E JOHN SR ST,,,1,Property Damage Only Collision,Angles,4,0,0,2,0,0,0,2008/09/02 00:00:00+00,9/2/2008,At Intersection (intersection related),14,"MOTOR VEHICLE STRUCK MOTOR VEHICLE, REAR END",Y,0,Clear,Dry,Daylight,,8246008,,10,Entering at angle,0,0,N
1276791.343,213600.5631,1391,268000,268780,3811929,Matched,Block,,20TH AVE S BETWEEN S STEVENS ST AND S HANFORD ST, ,,2,Injury Collision,Angles,2,0,0,2,1,0,0,2018/01/28 00:00:00+00,1/28/2018 14:08,Mid-Block (not related to intersection),11,"MOTOR VEHICLE STRUCK MOTOR VEHICLE, FRONT END AT ANGLE",Y,N,Clear,Dry,Daylight,,,,10,Entering at angle,0,0,N
1287229.446,193003.5219,1392,132700,132700,3617674,Matched,Intersection,35451,RAINIER AVE S AND SEWARD PARK AVE S,,,2,Injury Collision,Angles,4,0,0,2,1,0,0,2012/07/12 00:00:00+00,7/12/2012 16:36,At Intersection (intersection related),11,"MOTOR VEHICLE STRUCK MOTOR VEHICLE, FRONT END AT ANGLE",Y,N,Clear,Dry,Daylight,,12194020,,10,Entering at angle,0,0,N
,,1393,100500,100500,3285867,Matched,,,,NEI,"Not Enough Information, or Insufficient Location Information",1,Property Damage Only Collision,Parked Car,2,0,0,2,0,0,0,2009/01/07 00:00:00+00,1/7/2009,,0,NOT ENOUGH INFORMATION / NOT APPLICABLE,,0,Unknown,Snow/Slush,Unknown,,9007006,,32,One parked--one moving,0,0,N
1274210.519,226873.0899,1394,145500,145500,3551859,Unmatched,Intersection,29764,11TH AVE AND E MADISON ST, ,,1,Property Damage Only Collision,,2,0,0,0,0,0,0,2013/05/02 00:00:00+00,5/2/2013,At Intersection (intersection related),11,"MOTOR VEHICLE STRUCK MOTOR VEHICLE, FRONT END AT ANGLE",,,,,,,,, ,,0,0,N
1265329.42,228902.8297,1395,108600,108600,10087017,Unmatched,Block,,EAGLE ST BETWEEN WESTERN AVE AND 1ST AVE,,,0,Unknown,,0,0,0,0,0,0,0,2010/03/28 00:00:00+00,3/28/2010,Mid-Block (not related to intersection),11,"MOTOR VEHICLE STRUCK MOTOR VEHICLE, FRONT END AT ANGLE",,,,,,,10087017,,,,0,0,N
1270194.928,198446.5007,1396,234100,234500,3782607,Matched,Intersection,34281,WEST MARGINAL WAY S AND S HOLDEN ST, ,,1,Property Damage Only Collision,Left Turn,4,0,0,2,0,0,0,2017/01/13 00:00:00+00,1/13/2017 0:14,At Intersection (intersection related),11,"MOTOR VEHICLE STRUCK MOTOR VEHICLE, FRONT END AT ANGLE",,N,Clear,Dry,Dark - Street Lights On,,,,28,From opposite direction - one left turn - one straight,0,0,N
1269960.271,224358.5271,1397,69400,69400,2608048,Matched,Intersection,29614,2ND AVE AND MADISON ST,,,2,Injury Collision,Right Turn,11,0,0,2,1,0,0,2007/08/04 00:00:00+00,8/4/2007,At Intersection (intersection related),11,"MOTOR VEHICLE STRUCK MOTOR VEHICLE, FRONT END AT ANGLE",,0,Clear,Dry,Daylight,,7216022,,16,From same direction - one right turn - one straight,0,0,N
1278016.847,252618.9813,1398,208900,209120,E477568,Matched,Block,,NE 75TH ST BETWEEN 21ST AVE NE AND RAVENNA AVE NE, ,,1,Property Damage Only Collision,Rear Ended,2,0,0,2,0,0,0,2015/10/31 00:00:00+00,10/31/2015 16:53,Mid-Block (not related to intersection),14,"MOTOR VEHICLE STRUCK MOTOR VEHICLE, REAR END",,N,Raining,Wet,Dark - Street Lights On,,,,14,From same direction - both going straight - one stopped - rear-end,0,0,N
1268815.167,224387.8911,1399,123300,123300,C758321,Unmatched,Intersection,29633,ALASKAN WAY AND SENECA ST, ,,0,Unknown,,0,0,0,0,0,0,0,2011/11/19 00:00:00+00,11/19/2011,At Intersection (intersection related),0,NOT ENOUGH INFORMATION / NOT APPLICABLE,,,,,,,11323026,, ,,0,0,N
1266803.179,249619.2523,1400,180800,180860,3707831,Matched,Block,,FREMONT AVE N BETWEEN N 62ND ST AND N 63RD ST, ,,1,Property Damage Only Collision,Other,1,0,0,1,0,0,0,2014/12/08 00:00:00+00,12/8/2014 2:22,Mid-Block (not related to intersection),28,MOTOR VEHICLE RAN OFF ROAD - HIT FIXED OBJECT,,Y,Overcast,Wet,Dark - Street Lights On,,,,50,Fixed object,0,0,N
,,1401,170200,170220,3699979,Unmatched,,,,NEI,"Not Enough Information, or Insufficient Location Information",0,Unknown,,0,0,0,0,0,0,0,2014/06/13 00:00:00+00,6/13/2014,,0,NOT ENOUGH INFORMATION / NOT APPLICABLE,,,,,,,,, ,,0,0,N