X,Y,OBJECTID,INCKEY,COLDETKEY,REPORTNO,STATUS,ADDRTYPE,INTKEY,LOCATION,EXCEPTRSNCODE,EXCEPTRSNDESC,SEVERITYCODE,SEVERITYDESC,COLLISIONTYPE,PERSONCOUNT,PEDCOUNT,PEDCYLCOUNT,VEHCOUNT,INJURIES,SERIOUSINJURIES,FATALITIES,INCDATE,INCDTTM,JUNCTIONTYPE,SDOT_COLCODE,SDOT_COLDESC,INATTENTIONIND,UNDERINFL,WEATHER,ROADCOND,LIGHTCOND,PEDROWNOTGRNT,SDOTCOLNUM,SPEEDING,ST_COLCODE,ST_COLDESC,SEGLANEKEY,CROSSWALKKEY,HITPARKEDCAR
1272396.011,221827.5657,1402,139600,139600,3562656,Matched,Intersection,30515,MAYNARD AVE S AND S KING ST,,,2,Injury Collision,Left Turn,5,0,0,2,3,0,0,2012/04/26 00:00:00+00,4/26/2012 16:51,At Intersection (intersection related),11,"MOTOR VEHICLE STRUCK MOTOR VEHICLE, FRONT END AT ANGLE",,N,Clear,Dry,Daylight,,12117009,,28,From opposite direction - one left turn - one straight,0,0,N
1272730.978,225998.5929,1403,199300,199440,3642469,Matched,Intersection,29921,MADISON ST AND MINOR AVE, ,,1,Property Damage Only Collision,Left Turn,2,0,0,2,0,0,0,2015/08/05 00:00:00+00,8/5/2015 17:24,At Intersection (intersection related),11,"MOTOR VEHICLE STRUCK MOTOR VEHICLE, FRONT END AT ANGLE",,N,Overcast,Dry,Daylight,,,,28,From opposite direction - one left turn - one straight,0,0,N
1276790.512,231254.3047,1404,98500,98500,3326106,Matched,Block,,E MERCER ST BETWEEN 18TH AVE E AND 19TH AVE E,,,1,Property Damage Only Collision,Parked Car,2,0,0,2,0,0,0,2009/11/19 00:00:00+00,11/19/2009 14:45,Mid-Block (not related to intersection),14,"MOTOR VEHICLE STRUCK MOTOR VEHICLE, REAR END",,0,Raining,Wet,Daylight,,9323031,,32,One parked--one moving,0,0,N
1275873.306,233540.104,1405,202000,202140,3707249,Matched,Block,,E HIGHLAND DR BETWEEN 15TH AVE E AND 16TH AVE E, ,,1,Property Damage Only Collision,Parked Car,2,0,0,2,0,0,0,2015/09/06 00:00:00+00,9/6/2015 2:15,Mid-Block (not related to intersection),13,"MOTOR VEHICLE STRUCK MOTOR VEHICLE, LEFT SIDE AT ANGLE",,N,Unknown,Unknown,Unknown,,,,32,One parked--one moving,0,0,Y
1271071.969,229121.4601,1406,73200,73200,2805724,Matched,Intersection,29173,STEWART ST AND YALE AVE,,,1,Property Damage Only Collision,Sideswipe,4,0,0,2,0,0,0,2007/10/04 00:00:00+00,10/4/2007,At Intersection (intersection related),11,"MOTOR VEHICLE STRUCK MOTOR VEHICLE, FRONT END AT ANGLE",,0,Overcast,Wet,Daylight,,7277040,,81,Same direction -- both turning left -- both moving -- sideswipe,0,0,N
1260224.522,244487.2996,1407,164100,164120,3584903,Matched,Block,,BALLARD BR BETWEEN POINT A AND POINT B, ,,1,Property Damage Only Collision,Sideswipe,3,0,0,3,0,0,0,2014/03/04 00:00:00+00,3/4/2014 11:45,Mid-Block (not related to intersection),11,"MOTOR VEHICLE STRUCK MOTOR VEHICLE, FRONT END AT ANGLE",Y,N,Raining,Wet,Daylight,,,,11,From same direction - both going straight - both moving - sideswipe,0,0,N
1269008.401,229258.2097,1408,80800,80800,2907906,Matched,Intersection,29511,9TH AVE AND DENNY WAY,,,1,Property Damage Only Collision,Angles,2,0,0,2,0,0,0,2008/01/21 00:00:00+00,1/21/2008 15:30,At Intersection (intersection related),11,"MOTOR VEHICLE STRUCK MOTOR VEHICLE, FRONT END AT ANGLE",,0,Clear,Dry,Daylight,,8021021,,10,Entering at angle,0,0,N
1270538.619,227817.4914,1409,232700,233100,E619061,Matched,Block,,9TH AVE BETWEEN OLIVE WAY AND HOWELL ST, ,,1,Property Damage Only Collision,Sideswipe,2,0,0,2,0,0,0,2016/12/02 00:00:00+00,12/2/2016 16:14,Mid-Block (not related to intersection),11,"MOTOR VEHICLE STRUCK MOTOR VEHICLE, FRONT END AT ANGLE",,N,Raining,Wet,Dark - Street Lights On,,,,11,From same direction - both going straight - both moving - sideswipe,0,0,N
1273323.603,240524.9479,1410,124000,124000,3378074,Matched,Block,,EASTLAKE AVE E BETWEEN E ALLISON ST AND HARVARD AVE E,,,1,Property Damage Only Collision,Parked Car,2,0,0,2,0,0,0,2011/01/25 00:00:00+00,1/25/2011 14:00,Mid-Block (not related to intersection),11,"MOTOR VEHICLE STRUCK MOTOR VEHICLE, FRONT END AT ANGLE",,N,Unknown,Unknown,Unknown,,11025002,,32,One parked--one moving,0,0,N
1268421.122,271052.6814,1411,133500,133500,3613355,Matched,Block,,AURORA AVE N BETWEEN N 143RD ST AND ROOSEVELT WAY N,,,1,Property Damage Only Collision,Left Turn,6,0,0,3,0,0,0,2012/07/19 00:00:00+00,7/19/2012 13:30,Mid-Block (not related to intersection),11,"MOTOR VEHICLE STRUCK MOTOR VEHICLE, FRONT END AT ANGLE",,N,Clear,Dry,Daylight,,12201029,,28,From opposite direction - one left turn - one straight,0,0,N
1269993.861,214349.8106,1412,227600,227940,3754533,Matched,Intersection,31373,1ST AVE S AND S FOREST ST, ,,2,Injury Collision,Other,1,0,0,1,1,0,0,2016/09/07 00:00:00+00,9/7/2016 19:13,At Intersection (intersection related),18,"MOTOR VEHICLE STRUCK PEDALCYCLIST, FRONT END AT ANGLE",,N,Overcast,Dry,Dusk,,,,52,Vehicle overturned,0,0,N
1279480.73,266479.5577,1413,122500,122500,3553088,Matched,Block,,NE 127TH ST BETWEEN 26TH AVE NE AND 27TH AVE NE,,,1,Property Damage Only Collision,Other,1,0,0,1,0,0,0,2011/09/08 00:00:00+00,9/8/2011,Mid-Block (but intersection related),14,"MOTOR VEHICLE STRUCK MOTOR VEHICLE, REAR END",,0,Clear,Dry,Daylight,,11251019,,51,Other object,0,0,N
1259394.088,204495.3443,1414,229800,230180,E603239,Matched,Intersection,32822,35TH AVE SW AND SW JUNEAU ST, ,,2b,Serious Injury Collision,Angles,5,0,0,2,1,1,0,2016/10/27 00:00:00+00,10/27/2016 7:39,At Intersection (intersection related),11,"MOTOR VEHICLE STRUCK MOTOR VEHICLE, FRONT END AT ANGLE",,N,Clear,Wet,Daylight,,,,10,Entering at angle,0,0,N
1285466.463,194020.8907,1415,96100,96100,3281995,Matched,Block,,RAINIER AVE S BETWEEN S HENDERSON ST AND S DIRECTOR N ST,,,1,Property Damage Only Collision,Sideswipe,4,0,0,4,0,0,0,2009/01/01 00:00:00+00,1/1/2009,Mid-Block (not related to intersection),11,"MOTOR VEHICLE STRUCK MOTOR VEHICLE, FRONT END AT ANGLE",,0,Raining,Wet,Dark - Street Lights On,,9001012,,11,From same direction - both going straight - both moving - sideswipe,0,0,N
1259912.924,241892.9547,1416,257700,258360,E742962,Unmatched,Block,,THORNDYKE AVE W BETWEEN 16TH AVE W AND DEAD END,NEI,"Not Enough Information, or Insufficient Location Information",0,Unknown,,0,0,0,0,0,0,0,2017/12/04 00:00:00+00,12/4/2017,Mid-Block (not related to intersection),0,NOT ENOUGH INFORMATION / NOT APPLICABLE,,,,,,,,, ,,0,0,N
1282715.118,199601.2161,1417,112300,112300,3374480,Matched,Block,,M L KING JR ER WAY S BETWEEN S MYRTLE ST AND S OTHELLO ST,,,1,Property Damage Only Collision,Rear Ended,2,0,0,2,0,0,0,2010/10/30 00:00:00+00,10/30/2010 1:05,Mid-Block (not related to intersection),14,"MOTOR VEHICLE STRUCK MOTOR VEHICLE, REAR END",,N,Clear,Dry,Dark - Street Lights On,,10303036,,14,From same direction - both going straight - one stopped - rear-end,0,0,N
1275547.528,246328.7597,1418,121300,121300,C747686,Unmatched,Block,,BROOKLYN AVE NE BETWEEN NE 50TH ST AND NE 52ND ST,,,0,Unknown,,0,0,0,0,0,0,0,2011/02/17 00:00:00+00,2/17/2011,Mid-Block (not related to intersection),14,"MOTOR VEHICLE STRUCK MOTOR VEHICLE, REAR END",,,,,,,11048028,,,,0,0,N
1273087.739,197546.5138,1419,147800,147820,2896574,Matched,Intersection,34209,10TH AVE S AND S KENYON ST, ,,1,Property Damage Only Collision,Sideswipe,2,0,0,2,0,0,0,2013/06/07 00:00:00+00,6/7/2013 10:45,At Intersection (intersection related),16,"MOTOR VEHICLE STRUCK MOTOR VEHICLE, LEFT SIDE SIDESWIPE",,N,Clear,Dry,Daylight,,,,26,From opposite direction - both going straight - sideswipe,0,0,N
1256753.487,204936.9329,1420,129900,129900,3553654,Matched,Block,,CALIFORNIA AVE SW BETWEEN SW FINDLAY ST AND SW JUNEAU ST,,,1,Property Damage Only Collision,Rear Ended,4,0,0,2,0,0,0,2011/08/09 00:00:00+00,8/9/2011,Mid-Block (but intersection related),14,"MOTOR VEHICLE STRUCK MOTOR VEHICLE, REAR END",,0,Clear,Dry,Daylight,,11221028,,14,From same direction - both going straight - one stopped - rear-end,0,0,N
1270041.754,242777.2292,1421,231400,231800,E602617,Matched,Intersection,26842,WALLINGFORD AVE N AND N 40TH ST, ,,1,Property Damage Only Collision,Angles,4,0,0,3,0,0,0,2016/10/28 00:00:00+00,10/28/2016 9:25,At Intersection (intersection related),11,"MOTOR VEHICLE STRUCK MOTOR VEHICLE, FRONT END AT ANGLE",,N,Clear,Dry,Daylight,,,,10,Entering at angle,0,0,N
1272191.086,234969.0283,1422,88600,88600,2803788,Matched,Block,,FAIRVIEW AVE E BETWEEN E GARFIELD ST AND E BLAINE ST,,,1,Property Damage Only Collision,Parked Car,2,0,0,2,0,0,0,2008/12/22 00:00:00+00,12/22/2008 14:30,Mid-Block (not related to intersection),11,"MOTOR VEHICLE STRUCK MOTOR VEHICLE, FRONT END AT ANGLE",,0,Unknown,Unknown,Daylight,,8357008,,32,One parked--one moving,0,0,N
1265152.125,233880.6041,1423,141900,141900,3505908,Matched,Block,,LEE ST BETWEEN 1ST AVE N AND TOWER PL,,,1,Property Damage Only Collision,Parked Car,2,0,0,2,0,0,0,2012/01/09 00:00:00+00,1/9/2012 15:00,Mid-Block (not related to intersection),13,"MOTOR VEHICLE STRUCK MOTOR VEHICLE, LEFT SIDE AT ANGLE",,N,Unknown,Unknown,Unknown,,12009007,,32,One parked--one moving,0,0,N
,,1424,204200,204345,C802841,Unmatched,,,,NEI,"Not Enough Information, or Insufficient Location Information",0,Unknown,,0,0,0,0,0,0,0,2015/05/24 00:00:00+00,5/24/2015,,0,NOT ENOUGH INFORMATION / NOT APPLICABLE,,,,,,,,, ,,0,0,N
,,1425,261300,262020,C815297,Unmatched,,,,NEI,"Not Enough Information, or Insufficient Location Information",0,Unknown,,0,0,0,0,0,0,0,2016/10/07 00:00:00+00,10/7/2016,,0,NOT ENOUGH INFORMATION / NOT APPLICABLE,,,,,,,,, ,,0,0,N
1270635.753,225114.0574,1426,78800,78800,2825515,Matched,Intersection,29933,5TH AVE AND SPRING ST,,,1,Property Damage Only Collision,Angles,2,0,0,2,0,0,0,2007/05/24 00:00:00+00,5/24/2007 14:49,At Intersection (intersection related),11,"MOTOR VEHICLE STRUCK MOTOR VEHICLE, FRONT END AT ANGLE",,0,Clear,Dry,Daylight,,7144011,,10,Entering at angle,0,0,N
1268738.621,206663.1267,1427,267400,268180,E761816,Matched,Block,,EAST MARGINAL WAY S BETWEEN S HUDSON ST AND S DAWSON ST, ,,2,Injury Collision,Rear Ended,7,0,0,4,3,0,0,2018/01/22 00:00:00+00,1/22/2018 8:43,Mid-Block (not related to intersection),14,"MOTOR VEHICLE STRUCK MOTOR VEHICLE, REAR END",Y,N,Clear,Wet,Daylight,,,,14,From same direction - both going straight - one stopped - rear-end,0,0,N
1277595.922,222062.3845,1428,131800,131800,3552253,Matched,Block,,S JACKSON ST BETWEEN 20TH PL S AND 22ND AVE S,,,2,Injury Collision,Angles,4,0,0,2,1,0,0,2012/05/02 00:00:00+00,5/2/2012 14:00,Mid-Block (but intersection related),11,"MOTOR VEHICLE STRUCK MOTOR VEHICLE, FRONT END AT ANGLE",,N,Clear,Dry,Daylight,,12123012,,10,Entering at angle,0,0,N
1289834.644,187585.2224,1429,155900,155920,3643642,Matched,Block,,S HAZEL ST BETWEEN 65TH AVE S AND 66TH AVE S, ,,1,Property Damage Only Collision,Parked Car,2,0,0,2,0,0,0,2013/10/26 00:00:00+00,10/26/2013 4:12,Mid-Block (not related to intersection),11,"MOTOR VEHICLE STRUCK MOTOR VEHICLE, FRONT END AT ANGLE",,Y,Clear,Dry,Dark - Street Lights On,,,,32,One parked--one moving,0,0,N
1256970.81,212053.6854,1430,149300,149320,C767266,Unmatched,Block,,CALIFORNIA AVE SW BETWEEN SW MANNING ST AND SW CHARLESTOWN ST, ,,1,Property Damage Only Collision,,1,0,0,0,0,0,0,2012/07/27 00:00:00+00,7/27/2012,Mid-Block (not related to intersection),14,"MOTOR VEHICLE STRUCK MOTOR VEHICLE, REAR END",,,,,,,,, ,,0,0,N
1269311.885,227021.4021,1431,246800,247380,3703520,Matched,Block,,OLIVE WAY BETWEEN 4TH AVE AND 5TH AVE, ,,1,Property Damage Only Collision,Parked Car,0,0,0,2,0,0,0,2017/08/15 00:00:00+00,8/15/2017 19:10,Mid-Block (not related to intersection),11,"MOTOR VEHICLE STRUCK MOTOR VEHICLE, FRONT END AT ANGLE",,N,Clear,Dry,Daylight,,,,32,One parked--one moving,0,0,N
,,1432,154300,154320,3573031,Unmatched,,,,NEI,"Not Enough Information, or Insufficient Location Information",0,Unknown,,0,0,0,0,0,0,0,2013/09/13 00:00:00+00,9/13/2013,,0,NOT ENOUGH INFORMATION / NOT APPLICABLE,,,,,,,,, ,,0,0,N
1270541.948,261723.3331,1433,249500,250100,E714544,Unmatched,Block,,BURKE AVE N BETWEEN N NORTHGATE WAY AND DEAD END 2,NEI,"Not Enough Information, or Insufficient Location Information",0,Unknown,,2,0,0,0,0,0,0,2017/09/21 00:00:00+00,9/21/2017,Mid-Block (not related to intersection),12,"MOTOR VEHICLE STRUCK MOTOR VEHICLE, RIGHT SIDE AT ANGLE",,,,,,,,, ,,0,0,Y
1272609.621,225571.2107,1434,169700,169720,3583785,Matched,Intersection,29922,BOREN AVE AND MARION ST, ,,1,Property Damage Only Collision,Left Turn,2,0,0,2,0,0,0,2014/06/10 00:00:00+00,6/10/2014 9:40,At Intersection (intersection related),11,"MOTOR VEHICLE STRUCK MOTOR VEHICLE, FRONT END AT ANGLE",,N,Clear,Dry,Daylight,,,,29,From opposite direction - one left turn - one right turn,0,0,N
1270493.2,225988.3225,1435,178100,178120,3590602,Matched,Block,,6TH AVE BETWEEN UNIVERSITY ST AND UNION ST, ,,1,Property Damage Only Collision,Other,2,0,0,2,0,0,0,2014/10/27 00:00:00+00,10/27/2014 9:01,Mid-Block (not related to intersection),11,"MOTOR VEHICLE STRUCK MOTOR VEHICLE, FRONT END AT ANGLE",,N,Clear,Dry,Daylight,,,,23,From same direction - all others,0,0,N
1279156.888,218933.6142,1436,95800,95800,3199582,Matched,Block,,M L KING JR WAY S BETWEEN S IRVING ST AND MOUNTAINS TO SOUND TRL,,,1,Property Damage Only Collision,Rear Ended,2,0,0,2,0,0,0,2009/09/17 00:00:00+00,9/17/2009 19:30,Mid-Block (not related to intersection),14,"MOTOR VEHICLE STRUCK MOTOR VEHICLE, REAR END",Y,0,Overcast,Dry,Dark - Street Lights On,,9260014,,14,From same direction - both going straight - one stopped - rear-end,0,0,N
1269864.917,199190.1391,1437,216400,216680,E524495,Matched,Block,,WEST MARGINAL WAY S BETWEEN 1ST AVE S AND S HOLDEN ST,NEI,"Not Enough Information, or Insufficient Location Information",1,Property Damage Only Collision,Other,0,0,0,1,0,0,0,2016/03/04 00:00:00+00,3/4/2016 16:44,,0,NOT ENOUGH INFORMATION / NOT APPLICABLE,,N,Raining,Wet,Daylight,,,,50,Fixed object,0,0,N
1268013.247,231940.8738,1438,72000,72000,2795296,Matched,Block,,AURORA AVE N BETWEEN ROY ST AND VALLEY ST,,,2,Injury Collision,Rear Ended,2,0,0,2,1,0,0,2007/10/26 00:00:00+00,10/26/2007 16:40,Mid-Block (not related to intersection),14,"MOTOR VEHICLE STRUCK MOTOR VEHICLE, REAR END",,0,Clear,Dry,Daylight,,7299027,,14,From same direction - both going straight - one stopped - rear-end,0,0,N
1277742.56,214427.3752,1439,121900,121900,3567430,Matched,Block,,S MCCLELLAN ST BETWEEN 23RD AVE S AND HARRIS PL S,,,1,Property Damage Only Collision,Other,2,0,0,2,0,0,0,2011/10/15 00:00:00+00,10/15/2011 21:47,Mid-Block (not related to intersection),11,"MOTOR VEHICLE STRUCK MOTOR VEHICLE, FRONT END AT ANGLE",,0,Clear,Dry,Unknown,,11288017,,23,From same direction - all others,0,0,N
1270115.966,231454.7143,1440,167700,167720,3574793,Matched,Block,,MERCER SR ST BETWEEN BOREN AVE N AND FAIRVIEW N AVE N, ,,2,Injury Collision,Rear Ended,2,0,0,2,1,0,0,2014/05/05 00:00:00+00,5/5/2014 10:35,Mid-Block (but intersection related),14,"MOTOR VEHICLE STRUCK MOTOR VEHICLE, REAR END",Y,N,Clear,Dry,Daylight,,,,14,From same direction - both going straight - one stopped - rear-end,0,0,N
1276970.256,218113.2451,1441,163500,163520,3672122,Matched,Intersection,31518,20TH AVE S AND S MASSACHUSETTS ST, ,,1,Property Damage Only Collision,Left Turn,5,0,0,2,0,0,0,2013/03/21 00:00:00+00,3/21/2013 13:05,At Intersection (intersection related),11,"MOTOR VEHICLE STRUCK MOTOR VEHICLE, FRONT END AT ANGLE",,N,Overcast,Wet,Daylight,,,,28,From opposite direction - one left turn - one straight,0,0,N
1280859.796,210913.9974,1442,211300,211540,3590169,Unmatched,Block,,RAINIER AVE S BETWEEN S CHARLESTOWN ST AND S ANDOVER ST, ,,2,Injury Collision,,2,0,0,0,1,0,0,2016/01/11 00:00:00+00,1/11/2016,Driveway Junction,11,"MOTOR VEHICLE STRUCK MOTOR VEHICLE, FRONT END AT ANGLE",,,,,,,,, ,,0,0,N
1282139.002,207157.9244,1443,159100,159120,3582852,Matched,Block,,S EDMUNDS ST BETWEEN RAINIER AVE S AND 39TH AVE S, ,,1,Property Damage Only Collision,Parked Car,2,0,0,2,0,0,0,2013/12/27 00:00:00+00,12/27/2013 23:14,Mid-Block (not related to intersection),11,"MOTOR VEHICLE STRUCK MOTOR VEHICLE, FRONT END AT ANGLE",Y,N,Overcast,Wet,Dark - Street Lights On,,,,32,One parked--one moving,0,0,N
1268890.208,225534.2326,1444,262100,262840,C817202,Unmatched,Block,,1ST AVE BETWEEN UNION ST AND PIKE ST, ,,0,Unknown,,0,0,0,0,0,0,0,2017/10/19 00:00:00+00,10/19/2017,Mid-Block (not related to intersection),11,"MOTOR VEHICLE STRUCK MOTOR VEHICLE, FRONT END AT ANGLE",,,,,,,,, ,,0,0,N
1276317.156,212323.1007,1445,66100,66100,2828680,Matched,Block,,BEACON AVE S BETWEEN S HINDS ST AND S SPOKANE ST,,,2,Injury Collision,Rear Ended,3,0,0,2,2,0,0,2007/10/09 00:00:00+00,10/9/2007,Mid-Block (but intersection related),14,"MOTOR VEHICLE STRUCK MOTOR VEHICLE, REAR END",,1,Raining,Wet,Dark - Street Lights On,,7282011,Y,14,From same direction - both going straight - one stopped - rear-end,0,0,N
1281943.736,201254.2422,1446,189700,189780,3384298,Matched,Intersection,34526,38TH AVE S AND S HOLLY ST, ,,1,Property Damage Only Collision,Sideswipe,2,0,0,2,0,0,0,2015/04/14 00:00:00+00,4/14/2015 7:23,At Intersection (intersection related),11,"MOTOR VEHICLE STRUCK MOTOR VEHICLE, FRONT END AT ANGLE",,N,Clear,Dry,Daylight,,,,26,From opposite direction - both going straight - sideswipe,0,0,N
1283135.083,247217.5988,1447,131900,131900,3504806,Matched,Block,,NE 55TH ST BETWEEN 40TH AVE NE AND 43RD AVE NE,,,2,Injury Collision,Parked Car,5,1,0,3,2,0,0,2012/07/18 00:00:00+00,7/18/2012 15:30,Mid-Block (not related to intersection),11,"MOTOR VEHICLE STRUCK MOTOR VEHICLE, FRONT END AT ANGLE",,N,Clear,Dry,Daylight,,12200033,,32,One parked--one moving,0,0,N
1274537.699,203048.0751,1448,110100,110100,3374156,Matched,Intersection,33137,STANLEY AVE S AND S ALBRO PL,,,2,Injury Collision,Left Turn,3,0,0,2,1,0,0,2010/10/05 00:00:00+00,10/5/2010 15:00,At Intersection (intersection related),11,"MOTOR VEHICLE STRUCK MOTOR VEHICLE, FRONT END AT ANGLE",,N,Clear,Dry,Daylight,,10278021,,28,From opposite direction - one left turn - one straight,0,0,N
1262056.764,200468.3567,1449,234900,235300,3692769,Matched,Block,,SYLVAN WAY SW BETWEEN SW SYLVAN HEIGHTS DR AND SW ORCHARD ST, ,,1,Property Damage Only Collision,Other,1,0,0,1,0,0,0,2017/02/01 00:00:00+00,2/1/2017 8:55,Mid-Block (not related to intersection),28,MOTOR VEHICLE RAN OFF ROAD - HIT FIXED OBJECT,,N,Clear,Ice,Daylight,,,,50,Fixed object,0,0,N
1279221.278,222017.872,1450,97800,97800,2898088,Matched,Intersection,30602,M L KING JR WAY S AND S JACKSON ST,,,2,Injury Collision,Left Turn,2,0,0,2,1,0,0,2009/11/18 00:00:00+00,11/18/2009 18:18,At Intersection (intersection related),11,"MOTOR VEHICLE STRUCK MOTOR VEHICLE, FRONT END AT ANGLE",,0,Raining,Wet,Dark - Street Lights On,,9322030,,28,From opposite direction - one left turn - one straight,0,0,N
1260169.671,240352.921,1451,190800,190880,C791861,Unmatched,Intersection,26774,15TH AV W NB OFF RP AND W DRAVUS ST, ,,1,Property Damage Only Collision,,2,0,0,0,0,0,0,2014/07/06 00:00:00+00,7/6/2014,At Intersection (intersection related),11,"MOTOR VEHICLE STRUCK MOTOR VEHICLE, FRONT END AT ANGLE",,,,,,,,, ,,0,0,N
1265528.307,241624.4738,1452,74200,74200,2803058,Matched,Intersection,27024,PHINNEY AVE N AND N 36TH ST, ,,1,Property Damage Only Collision,Pedestrian,2,1,0,1,0,0,0,2007/12/18 00:00:00+00,12/18/2007 22:06,At Intersection (intersection related),24,MOTOR VEHCILE STRUCK PEDESTRIAN,,0,Overcast,Wet,Dark - Street Lights On,Y,7352050,,2,Vehicle turning left hits pedestrian,0,524109,N
1277848.146,216522.7936,1453,182200,182260,3693708,Matched,Block,,RAINIER AVE S BETWEEN 23RD AVE S AND S WALKER ST, ,,2,Injury Collision,Rear Ended,2,0,0,2,2,0,0,2014/12/23 00:00:00+00,12/23/2014 19:26,Mid-Block (but intersection related),14,"MOTOR VEHICLE STRUCK MOTOR VEHICLE, REAR END",Y,N,Raining,,Dark - Street Lights On,,,,14,From same direction - both going straight - one stopped - rear-end,0,0,N
1269781.187,226556.7251,1454,178400,178420,3590551,Matched,Block,,5TH AVE BETWEEN PIKE ST AND PINE ST, ,,2,Injury Collision,Sideswipe,4,0,0,2,4,0,0,2014/10/24 00:00:00+00,10/24/2014 13:00,Mid-Block (but intersection related),11,"MOTOR VEHICLE STRUCK MOTOR VEHICLE, FRONT END AT ANGLE",,N,Clear,Dry,Daylight,,,,11,From same direction - both going straight - both moving - sideswipe,0,0,N
1277708.316,270841.9512,1455,260100,260780,E747132,Matched,Block,,20TH AVE NE BETWEEN NE 143RD ST AND NE 145TH ST,NEI,"Not Enough Information, or Insufficient Location Information",1,Property Damage Only Collision,Parked Car,2,0,0,2,0,0,0,2017/12/14 00:00:00+00,12/14/2017 3:00,,0,NOT ENOUGH INFORMATION / NOT APPLICABLE,,N,Unknown,Unknown,Unknown,,,,32,One parked--one moving,0,0,N
1279405.517,223263.2068,1456,106500,106500,2898096,Matched,Intersection,30572,M L KING JR WAY AND E FIR ST,,,2,Injury Collision,Angles,5,0,0,2,1,0,0,2009/12/15 00:00:00+00,12/15/2009 14:45,At Intersection (intersection related),11,"MOTOR VEHICLE STRUCK MOTOR VEHICLE, FRONT END AT ANGLE",,0,Raining,Wet,Daylight,,9349005,,10,Entering at angle,0,0,N
1257807.73,206206.2645,1457,239600,240040,E614293,Unmatched,Block,,40TH AVE SW BETWEEN SW DAWSON ST AND SW BRANDON ST,NEI,"Not Enough Information, or Insufficient Location Information",0,Unknown,,0,0,0,0,0,0,0,2016/11/24 00:00:00+00,11/24/2016,,0,NOT ENOUGH INFORMATION / NOT APPLICABLE,,,,,,,,, ,,0,0,Y
1267035.438,243600.8186,1458,148700,148720,3592012,Unmatched,Intersection,26964,LINDEN AVE N AND N 42ND ST,NEI,"Not Enough Information, or Insufficient Location Information",0,Unknown,,0,0,0,0,0,0,0,2013/06/22 00:00:00+00,6/22/2013,At Intersection (intersection related),0,NOT ENOUGH INFORMATION / NOT APPLICABLE,,,,,,,,, ,,0,0,N
1278468.989,258894.3114,1459,114200,114200,3565457,Matched,Intersection,37713,LAKE CITY WAY NE AND NE 98TH ST,,,2,Injury Collision,Left Turn,3,0,0,2,1,0,0,2010/11/11 00:00:00+00,11/11/2010 16:48,At Intersection (intersection related),11,"MOTOR VEHICLE STRUCK MOTOR VEHICLE, FRONT END AT ANGLE",,N,Raining,Wet,Dark - Street Lights On,,10315017,,28,From opposite direction - one left turn - one straight,0,0,N
1281929.853,199612.0058,1460,187300,187380,3701184,Matched,Block,,38TH AVE S BETWEEN S MYRTLE ST AND S OTHELLO ST, ,,1,Property Damage Only Collision,Parked Car,2,0,0,2,0,0,0,2015/02/24 00:00:00+00,2/24/2015 11:30,,0,NOT ENOUGH INFORMATION / NOT APPLICABLE,,N,Unknown,Unknown,Unknown,,,,32,One parked--one moving,0,0,Y
1267420.724,229178.8831,1461,81300,81300,2899807,Matched,Block,,VINE ST BETWEEN 5TH AVE AND DENNY WAY,,,1,Property Damage Only Collision,Parked Car,2,0,0,2,0,0,0,2008/05/25 00:00:00+00,5/25/2008 19:20,Mid-Block (not related to intersection),11,"MOTOR VEHICLE STRUCK MOTOR VEHICLE, FRONT END AT ANGLE",,0,Clear,Dry,Daylight,,8146015,,32,One parked--one moving,0,0,N
1283675.575,188500.3419,1462,233600,234000,3693073,Unmatched,Block,,S RYAN WAY BETWEEN M L KING JR WAY S AND CITY LIMITS, ,,2,Injury Collision,,1,0,0,0,1,0,0,2017/01/18 00:00:00+00,1/18/2017,Mid-Block (not related to intersection),14,"MOTOR VEHICLE STRUCK MOTOR VEHICLE, REAR END",,,,,,,,, ,,0,0,N
1266780.326,260078.5085,1463,110700,110700,3289199,Matched,Intersection,37393,EVANSTON AVE N AND N 102ND ST,,,1,Property Damage Only Collision,Angles,2,0,0,2,0,0,0,2010/05/26 00:00:00+00,5/26/2010 13:09,At Intersection (intersection related),11,"MOTOR VEHICLE STRUCK MOTOR VEHICLE, FRONT END AT ANGLE",,N,Overcast,Wet,Daylight,,10146006,,10,Entering at angle,0,0,N
1265547.174,194411.1402,1464,124700,124700,3553802,Matched,Intersection,35037,12TH AVE SW AND SW HENDERSON ST,,,1,Property Damage Only Collision,Angles,6,0,0,3,0,0,0,2011/08/12 00:00:00+00,8/12/2011 15:45,At Intersection (intersection related),11,"MOTOR VEHICLE STRUCK MOTOR VEHICLE, FRONT END AT ANGLE",,N,Clear,Dry,Daylight,,11224017,,10,Entering at angle,0,0,N