X,Y,OBJECTID,INCKEY,COLDETKEY,REPORTNO,STATUS,ADDRTYPE,INTKEY,LOCATION,EXCEPTRSNCODE,EXCEPTRSNDESC,SEVERITYCODE,SEVERITYDESC,COLLISIONTYPE,PERSONCOUNT,PEDCOUNT,PEDCYLCOUNT,VEHCOUNT,INJURIES,SERIOUSINJURIES,FATALITIES,INCDATE,INCDTTM,JUNCTIONTYPE,SDOT_COLCODE,SDOT_COLDESC,INATTENTIONIND,UNDERINFL,WEATHER,ROADCOND,LIGHTCOND,PEDROWNOTGRNT,SDOTCOLNUM,SPEEDING,ST_COLCODE,ST_COLDESC,SEGLANEKEY,CROSSWALKKEY,HITPARKEDCAR
1266337.989,226993.4955,1465,286500,287360,3746723,Matched,Block,,ALASKAN WAY BETWEEN XW BELL ST AND WALL ST, ,,1,Property Damage Only Collision,Rear Ended,3,0,0,3,0,0,0,2018/05/07 00:00:00+00,5/7/2018 17:47,Mid-Block (not related to intersection),14,"MOTOR VEHICLE STRUCK MOTOR VEHICLE, REAR END",,N,Clear,Dry,Daylight,,,,14,From same direction - both going straight - one stopped - rear-end,0,0,N
1263158.104,250334.1808,1466,175700,175720,3695638,Matched,Block,,NW 65TH ST BETWEEN 7TH E AVE NW AND 7TH W AVE NW, ,,2,Injury Collision,Rear Ended,4,0,0,3,2,0,0,2014/09/16 00:00:00+00,9/16/2014 11:53,Mid-Block (but intersection related),14,"MOTOR VEHICLE STRUCK MOTOR VEHICLE, REAR END",Y,N,Clear,Dry,Daylight,,,,14,From same direction - both going straight - one stopped - rear-end,0,0,N
1268025.819,212091.0026,1467,161400,161420,3589842,Matched,Block,,WEST SEATTLE BR EB BETWEEN SPOKANE ST - W SEA B RP AND ALASKAN WY VI NB ON RP, ,,1,Property Damage Only Collision,Rear Ended,4,0,0,2,0,0,0,2014/01/28 00:00:00+00,1/28/2014 7:49,Mid-Block (not related to intersection),14,"MOTOR VEHICLE STRUCK MOTOR VEHICLE, REAR END",Y,N,Overcast,Wet,Daylight,,,,13,From same direction - both going straight - both moving - rear-end,0,0,N
1273397.62,227542.999,1468,157900,157920,3559630,Matched,Block,,E PIKE ST BETWEEN HARVARD AVE AND BROADWAY, ,,1,Property Damage Only Collision,Rear Ended,4,0,0,3,0,0,0,2013/10/08 00:00:00+00,10/8/2013 17:08,Mid-Block (not related to intersection),14,"MOTOR VEHICLE STRUCK MOTOR VEHICLE, REAR END",Y,N,Overcast,Dry,Daylight,,,,14,From same direction - both going straight - one stopped - rear-end,0,0,N
1270679.385,202172.5041,1469,197400,197520,E432465,Matched,Block,,EAST MARGINAL WAY S BETWEEN S MICHIGAN ST AND 4TH AVE S, ,,1,Property Damage Only Collision,Sideswipe,5,0,0,2,0,0,0,2015/06/10 00:00:00+00,6/10/2015 8:25,Mid-Block (not related to intersection),11,"MOTOR VEHICLE STRUCK MOTOR VEHICLE, FRONT END AT ANGLE",Y,N,Clear,Dry,Daylight,,,,11,From same direction - both going straight - both moving - sideswipe,0,0,N
,,1470,85600,85600,C706674,Matched,,,,NEI,"Not Enough Information, or Insufficient Location Information",1,Property Damage Only Collision,Rear Ended,2,0,0,2,0,0,0,2008/05/25 00:00:00+00,5/25/2008 11:57,,0,NOT ENOUGH INFORMATION / NOT APPLICABLE,,0,Unknown,Unknown,Unknown,,8146032,,13,From same direction - both going straight - both moving - rear-end,0,0,N
1285626.281,192961.3912,1471,147300,147320,3280117,Matched,Block,,RAINIER AVE S BETWEEN 51ST AVE S AND STURTEVANT AVE S, ,,1,Property Damage Only Collision,Head On,3,0,0,2,0,0,0,2013/05/30 00:00:00+00,5/30/2013 10:25,Mid-Block (not related to intersection),14,"MOTOR VEHICLE STRUCK MOTOR VEHICLE, REAR END",,N,Clear,Dry,Daylight,,,,30,From opposite direction - all others,0,0,N
1251776.068,215030.8513,1472,144800,144800,3615388,Matched,Block,,59TH AVE SW BETWEEN SW LANDER ST AND SW STEVENS ST, ,,1,Property Damage Only Collision,Parked Car,2,0,0,2,0,0,0,2013/03/15 00:00:00+00,3/15/2013 23:00,Mid-Block (not related to intersection),0,NOT ENOUGH INFORMATION / NOT APPLICABLE,,N,Unknown,Unknown,Unknown,,,,32,One parked--one moving,0,0,N
1283259.43,195266.7491,1473,80600,80600,2797672,Matched,Intersection,487284,M L KING JR ER WAY S AND S CLOVERDALE ST,,,2,Injury Collision,Angles,2,0,0,2,2,0,0,2008/11/14 00:00:00+00,11/14/2008 10:40,At Intersection (intersection related),11,"MOTOR VEHICLE STRUCK MOTOR VEHICLE, FRONT END AT ANGLE",,0,Clear,Dry,Daylight,,8319027,,10,Entering at angle,0,0,N
1269449.773,224589.0554,1474,194200,194280,3735924,Matched,Block,,1ST AVE BETWEEN SPRING ST AND SENECA ST,NEI,"Not Enough Information, or Insufficient Location Information",1,Property Damage Only Collision,Parked Car,2,0,0,2,0,0,0,2015/05/10 00:00:00+00,5/10/2015 12:15,,0,NOT ENOUGH INFORMATION / NOT APPLICABLE,,N,Clear,Dry,Daylight,,,,32,One parked--one moving,0,0,Y
1270689.005,202435.9503,1475,176300,176320,3699435,Matched,Block,,S MICHIGAN ST BETWEEN EAST MARGINAL WAY S AND 4TH AVE S, ,,2,Injury Collision,Rear Ended,3,0,0,2,3,0,0,2014/09/02 00:00:00+00,9/2/2014 5:52,Mid-Block (not related to intersection),14,"MOTOR VEHICLE STRUCK MOTOR VEHICLE, REAR END",Y,N,Clear,Dry,Dawn,,,,14,From same direction - both going straight - one stopped - rear-end,0,0,N
1274192.798,252728.4205,1476,106900,106900,3375190,Matched,Intersection,24434,8TH AVE NE AND NE 75TH ST,,,1,Property Damage Only Collision,Other,1,0,0,1,0,0,0,2010/09/05 00:00:00+00,9/5/2010 0:25,At Intersection (intersection related),28,MOTOR VEHICLE RAN OFF ROAD - HIT FIXED OBJECT,,N,Clear,Dry,Dark - Street Lights On,,10248002,Y,50,Fixed object,0,0,N
1270770.598,230894.5946,1477,132900,132900,3329007,Matched,Block,,REPUBLICAN ST BETWEEN MINOR AVE N AND PONTIUS AVE N,,,2,Injury Collision,Rear Ended,3,0,0,2,1,0,0,2012/05/12 00:00:00+00,5/12/2012 8:43,Mid-Block (not related to intersection),14,"MOTOR VEHICLE STRUCK MOTOR VEHICLE, REAR END",,N,Clear,Dry,Daylight,,12133013,,14,From same direction - both going straight - one stopped - rear-end,0,0,N
1279241.992,213594.9536,1478,228000,228340,3782944,Matched,Block,,M L KING JR WAY S BETWEEN RAINIER AVE S AND S WINTHROP ST, ,,1,Property Damage Only Collision,Sideswipe,4,0,0,2,0,0,0,2016/08/11 00:00:00+00,8/11/2016 17:57,Mid-Block (not related to intersection),11,"MOTOR VEHICLE STRUCK MOTOR VEHICLE, FRONT END AT ANGLE",Y,N,Clear,Dry,Daylight,,,,11,From same direction - both going straight - both moving - sideswipe,0,0,N
1270106.84,226006.9447,1479,173700,173720,3584043,Matched,Intersection,29913,5TH AVE AND UNION ST, ,,2,Injury Collision,Cycles,2,0,1,1,1,0,0,2014/08/14 00:00:00+00,8/14/2014 12:50,At Intersection (intersection related),51,PEDALCYCLIST STRUCK MOTOR VEHICLE FRONT END AT ANGLE,,N,Overcast,Dry,Daylight,,,,45,Vehicle - Pedalcyclist,24884,0,N
1256250.284,209560.9758,1480,210600,210840,3776110,Matched,Block,,45TH AVE SW BETWEEN SW GENESEE ST AND SW OREGON ST,NEI,"Not Enough Information, or Insufficient Location Information",1,Property Damage Only Collision,Parked Car,2,0,0,2,0,0,0,2015/12/31 00:00:00+00,12/31/2015 15:30,Mid-Block (not related to intersection),14,"MOTOR VEHICLE STRUCK MOTOR VEHICLE, REAR END",,N,Unknown,Unknown,Unknown,,,,32,One parked--one moving,0,0,Y
1265544.487,208081.1269,1481,69200,69200,2609209,Matched,Block,,WEST MARGINAL WAY SW BETWEEN SW ALASKA ST AND SW EDMUNDS ST,,,2,Injury Collision,Other,1,0,0,1,1,0,0,2007/11/21 00:00:00+00,11/21/2007 21:58,Mid-Block (not related to intersection),28,MOTOR VEHICLE RAN OFF ROAD - HIT FIXED OBJECT,,0,Clear,Dry,Dark - Street Lights On,,7325037,,50,Fixed object,0,0,N
1273280.483,238168.7645,1482,196500,196600,E425132,Matched,Block,,E ROANOKE ST BETWEEN BOYLSTON AVE E AND HARVARD AVE E, ,,1,Property Damage Only Collision,Rear Ended,4,0,0,3,0,0,0,2015/05/15 00:00:00+00,5/15/2015 9:30,Mid-Block (but intersection related),14,"MOTOR VEHICLE STRUCK MOTOR VEHICLE, REAR END",Y,N,Clear,Dry,Daylight,,,,14,From same direction - both going straight - one stopped - rear-end,0,0,N
1271216.726,218915.8691,1483,111200,111200,3325707,Matched,Block,,EDGAR MARTINEZ DR S BETWEEN S ATLANTIC ST OFF RP AND 4TH AVE SB OFF RP,,,2,Injury Collision,Rear Ended,3,0,0,3,1,0,0,2010/07/02 00:00:00+00,7/2/2010 10:00,Mid-Block (not related to intersection),14,"MOTOR VEHICLE STRUCK MOTOR VEHICLE, REAR END",,N,Clear,Dry,Daylight,,10183030,,14,From same direction - both going straight - one stopped - rear-end,0,0,N
,,1484,134700,134700,3507529,Unmatched,,,,NEI,"Not Enough Information, or Insufficient Location Information",0,Unknown,,0,0,0,0,0,0,0,2012/08/26 00:00:00+00,8/26/2012,,0,NOT ENOUGH INFORMATION / NOT APPLICABLE,,,,,,,12239014,,,,0,0,N
1255091.15,204631.8394,1485,102600,102600,9185022,Unmatched,Intersection,32904,48TH AVE SW AND SW JUNEAU ST,,,0,Unknown,,0,0,0,0,0,0,0,2009/07/04 00:00:00+00,7/4/2009,At Intersection (intersection related),14,"MOTOR VEHICLE STRUCK MOTOR VEHICLE, REAR END",,,,,,,9185022,,,,0,0,N
1282684.583,205708.4735,1486,183800,183880,3699064,Matched,Block,,RAINIER AVE S BETWEEN 39TH S AVE S AND 42ND AVE S, ,,2,Injury Collision,Angles,7,0,0,2,5,0,0,2015/01/03 00:00:00+00,1/3/2015 22:28,Mid-Block (not related to intersection),11,"MOTOR VEHICLE STRUCK MOTOR VEHICLE, FRONT END AT ANGLE",,N,Overcast,Dry,Dark - Street Lights On,,,,10,Entering at angle,0,0,N
1277225.478,207610.3553,1487,211900,212140,E506238,Matched,Intersection,166923,BEACON ER AVE S AND S COLUMBIAN WAY, ,,2,Injury Collision,Angles,2,0,0,2,1,0,0,2016/01/12 00:00:00+00,1/12/2016 17:36,At Intersection (intersection related),11,"MOTOR VEHICLE STRUCK MOTOR VEHICLE, FRONT END AT ANGLE",,N,Raining,Wet,Dark - Street Lights On,,,,10,Entering at angle,0,0,N
,,1488,192800,192880,3733137,Matched,,,,NEI,"Not Enough Information, or Insufficient Location Information",1,Property Damage Only Collision,Left Turn,2,0,0,2,0,0,0,2015/03/20 00:00:00+00,3/20/2015 8:00,,0,NOT ENOUGH INFORMATION / NOT APPLICABLE,,N,Clear,Unknown,Daylight,,,,28,From opposite direction - one left turn - one straight,0,0,N
1278134.1,202753.3265,1489,116300,116300,3383960,Matched,Intersection,167336,BEACON ER AVE S AND S GRAHAM ST,,,2,Injury Collision,Angles,3,0,0,3,2,0,0,2010/03/30 00:00:00+00,3/30/2010 22:21,At Intersection (intersection related),11,"MOTOR VEHICLE STRUCK MOTOR VEHICLE, FRONT END AT ANGLE",,N,Overcast,Wet,Dark - Street Lights On,,10089012,,10,Entering at angle,0,0,N
1271335.121,227723.9426,1490,141700,141700,3505797,Matched,Intersection,29872,BOREN AVE AND PINE ST,,,1,Property Damage Only Collision,Sideswipe,2,0,0,2,0,0,0,2012/04/13 00:00:00+00,4/13/2012 17:30,At Intersection (intersection related),11,"MOTOR VEHICLE STRUCK MOTOR VEHICLE, FRONT END AT ANGLE",,N,Clear,Dry,Daylight,,12104011,,71,Same direction -- both turning right -- both moving -- sideswipe,0,0,N
1277884.58,238361.71,1491,268800,269600,3702162,Matched,Intersection,28391,MONTLAKE BLVD E AND EAST MONTLAKE PL E, ,,1,Property Damage Only Collision,Angles,2,0,0,2,0,0,0,2017/12/28 00:00:00+00,12/28/2017 17:15,At Intersection (intersection related),14,"MOTOR VEHICLE STRUCK MOTOR VEHICLE, REAR END",Y,N,Overcast,Wet,Dark - Street Lights On,,,,10,Entering at angle,0,0,N
1272918.169,227763.7559,1492,201200,201340,3642473,Matched,Block,,BOYLSTON AVE BETWEEN E PIKE ST AND E PINE ST, ,,1,Property Damage Only Collision,Parked Car,2,0,0,2,0,0,0,2015/08/23 00:00:00+00,8/23/2015 18:30,Mid-Block (not related to intersection),13,"MOTOR VEHICLE STRUCK MOTOR VEHICLE, LEFT SIDE AT ANGLE",,N,Clear,Dry,Daylight,,,,32,One parked--one moving,0,0,Y
1275012.739,266033.7419,1493,92400,92400,2881010,Matched,Block,,NE 125TH ST BETWEEN ROOSEVELT N WAY NE AND NE 125TH SR ST,,,2,Injury Collision,Sideswipe,5,0,0,2,1,0,0,2008/12/07 00:00:00+00,12/7/2008,Mid-Block (not related to intersection),16,"MOTOR VEHICLE STRUCK MOTOR VEHICLE, LEFT SIDE SIDESWIPE",,0,Raining,Wet,Daylight,,8342010,,11,From same direction - both going straight - both moving - sideswipe,0,0,N
1289201.161,191889.4117,1494,222000,222280,3735404,Matched,Block,,RAINIER AVE S BETWEEN S KEPPLER ST AND S PILGRIM ST, ,,1,Property Damage Only Collision,Parked Car,2,0,0,2,0,0,0,2016/06/11 00:00:00+00,6/11/2016 3:21,Mid-Block (not related to intersection),14,"MOTOR VEHICLE STRUCK MOTOR VEHICLE, REAR END",,N,Overcast,Dry,Dark - Street Lights On,,,,32,One parked--one moving,0,0,Y
1268697.173,211227.3311,1495,148300,148320,3579537,Matched,Block,,EAST MARGINAL NB WAY S BETWEEN EAST MARGINAL ER WAY S AND DUWAMISH AVE S, ,,1,Property Damage Only Collision,Rear Ended,2,0,0,2,0,0,0,2013/06/18 00:00:00+00,6/18/2013 10:23,Mid-Block (not related to intersection),14,"MOTOR VEHICLE STRUCK MOTOR VEHICLE, REAR END",Y,N,Clear,Dry,Daylight,,,,14,From same direction - both going straight - one stopped - rear-end,0,0,N
1269992.607,221852.7584,1496,86800,86800,2906842,Matched,Block,,S KING ST BETWEEN ALASKAN E RDWY WAY S AND 1ST AVE S,,,1,Property Damage Only Collision,Parked Car,2,0,0,2,0,0,0,2008/06/09 00:00:00+00,6/9/2008,Mid-Block (not related to intersection),11,"MOTOR VEHICLE STRUCK MOTOR VEHICLE, FRONT END AT ANGLE",Y,0,Raining,Wet,Daylight,,8161025,,20,One car leaving parked position,0,0,N
1269217.158,205226.4988,1497,226200,226540,3783111,Matched,Block,,EAST MARGINAL WAY S BETWEEN S LUCILE ST AND S ORCAS ST, ,,2,Injury Collision,Rear Ended,2,0,0,2,2,0,0,2016/08/12 00:00:00+00,8/12/2016 16:29,Mid-Block (not related to intersection),14,"MOTOR VEHICLE STRUCK MOTOR VEHICLE, REAR END",,N,Clear,Dry,Daylight,,,,14,From same direction - both going straight - one stopped - rear-end,0,0,N
1265012.455,240325.8621,1498,67600,67600,C680777,Matched,Block,,DRAVUS ST BETWEEN QUEEN ANNE AVE N AND NICKERSON ST,,,2,Injury Collision,Rear Ended,2,0,0,2,1,0,0,2007/01/23 00:00:00+00,1/23/2007 12:45,Mid-Block (but intersection related),14,"MOTOR VEHICLE STRUCK MOTOR VEHICLE, REAR END",,0,Clear,Dry,Daylight,,7023030,,14,From same direction - both going straight - one stopped - rear-end,0,0,N
1273881.89,241545.6181,1499,252500,253100,3748142,Matched,Intersection,27166,UNIVERSITY BR AND POINT A, ,,1,Property Damage Only Collision,Other,1,0,0,1,0,0,0,2017/11/04 00:00:00+00,11/4/2017 13:15,At Intersection (intersection related),26,MOTOR VEHICLE STRUCK OBJECT IN ROAD,Y,N,Raining,Wet,Daylight,,,,50,Fixed object,0,0,N
1270791.777,224850.6856,1500,69500,69500,2825781,Matched,Intersection,29948,5TH AVE AND MADISON ST, ,,2,Injury Collision,Pedestrian,2,1,0,1,1,0,0,2007/05/24 00:00:00+00,5/24/2007 7:27,At Intersection (intersection related),24,MOTOR VEHCILE STRUCK PEDESTRIAN,,0,Clear,Dry,Daylight,,7144001,,1,Vehicle turning right hits pedestrian,0,522097,N
1265097.436,234516.6821,1501,291000,291880,E805241,Unmatched,Block,,1ST AVE N BETWEEN GALER ST AND GARFIELD S ST,NEI,"Not Enough Information, or Insufficient Location Information",0,Unknown,,0,0,0,0,0,0,0,2018/06/05 00:00:00+00,6/5/2018,,0,NOT ENOUGH INFORMATION / NOT APPLICABLE,,,,,,,,, ,,0,0,Y
1275391.259,241925.6375,1502,134000,134000,3596935,Matched,Intersection,27146,BROOKLYN AVE NE AND NE PACIFIC ST,,,2,Injury Collision,Cycles,2,0,1,1,1,0,0,2012/04/15 00:00:00+00,4/15/2012 14:50,At Intersection (intersection related),11,"MOTOR VEHICLE STRUCK MOTOR VEHICLE, FRONT END AT ANGLE",,N,Clear,Dry,Daylight,,12106008,,45,Vehicle - Pedalcyclist,31308,0,N
1270239.305,223098.9859,1503,74100,74100,2825868,Matched,Intersection,30356,JAMES ST AND YESLER WAY,,,2,Injury Collision,Rear Ended,2,0,0,2,1,0,0,2007/08/29 00:00:00+00,8/29/2007 10:25,At Intersection (intersection related),14,"MOTOR VEHICLE STRUCK MOTOR VEHICLE, REAR END",,0,Clear,Dry,Daylight,,7241027,,14,From same direction - both going straight - one stopped - rear-end,0,0,N
1257127.193,205251.9855,1504,128700,128700,3380236,Matched,Intersection,32804,42ND AVE SW AND SW FINDLAY ST,,,1,Property Damage Only Collision,Angles,2,0,0,2,0,0,0,2011/07/18 00:00:00+00,7/18/2011 21:15,At Intersection (intersection related),11,"MOTOR VEHICLE STRUCK MOTOR VEHICLE, FRONT END AT ANGLE",,N,Clear,Dry,Dusk,,11199015,,10,Entering at angle,0,0,N
1268045.346,245454.3234,1505,126300,126300,3568843,Matched,Intersection,25675,GREEN LAKE WAY N AND WOODLAND PARK AVE N,,,1,Property Damage Only Collision,Angles,2,0,0,2,0,0,0,2011/03/14 00:00:00+00,3/14/2011 11:19,At Intersection (intersection related),11,"MOTOR VEHICLE STRUCK MOTOR VEHICLE, FRONT END AT ANGLE",,N,Raining,Wet,Daylight,,11073003,,10,Entering at angle,0,0,N
1281897.874,206575.0405,1506,236500,236940,E648850,Matched,Block,,S HUDSON ST BETWEEN 37TH AVE S AND RAINIER AVE S, ,,1,Property Damage Only Collision,Other,0,0,0,2,0,0,0,2017/03/06 00:00:00+00,3/6/2017 10:22,Driveway Junction,11,"MOTOR VEHICLE STRUCK MOTOR VEHICLE, FRONT END AT ANGLE",,N,Overcast,Dry,Daylight,,,,23,From same direction - all others,0,0,N
1258580.818,212903.9408,1507,98700,98700,3295555,Matched,Intersection,31832,38TH AVE SW AND SW HINDS ST,,,1,Property Damage Only Collision,Angles,3,0,0,2,0,0,0,2009/05/29 00:00:00+00,5/29/2009 21:04,At Intersection (intersection related),11,"MOTOR VEHICLE STRUCK MOTOR VEHICLE, FRONT END AT ANGLE",,0,Clear,Dry,Dusk,,9149009,Y,10,Entering at angle,0,0,N
1272743.709,229563.608,1508,221100,221380,3738424,Matched,Intersection,29188,E JOHN ST AND E OLIVE WAY, ,,2,Injury Collision,Cycles,2,0,1,1,1,0,0,2016/05/31 00:00:00+00,5/31/2016 10:44,At Intersection (intersection related),18,"MOTOR VEHICLE STRUCK PEDALCYCLIST, FRONT END AT ANGLE",,N,Clear,Dry,Daylight,,,,45,Vehicle - Pedalcyclist,23258,0,N
1274331.183,221940.253,1509,100100,100100,3283479,Matched,Block,,12TH AVE S BETWEEN S JACKSON ST AND S KING ST,,,1,Property Damage Only Collision,Parked Car,2,0,0,2,0,0,0,2009/02/28 00:00:00+00,2/28/2009 15:08,Mid-Block (not related to intersection),16,"MOTOR VEHICLE STRUCK MOTOR VEHICLE, LEFT SIDE SIDESWIPE",Y,0,Overcast,Dry,Daylight,,9059033,,32,One parked--one moving,0,0,N
1276967.017,217865.3178,1510,165300,165320,3583163,Matched,Intersection,31528,20TH AVE S AND S STATE ST, ,,1,Property Damage Only Collision,Angles,2,0,0,2,0,0,0,2014/03/31 00:00:00+00,3/31/2014 13:46,At Intersection (intersection related),11,"MOTOR VEHICLE STRUCK MOTOR VEHICLE, FRONT END AT ANGLE",,N,Clear,Dry,Daylight,,,,10,Entering at angle,0,0,N
1260552.212,198814.4769,1511,80300,80300,2619959,Matched,Block,,30TH AVE SW BETWEEN SW WEBSTER ST AND SW HOLDEN ST,,,1,Property Damage Only Collision,Parked Car,2,0,0,2,0,0,0,2008/04/27 00:00:00+00,4/27/2008 18:22,Mid-Block (but intersection related),11,"MOTOR VEHICLE STRUCK MOTOR VEHICLE, FRONT END AT ANGLE",,0,Raining,Wet,Daylight,,8118018,,32,One parked--one moving,0,0,N
1277262.182,240621.6367,1512,212700,212980,3062271,Matched,Block,,NE PACIFIC ST BETWEEN NE PACIFIC PL AND UNIV HOSPITAL DR,NEI,"Not Enough Information, or Insufficient Location Information",2,Injury Collision,Rear Ended,3,0,0,2,1,0,0,2015/04/14 00:00:00+00,4/14/2015 12:53,,0,NOT ENOUGH INFORMATION / NOT APPLICABLE,Y,N,Clear,Dry,Daylight,,,,14,From same direction - both going straight - one stopped - rear-end,0,0,N
1271310.38,225869.0825,1513,177200,177220,3588651,Matched,Intersection,29916,8TH AVE AND SENECA ST, ,,1,Property Damage Only Collision,Angles,2,0,0,2,0,0,0,2014/10/13 00:00:00+00,10/13/2014 12:14,At Intersection (intersection related),11,"MOTOR VEHICLE STRUCK MOTOR VEHICLE, FRONT END AT ANGLE",,N,Clear,Dry,Daylight,,,,10,Entering at angle,0,0,N
1273166.058,214935.8081,1514,95100,95100,9302051,Unmatched,Intersection,31298,AIRPORT WAY S AND S LANDER S ST,,,0,Unknown,,0,0,0,0,0,0,0,2009/10/29 00:00:00+00,10/29/2009,At Intersection (intersection related),11,"MOTOR VEHICLE STRUCK MOTOR VEHICLE, FRONT END AT ANGLE",,,,,,,9302051,,,,0,0,N
1273638.907,204534.1612,1515,254800,255440,3784720,Matched,Block,,AIRPORT WAY S BETWEEN S CARSTENS PL AND S HOMER ST, ,,1,Property Damage Only Collision,Sideswipe,2,0,0,2,0,0,0,2017/11/18 00:00:00+00,11/18/2017 14:20,Mid-Block (not related to intersection),11,"MOTOR VEHICLE STRUCK MOTOR VEHICLE, FRONT END AT ANGLE",,N,Clear,Dry,Daylight,,,,11,From same direction - both going straight - both moving - sideswipe,0,0,N
1277958.661,221547.1818,1516,84300,84300,2897630,Matched,Block,,S KING ST BETWEEN DEAD END 1 AND 23RD AVE S,,,1,Property Damage Only Collision,Parked Car,2,0,0,2,0,0,0,2008/01/23 00:00:00+00,1/23/2008 19:00,Mid-Block (not related to intersection),16,"MOTOR VEHICLE STRUCK MOTOR VEHICLE, LEFT SIDE SIDESWIPE",,0,Unknown,Unknown,Dusk,,8023032,,32,One parked--one moving,0,0,N
1264280.636,242161.4754,1517,290400,291280,E802104,Matched,Block,,LEARY WAY NW BETWEEN NW 36TH ST AND NW 39TH ST, ,,1,Property Damage Only Collision,Rear Ended,5,0,0,3,0,0,0,2018/05/21 00:00:00+00,5/21/2018 16:20,Mid-Block (not related to intersection),14,"MOTOR VEHICLE STRUCK MOTOR VEHICLE, REAR END",,N,Clear,Dry,Daylight,,,,14,From same direction - both going straight - one stopped - rear-end,0,0,N
1275188.19,208964.2761,1518,134100,134100,3467590,Matched,Intersection,32546,16TH AVE S AND S COLUMBIAN WAY,,,1,Property Damage Only Collision,Left Turn,2,0,0,2,0,0,0,2012/10/30 00:00:00+00,10/30/2012 7:50,,0,NOT ENOUGH INFORMATION / NOT APPLICABLE,,N,Raining,Wet,Dawn,,12304009,,28,From opposite direction - one left turn - one straight,0,0,N
1274276.413,235497.6214,1519,102000,102000,3199562,Matched,Block,,E HOWE ST BETWEEN FEDERAL AVE E AND 11TH AVE E,,,1,Property Damage Only Collision,Parked Car,2,0,0,2,0,0,0,2009/10/04 00:00:00+00,10/4/2009,Mid-Block (not related to intersection),11,"MOTOR VEHICLE STRUCK MOTOR VEHICLE, FRONT END AT ANGLE",,0,Unknown,Unknown,Unknown,,9277026,,32,One parked--one moving,0,0,N
1270206.76,194622.3629,1520,182900,182960,2896641,Matched,Block,,2ND AVE S BETWEEN S TRENTON ST AND S HENDERSON ST, ,,1,Property Damage Only Collision,Parked Car,2,0,0,2,0,0,0,2015/01/02 00:00:00+00,1/2/2015 14:02,Mid-Block (not related to intersection),11,"MOTOR VEHICLE STRUCK MOTOR VEHICLE, FRONT END AT ANGLE",Y,N,Overcast,Dry,Daylight,,,,32,One parked--one moving,0,0,N
1256852.041,202669.2438,1521,158600,158620,C778365,Unmatched,Block,,FAUNTLEROY WAY SW BETWEEN 42ND AVE SW AND CALIFORNIA AVE SW, ,,0,Unknown,,0,0,0,0,0,0,0,2013/05/11 00:00:00+00,5/11/2013,Mid-Block (not related to intersection),14,"MOTOR VEHICLE STRUCK MOTOR VEHICLE, REAR END",,,,,,,,, ,,0,0,N
1267990.216,231530.6299,1522,236600,237040,3747596,Matched,Block,,AURORA AVE N BETWEEN AURORA AV SB OFF RP AND ROY ST, ,,1,Property Damage Only Collision,Rear Ended,2,0,0,2,0,0,0,2017/03/02 00:00:00+00,3/2/2017 14:49,Mid-Block (not related to intersection),14,"MOTOR VEHICLE STRUCK MOTOR VEHICLE, REAR END",,N,Overcast,Wet,Daylight,,,,14,From same direction - both going straight - one stopped - rear-end,0,0,N
1280575.3,264767.4757,1523,72300,72300,C689434,Matched,Block,,31ST AVE NE BETWEEN NE 120TH ST AND NE 123RD ST,,,1,Property Damage Only Collision,Other,2,0,0,2,0,0,0,2007/07/20 00:00:00+00,7/20/2007 13:00,Driveway Junction,11,"MOTOR VEHICLE STRUCK MOTOR VEHICLE, FRONT END AT ANGLE",,0,Raining,Wet,Daylight,,7201069,,22,One car leaving driveway access,0,0,N
1287054.116,187901.8011,1524,239200,239640,3756484,Matched,Intersection,38323,56TH AVE S AND S BANGOR ST, ,,2b,Serious Injury Collision,Other,2,0,0,2,1,1,0,2017/04/18 00:00:00+00,4/18/2017 18:38,At Intersection (intersection related),11,"MOTOR VEHICLE STRUCK MOTOR VEHICLE, FRONT END AT ANGLE",,Y,Raining,Wet,Daylight,,,,23,From same direction - all others,0,0,N
1268590.538,227026.244,1525,132200,132200,3373353,Matched,Intersection,29563,3RD AVE AND VIRGINIA ST,,,1,Property Damage Only Collision,Left Turn,2,0,0,2,0,0,0,2012/03/11 00:00:00+00,3/11/2012 14:16,At Intersection (intersection related),11,"MOTOR VEHICLE STRUCK MOTOR VEHICLE, FRONT END AT ANGLE",,N,Overcast,Dry,Daylight,,12071004,,28,From opposite direction - one left turn - one straight,0,0,N
1278393.103,215424.9174,1526,99600,99600,3285643,Matched,Block,,RAINIER AVE S BETWEEN 25TH AVE S AND S BAYVIEW ST,,,2,Injury Collision,Rear Ended,4,0,0,3,1,0,0,2009/09/21 00:00:00+00,9/21/2009 13:31,Mid-Block (not related to intersection),14,"MOTOR VEHICLE STRUCK MOTOR VEHICLE, REAR END",Y,0,Clear,Dry,Daylight,,9264029,,14,From same direction - both going straight - one stopped - rear-end,0,0,N