X,Y,OBJECTID,INCKEY,COLDETKEY,REPORTNO,STATUS,ADDRTYPE,INTKEY,LOCATION,EXCEPTRSNCODE,EXCEPTRSNDESC,SEVERITYCODE,SEVERITYDESC,COLLISIONTYPE,PERSONCOUNT,PEDCOUNT,PEDCYLCOUNT,VEHCOUNT,INJURIES,SERIOUSINJURIES,FATALITIES,INCDATE,INCDTTM,JUNCTIONTYPE,SDOT_COLCODE,SDOT_COLDESC,INATTENTIONIND,UNDERINFL,WEATHER,ROADCOND,LIGHTCOND,PEDROWNOTGRNT,SDOTCOLNUM,SPEEDING,ST_COLCODE,ST_COLDESC,SEGLANEKEY,CROSSWALKKEY,HITPARKEDCAR
1279467.788,249617.0576,1527,145100,145100,3642202,Matched,Block,,27TH AVE NE BETWEEN NE 62ND ST AND NE 65TH ST, ,,1,Property Damage Only Collision,Parked Car,2,0,0,2,0,0,0,2013/04/26 00:00:00+00,4/26/2013 19:18,Mid-Block (not related to intersection),16,"MOTOR VEHICLE STRUCK MOTOR VEHICLE, LEFT SIDE SIDESWIPE",,N,Clear,Dry,Dusk,,,,32,One parked--one moving,0,0,N
1267191.4,231457.7414,1528,68000,68000,2825931,Matched,Block,,MERCER ST BETWEEN 5TH AVE N AND TAYLOR AVE N,,,1,Property Damage Only Collision,Left Turn,3,0,0,2,0,0,0,2007/09/04 00:00:00+00,9/4/2007,Mid-Block (not related to intersection),11,"MOTOR VEHICLE STRUCK MOTOR VEHICLE, FRONT END AT ANGLE",,0,Raining,Wet,Dark - Street Lights On,,7247003,,15,From same direction - one left turn - one straight,0,0,N
1268319.028,261106.9446,1529,251100,251700,E726532,Matched,Block,,AURORA AVE N BETWEEN N NORTHGATE WAY AND N 107TH S ST, ,,1,Property Damage Only Collision,Parked Car,3,0,0,3,0,0,0,2017/10/23 00:00:00+00,10/23/2017 9:35,Mid-Block (not related to intersection),28,MOTOR VEHICLE RAN OFF ROAD - HIT FIXED OBJECT,,N,Clear,Dry,Daylight,,,,32,One parked--one moving,0,0,N
1263265.764,262803.9009,1530,69300,69300,2830309,Matched,Block,,NW CARKEEK PARK RD BETWEEN POINT B AND POINT C,,,2,Injury Collision,Other,1,0,0,1,1,0,0,2007/08/30 00:00:00+00,8/30/2007 16:20,Mid-Block (not related to intersection),29,MOTOR VEHICLE OVERTURNED IN ROAD,,0,Clear,Dry,Daylight,,7242002,,52,Vehicle overturned,0,0,N
1273553.715,220883.9168,1531,156400,156420,3593867,Matched,Block,,S DEARBORN ST BETWEEN DEARBORN OFF RP AND DEARBORN ST OFF RP, ,,1,Property Damage Only Collision,Other,3,0,0,2,0,0,0,2013/11/05 00:00:00+00,11/5/2013 8:12,Mid-Block (not related to intersection),14,"MOTOR VEHICLE STRUCK MOTOR VEHICLE, REAR END",,N,Raining,Wet,Daylight,,,,23,From same direction - all others,0,0,N
1276260.578,203011.2836,1532,287200,288080,3814779,Matched,Intersection,33396,SWIFT AVE S AND S GRAHAM ST,NEI,"Not Enough Information, or Insufficient Location Information",2,Injury Collision,Rear Ended,4,0,0,2,1,0,0,2018/05/11 00:00:00+00,5/11/2018 19:00,At Intersection (intersection related),0,NOT ENOUGH INFORMATION / NOT APPLICABLE,,N,Clear,Dry,Daylight,,,,14,From same direction - both going straight - one stopped - rear-end,0,0,N
1277442.687,217041.3664,1533,136900,136900,3502307,Matched,Intersection,31548,22ND AVE S AND S PLUM ST,,,1,Property Damage Only Collision,Angles,2,0,0,2,0,0,0,2012/11/04 00:00:00+00,11/4/2012 17:23,At Intersection (intersection related),11,"MOTOR VEHICLE STRUCK MOTOR VEHICLE, FRONT END AT ANGLE",,N,Raining,Wet,Dark - Street Lights On,,12309012,,10,Entering at angle,0,0,N
1270306.74,231478.6133,1534,127600,127600,3383384,Matched,Intersection,28760,FAIRVIEW AVE N AND MERCER ST,,,1,Property Damage Only Collision,Left Turn,3,0,0,2,0,0,0,2011/01/12 00:00:00+00,1/12/2011 10:00,At Intersection (intersection related),11,"MOTOR VEHICLE STRUCK MOTOR VEHICLE, FRONT END AT ANGLE",,N,Raining,Wet,Daylight,,11012015,,15,From same direction - one left turn - one straight,0,0,N
1271060.405,223764.3211,1535,149900,149920,3573341,Matched,Block,,4TH AVE BETWEEN JAMES ST AND CHERRY ST, ,,1,Property Damage Only Collision,Sideswipe,5,0,0,2,0,0,0,2013/07/09 00:00:00+00,7/9/2013 19:23,Mid-Block (not related to intersection),11,"MOTOR VEHICLE STRUCK MOTOR VEHICLE, FRONT END AT ANGLE",Y,N,Clear,Dry,Daylight,,,,11,From same direction - both going straight - both moving - sideswipe,0,0,N
1275438.693,265944.6609,1536,125300,125300,3466678,Matched,Intersection,36429,11TH AVE NE AND NE 125TH ST,,,1,Property Damage Only Collision,Right Turn,4,0,0,2,0,0,0,2011/08/02 00:00:00+00,8/2/2011,At Intersection (intersection related),11,"MOTOR VEHICLE STRUCK MOTOR VEHICLE, FRONT END AT ANGLE",,0,Clear,Dry,Daylight,,11214001,,16,From same direction - one right turn - one straight,0,0,N
1267748.22,234303.4064,1537,216700,216980,E528710,Matched,Block,,GALER ST BETWEEN 6TH AVE N AND DEAD END 4, ,,1,Property Damage Only Collision,Other,5,0,0,5,0,0,0,2016/03/27 00:00:00+00,3/27/2016 22:19,Mid-Block (not related to intersection),14,"MOTOR VEHICLE STRUCK MOTOR VEHICLE, REAR END",,N,Clear,Dry,Dark - Street Lights On,,,,56,Breakage of any part of the vehicle resulting in injury or in further property damage,0,0,N
1276704.569,202429.5761,1538,111900,111900,3384019,Matched,Intersection,34378,SWIFT AVE S AND S EDDY ST,,,1,Property Damage Only Collision,Rear Ended,2,0,0,2,0,0,0,2010/05/03 00:00:00+00,5/3/2010 17:00,At Intersection (intersection related),14,"MOTOR VEHICLE STRUCK MOTOR VEHICLE, REAR END",,N,Clear,Dry,Daylight,,10123023,,14,From same direction - both going straight - one stopped - rear-end,0,0,N
1277295.745,212091.0821,1539,117200,117200,3372654,Matched,Intersection,32540,21ST AVE S AND S SPOKANE ST,,,1,Property Damage Only Collision,Right Turn,3,0,0,2,0,0,0,2010/12/26 00:00:00+00,12/26/2010 17:40,At Intersection (intersection related),11,"MOTOR VEHICLE STRUCK MOTOR VEHICLE, FRONT END AT ANGLE",,N,Raining,Wet,Dark - Street Lights On,,10360005,,16,From same direction - one right turn - one straight,0,0,N
1262485.291,249019.7999,1540,144700,144700,3615335,Unmatched,Block,,NW 60TH ST BETWEEN 8TH AVE NW AND 9TH AVE NW,NEI,"Not Enough Information, or Insufficient Location Information",0,Unknown,,0,0,0,0,0,0,0,2013/04/18 00:00:00+00,4/18/2013,Mid-Block (not related to intersection),0,NOT ENOUGH INFORMATION / NOT APPLICABLE,,,,,,,,, ,,0,0,N
1282588.252,248221.5417,1541,67200,67200,2184688,Matched,Block,,39TH AVE NE BETWEEN NE 57TH ST AND NE 60TH ST,,,1,Property Damage Only Collision,Parked Car,2,0,0,2,0,0,0,2007/03/20 00:00:00+00,3/20/2007 8:00,Mid-Block (not related to intersection),16,"MOTOR VEHICLE STRUCK MOTOR VEHICLE, LEFT SIDE SIDESWIPE",,0,Unknown,Unknown,Unknown,,7079014,,32,One parked--one moving,0,0,N
1271968.852,224124.5582,1542,250400,251000,E694074,Unmatched,Intersection,29962,7TH AVE AND JAMES ST,NEI,"Not Enough Information, or Insufficient Location Information",1,Property Damage Only Collision,,2,0,0,0,0,0,0,2017/07/21 00:00:00+00,7/21/2017,At Intersection (intersection related),0,NOT ENOUGH INFORMATION / NOT APPLICABLE,,,,,,,,, ,,0,0,N
1257050.191,214762.0561,1543,155200,155220,3465542,Matched,Block,,CALIFORNIA AVE SW BETWEEN SW LANDER ST AND SW STEVENS ST, ,,1,Property Damage Only Collision,Parked Car,2,0,0,2,0,0,0,2013/10/09 00:00:00+00,10/9/2013 13:20,Mid-Block (not related to intersection),14,"MOTOR VEHICLE STRUCK MOTOR VEHICLE, REAR END",Y,N,Clear,Dry,Daylight,,,,32,One parked--one moving,0,0,N
1275885.729,241688.878,1544,66600,66600,2620644,Matched,Intersection,27149,15TH AVE NE AND NE PACIFIC ST,,,2,Injury Collision,Angles,4,0,0,2,2,0,0,2007/07/10 00:00:00+00,7/10/2007 19:08,At Intersection (intersection related),11,"MOTOR VEHICLE STRUCK MOTOR VEHICLE, FRONT END AT ANGLE",,0,Clear,Dry,Daylight,,7191012,,10,Entering at angle,0,0,N
1277546.474,271180.1689,1545,282700,283560,E777680,Matched,Block,,NE 145TH ST BETWEEN 19TH AVE NE AND 20TH AVE NE, ,,1,Property Damage Only Collision,Rear Ended,3,0,0,3,0,0,0,2018/02/23 00:00:00+00,2/23/2018 15:51,Mid-Block (not related to intersection),14,"MOTOR VEHICLE STRUCK MOTOR VEHICLE, REAR END",,N,Blowing Sand/Dirt,Snow/Slush,Daylight,,,Y,14,From same direction - both going straight - one stopped - rear-end,0,0,N
1266073.315,231833.071,1546,174300,174320,3505820,Matched,Intersection,28885,3RD AVE N AND ROY ST, ,,2,Injury Collision,Cycles,2,0,1,1,1,0,0,2014/08/25 00:00:00+00,8/25/2014 15:26,At Intersection (intersection related),51,PEDALCYCLIST STRUCK MOTOR VEHICLE FRONT END AT ANGLE,,N,Clear,Dry,Daylight,,,,45,Vehicle - Pedalcyclist,12407,0,N
1271955.157,254127.7304,1547,249200,249800,E713507,Matched,Intersection,24535,SUNNYSIDE AVE N AND N 80TH E ST, ,,1,Property Damage Only Collision,Left Turn,0,0,0,2,0,0,0,2017/09/14 00:00:00+00,9/14/2017 9:49,At Intersection (intersection related),11,"MOTOR VEHICLE STRUCK MOTOR VEHICLE, FRONT END AT ANGLE",,N,Clear,Dry,Daylight,,,,28,From opposite direction - one left turn - one straight,0,0,N
1271692.215,223960.6673,1548,95600,95600,C721891,Matched,Intersection,29973,6TH AVE AND JAMES ST,,,1,Property Damage Only Collision,Rear Ended,2,0,0,2,0,0,0,2009/05/07 00:00:00+00,5/7/2009,At Intersection (but not related to intersection),14,"MOTOR VEHICLE STRUCK MOTOR VEHICLE, REAR END",,0,Unknown,Unknown,Unknown,,9127029,,14,From same direction - both going straight - one stopped - rear-end,0,0,N
1271437.769,222154.4498,1549,197100,197220,3696599,Matched,Intersection,30509,4TH AVE S AND S JACKSON ST, ,,2,Injury Collision,Angles,6,0,0,2,1,0,0,2015/07/02 00:00:00+00,7/2/2015 17:15,At Intersection (intersection related),11,"MOTOR VEHICLE STRUCK MOTOR VEHICLE, FRONT END AT ANGLE",,N,Clear,Dry,Daylight,,,,10,Entering at angle,0,0,N
1272466.151,236110.7335,1550,111400,111400,3345876,Matched,Block,,EASTLAKE AVE E BETWEEN E NEWTON ST AND E BOSTON ST,,,1,Property Damage Only Collision,Parked Car,2,0,0,2,0,0,0,2010/10/04 00:00:00+00,10/4/2010 21:15,Mid-Block (not related to intersection),14,"MOTOR VEHICLE STRUCK MOTOR VEHICLE, REAR END",,N,Unknown,Unknown,Unknown,,10277006,,32,One parked--one moving,0,0,N
1274689.26,223001.7594,1551,135400,135400,3552037,Matched,Block,,E YESLER WAY BETWEEN 12TH AVE AND 13TH AVE,,,2,Injury Collision,Rear Ended,3,0,0,2,3,0,0,2012/03/17 00:00:00+00,3/17/2012 15:00,Mid-Block (but intersection related),14,"MOTOR VEHICLE STRUCK MOTOR VEHICLE, REAR END",,Y,Clear,Dry,Daylight,,12077012,,14,From same direction - both going straight - one stopped - rear-end,0,0,N
1273982.938,231251.3743,1552,102300,102300,3287462,Matched,Block,,E MERCER ST BETWEEN 10TH AVE E AND FEDERAL AVE E,,,1,Property Damage Only Collision,Parked Car,2,0,0,2,0,0,0,2009/05/15 00:00:00+00,5/15/2009 21:54,Mid-Block (not related to intersection),11,"MOTOR VEHICLE STRUCK MOTOR VEHICLE, FRONT END AT ANGLE",,0,Clear,Dry,Dark - Street Lights On,,9135044,,32,One parked--one moving,0,0,N
,,1553,143700,143700,3581432,Matched,Alley,,, ,,1,Property Damage Only Collision,Other,4,0,0,2,0,0,0,2013/01/19 00:00:00+00,1/19/2013 23:58,,0,NOT ENOUGH INFORMATION / NOT APPLICABLE,,N,Fog/Smog/Smoke,Dry,Dark - Street Lights On,,13019015,,23,From same direction - all others,0,0,N
1285339.865,204358.8577,1554,222700,222980,3726438,Matched,Block,,S ORCAS ST BETWEEN 48TH AVE S AND 51ST AVE S, ,,1,Property Damage Only Collision,Parked Car,2,0,0,2,0,0,0,2016/05/15 00:00:00+00,5/15/2016 3:10,Mid-Block (not related to intersection),14,"MOTOR VEHICLE STRUCK MOTOR VEHICLE, REAR END",,Y,Overcast,Wet,Dark - Street Lights On,,,,32,One parked--one moving,0,0,N
1278980.944,217780.994,1555,192500,192580,E421010,Matched,Block,,M L KING JR WAY S BETWEEN S MASSACHUSETTS ST AND S GRAND ST, ,,2,Injury Collision,Head On,0,0,0,2,1,0,0,2015/04/24 00:00:00+00,4/24/2015 22:46,Mid-Block (not related to intersection),11,"MOTOR VEHICLE STRUCK MOTOR VEHICLE, FRONT END AT ANGLE",,N,Clear,Dry,Dark - Street Lights On,,,,25,From opposite direction - one stopped - head-on,0,0,N
1268339.345,263486.02,1556,88500,88500,2897303,Matched,Intersection,36342,AURORA AVE N AND N 115TH ST, ,,2,Injury Collision,Pedestrian,2,1,0,1,1,0,0,2008/03/05 00:00:00+00,3/5/2008,At Intersection (intersection related),24,MOTOR VEHCILE STRUCK PEDESTRIAN,,0,Clear,Dry,Daylight,,8065002,,0,Vehicle going straight hits pedestrian,0,521690,N
1264613.161,255642.0998,1557,159200,159220,C781192,Unmatched,Block,,NW 85TH ST BETWEEN 1ST AVE NW AND 3RD AVE NW, ,,0,Unknown,,0,0,0,0,0,0,0,2013/08/16 00:00:00+00,8/16/2013,Mid-Block (not related to intersection),14,"MOTOR VEHICLE STRUCK MOTOR VEHICLE, REAR END",,,,,,,,, ,,0,0,N
1281704.342,206294.7628,1558,237100,237540,3756104,Matched,Block,,37TH AVE S BETWEEN S HUDSON ST AND S DAWSON ST, ,,1,Property Damage Only Collision,Parked Car,2,0,0,2,0,0,0,2017/03/17 00:00:00+00,3/17/2017 23:15,Mid-Block (not related to intersection),11,"MOTOR VEHICLE STRUCK MOTOR VEHICLE, FRONT END AT ANGLE",,N,Other,Unknown,Dark - Street Lights On,,,,32,One parked--one moving,0,0,N
1259509.387,208655.1694,1559,78400,78400,2609327,Matched,Block,,35TH AVE SW BETWEEN SW SNOQUALMIE ST AND SW ALASKA ST,,,1,Property Damage Only Collision,Other,1,0,0,1,0,0,0,2007/01/10 00:00:00+00,1/10/2007 16:55,Mid-Block (not related to intersection),28,MOTOR VEHICLE RAN OFF ROAD - HIT FIXED OBJECT,,0,Snowing,Ice,Dark - Street Lights On,,7010004,,50,Fixed object,0,0,N
1271200.939,202625.3544,1560,221300,221580,3735611,Matched,Intersection,34220,5TH AVE S AND S MICHIGAN ST, ,,2,Injury Collision,Angles,3,0,0,2,1,0,0,2016/06/06 00:00:00+00,6/6/2016 14:28,At Intersection (intersection related),11,"MOTOR VEHICLE STRUCK MOTOR VEHICLE, FRONT END AT ANGLE",,N,Clear,Dry,Daylight,,,,10,Entering at angle,0,0,N
1258658.071,209042.6703,1561,189600,189680,C792137,Unmatched,Block,,FAUNTLEROY WAY SW BETWEEN SW OREGON ST AND 38TH AVE SW, ,,0,Unknown,,0,0,0,0,0,0,0,2014/07/12 00:00:00+00,7/12/2014,Mid-Block (not related to intersection),11,"MOTOR VEHICLE STRUCK MOTOR VEHICLE, FRONT END AT ANGLE",,,,,,,,, ,,0,0,N
1275760.677,229843.4472,1562,86900,86900,3280195,Matched,Block,,E THOMAS ST BETWEEN 15TH S AVE E AND 16TH AVE E,,,1,Property Damage Only Collision,Parked Car,2,0,0,2,0,0,0,2008/10/20 00:00:00+00,10/20/2008 14:00,Mid-Block (not related to intersection),14,"MOTOR VEHICLE STRUCK MOTOR VEHICLE, REAR END",Y,0,Raining,Wet,Daylight,,8294008,,32,One parked--one moving,0,0,N
1261661.34,235757.5559,1563,131500,131500,3507492,Unmatched,Block,,W HOWE ST BETWEEN 9TH AVE W AND 10TH AVE W,,,0,Unknown,,0,0,0,0,0,0,0,2012/08/21 00:00:00+00,8/21/2012,,0,NOT ENOUGH INFORMATION / NOT APPLICABLE,,,,,,,12234015,,,,0,0,N
1274518.803,225966.6192,1564,195300,195400,3736142,Matched,Block,,12TH AVE BETWEEN E COLUMBIA ST AND E MARION ST,NEI,"Not Enough Information, or Insufficient Location Information",1,Property Damage Only Collision,Parked Car,2,0,0,2,0,0,0,2015/06/06 00:00:00+00,6/6/2015 9:00,,0,NOT ENOUGH INFORMATION / NOT APPLICABLE,,N,Unknown,Unknown,Unknown,,,,32,One parked--one moving,0,0,Y
1274555.218,229873.6299,1565,110400,110400,3329470,Matched,Block,,12TH AVE E BETWEEN E JOHN ST AND E THOMAS ST,,,1,Property Damage Only Collision,Angles,3,0,0,2,0,0,0,2010/12/20 00:00:00+00,12/20/2010 12:04,Mid-Block (not related to intersection),11,"MOTOR VEHICLE STRUCK MOTOR VEHICLE, FRONT END AT ANGLE",,N,Raining,Wet,Daylight,,10354033,,10,Entering at angle,0,0,N
1283259.43,195266.7491,1566,290300,291180,3418028,Matched,Intersection,487284,M L KING JR ER WAY S AND S CLOVERDALE ST, ,,1,Property Damage Only Collision,Other,2,0,0,2,0,0,0,2018/05/03 00:00:00+00,5/3/2018 18:40,At Intersection (intersection related),25,MOTOR VEHICLE STRUCK TRAIN,Y,N,Clear,Dry,Daylight,,,,40,Railway Vehicle Strikes Vehicle,0,0,N
1276967.017,217865.3178,1567,191400,191480,3548870,Matched,Intersection,31528,20TH AVE S AND S STATE ST, ,,1,Property Damage Only Collision,Angles,3,0,0,2,0,0,0,2015/04/28 00:00:00+00,4/28/2015 18:15,At Intersection (intersection related),11,"MOTOR VEHICLE STRUCK MOTOR VEHICLE, FRONT END AT ANGLE",,N,Raining,Wet,Daylight,,,,10,Entering at angle,0,0,N
1281187.387,202590.9781,1568,101500,101500,2804191,Matched,Block,,S GRAHAM ST BETWEEN 33RD AVE S AND M L KING JR WR WAY S,,,1,Property Damage Only Collision,Sideswipe,2,0,0,2,0,0,0,2009/05/02 00:00:00+00,5/2/2009,Mid-Block (but intersection related),16,"MOTOR VEHICLE STRUCK MOTOR VEHICLE, LEFT SIDE SIDESWIPE",,0,Clear,Dry,Dawn,,9122042,,81,Same direction -- both turning left -- both moving -- sideswipe,0,0,N
1271178.202,252614.1462,1569,161800,161820,3572916,Matched,Block,,EAST GREEN LAKE DR N BETWEEN BAGLEY AVE N AND MERIDIAN AVE N, ,,1,Property Damage Only Collision,Parked Car,2,0,0,2,0,0,0,2014/02/09 00:00:00+00,2/9/2014 1:00,Mid-Block (not related to intersection),13,"MOTOR VEHICLE STRUCK MOTOR VEHICLE, LEFT SIDE AT ANGLE",,N,Snowing,Snow/Slush,Dark - Street Lights On,,,,32,One parked--one moving,0,0,N
1276447.206,225491.6012,1570,141200,141200,3551979,Matched,Block,,18TH AVE BETWEEN E CHERRY ST AND E COLUMBIA ST,,,1,Property Damage Only Collision,Parked Car,2,0,0,2,0,0,0,2012/03/08 00:00:00+00,3/8/2012 22:00,Mid-Block (not related to intersection),11,"MOTOR VEHICLE STRUCK MOTOR VEHICLE, FRONT END AT ANGLE",Y,N,Unknown,Unknown,Dark - Street Lights On,,12068019,,32,One parked--one moving,0,0,N
1268979.151,260820.5112,1571,260700,261400,C813070,Unmatched,Intersection,37279,STONE AVE N AND N NORTHGATE WAY, ,,0,Unknown,,0,0,0,0,0,0,0,2016/09/13 00:00:00+00,9/13/2016,At Intersection (intersection related),14,"MOTOR VEHICLE STRUCK MOTOR VEHICLE, REAR END",,,,,,,,, ,,0,0,N
1281511.058,252221.5825,1572,112900,112900,3284786,Matched,Block,,35TH AVE NE BETWEEN NE 73RD ST AND NE 75TH ST,,,1,Property Damage Only Collision,Parked Car,2,0,0,2,0,0,0,2010/05/07 00:00:00+00,5/7/2010 11:51,Driveway Junction,14,"MOTOR VEHICLE STRUCK MOTOR VEHICLE, REAR END",,N,Clear,Dry,Daylight,,10127045,,32,One parked--one moving,0,0,N
,,1573,264100,264880,E743191,Matched,Intersection,30534,4TH AVE S AND XW WELLER, ,,2,Injury Collision,Left Turn,5,0,0,2,1,0,0,2017/10/22 00:00:00+00,10/22/2017 9:22,At Intersection (intersection related),11,"MOTOR VEHICLE STRUCK MOTOR VEHICLE, FRONT END AT ANGLE",,N,Clear,Dry,Daylight,,,,28,From opposite direction - one left turn - one straight,0,0,N
1267763.17,228649.2832,1574,86500,86500,2804917,Matched,Intersection,29532,5TH AVE AND BATTERY ST,,,2,Injury Collision,Left Turn,3,0,0,2,1,0,0,2008/02/16 00:00:00+00,2/16/2008 7:41,At Intersection (intersection related),11,"MOTOR VEHICLE STRUCK MOTOR VEHICLE, FRONT END AT ANGLE",,0,Overcast,Wet,Daylight,,8047018,,15,From same direction - one left turn - one straight,0,0,N
1266723.076,241255.1142,1575,165900,165920,3597124,Matched,Block,,N 36TH ST BETWEEN FREMONT AVE N AND FREMONT LN N, ,,1,Property Damage Only Collision,Parked Car,2,0,0,2,0,0,0,2014/04/01 00:00:00+00,4/1/2014 16:40,Mid-Block (not related to intersection),16,"MOTOR VEHICLE STRUCK MOTOR VEHICLE, LEFT SIDE SIDESWIPE",Y,N,Clear,Dry,Daylight,,,,32,One parked--one moving,0,0,N
1271833.904,228667.5061,1576,107400,107400,3559477,Matched,Intersection,29848,MELROSE AVE AND E OLIVE PL,,,2,Injury Collision,Cycles,2,0,1,1,1,0,0,2010/12/02 00:00:00+00,12/2/2010 8:28,At Intersection (intersection related),51,PEDALCYCLIST STRUCK MOTOR VEHICLE FRONT END AT ANGLE,,N,Overcast,Dry,Daylight,Y,10336004,,45,Vehicle - Pedalcyclist,11522,0,N
1273861.425,234317.5774,1577,213600,213860,3704178,Matched,Block,,10TH AVE E BETWEEN E GALER ST AND E GARFIELD ST, ,,1,Property Damage Only Collision,Rear Ended,2,0,0,2,0,0,0,2016/02/16 00:00:00+00,2/16/2016 15:16,Mid-Block (but intersection related),14,"MOTOR VEHICLE STRUCK MOTOR VEHICLE, REAR END",Y,N,Clear,Dry,Daylight,,,,13,From same direction - both going straight - both moving - rear-end,0,0,N
1276249.362,256640.8829,1578,139300,139300,3508134,Matched,Intersection,37534,15TH AVE NE AND NE 90TH ST,,,2,Injury Collision,Left Turn,2,0,0,2,1,0,0,2012/11/14 00:00:00+00,11/14/2012 13:19,At Intersection (intersection related),11,"MOTOR VEHICLE STRUCK MOTOR VEHICLE, FRONT END AT ANGLE",,N,Clear,Dry,Daylight,,12319017,,28,From opposite direction - one left turn - one straight,0,0,N
1275583.481,247700.7195,1579,286600,287460,E794433,Matched,Intersection,25748,BROOKLYN AVE NE AND NE 56TH ST, ,,2,Injury Collision,Angles,3,0,0,2,1,0,0,2018/05/01 00:00:00+00,5/1/2018 20:21,At Intersection (intersection related),11,"MOTOR VEHICLE STRUCK MOTOR VEHICLE, FRONT END AT ANGLE",,N,Clear,Dry,Dark - Street Lights On,,,,10,Entering at angle,0,0,N
1269648.388,200448.3813,1580,154400,154420,E189007,Matched,Block,,1ST AVE S BETWEEN SW MICHIGAN ST AND WEST MARGINAL WAY S, ,,1,Property Damage Only Collision,Rear Ended,4,0,0,3,0,0,0,2012/08/24 00:00:00+00,8/24/2012 13:11,Mid-Block (not related to intersection),14,"MOTOR VEHICLE STRUCK MOTOR VEHICLE, REAR END",,N,Clear,Dry,Daylight,,,Y,13,From same direction - both going straight - both moving - rear-end,0,0,N
1278187.664,232080.0757,1581,128100,128100,3559766,Matched,Intersection,29328,23RD AVE E AND E ALOHA ST,,,2,Injury Collision,Other,2,0,0,2,1,0,0,2011/01/30 00:00:00+00,1/30/2011 1:48,At Intersection (intersection related),14,"MOTOR VEHICLE STRUCK MOTOR VEHICLE, REAR END",,Y,Raining,Wet,Dark - Street Lights On,,11030004,Y,23,From same direction - all others,0,0,N
1270450.28,257474.7519,1582,169900,169920,3576661,Matched,Block,,N 92ND ST BETWEEN WALLINGFORD AVE N AND COLLEGE WAY N, ,,1,Property Damage Only Collision,Rear Ended,2,0,0,2,0,0,0,2014/06/13 00:00:00+00,6/13/2014 15:56,Mid-Block (not related to intersection),14,"MOTOR VEHICLE STRUCK MOTOR VEHICLE, REAR END",,N,Clear,Dry,Daylight,,,,14,From same direction - both going straight - one stopped - rear-end,0,0,N
1270839.512,244456.4063,1583,157600,157620,3570665,Unmatched,Block,,N 44TH ST BETWEEN MERIDIAN AVE N AND BAGLEY AVE N, ,,0,Unknown,,0,0,0,0,0,0,0,2013/11/24 00:00:00+00,11/24/2013,Mid-Block (not related to intersection),0,NOT ENOUGH INFORMATION / NOT APPLICABLE,,,,,,,,, ,,0,0,N
1267428.198,227648.0386,1584,258700,259360,3753712,Matched,Intersection,29702,2ND AVE AND BELL ST, ,,2,Injury Collision,Pedestrian,2,1,0,1,1,0,0,2017/12/07 00:00:00+00,12/7/2017 21:24,At Intersection (intersection related),24,MOTOR VEHCILE STRUCK PEDESTRIAN,,N,Clear,Dry,Dark - Street Lights On,,,,2,Vehicle turning left hits pedestrian,0,521005,N
1260276.163,254032.2266,1585,98200,98200,C720790,Matched,Block,,15TH AVE NW BETWEEN NW 77TH ST AND NW 80TH ST,,,2,Injury Collision,Left Turn,2,0,0,2,1,0,0,2009/05/01 00:00:00+00,5/1/2009,Driveway Junction,11,"MOTOR VEHICLE STRUCK MOTOR VEHICLE, FRONT END AT ANGLE",,0,Clear,Dry,Daylight,,9121045,,28,From opposite direction - one left turn - one straight,0,0,N
1260865.706,209782.2102,1586,136000,136000,3547445,Matched,Intersection,32144,30TH AVE SW AND SW GENESEE ST,,,1,Property Damage Only Collision,Angles,3,0,0,2,0,0,0,2012/09/08 00:00:00+00,9/8/2012 17:43,At Intersection (intersection related),11,"MOTOR VEHICLE STRUCK MOTOR VEHICLE, FRONT END AT ANGLE",,N,Clear,Dry,Daylight,,12252005,Y,10,Entering at angle,0,0,N
1273155.443,224648.9164,1587,167600,167620,3199491,Matched,Block,,BOREN AVE BETWEEN JEFFERSON ST AND JAMES ST, ,,1,Property Damage Only Collision,Rear Ended,2,0,0,2,0,0,0,2014/05/08 00:00:00+00,5/8/2014 16:20,Mid-Block (but intersection related),14,"MOTOR VEHICLE STRUCK MOTOR VEHICLE, REAR END",,N,Raining,Wet,Daylight,,,Y,13,From same direction - both going straight - both moving - rear-end,0,0,N
1287761.648,189190.2137,1588,185700,185780,3549977,Matched,Block,,S RYAN ST BETWEEN 57TH E AVE S AND 59TH AVE S, ,,2,Injury Collision,Parked Car,4,0,0,2,1,0,0,2015/02/18 00:00:00+00,2/18/2015 15:10,Mid-Block (not related to intersection),11,"MOTOR VEHICLE STRUCK MOTOR VEHICLE, FRONT END AT ANGLE",,N,Clear,Dry,Daylight,,,,20,One car leaving parked position,0,0,N
1267074.403,233231.5158,1589,250100,250700,E677149,Unmatched,Block,,5TH AVE N BETWEEN PROSPECT ST AND HIGHLAND DR, ,,0,Unknown,,2,0,0,0,0,0,0,2017/05/31 00:00:00+00,5/31/2017,Mid-Block (not related to intersection),0,NOT ENOUGH INFORMATION / NOT APPLICABLE,,,,,,,,, ,,0,0,Y
1276196.425,253646.6234,1590,176800,176820,3591746,Matched,Block,,15TH AVE NE BETWEEN NE 77TH ST AND NE 80TH ST, ,,1,Property Damage Only Collision,Sideswipe,2,0,0,2,0,0,0,2014/10/06 00:00:00+00,10/6/2014 17:40,Mid-Block (not related to intersection),11,"MOTOR VEHICLE STRUCK MOTOR VEHICLE, FRONT END AT ANGLE",Y,N,Clear,Dry,Daylight,,,,11,From same direction - both going straight - both moving - sideswipe,0,0,N