X,Y,OBJECTID,INCKEY,COLDETKEY,REPORTNO,STATUS,ADDRTYPE,INTKEY,LOCATION,EXCEPTRSNCODE,EXCEPTRSNDESC,SEVERITYCODE,SEVERITYDESC,COLLISIONTYPE,PERSONCOUNT,PEDCOUNT,PEDCYLCOUNT,VEHCOUNT,INJURIES,SERIOUSINJURIES,FATALITIES,INCDATE,INCDTTM,JUNCTIONTYPE,SDOT_COLCODE,SDOT_COLDESC,INATTENTIONIND,UNDERINFL,WEATHER,ROADCOND,LIGHTCOND,PEDROWNOTGRNT,SDOTCOLNUM,SPEEDING,ST_COLCODE,ST_COLDESC,SEGLANEKEY,CROSSWALKKEY,HITPARKEDCAR
1268950.511,226064.2552,1591,219700,219980,E537572,Matched,Block,,2ND AVE BETWEEN PIKE ST AND PINE ST, ,,1,Property Damage Only Collision,Cycles,0,0,1,1,0,0,0,2016/04/19 00:00:00+00,4/19/2016 8:30,Mid-Block (but intersection related),54,PEDALCYCLIST STRUCK MOTOR VEHICLE REAR END,,N,Clear,Dry,Daylight,,,,45,Vehicle - Pedalcyclist,12181,0,N
1257770.966,204430.1414,1592,79200,79200,C684053,Matched,Intersection,32824,40TH AVE SW AND FAUNTLEROY N WAY SW,,,1,Property Damage Only Collision,Parked Car,2,0,0,2,0,0,0,2007/03/28 00:00:00+00,3/28/2007 18:25,At Intersection (intersection related),11,"MOTOR VEHICLE STRUCK MOTOR VEHICLE, FRONT END AT ANGLE",,0,Clear,Dry,Daylight,,7087034,,20,One car leaving parked position,0,0,N
1272053.795,220916.7845,1593,245600,246200,E688284,Matched,Intersection,30542,6TH AVE S AND S DEARBORN ST, ,,1,Property Damage Only Collision,Right Turn,3,0,0,2,0,0,0,2017/06/29 00:00:00+00,6/29/2017 12:35,At Intersection (but not related to intersection),11,"MOTOR VEHICLE STRUCK MOTOR VEHICLE, FRONT END AT ANGLE",Y,N,Clear,Dry,Daylight,,,,16,From same direction - one right turn - one straight,0,0,N
1272637.494,219661.9117,1594,122900,122900,3375960,Matched,Intersection,30555,AIRPORT WAY S AND S ROYAL BROUGHAM WAY,,,2,Injury Collision,Angles,2,0,0,2,2,0,0,2011/08/02 00:00:00+00,8/2/2011,At Intersection (intersection related),11,"MOTOR VEHICLE STRUCK MOTOR VEHICLE, FRONT END AT ANGLE",,0,Clear,Dry,Daylight,,11214015,,10,Entering at angle,0,0,N
1257874.685,208508.4067,1595,82000,82000,2619794,Matched,Intersection,31919,40TH AVE SW AND SW ALASKA ST,,,2,Injury Collision,Angles,3,0,0,2,2,0,0,2008/02/08 00:00:00+00,2/8/2008,At Intersection (intersection related),11,"MOTOR VEHICLE STRUCK MOTOR VEHICLE, FRONT END AT ANGLE",,0,Raining,Wet,Daylight,,8039023,,10,Entering at angle,0,0,N
1260946.336,254355.9687,1596,196000,196100,3738638,Matched,Intersection,24130,14TH AVE NW AND NW 80TH ST, ,,1,Property Damage Only Collision,Angles,5,0,0,4,0,0,0,2015/06/21 00:00:00+00,6/21/2015 19:36,At Intersection (intersection related),11,"MOTOR VEHICLE STRUCK MOTOR VEHICLE, FRONT END AT ANGLE",,N,Clear,Dry,Daylight,,,,10,Entering at angle,0,0,N
1272868.216,246128.2336,1597,70300,70300,2894762,Matched,Intersection,25867,LATONA AVE NE AND NE 50TH E ST,,,1,Property Damage Only Collision,Left Turn,4,0,0,2,0,0,0,2007/12/23 00:00:00+00,12/23/2007 21:00,At Intersection (intersection related),11,"MOTOR VEHICLE STRUCK MOTOR VEHICLE, FRONT END AT ANGLE",,0,Raining,Wet,Dark - Street Lights On,,7357005,,28,From opposite direction - one left turn - one straight,0,0,N
,,1598,208700,208920,C803848,Unmatched,,,,NEI,"Not Enough Information, or Insufficient Location Information",0,Unknown,,0,0,0,0,0,0,0,2015/06/25 00:00:00+00,6/25/2015,,0,NOT ENOUGH INFORMATION / NOT APPLICABLE,,,,,,,,, ,,0,0,N
1252380.143,215920.7317,1599,153400,153420,3465023,Matched,Block,,ALKI AVE SW BETWEEN 57TH AVE SW AND 58TH AVE SW, ,,1,Property Damage Only Collision,Other,5,0,0,2,0,0,0,2013/08/31 00:00:00+00,8/31/2013 17:48,Mid-Block (not related to intersection),11,"MOTOR VEHICLE STRUCK MOTOR VEHICLE, FRONT END AT ANGLE",Y,N,Clear,Dry,Daylight,,,,23,From same direction - all others,0,0,N
1273940.009,246097.7338,1600,142400,142400,3508127,Matched,Intersection,25786,7TH AVE NE AND NE 50TH ST,,,1,Property Damage Only Collision,Angles,2,0,0,2,0,0,0,2012/10/15 00:00:00+00,10/15/2012 9:47,At Intersection (intersection related),11,"MOTOR VEHICLE STRUCK MOTOR VEHICLE, FRONT END AT ANGLE",,N,Overcast,Dry,Daylight,,12289040,,10,Entering at angle,0,0,N
1270635.753,225114.0574,1601,178300,178320,3588646,Matched,Intersection,29933,5TH AVE AND SPRING ST, ,,1,Property Damage Only Collision,Angles,2,0,0,2,0,0,0,2014/10/25 00:00:00+00,10/25/2014 2:28,At Intersection (intersection related),11,"MOTOR VEHICLE STRUCK MOTOR VEHICLE, FRONT END AT ANGLE",Y,N,Clear,Dry,Dark - Street Lights On,,,,10,Entering at angle,0,0,N
1288846.837,188626.0189,1602,257300,257940,E729765,Matched,Intersection,38235,62ND AVE S AND S PRENTICE ST, ,,1,Property Damage Only Collision,Angles,2,0,0,2,0,0,0,2017/08/11 00:00:00+00,8/11/2017 14:57,At Intersection (intersection related),11,"MOTOR VEHICLE STRUCK MOTOR VEHICLE, FRONT END AT ANGLE",Y,N,Clear,Dry,Daylight,,,,10,Entering at angle,0,0,N
1263933.705,254577.4568,1603,84800,84800,3287003,Matched,Block,,NW 81ST ST BETWEEN 3RD AVE NW AND 6TH AVE NW,,,1,Property Damage Only Collision,Parked Car,2,0,0,2,0,0,0,2008/11/03 00:00:00+00,11/3/2008,Mid-Block (not related to intersection),11,"MOTOR VEHICLE STRUCK MOTOR VEHICLE, FRONT END AT ANGLE",,0,Raining,Wet,Dusk,,8308048,,32,One parked--one moving,0,0,N
1264446.886,267555.8284,1604,172200,172220,3576633,Matched,Intersection,35626,3RD AVE NW AND NW 130TH ST, ,,2,Injury Collision,Angles,4,0,0,2,1,0,0,2014/07/17 00:00:00+00,7/17/2014 17:30,At Intersection (intersection related),11,"MOTOR VEHICLE STRUCK MOTOR VEHICLE, FRONT END AT ANGLE",,N,Clear,Dry,Daylight,,,,10,Entering at angle,0,0,N
1274522.996,226180.176,1605,147200,147220,3606084,Matched,Intersection,29783,12TH AVE AND E MARION ST, ,,2,Injury Collision,Cycles,2,0,1,1,1,0,0,2013/05/30 00:00:00+00,5/30/2013 16:56,At Intersection (intersection related),51,PEDALCYCLIST STRUCK MOTOR VEHICLE FRONT END AT ANGLE,,N,Clear,Dry,Daylight,Y,,,45,Vehicle - Pedalcyclist,10716,0,N
1275674.208,241847.4434,1606,164700,164720,3587239,Matched,Intersection,27167,UNIVERSITY WAY NE AND NE PACIFIC ST, ,,2,Injury Collision,Cycles,2,0,1,1,1,0,0,2014/03/14 00:00:00+00,3/14/2014 14:30,At Intersection (intersection related),18,"MOTOR VEHICLE STRUCK PEDALCYCLIST, FRONT END AT ANGLE",,N,Unknown,Unknown,Unknown,Y,,,45,Vehicle - Pedalcyclist,0,522415,N
1271824.466,228340.1686,1607,232100,232500,E610443,Matched,Block,,MELROSE AVE BETWEEN YALE AVE AND OLIVE WAY, ,,1,Property Damage Only Collision,Other,1,0,0,1,0,0,0,2016/10/10 00:00:00+00,10/10/2016 12:50,Mid-Block (not related to intersection),28,MOTOR VEHICLE RAN OFF ROAD - HIT FIXED OBJECT,,N,Clear,Dry,Daylight,,,,50,Fixed object,0,0,N
1272955.573,224353.2738,1608,138200,138200,3593786,Matched,Intersection,29816,JEFFERSON ST AND TERRY AVE,,,2,Injury Collision,Angles,2,0,0,2,1,0,0,2012/09/10 00:00:00+00,9/10/2012 8:30,At Intersection (intersection related),11,"MOTOR VEHICLE STRUCK MOTOR VEHICLE, FRONT END AT ANGLE",,N,Overcast,Wet,Daylight,,12254009,,10,Entering at angle,0,0,N
1266980.947,229522.6279,1609,238200,238640,E637421,Matched,Block,,5TH AVE N BETWEEN DENNY WAY AND JOHN ST, ,,2,Injury Collision,Rear Ended,0,0,0,2,2,0,0,2017/01/31 00:00:00+00,1/31/2017 7:50,Mid-Block (not related to intersection),26,MOTOR VEHICLE STRUCK OBJECT IN ROAD,,N,Clear,Dry,Daylight,,,,14,From same direction - both going straight - one stopped - rear-end,0,0,N
1276443.037,250329.9626,1610,79500,79500,2829330,Matched,Block,,16TH AVE NE BETWEEN NE 65TH ST AND NE 68TH ST,,,1,Property Damage Only Collision,Parked Car,3,0,0,3,0,0,0,2008/01/24 00:00:00+00,1/24/2008 10:39,Mid-Block (not related to intersection),14,"MOTOR VEHICLE STRUCK MOTOR VEHICLE, REAR END",,0,Unknown,Unknown,Unknown,,8024011,,32,One parked--one moving,0,0,N
1273400.834,195577.0271,1611,133000,133000,3547277,Matched,Block,,S CLOVERDALE ST BETWEEN 10TH AVE S AND 12TH AVE S,,,1,Property Damage Only Collision,Other,1,0,0,1,0,0,0,2012/02/19 00:00:00+00,2/19/2012 3:35,Mid-Block (not related to intersection),26,MOTOR VEHICLE STRUCK OBJECT IN ROAD,,Y,Overcast,Wet,Dark - Street Lights On,,12050006,,50,Fixed object,0,0,N
1285537.027,197787.4447,1612,282300,283160,E788318,Matched,Block,,RAINIER AVE S BETWEEN S HOLDEN ST AND S CHICAGO ST, ,,1,Property Damage Only Collision,Right Turn,2,0,0,2,0,0,0,2018/04/11 00:00:00+00,4/11/2018 14:55,Mid-Block (not related to intersection),14,"MOTOR VEHICLE STRUCK MOTOR VEHICLE, REAR END",,N,Clear,Wet,Daylight,,,,16,From same direction - one right turn - one straight,0,0,N
1283764.281,204399.4415,1613,152500,152520,3589922,Matched,Intersection,33512,RAINIER AVE S AND S ORCAS ST, ,,2,Injury Collision,Left Turn,2,0,0,2,2,0,0,2013/08/13 00:00:00+00,8/13/2013 8:55,At Intersection (intersection related),11,"MOTOR VEHICLE STRUCK MOTOR VEHICLE, FRONT END AT ANGLE",,N,Clear,Dry,Daylight,,,,28,From opposite direction - one left turn - one straight,0,0,N
1278636.686,224223.4405,1614,210500,210740,C806927,Unmatched,Block,,25TH AVE BETWEEN E ALDER ST AND E JEFFERSON ST, ,,1,Property Damage Only Collision,,2,0,0,0,0,0,0,2015/09/27 00:00:00+00,9/27/2015,Mid-Block (not related to intersection),14,"MOTOR VEHICLE STRUCK MOTOR VEHICLE, REAR END",,,,,,,,, ,,0,0,N
1266475.272,241135.5021,1615,109200,109200,3565527,Matched,Block,,FREMONT PL N BETWEEN FREMONT AVE N AND N 36TH ST,,,1,Property Damage Only Collision,Pedestrian,2,1,0,1,0,0,0,2010/10/09 00:00:00+00,10/9/2010 22:23,Mid-Block (not related to intersection),24,MOTOR VEHCILE STRUCK PEDESTRIAN,,N,Raining,Wet,Dark - Street Lights On,,10282060,,0,Vehicle going straight hits pedestrian,0,0,N
1260282.027,254364.0842,1616,195900,196000,E435185,Matched,Intersection,23882,15TH AVE NW AND NW 80TH ST, ,,2,Injury Collision,Angles,0,0,0,2,1,0,0,2015/06/18 00:00:00+00,6/18/2015 16:39,At Intersection (intersection related),11,"MOTOR VEHICLE STRUCK MOTOR VEHICLE, FRONT END AT ANGLE",,N,Clear,Dry,Daylight,,,,10,Entering at angle,0,0,N
1275395.027,231009.4966,1617,97500,97500,3334395,Matched,Block,,MALDEN AVE E BETWEEN E REPUBLICAN ST AND E MERCER ST,,,1,Property Damage Only Collision,Parked Car,2,0,0,2,0,0,0,2009/09/11 00:00:00+00,9/11/2009 3:00,Mid-Block (not related to intersection),14,"MOTOR VEHICLE STRUCK MOTOR VEHICLE, REAR END",,0,Unknown,Unknown,Unknown,,9254043,,32,One parked--one moving,0,0,N
1277139.266,217987.2124,1618,171600,171620,3642282,Matched,Block,,RAINIER AVE S BETWEEN S MASSACHUSETTS ST AND S STATE ST, ,,1,Property Damage Only Collision,Sideswipe,2,0,0,2,0,0,0,2014/07/09 00:00:00+00,7/9/2014 13:34,Mid-Block (not related to intersection),11,"MOTOR VEHICLE STRUCK MOTOR VEHICLE, FRONT END AT ANGLE",Y,N,Clear,Dry,Daylight,,,,11,From same direction - both going straight - both moving - sideswipe,0,0,N
1274573.017,244751.5345,1619,129100,129100,C745963,Unmatched,Block,,NE 45TH ST BETWEEN 9TH E AVE NE AND ROOSEVELT WAY NE, ,,0,Unknown,,0,0,0,0,0,0,0,2011/01/03 00:00:00+00,1/3/2011,Mid-Block (not related to intersection),14,"MOTOR VEHICLE STRUCK MOTOR VEHICLE, REAR END",,,,,,,11003045,, ,,0,0,N
1267917.909,192335.891,1620,151700,151720,3331275,Matched,Block,,SW ROXBURY ST BETWEEN OLSON PL SW AND 5TH AVE SW, ,,2,Injury Collision,Other,2,0,0,1,1,0,0,2013/08/02 00:00:00+00,8/2/2013 17:31,Mid-Block (not related to intersection),28,MOTOR VEHICLE RAN OFF ROAD - HIT FIXED OBJECT,,N,Overcast,Wet,Daylight,,,Y,50,Fixed object,0,0,N
1266058.623,265193.6886,1621,75000,75000,2608091,Matched,Block,,PHINNEY AVE N BETWEEN N 120TH ST AND N 122ND ST,,,2,Injury Collision,Left Turn,2,0,0,2,1,0,0,2007/08/12 00:00:00+00,8/12/2007 17:55,Mid-Block (not related to intersection),14,"MOTOR VEHICLE STRUCK MOTOR VEHICLE, REAR END",,0,Clear,Dry,Daylight,,7224023,,15,From same direction - one left turn - one straight,0,0,N
1270998.625,264750.5717,1622,162900,162920,3576512,Matched,Intersection,36549,MERIDIAN AVE N AND N 120TH ST, ,,2,Injury Collision,Angles,3,0,0,2,3,0,0,2014/02/27 00:00:00+00,2/27/2014 11:01,At Intersection (intersection related),11,"MOTOR VEHICLE STRUCK MOTOR VEHICLE, FRONT END AT ANGLE",,Y,Clear,Dry,Daylight,,,,10,Entering at angle,0,0,N
1270287.08,227598.1718,1623,179500,179560,3591037,Matched,Intersection,29869,HOWELL ST AND OLIVE WAY, ,,1,Property Damage Only Collision,Angles,2,0,0,2,0,0,0,2014/11/02 00:00:00+00,11/2/2014 8:39,At Intersection (intersection related),11,"MOTOR VEHICLE STRUCK MOTOR VEHICLE, FRONT END AT ANGLE",,N,Overcast,Dry,Daylight,,,,10,Entering at angle,0,0,N
1264238.471,261602.8269,1624,268700,269480,E764841,Matched,Block,,NW 107TH ST BETWEEN 3RD AVE NW AND 4TH AVE NW, ,,1,Property Damage Only Collision,Parked Car,2,0,0,2,0,0,0,2018/01/26 00:00:00+00,1/26/2018 7:57,Mid-Block (not related to intersection),15,"MOTOR VEHICLE STRUCK MOTOR VEHICLE, RIGHT SIDE SIDESWIPE",Y,N,Raining,Wet,Dark - Street Lights On,,,,32,One parked--one moving,0,0,Y
1286052.857,209070.2092,1625,200900,201040,3725826,Matched,Block,,LAKE WASHINGTON BLVD S BETWEEN S ADAMS ST AND S GENESEE WAY, ,,1,Property Damage Only Collision,Sideswipe,2,0,0,2,0,0,0,2015/08/25 00:00:00+00,8/25/2015 20:18,Mid-Block (not related to intersection),11,"MOTOR VEHICLE STRUCK MOTOR VEHICLE, FRONT END AT ANGLE",,N,Clear,Dry,Dusk,,,,11,From same direction - both going straight - both moving - sideswipe,0,0,N
1252000.235,209692.2688,1626,78700,78700,2619422,Matched,Block,,BEACH DR SW BETWEEN SW GENESEE ST AND SW OREGON ST,,,1,Property Damage Only Collision,Parked Car,2,0,0,2,0,0,0,2007/07/04 00:00:00+00,7/4/2007,Mid-Block (not related to intersection),14,"MOTOR VEHICLE STRUCK MOTOR VEHICLE, REAR END",,0,Clear,Dry,Daylight,,7185025,,32,One parked--one moving,0,0,N
1269509.915,223226.5723,1627,267500,268280,E762025,Matched,Block,,ALASKAN WAY BETWEEN YESLER WAY AND COLUMBIA ST, ,,2,Injury Collision,Other,6,0,0,1,1,0,0,2018/01/21 00:00:00+00,1/21/2018 16:11,Mid-Block (not related to intersection),26,MOTOR VEHICLE STRUCK OBJECT IN ROAD,,N,Raining,Wet,Daylight,,,Y,50,Fixed object,0,0,N
1278889.297,223871.215,1628,148600,148620,3552082,Matched,Intersection,30099,26TH AVE AND E ALDER ST, ,,1,Property Damage Only Collision,Angles,2,0,0,2,0,0,0,2013/06/22 00:00:00+00,6/22/2013 15:49,At Intersection (intersection related),11,"MOTOR VEHICLE STRUCK MOTOR VEHICLE, FRONT END AT ANGLE",,N,Clear,Dry,Daylight,,,,10,Entering at angle,0,0,N
1256501.53,196539.5319,1629,115000,115000,3331879,Matched,Intersection,34690,CALIFORNIA AVE SW AND SW SULLIVAN ST,,,2,Injury Collision,Other,1,0,0,1,1,0,0,2010/10/16 00:00:00+00,10/16/2010 3:31,At Intersection (but not related to intersection),28,MOTOR VEHICLE RAN OFF ROAD - HIT FIXED OBJECT,,Y,Clear,Dry,Dark - Street Lights On,,10289036,,50,Fixed object,0,0,N
1268484.202,260831.2072,1630,245700,246300,E690600,Matched,Block,,N NORTHGATE WAY BETWEEN AURORA AVE N AND MIDVALE AVE N, ,,1,Property Damage Only Collision,Sideswipe,3,0,0,2,0,0,0,2017/07/07 00:00:00+00,7/7/2017 9:55,Mid-Block (not related to intersection),11,"MOTOR VEHICLE STRUCK MOTOR VEHICLE, FRONT END AT ANGLE",Y,N,Clear,Dry,Daylight,,,,12,From same direction - both going straight - one stopped - sideswipe,0,0,N
1256539.972,218164.9369,1631,67800,67800,C690202,Matched,Block,,45TH AVE SW BETWEEN SW MASSACHUSETTS ST AND SW HOLGATE ST,,,1,Property Damage Only Collision,Parked Car,2,0,0,2,0,0,0,2007/08/04 00:00:00+00,8/4/2007,Mid-Block (not related to intersection),11,"MOTOR VEHICLE STRUCK MOTOR VEHICLE, FRONT END AT ANGLE",,0,Clear,Dry,Daylight,,7216039,,20,One car leaving parked position,0,0,N
1272566.3,225011.583,1632,233400,233800,E626505,Matched,Block,,TERRY AVE BETWEEN CHERRY ST AND COLUMBIA ST, ,,1,Property Damage Only Collision,Parked Car,2,0,0,2,0,0,0,2016/12/21 00:00:00+00,12/21/2016 20:00,Mid-Block (not related to intersection),11,"MOTOR VEHICLE STRUCK MOTOR VEHICLE, FRONT END AT ANGLE",,N,Clear,Dry,Dark - No Street Lights,,,,32,One parked--one moving,0,0,N
1257797.813,216776.0452,1633,97100,97100,2894590,Matched,Block,,41ST AVE SW BETWEEN SW WALKER ST AND SW COLLEGE N ST,,,1,Property Damage Only Collision,Parked Car,2,0,0,2,0,0,0,2009/06/01 00:00:00+00,6/1/2009,Mid-Block (not related to intersection),11,"MOTOR VEHICLE STRUCK MOTOR VEHICLE, FRONT END AT ANGLE",,0,Unknown,Dry,Unknown,,9152035,,32,One parked--one moving,0,0,N
1265435.648,255618.9018,1634,209500,209720,3775897,Matched,Block,,N 85TH ST BETWEEN PALATINE AVE N AND GREENWOOD AVE N, ,,1,Property Damage Only Collision,Rear Ended,2,0,0,2,0,0,0,2015/12/04 00:00:00+00,12/4/2015 6:40,Mid-Block (but intersection related),14,"MOTOR VEHICLE STRUCK MOTOR VEHICLE, REAR END",,N,Overcast,Wet,Dawn,,,,14,From same direction - both going straight - one stopped - rear-end,0,0,N
1276520.543,228235.9876,1635,191500,191580,E412619,Matched,Intersection,30124,18TH AVE AND E MADISON ST, ,,2,Injury Collision,Angles,0,0,0,2,1,0,0,2015/03/31 00:00:00+00,3/31/2015 17:18,At Intersection (intersection related),11,"MOTOR VEHICLE STRUCK MOTOR VEHICLE, FRONT END AT ANGLE",,N,Raining,Wet,Daylight,,,,10,Entering at angle,0,0,N
1271330.693,217779.6332,1636,101300,101300,9302048,Unmatched,Block,,4TH AVE S BETWEEN S MASSACHUSETTS ST AND S HOLGATE ST,,,0,Unknown,,0,0,0,0,0,0,0,2009/10/29 00:00:00+00,10/29/2009,Mid-Block (not related to intersection),16,"MOTOR VEHICLE STRUCK MOTOR VEHICLE, LEFT SIDE SIDESWIPE",,,,,,,9302048,,,,0,0,N
1276029.831,243898.4414,1637,142600,142600,3501497,Matched,Block,,15TH AVE NE BETWEEN NE 42ND ST AND NE 43RD ST, ,,1,Property Damage Only Collision,Rear Ended,2,0,0,2,0,0,0,2013/02/12 00:00:00+00,2/12/2013 15:36,,0,NOT ENOUGH INFORMATION / NOT APPLICABLE,,N,Overcast,Dry,Daylight,,13043025,,14,From same direction - both going straight - one stopped - rear-end,0,0,N
1268584.361,208392.354,1638,141000,141000,3608629,Matched,Block,,EAST MARGINAL WAY S BETWEEN DIAGONAL AVE S AND S ALASKA ST,,,2,Injury Collision,Rear Ended,2,0,0,2,1,0,0,2012/03/10 00:00:00+00,3/10/2012 17:45,Mid-Block (not related to intersection),14,"MOTOR VEHICLE STRUCK MOTOR VEHICLE, REAR END",,N,Raining,Wet,Dusk,,12070036,Y,13,From same direction - both going straight - both moving - rear-end,0,0,N
1272394.933,227568.8339,1639,217000,217280,3704426,Matched,Intersection,29875,SUMMIT AVE AND E PIKE ST, ,,1,Property Damage Only Collision,Angles,2,0,0,2,0,0,0,2016/04/01 00:00:00+00,4/1/2016 22:23,At Intersection (intersection related),11,"MOTOR VEHICLE STRUCK MOTOR VEHICLE, FRONT END AT ANGLE",,N,Clear,Dry,Dark - Street Lights On,,,,10,Entering at angle,0,0,N
1277741.4,216104.017,1640,85700,85700,2894396,Matched,Intersection,31579,23RD AVE S AND S COLLEGE ST,,,1,Property Damage Only Collision,Angles,4,0,0,2,0,0,0,2008/06/30 00:00:00+00,6/30/2008 13:22,At Intersection (intersection related),11,"MOTOR VEHICLE STRUCK MOTOR VEHICLE, FRONT END AT ANGLE",,0,Clear,Dry,Daylight,,8182011,,10,Entering at angle,0,0,N
1270565.864,223650.4659,1641,264400,265180,E754394,Unmatched,Block,,CHERRY ST BETWEEN 2ND AVE AND 3RD AVE, ,,0,Unknown,,0,0,0,0,0,0,0,2018/01/01 00:00:00+00,1/1/2018,Mid-Block (not related to intersection),0,NOT ENOUGH INFORMATION / NOT APPLICABLE,,,,,,,,, ,,0,0,Y
1270220.024,224867.8761,1642,73700,73700,2796835,Matched,Block,,SPRING ST BETWEEN 3RD AVE AND 4TH AVE,,,1,Property Damage Only Collision,Other,3,0,0,2,0,0,0,2007/08/29 00:00:00+00,8/29/2007 16:00,Mid-Block (not related to intersection),11,"MOTOR VEHICLE STRUCK MOTOR VEHICLE, FRONT END AT ANGLE",,0,Clear,Dry,Daylight,,7241015,,23,From same direction - all others,0,0,N
1260025.261,209566.1212,1643,187400,187480,3579256,Matched,Block,,SW AVALON WAY BETWEEN SW GENESEE ST AND 35TH AVE SW, ,,1,Property Damage Only Collision,Parked Car,2,0,0,2,0,0,0,2015/03/11 00:00:00+00,3/11/2015 11:30,Mid-Block (not related to intersection),13,"MOTOR VEHICLE STRUCK MOTOR VEHICLE, LEFT SIDE AT ANGLE",Y,N,Unknown,Unknown,Unknown,,,,32,One parked--one moving,0,0,N
1281457.471,245514.4705,1644,94500,94500,3198430,Matched,Block,,35TH AVE NE BETWEEN NE 45TH PL AND NE 50TH ST,,,1,Property Damage Only Collision,Parked Car,3,0,0,3,0,0,0,2009/11/01 00:00:00+00,11/1/2009,Mid-Block (not related to intersection),16,"MOTOR VEHICLE STRUCK MOTOR VEHICLE, LEFT SIDE SIDESWIPE",,0,Unknown,Unknown,Unknown,,9305013,,32,One parked--one moving,0,0,N
1276398.829,223480.6822,1645,212200,212440,3738372,Matched,Block,,18TH AVE BETWEEN E FIR ST AND E SPRUCE ST,NEI,"Not Enough Information, or Insufficient Location Information",1,Property Damage Only Collision,Parked Car,2,0,0,2,0,0,0,2016/01/25 00:00:00+00,1/25/2016 16:30,Mid-Block (but intersection related),11,"MOTOR VEHICLE STRUCK MOTOR VEHICLE, FRONT END AT ANGLE",,N,Unknown,Unknown,Unknown,,,,32,One parked--one moving,0,0,Y
1270448.303,230488.217,1646,155600,155620,3574532,Matched,Block,,HARRISON ST BETWEEN FAIRVIEW AVE N AND MINOR AVE N, ,,1,Property Damage Only Collision,Parked Car,2,0,0,2,0,0,0,2013/10/16 00:00:00+00,10/16/2013 18:42,Mid-Block (not related to intersection),11,"MOTOR VEHICLE STRUCK MOTOR VEHICLE, FRONT END AT ANGLE",,N,Clear,Dry,Dark - Street Lights On,,,,20,One car leaving parked position,0,0,N
1275146.72,222016.4111,1647,281500,282360,E783564,Matched,Block,,RAINIER AVE S BETWEEN BOREN AVE S AND S JACKSON PL, ,,1,Property Damage Only Collision,Rear Ended,3,0,0,2,0,0,0,2018/03/29 00:00:00+00,3/29/2018 17:32,Mid-Block (but intersection related),14,"MOTOR VEHICLE STRUCK MOTOR VEHICLE, REAR END",,N,Clear,Dry,Daylight,,,,14,From same direction - both going straight - one stopped - rear-end,0,0,N
1280364.815,211473.6241,1648,137600,137600,3563699,Matched,Block,,RAINIER AVE S BETWEEN S COURT ST AND 33RD AVE S,,,1,Property Damage Only Collision,Parked Car,2,0,0,2,0,0,0,2012/01/06 00:00:00+00,1/6/2012 15:00,Mid-Block (not related to intersection),11,"MOTOR VEHICLE STRUCK MOTOR VEHICLE, FRONT END AT ANGLE",,N,Unknown,Unknown,Unknown,,12006019,,32,One parked--one moving,0,0,N
1276302.283,264927.6728,1649,209800,210020,E493569,Matched,Block,,15TH AVE NE BETWEEN NE 120TH ST AND NE 123RD ST, ,,1,Property Damage Only Collision,Rear Ended,3,0,0,3,0,0,0,2015/12/09 00:00:00+00,12/9/2015 17:45,Mid-Block (not related to intersection),14,"MOTOR VEHICLE STRUCK MOTOR VEHICLE, REAR END",Y,N,Overcast,Dry,Dark - Street Lights On,,,,14,From same direction - both going straight - one stopped - rear-end,0,0,N
1275119.242,252693.3524,1650,177600,177620,3575201,Matched,Intersection,24430,11TH AVE NE AND NE 75TH ST, ,,1,Property Damage Only Collision,Angles,2,0,0,2,0,0,0,2014/10/16 00:00:00+00,10/16/2014 15:37,At Intersection (intersection related),11,"MOTOR VEHICLE STRUCK MOTOR VEHICLE, FRONT END AT ANGLE",,N,Clear,Dry,Daylight,,,,10,Entering at angle,0,0,N
1269645.108,203945.3574,1651,82600,82600,2796973,Matched,Block,,EAST MARGINAL WAY S BETWEEN S FIDALGO ST AND 1ST AVE S,,,2,Injury Collision,Other,2,0,0,2,2,0,0,2008/03/14 00:00:00+00,3/14/2008 18:15,Driveway Junction,11,"MOTOR VEHICLE STRUCK MOTOR VEHICLE, FRONT END AT ANGLE",,0,Overcast,Wet,Daylight,,8074027,,21,One car entering driveway access,0,0,N
1268441.858,237456.2519,1652,198200,198340,3734300,Matched,Block,,WESTLAKE EAST RDWY AVE N BETWEEN MCGRAW ST AND HALLADAY ST,NEI,"Not Enough Information, or Insufficient Location Information",1,Property Damage Only Collision,Parked Car,2,0,0,2,0,0,0,2015/07/11 00:00:00+00,7/11/2015 18:00,,14,"MOTOR VEHICLE STRUCK MOTOR VEHICLE, REAR END",Y,N,Unknown,Unknown,Unknown,,,,32,One parked--one moving,0,0,Y
1276192.175,252819.1841,1653,112100,112100,3376953,Matched,Block,,15TH AVE NE BETWEEN NE 75TH ST AND NE 76TH ST,,,1,Property Damage Only Collision,Parked Car,2,0,0,2,0,0,0,2010/05/10 00:00:00+00,5/10/2010 5:17,Mid-Block (not related to intersection),14,"MOTOR VEHICLE STRUCK MOTOR VEHICLE, REAR END",,N,Raining,Wet,Dawn,,10130003,,32,One parked--one moving,0,0,N