X,Y,OBJECTID,INCKEY,COLDETKEY,REPORTNO,STATUS,ADDRTYPE,INTKEY,LOCATION,EXCEPTRSNCODE,EXCEPTRSNDESC,SEVERITYCODE,SEVERITYDESC,COLLISIONTYPE,PERSONCOUNT,PEDCOUNT,PEDCYLCOUNT,VEHCOUNT,INJURIES,SERIOUSINJURIES,FATALITIES,INCDATE,INCDTTM,JUNCTIONTYPE,SDOT_COLCODE,SDOT_COLDESC,INATTENTIONIND,UNDERINFL,WEATHER,ROADCOND,LIGHTCOND,PEDROWNOTGRNT,SDOTCOLNUM,SPEEDING,ST_COLCODE,ST_COLDESC,SEGLANEKEY,CROSSWALKKEY,HITPARKEDCAR
1258883.284,208997.9701,1654,121800,121800,C750301,Unmatched,Block,,37TH AVE SW BETWEEN SW OREGON ST AND SW SNOQUALMIE ST,,,0,Unknown,,0,0,0,0,0,0,0,2011/03/28 00:00:00+00,3/28/2011,,0,NOT ENOUGH INFORMATION / NOT APPLICABLE,,,,,,,11087028,,,,0,0,N
1283158.036,191303.9222,1655,116500,116500,3281961,Matched,Block,,M L KING JR WR WAY S BETWEEN MERTON WAY S AND S NORFOLK ST,,,1,Property Damage Only Collision,Sideswipe,3,0,0,2,0,0,0,2010/02/12 00:00:00+00,2/12/2010 18:50,Mid-Block (not related to intersection),16,"MOTOR VEHICLE STRUCK MOTOR VEHICLE, LEFT SIDE SIDESWIPE",,N,Raining,Wet,Dark - Street Lights On,,10043025,,11,From same direction - both going straight - both moving - sideswipe,0,0,N
1270552.595,226517.6563,1656,144300,144300,3549114,Matched,Block,,7TH AVE BETWEEN UNION ST AND PIKE ST, ,,1,Property Damage Only Collision,Sideswipe,2,0,0,2,0,0,0,2013/03/13 00:00:00+00,3/13/2013 8:03,Mid-Block (but intersection related),11,"MOTOR VEHICLE STRUCK MOTOR VEHICLE, FRONT END AT ANGLE",,N,Overcast,Dry,Daylight,,13072024,,71,Same direction -- both turning right -- both moving -- sideswipe,0,0,N
1277383.87,207639.3886,1657,211800,212040,C809776,Unmatched,Block,,S COLUMBIAN WAY BETWEEN BEACON ER AVE S AND 24TH AVE S, ,,0,Unknown,,0,0,0,0,0,0,0,2015/12/22 00:00:00+00,12/22/2015,Mid-Block (not related to intersection),14,"MOTOR VEHICLE STRUCK MOTOR VEHICLE, REAR END",,,,,,,,, ,,0,0,N
1273430.063,244010.5614,1658,159000,159020,C780619,Unmatched,Block,,I5 SB BETWEEN 45TH ST ON RP AND 50TH ST ON RP, ,,0,Unknown,,0,0,0,0,0,0,0,2013/07/28 00:00:00+00,7/28/2013,Mid-Block (not related to intersection),11,"MOTOR VEHICLE STRUCK MOTOR VEHICLE, FRONT END AT ANGLE",,,,,,,,, ,,0,0,N
1264793.231,235474.5068,1659,269100,269900,E765260,Unmatched,Block,,QUEEN ANNE AVE N BETWEEN BLAINE ST AND HOWE ST, ,,1,Property Damage Only Collision,,2,0,0,0,0,0,0,2018/01/30 00:00:00+00,1/30/2018,Mid-Block (not related to intersection),11,"MOTOR VEHICLE STRUCK MOTOR VEHICLE, FRONT END AT ANGLE",,,,,,,,, ,,0,0,N
1276059.822,244708.5347,1660,237700,238140,E591801,Unmatched,Intersection,27061,15TH AVE NE AND NE 45TH ST,NEI,"Not Enough Information, or Insufficient Location Information",1,Property Damage Only Collision,,2,0,0,0,0,0,0,2016/10/03 00:00:00+00,10/3/2016,At Intersection (intersection related),0,NOT ENOUGH INFORMATION / NOT APPLICABLE,,,,,,,,, ,,0,0,N
,,1661,93500,93500,3275128,Matched,,,,NEI,"Not Enough Information, or Insufficient Location Information",1,Property Damage Only Collision,Parked Car,2,0,0,2,0,0,0,2009/04/19 00:00:00+00,4/19/2009 20:30,,0,NOT ENOUGH INFORMATION / NOT APPLICABLE,,0,Unknown,Unknown,Unknown,,9109027,,32,One parked--one moving,0,0,N
1281190.277,232299.7095,1662,227000,227340,3771373,Matched,Block,,E MADISON ST BETWEEN 32ND AVE E AND 33RD AVE E, ,,1,Property Damage Only Collision,Parked Car,4,0,0,4,0,0,0,2016/08/27 00:00:00+00,8/27/2016 3:33,Mid-Block (not related to intersection),14,"MOTOR VEHICLE STRUCK MOTOR VEHICLE, REAR END",Y,Y,Clear,Dry,Dark - Street Lights On,,,,32,One parked--one moving,0,0,Y
1275627.53,265939.1969,1663,174100,174120,3702910,Matched,Intersection,35901,12TH AVE NE AND NE 125TH ST, ,,2,Injury Collision,Rear Ended,5,0,0,3,3,0,0,2014/08/01 00:00:00+00,8/1/2014 17:15,At Intersection (intersection related),14,"MOTOR VEHICLE STRUCK MOTOR VEHICLE, REAR END",,N,Clear,Dry,Daylight,,,,14,From same direction - both going straight - one stopped - rear-end,0,0,N
1273222.598,217782.6277,1664,68800,68800,2616601,Matched,Block,,AIRPORT WAY S BETWEEN S MASSACHUSETTS ST AND S HOLGATE N ST,,,1,Property Damage Only Collision,Sideswipe,2,0,0,2,0,0,0,2007/06/20 00:00:00+00,6/20/2007 16:02,Mid-Block (not related to intersection),11,"MOTOR VEHICLE STRUCK MOTOR VEHICLE, FRONT END AT ANGLE",,0,Clear,Dry,Daylight,,7171041,,11,From same direction - both going straight - both moving - sideswipe,0,0,N
,,1665,235100,235500,E570237,Unmatched,,,,NEI,"Not Enough Information, or Insufficient Location Information",0,Unknown,,0,0,0,0,0,0,0,2016/08/03 00:00:00+00,8/3/2016,,0,NOT ENOUGH INFORMATION / NOT APPLICABLE,,,,,,,,, ,,0,0,N
1265682.994,261891.4484,1666,97900,97900,3289741,Matched,Block,,GREENWOOD AVE N BETWEEN N 107TH ST AND N 110TH ST,,,1,Property Damage Only Collision,Parked Car,2,0,0,2,0,0,0,2009/03/12 00:00:00+00,3/12/2009 8:10,Mid-Block (not related to intersection),16,"MOTOR VEHICLE STRUCK MOTOR VEHICLE, LEFT SIDE SIDESWIPE",,0,Clear,Dry,Daylight,,9071019,,32,One parked--one moving,0,0,N
1262320.754,209757.6501,1667,151100,151120,3465394,Matched,Block,,SW GENESEE ST BETWEEN 25TH AVE SW AND 26TH AVE SW, ,,1,Property Damage Only Collision,Cycles,2,0,1,1,0,0,0,2013/07/23 00:00:00+00,7/23/2013 15:48,Mid-Block (not related to intersection),21,"MOTOR VEHICLE STRUCK PEDALCYCLIST, REAR END",,N,Clear,Dry,Daylight,,,,45,Vehicle - Pedalcyclist,32765,0,N
1279707.48,200001.909,1668,87200,87200,3281991,Matched,Block,,S MYRTLE ST BETWEEN BEACON ER AVE S AND S MYRTLE PL,,,2,Injury Collision,Rear Ended,4,0,0,2,1,0,0,2008/12/31 00:00:00+00,12/31/2008 9:04,Mid-Block (but intersection related),14,"MOTOR VEHICLE STRUCK MOTOR VEHICLE, REAR END",,0,Overcast,Dry,Daylight,,8366010,,14,From same direction - both going straight - one stopped - rear-end,0,0,N
1262093.778,193817.7286,1669,128900,128900,3288116,Matched,Intersection,34876,25TH AVE SW AND SW BARTON ST,,,2,Injury Collision,Angles,3,0,0,2,1,0,0,2011/03/01 00:00:00+00,3/1/2011 11:10,At Intersection (intersection related),11,"MOTOR VEHICLE STRUCK MOTOR VEHICLE, FRONT END AT ANGLE",,N,Raining,Wet,Daylight,,11060013,,10,Entering at angle,0,0,N
1264784.056,245713.3641,1670,125900,125900,3466872,Matched,Block,,NW MARKET ST BETWEEN 1ST AVE NW AND NW 48TH ST,,,1,Property Damage Only Collision,Rear Ended,4,0,0,3,0,0,0,2011/11/18 00:00:00+00,11/18/2011 18:40,Mid-Block (not related to intersection),14,"MOTOR VEHICLE STRUCK MOTOR VEHICLE, REAR END",Y,N,Overcast,Wet,Dark - Street Lights On,,11322031,,14,From same direction - both going straight - one stopped - rear-end,0,0,N
1267540.986,246238.0914,1671,263300,264080,E752490,Matched,Block,,N 50 UPPER ST BETWEEN AURORA AVE N AND WHITMAN AVE N, ,,1,Property Damage Only Collision,Right Turn,3,0,0,2,0,0,0,2017/12/28 00:00:00+00,12/28/2017 8:25,Driveway Junction,11,"MOTOR VEHICLE STRUCK MOTOR VEHICLE, FRONT END AT ANGLE",,N,Clear,Dry,Daylight,,,,16,From same direction - one right turn - one straight,0,0,N
1274848.57,218446.4067,1672,120800,120800,3387522,Matched,Block,,14TH AVE S BETWEEN S ATLANTIC ST AND S MASSACHUSETTS ST,,,1,Property Damage Only Collision,Parked Car,2,0,0,2,0,0,0,2011/05/05 00:00:00+00,5/5/2011 7:54,Mid-Block (not related to intersection),16,"MOTOR VEHICLE STRUCK MOTOR VEHICLE, LEFT SIDE SIDESWIPE",,N,Raining,Wet,Unknown,,11125012,,32,One parked--one moving,0,0,N
1269597.611,256834.4575,1673,265400,266200,3754129,Matched,Intersection,37351,ASHWORTH AVE N AND N 90TH ST, ,,1,Property Damage Only Collision,Angles,5,0,0,2,0,0,0,2018/01/13 00:00:00+00,1/13/2018 19:58,At Intersection (intersection related),11,"MOTOR VEHICLE STRUCK MOTOR VEHICLE, FRONT END AT ANGLE",,N,Clear,Dry,Dark - Street Lights On,,,,10,Entering at angle,0,0,N
1263776.57,234610.7802,1674,148000,148020,3506139,Matched,Block,,3RD AVE W BETWEEN W GALER W ST AND W GARFIELD ST, ,,1,Property Damage Only Collision,Parked Car,2,0,0,2,0,0,0,2013/06/09 00:00:00+00,6/9/2013 17:44,Mid-Block (not related to intersection),14,"MOTOR VEHICLE STRUCK MOTOR VEHICLE, REAR END",,N,Clear,Dry,Daylight,,,,32,One parked--one moving,0,0,N
1270112.278,220298.7505,1675,100700,100700,3334240,Unmatched,Block,,1ST AVE S BETWEEN RAILROAD S WAY S AND S ROYAL BROUGHAM WAY,,,0,Unknown,,0,0,0,0,0,0,0,2009/08/29 00:00:00+00,8/29/2009,Mid-Block (not related to intersection),15,"MOTOR VEHICLE STRUCK MOTOR VEHICLE, RIGHT SIDE SIDESWIPE",,,,,,,9241020,,,,0,0,N
1278350.84,236736.1625,1676,166200,166220,3701388,Matched,Intersection,28428,24TH AVE E AND E LYNN ST, ,,2,Injury Collision,Cycles,3,0,1,1,2,0,0,2014/04/09 00:00:00+00,4/9/2014 13:24,At Intersection (intersection related),18,"MOTOR VEHICLE STRUCK PEDALCYCLIST, FRONT END AT ANGLE",,N,Clear,Dry,Daylight,,,,45,Vehicle - Pedalcyclist,22316,0,N
1256660.714,202300.2606,1677,81400,81400,2792588,Matched,Block,,CALIFORNIA AVE SW BETWEEN FAUNTLEROY WAY SW AND SW HOLLY ST,,,1,Property Damage Only Collision,Other,2,0,0,2,0,0,0,2008/03/07 00:00:00+00,3/7/2008,Driveway Junction,11,"MOTOR VEHICLE STRUCK MOTOR VEHICLE, FRONT END AT ANGLE",,0,Clear,Dry,Daylight,,8067026,,22,One car leaving driveway access,0,0,N
1265557.253,253348.1938,1678,194800,194900,E423624,Matched,Block,,GREENWOOD AVE N BETWEEN N 76TH ST AND N 77TH ST, ,,2,Injury Collision,Cycles,0,0,1,1,1,0,0,2015/05/08 00:00:00+00,5/8/2015 13:20,,0,NOT ENOUGH INFORMATION / NOT APPLICABLE,,N,Clear,Dry,Daylight,,,,45,Vehicle - Pedalcyclist,4477,0,Y
1259533.099,234901.3652,1679,83000,83000,2826284,Matched,Block,,MAGNOLIA BR BETWEEN MAGNOLIA BR OFF RP AND MAGNOLIA EB E BR,,,1,Property Damage Only Collision,Other,1,0,0,1,0,0,0,2008/03/26 00:00:00+00,3/26/2008 23:51,Mid-Block (but intersection related),28,MOTOR VEHICLE RAN OFF ROAD - HIT FIXED OBJECT,,0,Overcast,Wet,Unknown,,8086002,,50,Fixed object,0,0,N
1283884.95,203860.1164,1680,124500,124500,3548571,Matched,Intersection,33518,RAINIER AVE S AND S JUNEAU ST,,,1,Property Damage Only Collision,Left Turn,2,0,0,2,0,0,0,2011/12/18 00:00:00+00,12/18/2011 16:47,At Intersection (intersection related),11,"MOTOR VEHICLE STRUCK MOTOR VEHICLE, FRONT END AT ANGLE",,N,Overcast,Dry,Dark - Street Lights On,,11352012,,28,From opposite direction - one left turn - one straight,0,0,N
1261156.28,251352.6784,1681,247400,247980,E664931,Unmatched,Block,,13TH AVE NW BETWEEN NW 67TH ST AND NW 70TH W ST,NEI,"Not Enough Information, or Insufficient Location Information",0,Unknown,,0,0,0,0,0,0,0,2017/04/25 00:00:00+00,4/25/2017,,0,NOT ENOUGH INFORMATION / NOT APPLICABLE,,,,,,,,, ,,0,0,Y
1275346.685,221610.3424,1682,154000,154020,3606305,Matched,Block,,RAINIER AVE S BETWEEN S KING ST AND S WELLER ST, ,,2,Injury Collision,Rear Ended,2,0,0,2,1,0,0,2013/09/07 00:00:00+00,9/7/2013 13:03,Mid-Block (but intersection related),14,"MOTOR VEHICLE STRUCK MOTOR VEHICLE, REAR END",Y,N,Clear,Dry,Daylight,,,,14,From same direction - both going straight - one stopped - rear-end,0,0,N
1284761.712,194038.1096,1683,180700,180760,3693915,Matched,Block,,48TH AVE S BETWEEN S HENDERSON ST AND S DIRECTOR ST, ,,1,Property Damage Only Collision,Parked Car,2,0,0,2,0,0,0,2014/12/10 00:00:00+00,12/10/2014 17:30,Mid-Block (not related to intersection),12,"MOTOR VEHICLE STRUCK MOTOR VEHICLE, RIGHT SIDE AT ANGLE",,N,Raining,Wet,Dark - Street Lights On,,,,32,One parked--one moving,0,0,N
1281165.913,264740.1898,1684,143900,143900,3551694,Matched,Block,,33RD AVE NE BETWEEN NE 120TH ST AND NE 123RD ST, ,,1,Property Damage Only Collision,Other,2,0,0,2,0,0,0,2013/01/15 00:00:00+00,1/15/2013 14:12,Mid-Block (not related to intersection),14,"MOTOR VEHICLE STRUCK MOTOR VEHICLE, REAR END",,N,Clear,Dry,Daylight,,13015023,,23,From same direction - all others,0,0,N
1260287.967,254700.255,1685,135600,135600,3596830,Matched,Block,,15TH AVE NW BETWEEN NW 80TH ST AND NW 83RD ST,,,1,Property Damage Only Collision,Sideswipe,3,0,0,2,0,0,0,2012/02/18 00:00:00+00,2/18/2012 19:01,Mid-Block (not related to intersection),11,"MOTOR VEHICLE STRUCK MOTOR VEHICLE, FRONT END AT ANGLE",,N,Raining,Wet,Dark - Street Lights On,,12049018,,11,From same direction - both going straight - both moving - sideswipe,0,0,N
1274388.698,229235.9509,1686,88400,88400,2827863,Matched,Block,,E DENNY WAY BETWEEN 11TH AVE AND 12TH AVE,,,1,Property Damage Only Collision,Parked Car,2,0,0,2,0,0,0,2008/01/30 00:00:00+00,1/30/2008 14:00,Mid-Block (not related to intersection),16,"MOTOR VEHICLE STRUCK MOTOR VEHICLE, LEFT SIDE SIDESWIPE",,0,Raining,Wet,Daylight,,8030013,,32,One parked--one moving,0,0,N
1265912.492,227526.8498,1687,162400,162420,3373793,Matched,Block,,VINE ST BETWEEN ALASKAN WAY AND ELLIOTT AVE, ,,1,Property Damage Only Collision,Parked Car,7,0,0,2,0,0,0,2014/02/16 00:00:00+00,2/16/2014 14:56,Mid-Block (but intersection related),11,"MOTOR VEHICLE STRUCK MOTOR VEHICLE, FRONT END AT ANGLE",,N,Overcast,Wet,Daylight,,,,32,One parked--one moving,0,0,N
1271858.605,236122.4896,1688,180600,180660,3590524,Matched,Block,,MINOR AVE E BETWEEN E NEWTON ST AND E BOSTON ST,NEI,"Not Enough Information, or Insufficient Location Information",1,Property Damage Only Collision,Parked Car,2,0,0,2,0,0,0,2014/11/13 00:00:00+00,11/13/2014 0:01,Mid-Block (not related to intersection),0,NOT ENOUGH INFORMATION / NOT APPLICABLE,,N,Unknown,Unknown,Unknown,,,,32,One parked--one moving,0,0,N
1256753.487,204936.9329,1689,199800,199940,3734509,Matched,Block,,CALIFORNIA AVE SW BETWEEN SW FINDLAY ST AND SW JUNEAU ST, ,,1,Property Damage Only Collision,Parked Car,2,0,0,2,0,0,0,2015/08/11 00:00:00+00,8/11/2015 10:30,Mid-Block (not related to intersection),11,"MOTOR VEHICLE STRUCK MOTOR VEHICLE, FRONT END AT ANGLE",Y,N,Unknown,Unknown,Unknown,,,,32,One parked--one moving,0,0,Y
1261264.086,246617.6278,1690,92500,92500,2905731,Matched,Block,,NW 51ST ST BETWEEN 11TH AVE NW AND 14TH AVE NW,,,1,Property Damage Only Collision,Parked Car,2,0,0,2,0,0,0,2008/06/23 00:00:00+00,6/23/2008 8:00,Mid-Block (not related to intersection),14,"MOTOR VEHICLE STRUCK MOTOR VEHICLE, REAR END",,0,Clear,Dry,Daylight,,8175033,,32,One parked--one moving,0,0,N
1284712.375,202907.2746,1691,240600,241040,E653817,Matched,Block,,47TH AVE S BETWEEN S RAYMOND PL AND S GRAHAM ST, ,,1,Property Damage Only Collision,Parked Car,2,0,0,2,0,0,0,2017/03/16 00:00:00+00,3/16/2017 17:45,Mid-Block (not related to intersection),11,"MOTOR VEHICLE STRUCK MOTOR VEHICLE, FRONT END AT ANGLE",,N,Clear,Dry,Daylight,,,,32,One parked--one moving,0,0,N
1265743.638,231524.0135,1692,168900,168920,3705199,Matched,Intersection,28917,2ND AVE N AND MERCER ST, ,,2,Injury Collision,Cycles,2,0,1,1,1,0,0,2014/05/15 00:00:00+00,5/15/2014 18:22,At Intersection (intersection related),18,"MOTOR VEHICLE STRUCK PEDALCYCLIST, FRONT END AT ANGLE",,N,Clear,Dry,Daylight,,,,45,Vehicle - Pedalcyclist,0,523112,N
1269761.261,224063.0003,1693,114600,114600,3345577,Matched,Block,,1ST AVE BETWEEN MARION ST AND MADISON ST,,,1,Property Damage Only Collision,Parked Car,2,0,0,2,0,0,0,2010/08/22 00:00:00+00,8/22/2010 9:40,Mid-Block (not related to intersection),13,"MOTOR VEHICLE STRUCK MOTOR VEHICLE, LEFT SIDE AT ANGLE",,N,Unknown,Unknown,Unknown,,10234017,,32,One parked--one moving,0,0,N
1280207.918,271090.2965,1694,145000,145000,E204327,Matched,Block,,NE 145TH ST BETWEEN 28TH AVE NE AND 30TH AVE NE, ,,1,Property Damage Only Collision,Rear Ended,2,0,0,2,0,0,0,2012/10/19 00:00:00+00,10/19/2012 21:01,Mid-Block (not related to intersection),14,"MOTOR VEHICLE STRUCK MOTOR VEHICLE, REAR END",,Y,Raining,Wet,Dark - Street Lights On,,,Y,14,From same direction - both going straight - one stopped - rear-end,0,0,N
1269605.468,224326.1767,1695,81200,81200,2908042,Matched,Block,,1ST AVE BETWEEN MADISON ST AND SPRING ST,,,1,Property Damage Only Collision,Sideswipe,2,0,0,2,0,0,0,2008/08/27 00:00:00+00,8/27/2008 8:46,Mid-Block (not related to intersection),11,"MOTOR VEHICLE STRUCK MOTOR VEHICLE, FRONT END AT ANGLE",Y,0,Clear,Dry,Daylight,,8240025,,11,From same direction - both going straight - both moving - sideswipe,0,0,N
1264357.325,237702.1023,1696,213900,214160,3777712,Unmatched,Block,,W SMITH ST BETWEEN 1ST AVE W AND 2ND AVE W, ,,0,Unknown,,0,0,0,0,0,0,0,2016/02/12 00:00:00+00,2/12/2016,,0,NOT ENOUGH INFORMATION / NOT APPLICABLE,,,,,,,,, ,,0,0,Y
1272218.371,231933.7214,1697,70200,70200,2621548,Matched,Block,,BELLEVUE AVE E BETWEEN E ROY ST AND BELLEVUE PL E,,,1,Property Damage Only Collision,Parked Car,2,0,0,2,0,0,0,2007/01/31 00:00:00+00,1/31/2007 19:00,Mid-Block (but intersection related),16,"MOTOR VEHICLE STRUCK MOTOR VEHICLE, LEFT SIDE SIDESWIPE",,0,Clear,Dry,Dark - Street Lights On,,7031040,,32,One parked--one moving,0,0,N
1280356.971,270425.4484,1698,228500,228840,3767823,Matched,Intersection,36003,30TH AVE NE AND NE 143RD ST, ,,2,Injury Collision,Angles,3,0,0,2,3,0,0,2016/09/22 00:00:00+00,9/22/2016 16:37,At Intersection (intersection related),11,"MOTOR VEHICLE STRUCK MOTOR VEHICLE, FRONT END AT ANGLE",,N,Clear,Dry,Daylight,,,,10,Entering at angle,0,0,N
1259889.222,213951.5844,1699,137100,137100,3505301,Matched,Intersection,351696,34TH AVE SW AND SW ADMIRAL WAY,,,1,Property Damage Only Collision,Rear Ended,2,0,0,2,0,0,0,2012/10/08 00:00:00+00,10/8/2012 16:05,At Intersection (intersection related),14,"MOTOR VEHICLE STRUCK MOTOR VEHICLE, REAR END",Y,N,Clear,Dry,Daylight,,12282004,,14,From same direction - both going straight - one stopped - rear-end,0,0,N
1284831.942,262116.4185,1700,127700,127700,3553044,Matched,Intersection,36782,EXETER AVE NE AND NE 110TH ST,,,2,Injury Collision,Other,1,0,0,1,1,0,0,2011/11/06 00:00:00+00,11/6/2011 18:09,At Intersection (intersection related),28,MOTOR VEHICLE RAN OFF ROAD - HIT FIXED OBJECT,Y,N,Clear,Dry,Dark - Street Lights On,,11310003,,50,Fixed object,0,0,N
1270949.538,270730.0487,1701,125800,125800,3207769,Matched,Block,,N 143RD ST BETWEEN WAYNE PL N AND MERIDIAN AVE N,,,1,Property Damage Only Collision,Other,1,0,0,1,0,0,0,2011/10/29 00:00:00+00,10/29/2011 0:01,,0,NOT ENOUGH INFORMATION / NOT APPLICABLE,,0,Unknown,Unknown,Unknown,,11302017,,51,Other object,0,0,N
1268389.231,229274.0702,1702,198800,198940,3732747,Matched,Block,,DENNY WAY BETWEEN DEXTER AVE AND 8TH AVE, ,,2,Injury Collision,Rear Ended,8,0,0,3,5,0,0,2015/07/24 00:00:00+00,7/24/2015 14:41,Mid-Block (not related to intersection),14,"MOTOR VEHICLE STRUCK MOTOR VEHICLE, REAR END",Y,N,Clear,Dry,Daylight,,,,14,From same direction - both going straight - one stopped - rear-end,0,0,N
1274953.055,262434.2781,1703,113000,113000,3276897,Matched,Intersection,36498,PINEHURST WAY NE AND ROOSEVELT S WAY NE,,,1,Property Damage Only Collision,Left Turn,2,0,0,2,0,0,0,2010/12/27 00:00:00+00,12/27/2010 19:36,At Intersection (intersection related),11,"MOTOR VEHICLE STRUCK MOTOR VEHICLE, FRONT END AT ANGLE",,N,Raining,Wet,Dark - Street Lights On,,10361043,,28,From opposite direction - one left turn - one straight,0,0,N
1273094.35,224435.4711,1704,264700,265480,3818398,Matched,Block,,JEFFERSON ST BETWEEN TERRY AVE AND BOREN AVE, ,,1,Property Damage Only Collision,Parked Car,2,0,0,2,0,0,0,2018/01/02 00:00:00+00,1/2/2018 7:50,Mid-Block (not related to intersection),0,NOT ENOUGH INFORMATION / NOT APPLICABLE,,N,Unknown,Unknown,Unknown,,,,32,One parked--one moving,0,0,Y
1274490.652,249145.6591,1705,99700,99700,2880922,Matched,Intersection,25717,9TH AVE NE AND NE 62ND ST,,,1,Property Damage Only Collision,Angles,2,0,0,2,0,0,0,2009/10/05 00:00:00+00,10/5/2009,At Intersection (intersection related),11,"MOTOR VEHICLE STRUCK MOTOR VEHICLE, FRONT END AT ANGLE",,0,Unknown,Dry,Daylight,,9278008,,10,Entering at angle,0,0,N
,,1706,185600,185680,3733319,Matched,Alley,,, ,,1,Property Damage Only Collision,Parked Car,2,0,0,2,0,0,0,2015/02/13 00:00:00+00,2/13/2015 19:00,,0,NOT ENOUGH INFORMATION / NOT APPLICABLE,,N,Unknown,Unknown,Unknown,,,,32,One parked--one moving,0,0,N
1272637.638,221822.2809,1707,94300,94300,3200359,Matched,Block,,S KING ST BETWEEN MAYNARD AL S AND 7TH AVE S,,,1,Property Damage Only Collision,Parked Car,2,0,0,2,0,0,0,2009/08/29 00:00:00+00,8/29/2009 1:53,Mid-Block (not related to intersection),14,"MOTOR VEHICLE STRUCK MOTOR VEHICLE, REAR END",,0,Clear,Dry,Dark - Street Lights On,,9241017,,32,One parked--one moving,0,0,N
1271118.434,228090.2473,1708,194100,194180,3613445,Matched,Intersection,29865,BOREN AVE AND OLIVE WAY, ,,1,Property Damage Only Collision,Left Turn,3,0,0,2,0,0,0,2015/05/30 00:00:00+00,5/30/2015 21:26,At Intersection (intersection related),11,"MOTOR VEHICLE STRUCK MOTOR VEHICLE, FRONT END AT ANGLE",Y,N,Clear,Dry,Dark - Street Lights On,,,,28,From opposite direction - one left turn - one straight,0,0,N
1263815.484,198403.5672,1709,123700,123700,3342658,Matched,Block,,SW HOLDEN ST BETWEEN 18TH AVE SW AND 19TH AVE SW,,,1,Property Damage Only Collision,Angles,2,0,0,2,0,0,0,2011/06/09 00:00:00+00,6/9/2011 6:46,Mid-Block (but intersection related),11,"MOTOR VEHICLE STRUCK MOTOR VEHICLE, FRONT END AT ANGLE",,N,Clear,Dry,Dawn,,11160014,,10,Entering at angle,0,0,N
1264608.765,232134.6368,1710,133700,133700,3329009,Matched,Block,,W QUEEN ANNE DRWY BETWEEN QUEEN ANNE AVE N AND W OLYMPIC PL,,,1,Property Damage Only Collision,Parked Car,5,0,0,2,0,0,0,2012/08/22 00:00:00+00,8/22/2012 10:19,Mid-Block (not related to intersection),13,"MOTOR VEHICLE STRUCK MOTOR VEHICLE, LEFT SIDE AT ANGLE",Y,N,Overcast,Dry,Daylight,,12235033,,32,One parked--one moving,0,0,N
1285546.605,198344.8595,1711,227700,228040,E586911,Matched,Intersection,34479,RAINIER AVE S AND S AUSTIN ST, ,,2,Injury Collision,Rear Ended,2,0,0,2,1,0,0,2016/09/15 00:00:00+00,9/15/2016 17:46,At Intersection (but not related to intersection),14,"MOTOR VEHICLE STRUCK MOTOR VEHICLE, REAR END",Y,N,Clear,Dry,Daylight,,,,14,From same direction - both going straight - one stopped - rear-end,0,0,N
1267764.387,244435.6282,1712,122600,122600,3563647,Matched,Block,,WHITMAN AVE N BETWEEN N 43RD ST AND N ALLEN PL,,,1,Property Damage Only Collision,Parked Car,2,0,0,2,0,0,0,2011/11/07 00:00:00+00,11/7/2011 8:00,,0,NOT ENOUGH INFORMATION / NOT APPLICABLE,,N,Overcast,Dry,Daylight,,11311003,,32,One parked--one moving,0,0,N
1267901.828,230764.4648,1713,249000,249600,E715827,Matched,Block,,AURORA AVE N BETWEEN HARRISON ST AND REPUBLICAN ST, ,,1,Property Damage Only Collision,Sideswipe,0,0,0,2,0,0,0,2017/09/25 00:00:00+00,9/25/2017 9:47,Mid-Block (not related to intersection),11,"MOTOR VEHICLE STRUCK MOTOR VEHICLE, FRONT END AT ANGLE",,N,Clear,Dry,Daylight,,,,11,From same direction - both going straight - both moving - sideswipe,0,0,N
1269958.371,203008.9932,1714,177300,177320,E352066,Matched,Block,,EAST MARGINAL WAY S BETWEEN 1ST AV S BR NB AND S FRONT ST, ,,2,Injury Collision,Sideswipe,3,0,0,2,3,0,0,2014/08/21 00:00:00+00,8/21/2014 9:13,Mid-Block (not related to intersection),14,"MOTOR VEHICLE STRUCK MOTOR VEHICLE, REAR END",,N,Clear,Dry,Daylight,,,Y,11,From same direction - both going straight - both moving - sideswipe,0,0,N
1269645.108,203945.3574,1715,95900,95900,2907649,Matched,Block,,EAST MARGINAL WAY S BETWEEN S FIDALGO ST AND 1ST AVE S,,,1,Property Damage Only Collision,Other,1,0,0,1,0,0,0,2009/02/10 00:00:00+00,2/10/2009 19:23,Driveway Junction,28,MOTOR VEHICLE RAN OFF ROAD - HIT FIXED OBJECT,,0,Raining,Wet,Dark - Street Lights On,,9041011,,50,Fixed object,0,0,N
1278257.939,212323.956,1716,198400,198540,3736279,Matched,Block,,25TH AVE S BETWEEN S HINDS ST AND S SPOKANE ST,NEI,"Not Enough Information, or Insufficient Location Information",1,Property Damage Only Collision,Parked Car,2,0,0,2,0,0,0,2015/07/19 00:00:00+00,7/19/2015 17:00,,0,NOT ENOUGH INFORMATION / NOT APPLICABLE,,N,Clear,Dry,Unknown,,,,32,One parked--one moving,0,0,N
1270298.175,231752.2569,1717,71300,71300,2620673,Matched,Block,,FAIRVIEW AVE N BETWEEN ROY ST AND VALLEY ST,,,2,Injury Collision,Rear Ended,3,0,0,3,2,0,0,2007/10/04 00:00:00+00,10/4/2007,Mid-Block (but intersection related),14,"MOTOR VEHICLE STRUCK MOTOR VEHICLE, REAR END",,0,Clear,Dry,Daylight,,7277030,,14,From same direction - both going straight - one stopped - rear-end,0,0,N