X,Y,OBJECTID,INCKEY,COLDETKEY,REPORTNO,STATUS,ADDRTYPE,INTKEY,LOCATION,EXCEPTRSNCODE,EXCEPTRSNDESC,SEVERITYCODE,SEVERITYDESC,COLLISIONTYPE,PERSONCOUNT,PEDCOUNT,PEDCYLCOUNT,VEHCOUNT,INJURIES,SERIOUSINJURIES,FATALITIES,INCDATE,INCDTTM,JUNCTIONTYPE,SDOT_COLCODE,SDOT_COLDESC,INATTENTIONIND,UNDERINFL,WEATHER,ROADCOND,LIGHTCOND,PEDROWNOTGRNT,SDOTCOLNUM,SPEEDING,ST_COLCODE,ST_COLDESC,SEGLANEKEY,CROSSWALKKEY,HITPARKEDCAR
1266000.287,228076.5841,1718,121600,121600,C753463,Unmatched,Intersection,29683,CEDAR ST AND WESTERN AVE, ,,0,Unknown,,0,0,0,0,0,0,0,2011/07/12 00:00:00+00,7/12/2011,At Intersection (intersection related),0,NOT ENOUGH INFORMATION / NOT APPLICABLE,,,,,,,11193034,, ,,0,0,N
1263766.006,194122.3905,1719,116900,116900,3343032,Matched,Block,,18TH AVE SW BETWEEN SW HENDERSON ST AND SW BARTON ST,,,1,Property Damage Only Collision,Parked Car,2,0,0,2,0,0,0,2010/11/05 00:00:00+00,11/5/2010 9:11,Mid-Block (not related to intersection),14,"MOTOR VEHICLE STRUCK MOTOR VEHICLE, REAR END",Y,N,Overcast,Dry,Daylight,,10309021,,32,One parked--one moving,0,0,N
1276764.648,225271.0035,1720,144200,144200,3605880,Matched,Intersection,30177,19TH AVE AND E CHERRY ST, ,,1,Property Damage Only Collision,Angles,3,0,0,2,0,0,0,2013/03/12 00:00:00+00,3/12/2013 9:40,At Intersection (intersection related),11,"MOTOR VEHICLE STRUCK MOTOR VEHICLE, FRONT END AT ANGLE",Y,N,Overcast,Dry,Daylight,,13071005,,10,Entering at angle,0,0,N
1269358.553,228283.9719,1721,250800,251400,E721101,Unmatched,Block,,WESTLAKE AVE BETWEEN 7TH AVE AND 8TH AVE, ,,0,Unknown,,0,0,0,0,0,0,0,2017/10/09 00:00:00+00,10/9/2017,Mid-Block (not related to intersection),11,"MOTOR VEHICLE STRUCK MOTOR VEHICLE, FRONT END AT ANGLE",,,,,,,,, ,,0,0,N
1267000.041,242514.6972,1722,159800,159820,3591361,Matched,Block,,LINDEN AVE N BETWEEN N 39TH ST AND N 40TH ST, ,,2,Injury Collision,Pedestrian,2,1,0,1,1,0,0,2014/01/08 00:00:00+00,1/8/2014 14:55,Mid-Block (not related to intersection),24,MOTOR VEHCILE STRUCK PEDESTRIAN,,N,Overcast,Wet,Daylight,,,,3,Vehicle backing hits pedestrian,0,0,N
1266814.727,229314.2373,1723,261700,262440,C815127,Unmatched,Block,,DENNY WAY BETWEEN 4TH AVE AND 5TH AVE, ,,0,Unknown,,0,0,0,0,0,0,0,2017/03/16 00:00:00+00,3/16/2017,Mid-Block (not related to intersection),11,"MOTOR VEHICLE STRUCK MOTOR VEHICLE, FRONT END AT ANGLE",,,,,,,,, ,,0,0,N
1260981.292,249717.3188,1724,93900,93900,2895764,Matched,Block,,14TH AVE NW BETWEEN NW 62ND ST AND NW 63RD ST,,,1,Property Damage Only Collision,Parked Car,2,0,0,2,0,0,0,2009/04/17 00:00:00+00,4/17/2009 1:45,Mid-Block (not related to intersection),11,"MOTOR VEHICLE STRUCK MOTOR VEHICLE, FRONT END AT ANGLE",,0,Raining,Wet,Dark - Street Lights On,,9107002,,32,One parked--one moving,0,0,N
1264518.724,229132.405,1725,131300,131300,2908091,Matched,Block,,ELLIOTT AVE BETWEEN BAY ST AND W DENNY WAY,,,2,Injury Collision,Pedestrian,2,1,0,1,2,0,0,2012/07/02 00:00:00+00,7/2/2012 17:12,Mid-Block (not related to intersection),24,MOTOR VEHCILE STRUCK PEDESTRIAN,,N,Clear,Dry,Daylight,,12184012,,0,Vehicle going straight hits pedestrian,0,0,N
1277346.905,258762.9041,1726,68700,68700,C694977,Matched,Block,,19TH AVE NE BETWEEN NE 97TH ST AND NE 98TH ST,,,1,Property Damage Only Collision,Parked Car,2,0,0,2,0,0,0,2007/10/22 00:00:00+00,10/22/2007 23:00,Mid-Block (not related to intersection),14,"MOTOR VEHICLE STRUCK MOTOR VEHICLE, REAR END",,0,Clear,Dry,Unknown,,7295044,,32,One parked--one moving,0,0,N
1270269.193,257479.5545,1727,216000,216260,3591292,Matched,Intersection,37332,WALLINGFORD AVE N AND N 92ND ST, ,,1,Property Damage Only Collision,Sideswipe,3,0,0,2,0,0,0,2016/03/18 00:00:00+00,3/18/2016 14:09,At Intersection (intersection related),11,"MOTOR VEHICLE STRUCK MOTOR VEHICLE, FRONT END AT ANGLE",,N,Clear,Dry,Daylight,,,,71,Same direction -- both turning right -- both moving -- sideswipe,0,0,N
1269289.659,223605.9345,1728,83800,83800,2906675,Matched,Intersection,30379,ALASKAN WAY AND MARION ST,,,2,Injury Collision,Left Turn,3,0,0,2,1,0,0,2008/06/21 00:00:00+00,6/21/2008 19:51,At Intersection (intersection related),11,"MOTOR VEHICLE STRUCK MOTOR VEHICLE, FRONT END AT ANGLE",,0,Clear,Dry,Daylight,,8173015,,15,From same direction - one left turn - one straight,0,0,N
1281701.204,267618.4851,1729,248500,249080,E709476,Matched,Block,,35TH AVE NE BETWEEN NE 130TH N ST AND NE 134TH ST, ,,1,Property Damage Only Collision,Rear Ended,0,0,0,2,0,0,0,2017/09/01 00:00:00+00,9/1/2017 15:47,Mid-Block (not related to intersection),14,"MOTOR VEHICLE STRUCK MOTOR VEHICLE, REAR END",,N,Clear,Dry,Daylight,,,,14,From same direction - both going straight - one stopped - rear-end,0,0,N
1260155.98,242027.2926,1730,191800,191880,E413124,Matched,Block,,15TH EMERSON RP BETWEEN 15TH AV W ON RP AND EMERSON TURN RD, ,,2,Injury Collision,Head On,3,0,0,2,1,0,0,2015/03/27 00:00:00+00,3/27/2015 20:27,Mid-Block (not related to intersection),11,"MOTOR VEHICLE STRUCK MOTOR VEHICLE, FRONT END AT ANGLE",Y,N,Overcast,Dry,Dark - No Street Lights,,,,24,From opposite direction - both moving - head-on,0,0,N
1273478.732,204104.0807,1731,115800,115800,3387685,Matched,Block,,S DORIS ST BETWEEN CORSON AVE S AND AIRPORT WAY S,,,1,Property Damage Only Collision,Parked Car,2,0,0,2,0,0,0,2010/10/30 00:00:00+00,10/30/2010 20:00,Mid-Block (not related to intersection),14,"MOTOR VEHICLE STRUCK MOTOR VEHICLE, REAR END",,N,Raining,Wet,Dark - Street Lights On,,10303054,,32,One parked--one moving,0,0,N
1268378.325,233816.5253,1732,182000,182073,3732505,Matched,Block,,DEXTER AVE N BETWEEN COMSTOCK ST AND LEE ST, ,,1,Property Damage Only Collision,Other,5,0,0,2,0,0,0,2014/12/20 00:00:00+00,12/20/2014 22:01,Mid-Block (not related to intersection),11,"MOTOR VEHICLE STRUCK MOTOR VEHICLE, FRONT END AT ANGLE",Y,N,Overcast,Wet,Dark - Street Lights On,,,,23,From same direction - all others,0,0,N
1264476.838,250635.1302,1733,179300,179360,3590564,Matched,Block,,2ND AVE NW BETWEEN NW 65TH ST AND NW 67TH ST,NEI,"Not Enough Information, or Insufficient Location Information",1,Property Damage Only Collision,Parked Car,2,0,0,2,0,0,0,2014/11/07 00:00:00+00,11/7/2014 17:15,Mid-Block (not related to intersection),0,NOT ENOUGH INFORMATION / NOT APPLICABLE,,N,Unknown,Unknown,Unknown,,,,32,One parked--one moving,0,0,N
1284904,201204.0618,1734,199200,199340,3730673,Matched,Intersection,34420,RAINIER AVE S AND S HOLLY ST, ,,2,Injury Collision,Left Turn,4,0,0,2,1,0,0,2015/08/03 00:00:00+00,8/3/2015 8:00,At Intersection (intersection related),11,"MOTOR VEHICLE STRUCK MOTOR VEHICLE, FRONT END AT ANGLE",Y,N,Clear,Dry,Daylight,,,,28,From opposite direction - one left turn - one straight,0,0,N
1276009.487,227067.9471,1735,85400,85400,8308056,Unmatched,Block,,E UNION ST BETWEEN 16TH AVE AND 17TH AVE,,,0,Unknown,,0,0,0,0,0,0,0,2008/11/03 00:00:00+00,11/3/2008,Mid-Block (not related to intersection),14,"MOTOR VEHICLE STRUCK MOTOR VEHICLE, REAR END",,,,,,,8308056,,,,0,0,N
1257229.715,208855.2873,1736,201400,201540,3588085,Matched,Block,,42ND AVE SW BETWEEN SW OREGON ST AND SW ALASKA ST, ,,1,Property Damage Only Collision,Angles,2,0,0,2,0,0,0,2015/09/01 00:00:00+00,9/1/2015 22:48,Driveway Junction,11,"MOTOR VEHICLE STRUCK MOTOR VEHICLE, FRONT END AT ANGLE",Y,N,Clear,Dry,Dark - Street Lights On,,,,10,Entering at angle,0,0,N
1271636.107,262081.398,1737,148400,148420,C771057,Unmatched,Intersection,36585,CORLISS AVE N AND N NORTHGATE WAY,NEI,"Not Enough Information, or Insufficient Location Information",0,Unknown,,0,0,0,0,0,0,0,2012/08/06 00:00:00+00,8/6/2012,At Intersection (intersection related),0,NOT ENOUGH INFORMATION / NOT APPLICABLE,,,,,,,,, ,,0,0,N
1274328.734,224655.0855,1738,114300,114300,3210895,Matched,Block,,E JEFFERSON ST BETWEEN 11TH AVE AND 12TH AVE,,,1,Property Damage Only Collision,Rear Ended,3,0,0,3,0,0,0,2010/10/12 00:00:00+00,10/12/2010 7:26,Mid-Block (not related to intersection),14,"MOTOR VEHICLE STRUCK MOTOR VEHICLE, REAR END",,Y,Clear,Dry,Daylight,,10285011,,14,From same direction - both going straight - one stopped - rear-end,0,0,N
1271553.87,223878.7656,1739,186800,186880,3549708,Matched,Block,,JAMES ST BETWEEN 5TH AVE AND 6TH AVE, ,,1,Property Damage Only Collision,Other,1,0,0,1,0,0,0,2015/03/07 00:00:00+00,3/7/2015 3:12,Mid-Block (but intersection related),28,MOTOR VEHICLE RAN OFF ROAD - HIT FIXED OBJECT,Y,N,Clear,Dry,Dark - Street Lights On,,,,50,Fixed object,0,0,N
1278924.628,222341.5098,1740,108300,108300,3332091,Matched,Block,,26TH AVE S BETWEEN S WASHINGTON ST AND S JACKSON ST,,,1,Property Damage Only Collision,Parked Car,2,0,0,2,0,0,0,2010/07/07 00:00:00+00,7/7/2010 7:45,,0,NOT ENOUGH INFORMATION / NOT APPLICABLE,,N,Clear,Dry,Daylight,,10188051,,32,One parked--one moving,0,0,N
1268031.291,232257.2409,1741,214900,215160,519541,Unmatched,Block,,AURORA AVE N BETWEEN VALLEY ST AND ALOHA ST, ,,1,Property Damage Only Collision,,2,0,0,0,0,0,0,2016/02/26 00:00:00+00,2/26/2016,Mid-Block (not related to intersection),14,"MOTOR VEHICLE STRUCK MOTOR VEHICLE, REAR END",,,,,,,,, ,,0,0,N
1286237.906,199349.5041,1742,69900,69900,2828141,Matched,Block,,SEWARD PARK AVE S BETWEEN S ORCHARD ST AND S OTHELLO ST,,,1,Property Damage Only Collision,Other,1,0,0,1,0,0,0,2007/10/14 00:00:00+00,10/14/2007 22:59,Mid-Block (but intersection related),28,MOTOR VEHICLE RAN OFF ROAD - HIT FIXED OBJECT,Y,0,Unknown,Dry,Dark - Street Lights On,,7287018,,50,Fixed object,0,0,N
1275081.95,252850.7905,1743,138800,138800,3568079,Matched,Block,,LAKE CITY WAY NE BETWEEN NE 75TH ST AND 11TH AVE NE,,,1,Property Damage Only Collision,Sideswipe,2,0,0,2,0,0,0,2012/02/21 00:00:00+00,2/21/2012 7:11,Mid-Block (not related to intersection),11,"MOTOR VEHICLE STRUCK MOTOR VEHICLE, FRONT END AT ANGLE",,N,Raining,Dry,Unknown,,12052024,,11,From same direction - both going straight - both moving - sideswipe,0,0,N
1279379.04,214395.1228,1744,247600,248180,E698404,Matched,Intersection,31481,M L KING JR WAY S AND S MCCLELLAN ST, ,,2,Injury Collision,Angles,5,0,0,2,2,0,0,2017/07/30 00:00:00+00,7/30/2017 18:25,At Intersection (intersection related),11,"MOTOR VEHICLE STRUCK MOTOR VEHICLE, FRONT END AT ANGLE",,N,Clear,Dry,Daylight,,,,10,Entering at angle,0,0,N
1271771.7,223065.589,1745,137400,137400,2825040,Matched,Block,,YESLER WAY BETWEEN TERRACE ST AND 6TH AVE,,,1,Property Damage Only Collision,Parked Car,2,0,0,2,0,0,0,2012/01/31 00:00:00+00,1/31/2012 16:45,Mid-Block (not related to intersection),14,"MOTOR VEHICLE STRUCK MOTOR VEHICLE, REAR END",,N,Clear,Dry,Daylight,,12031017,,32,One parked--one moving,0,0,N
1281386.391,269392.7869,1746,143000,143000,3599140,Matched,Block,,LAKE CITY WAY NE BETWEEN NE 137TH ST AND NE 140TH ST, ,,1,Property Damage Only Collision,Sideswipe,2,0,0,2,0,0,0,2013/01/29 00:00:00+00,1/29/2013 11:21,Mid-Block (not related to intersection),16,"MOTOR VEHICLE STRUCK MOTOR VEHICLE, LEFT SIDE SIDESWIPE",,N,Unknown,Wet,Daylight,,13029025,,12,From same direction - both going straight - one stopped - sideswipe,0,0,N
1272713.218,226343.8142,1747,157400,157420,3585481,Matched,Block,,SPRING ST BETWEEN MINOR AVE AND SUMMIT AVE, ,,1,Property Damage Only Collision,Parked Car,2,0,0,2,0,0,0,2013/11/23 00:00:00+00,11/23/2013 10:41,Mid-Block (not related to intersection),11,"MOTOR VEHICLE STRUCK MOTOR VEHICLE, FRONT END AT ANGLE",,N,Clear,Dry,Daylight,,,,32,One parked--one moving,0,0,N
1260294.222,247861.1477,1748,257900,258560,E743353,Matched,Block,,15TH AVE NW BETWEEN NW MARKET ST AND NW 56TH ST, ,,1,Property Damage Only Collision,Sideswipe,3,0,0,2,0,0,0,2017/11/30 00:00:00+00,11/30/2017 8:47,Mid-Block (not related to intersection),11,"MOTOR VEHICLE STRUCK MOTOR VEHICLE, FRONT END AT ANGLE",,N,Raining,Wet,Daylight,,,,11,From same direction - both going straight - both moving - sideswipe,0,0,N
1266484.332,241014.3948,1749,98400,98400,3286137,Matched,Block,,N 35TH ST BETWEEN EVANSTON AVE N AND FREMONT AVE N,,,1,Property Damage Only Collision,Parked Car,2,0,0,2,0,0,0,2009/02/16 00:00:00+00,2/16/2009 12:00,Mid-Block (not related to intersection),11,"MOTOR VEHICLE STRUCK MOTOR VEHICLE, FRONT END AT ANGLE",,0,Unknown,Unknown,Unknown,,9047022,,32,One parked--one moving,0,0,N
,,1750,147500,147520,C771138,Unmatched,Block,,ALASKAN WY VI SB BETWEEN COLUMBIA ST ON RP AND ALASKAN WY VI SB EFR OFF RP, ,,1,Property Damage Only Collision,,1,0,0,0,0,0,0,2012/10/25 00:00:00+00,10/25/2012,Mid-Block (not related to intersection),11,"MOTOR VEHICLE STRUCK MOTOR VEHICLE, FRONT END AT ANGLE",,,,,,,,, ,,0,0,N
1267905.493,240669.2351,1751,186600,186680,3707984,Matched,Intersection,27040,ALBION PL N AND N 35TH ST, ,,1,Property Damage Only Collision,Angles,4,0,0,2,0,0,0,2015/02/27 00:00:00+00,2/27/2015 13:53,At Intersection (intersection related),11,"MOTOR VEHICLE STRUCK MOTOR VEHICLE, FRONT END AT ANGLE",Y,N,Overcast,Dry,Daylight,,,,10,Entering at angle,0,0,N
1272707.812,221361.7022,1752,107900,107900,3383602,Matched,Block,,7TH AVE S BETWEEN S WELLER ST AND S LANE ST,,,2,Injury Collision,Pedestrian,2,1,0,1,1,0,0,2010/09/25 00:00:00+00,9/25/2010 2:30,Mid-Block (not related to intersection),24,MOTOR VEHCILE STRUCK PEDESTRIAN,,Y,Clear,Dry,Dark - Street Lights On,,10268010,,0,Vehicle going straight hits pedestrian,0,0,N
1276880.604,201882.5279,1753,212300,212540,3548872,Matched,Block,,SWIFT AV OFF RP BETWEEN I5 NB AND SWIFT AVE S, ,,2,Injury Collision,Rear Ended,3,0,0,3,2,0,0,2015/05/26 00:00:00+00,5/26/2015 18:55,Mid-Block (not related to intersection),14,"MOTOR VEHICLE STRUCK MOTOR VEHICLE, REAR END",,N,Clear,Dry,Daylight,,,,14,From same direction - both going straight - one stopped - rear-end,0,0,N
1279507.976,219259.7889,1754,176200,176220,3705291,Matched,Block,,BRADNER PL S BETWEEN S JUDKINS ST AND S IRVING ST, ,,1,Property Damage Only Collision,Other,1,0,0,1,0,0,0,2014/09/13 00:00:00+00,9/13/2014 9:46,Driveway Junction,28,MOTOR VEHICLE RAN OFF ROAD - HIT FIXED OBJECT,,N,Clear,Dry,Daylight,,,,50,Fixed object,0,0,N
1270756.56,225541.2072,1755,79700,79700,2804574,Matched,Intersection,29928,6TH AVE AND SENECA ST,,,1,Property Damage Only Collision,Angles,3,0,0,2,0,0,0,2008/05/16 00:00:00+00,5/16/2008 16:55,At Intersection (intersection related),11,"MOTOR VEHICLE STRUCK MOTOR VEHICLE, FRONT END AT ANGLE",,0,Clear,Dry,Daylight,,8137027,,10,Entering at angle,0,0,N
1266716.852,231816.8076,1756,227800,228140,3696259,Matched,Intersection,28887,4TH AVE N AND ROY ST, ,,1,Property Damage Only Collision,Left Turn,2,0,0,2,0,0,0,2016/09/14 00:00:00+00,9/14/2016 20:54,At Intersection (intersection related),11,"MOTOR VEHICLE STRUCK MOTOR VEHICLE, FRONT END AT ANGLE",Y,N,Clear,Dry,Dark - Street Lights On,,,,28,From opposite direction - one left turn - one straight,0,0,N
1267741.018,192673.8047,1757,122100,122100,3380879,Matched,Block,,5TH AVE SW BETWEEN SW CAMBRIDGE ST AND SW ROXBURY ST,,,1,Property Damage Only Collision,Other,1,0,0,1,0,0,0,2011/12/03 00:00:00+00,12/3/2011 22:38,Mid-Block (not related to intersection),26,MOTOR VEHICLE STRUCK OBJECT IN ROAD,,Y,Overcast,Dry,Dark - Street Lights On,,11337016,,51,Other object,0,0,N
1266885.423,235564.2216,1758,293000,294020,E807347,Unmatched,Block,,BIGELOW AVE N BETWEEN BLAINE ST AND NEWTON ST,NEI,"Not Enough Information, or Insufficient Location Information",0,Unknown,,0,0,0,0,0,0,0,2018/06/11 00:00:00+00,6/11/2018,,0,NOT ENOUGH INFORMATION / NOT APPLICABLE,,,,,,,,, ,,0,0,Y
1274226.014,242173.6891,1759,69000,69000,2188565,Matched,Block,,UNIVERSITY BR BETWEEN POINT B AND EASTLAKE AVE NE,,,1,Property Damage Only Collision,Other,1,0,0,1,0,0,0,2007/02/01 00:00:00+00,2/1/2007,Mid-Block (not related to intersection),28,MOTOR VEHICLE RAN OFF ROAD - HIT FIXED OBJECT,,0,Clear,Dry,Dark - Street Lights On,,7032008,,50,Fixed object,0,0,N
1259327.72,202504.7837,1760,215100,215360,E521006,Matched,Intersection,34008,35TH AVE SW AND SW MORGAN ST, ,,1,Property Damage Only Collision,Left Turn,2,0,0,2,0,0,0,2016/03/03 00:00:00+00,3/3/2016 7:30,At Intersection (but not related to intersection),11,"MOTOR VEHICLE STRUCK MOTOR VEHICLE, FRONT END AT ANGLE",,N,Clear,Wet,Dark - No Street Lights,,,,28,From opposite direction - one left turn - one straight,0,0,N
1269926.06,256482.467,1761,70800,70800,2625136,Matched,Block,,DENSMORE AVE N BETWEEN N 88TH ST AND N 90TH ST,,,1,Property Damage Only Collision,Other,1,0,0,1,0,0,0,2007/02/20 00:00:00+00,2/20/2007 1:49,Driveway Junction,28,MOTOR VEHICLE RAN OFF ROAD - HIT FIXED OBJECT,,1,Raining,Wet,Dark - Street Lights On,,7051009,,50,Fixed object,0,0,N
1270166.982,226537.327,1762,171500,171520,C784216,Unmatched,Intersection,29894,6TH AVE AND PIKE ST, ,,0,Unknown,,0,0,0,0,0,0,0,2013/11/17 00:00:00+00,11/17/2013,At Intersection (intersection related),11,"MOTOR VEHICLE STRUCK MOTOR VEHICLE, FRONT END AT ANGLE",,,,,,,,, ,,0,0,N
1278474.305,235988.6681,1763,102500,102500,2899046,Matched,Block,,24TH AVE E BETWEEN E NEWTON S ST AND E NEWTON N ST,,,2,Injury Collision,Cycles,1,0,1,0,1,0,0,2009/07/12 00:00:00+00,7/12/2009 9:05,Mid-Block (not related to intersection),66,PEDALCYCLIST STRUCK OBJECT IN ROAD,,0,Raining,Wet,Daylight,,9193005,Y,45,Vehicle - Pedalcyclist,22327,0,N
1273992.023,223988.2976,1764,183000,183080,3591115,Matched,Block,,E ALDER ST BETWEEN 10TH AVE AND 11TH AVE,NEI,"Not Enough Information, or Insufficient Location Information",1,Property Damage Only Collision,Parked Car,2,0,0,2,0,0,0,2014/12/12 00:00:00+00,12/12/2014 7:00,Mid-Block (not related to intersection),0,NOT ENOUGH INFORMATION / NOT APPLICABLE,,N,Unknown,Unknown,Unknown,,,,32,One parked--one moving,0,0,N
1265071.496,230423.3451,1765,125500,125500,3280510,Matched,Block,,1ST AVE N BETWEEN THOMAS ST AND HARRISON ST,,,1,Property Damage Only Collision,Left Turn,2,0,0,2,0,0,0,2011/09/08 00:00:00+00,9/8/2011 15:23,Driveway Junction,11,"MOTOR VEHICLE STRUCK MOTOR VEHICLE, FRONT END AT ANGLE",,N,Clear,Dry,Daylight,,11251010,,15,From same direction - one left turn - one straight,0,0,N
1266443.477,228108.6007,1766,259800,260440,E746531,Matched,Intersection,29685,1ST AVE AND VINE ST, ,,1,Property Damage Only Collision,Angles,4,0,0,2,0,0,0,2017/12/11 00:00:00+00,12/11/2017 10:40,At Intersection (intersection related),11,"MOTOR VEHICLE STRUCK MOTOR VEHICLE, FRONT END AT ANGLE",,N,Clear,Dry,Daylight,,,,10,Entering at angle,0,0,N
1280897.102,205062.443,1767,112800,112800,3374190,Matched,Block,,35TH AVE S BETWEEN DEAD END 5 AND S LUCILE ST,,,1,Property Damage Only Collision,Parked Car,2,0,0,2,0,0,0,2010/12/18 00:00:00+00,12/18/2010 11:00,,0,NOT ENOUGH INFORMATION / NOT APPLICABLE,,N,Clear,Dry,Daylight,,10352012,,32,One parked--one moving,0,0,N
1279342.612,195713.1309,1768,264300,265080,E754568,Matched,Block,,AIRPORT WAY S BETWEEN MILITARY RD S AND CITY LIMITS N, ,,1,Property Damage Only Collision,Other,2,0,0,1,0,0,0,2018/01/03 00:00:00+00,1/3/2018 2:50,Mid-Block (not related to intersection),28,MOTOR VEHICLE RAN OFF ROAD - HIT FIXED OBJECT,,N,Raining,Wet,Dark - Street Lights On,,,Y,50,Fixed object,0,0,N
1277769.182,238945.9624,1769,73000,73000,C690459,Matched,Intersection,28389,MONTLAKE BLVD E AND E HAMLIN ST,,,1,Property Damage Only Collision,Left Turn,2,0,0,2,0,0,0,2007/08/16 00:00:00+00,8/16/2007 12:48,At Intersection (intersection related),11,"MOTOR VEHICLE STRUCK MOTOR VEHICLE, FRONT END AT ANGLE",,0,Clear,Dry,Daylight,,7228032,,28,From opposite direction - one left turn - one straight,0,0,N
1263477.154,247650.3856,1770,185300,185380,E394355,Matched,Intersection,25313,6TH AVE NW AND NW MARKET E ST, ,,2,Injury Collision,Left Turn,0,0,0,2,2,0,0,2015/01/19 00:00:00+00,1/19/2015 17:58,At Intersection (intersection related),11,"MOTOR VEHICLE STRUCK MOTOR VEHICLE, FRONT END AT ANGLE",,N,Overcast,Dry,Dark - Street Lights On,,,,28,From opposite direction - one left turn - one straight,0,0,N
1290723.887,189274.849,1771,107800,107800,3336026,Matched,Block,,68TH AVE S BETWEEN RAINIER AVE S AND HOLYOKE WAY S,,,1,Property Damage Only Collision,Other,1,0,0,1,0,0,0,2010/02/15 00:00:00+00,2/15/2010 5:39,Mid-Block (not related to intersection),28,MOTOR VEHICLE RAN OFF ROAD - HIT FIXED OBJECT,,N,Fog/Smog/Smoke,Wet,Dark - No Street Lights,,10046008,,50,Fixed object,0,0,N
1275038.352,210427.0133,1772,233200,233600,E616236,Matched,Intersection,32287,15TH AVE S AND S DAKOTA ST, ,,1,Property Damage Only Collision,Left Turn,4,0,0,2,0,0,0,2016/12/02 00:00:00+00,12/2/2016 7:59,At Intersection (intersection related),14,"MOTOR VEHICLE STRUCK MOTOR VEHICLE, REAR END",,N,Raining,Wet,Dawn,,,,28,From opposite direction - one left turn - one straight,0,0,N
1271315.326,217004.2093,1773,177000,177020,3588853,Matched,Block,,4TH AVE S BETWEEN S HOLGATE ST AND S WALKER ST, ,,1,Property Damage Only Collision,Parked Car,2,0,0,2,0,0,0,2014/09/04 00:00:00+00,9/4/2014 20:00,Mid-Block (not related to intersection),14,"MOTOR VEHICLE STRUCK MOTOR VEHICLE, REAR END",,N,Unknown,Unknown,Unknown,,,,32,One parked--one moving,0,0,N
1262301.018,245318.4847,1774,93300,93300,2905133,Matched,Intersection,25464,LEARY WAY NW AND NW 46TH ST,,,2,Injury Collision,Angles,2,0,0,2,1,0,0,2008/03/05 00:00:00+00,3/5/2008,At Intersection (intersection related),11,"MOTOR VEHICLE STRUCK MOTOR VEHICLE, FRONT END AT ANGLE",,0,Clear,Dry,Daylight,,8065014,,10,Entering at angle,0,0,N
1268943.528,257647.0387,1775,149000,149020,3502767,Matched,Intersection,37329,STONE AVE N AND N 93RD ST, ,,1,Property Damage Only Collision,Parked Car,2,0,0,2,0,0,0,2013/06/28 00:00:00+00,6/28/2013 15:05,At Intersection (intersection related),14,"MOTOR VEHICLE STRUCK MOTOR VEHICLE, REAR END",Y,N,Clear,Dry,Daylight,,,,32,One parked--one moving,0,0,N
1274410.087,222701.061,1776,246700,247280,3774004,Matched,Intersection,30418,12TH AVE S AND BOREN AVE S, ,,1,Property Damage Only Collision,Angles,0,0,0,2,0,0,0,2017/08/26 00:00:00+00,8/26/2017 16:00,At Intersection (intersection related),11,"MOTOR VEHICLE STRUCK MOTOR VEHICLE, FRONT END AT ANGLE",,N,Clear,Dry,Daylight,,,,10,Entering at angle,0,0,N
1269064.375,254209.485,1777,173900,173920,3646367,Matched,Block,,N 80TH ST BETWEEN STONE AVE N AND GREEN LAKE DR N, ,,2,Injury Collision,Other,2,0,0,1,1,0,0,2014/08/17 00:00:00+00,8/17/2014 16:13,Mid-Block (not related to intersection),29,MOTOR VEHICLE OVERTURNED IN ROAD,,N,Clear,Dry,Daylight,,,,52,Vehicle overturned,0,0,N
1268375.185,267293.2981,1778,210700,210940,E501455,Matched,Block,,AURORA AVE N BETWEEN N 128TH ST AND N 130TH ST, ,,2,Injury Collision,Rear Ended,6,0,0,4,2,0,0,2015/12/23 00:00:00+00,12/23/2015 10:59,Mid-Block (but intersection related),14,"MOTOR VEHICLE STRUCK MOTOR VEHICLE, REAR END",,N,Overcast,Wet,Daylight,,,,13,From same direction - both going straight - both moving - rear-end,0,0,N
1276630.29,245024.6226,1779,110200,110200,3565566,Matched,Block,,17TH SB AVE NE BETWEEN NE 45TH ST AND NE 47TH ST,,,1,Property Damage Only Collision,Parked Car,2,0,0,2,0,0,0,2010/10/28 00:00:00+00,10/28/2010 16:15,Mid-Block (not related to intersection),14,"MOTOR VEHICLE STRUCK MOTOR VEHICLE, REAR END",,N,Raining,Wet,Daylight,,10301038,,32,One parked--one moving,0,0,N
1268031.291,232257.2409,1780,196400,196497,3346522,Matched,Block,,AURORA AVE N BETWEEN VALLEY ST AND ALOHA ST, ,,1,Property Damage Only Collision,Rear Ended,2,0,0,2,0,0,0,2015/06/30 00:00:00+00,6/30/2015 18:03,Mid-Block (not related to intersection),14,"MOTOR VEHICLE STRUCK MOTOR VEHICLE, REAR END",Y,N,Clear,Dry,Daylight,,,,14,From same direction - both going straight - one stopped - rear-end,0,0,N