X,Y,OBJECTID,INCKEY,COLDETKEY,REPORTNO,STATUS,ADDRTYPE,INTKEY,LOCATION,EXCEPTRSNCODE,EXCEPTRSNDESC,SEVERITYCODE,SEVERITYDESC,COLLISIONTYPE,PERSONCOUNT,PEDCOUNT,PEDCYLCOUNT,VEHCOUNT,INJURIES,SERIOUSINJURIES,FATALITIES,INCDATE,INCDTTM,JUNCTIONTYPE,SDOT_COLCODE,SDOT_COLDESC,INATTENTIONIND,UNDERINFL,WEATHER,ROADCOND,LIGHTCOND,PEDROWNOTGRNT,SDOTCOLNUM,SPEEDING,ST_COLCODE,ST_COLDESC,SEGLANEKEY,CROSSWALKKEY,HITPARKEDCAR
1278032.948,222058.1969,1781,112500,112500,3199463,Matched,Intersection,30757,23RD AVE S AND S JACKSON ST, ,,2,Injury Collision,Pedestrian,2,1,0,1,1,0,0,2010/03/10 00:00:00+00,3/10/2010 11:58,At Intersection (intersection related),24,MOTOR VEHCILE STRUCK PEDESTRIAN,,N,Clear,Dry,Daylight,Y,10069006,,1,Vehicle turning right hits pedestrian,0,521466,N
1268270.674,256871.5821,1782,193200,193280,E416723,Matched,Intersection,37340,AURORA AVE N AND N 90TH ST, ,,2,Injury Collision,Left Turn,5,0,0,2,1,0,0,2015/04/10 00:00:00+00,4/10/2015 18:42,At Intersection (intersection related),11,"MOTOR VEHICLE STRUCK MOTOR VEHICLE, FRONT END AT ANGLE",,N,Raining,Wet,Daylight,,,,28,From opposite direction - one left turn - one straight,0,0,N
1272419.054,226525.3483,1783,74700,74700,C684966,Matched,Intersection,29899,MINOR AVE AND SENECA ST,,,1,Property Damage Only Collision,Angles,2,0,0,2,0,0,0,2007/04/13 00:00:00+00,4/13/2007 17:30,At Intersection (intersection related),11,"MOTOR VEHICLE STRUCK MOTOR VEHICLE, FRONT END AT ANGLE",,0,Overcast,Wet,Daylight,,7103043,,10,Entering at angle,0,0,N
1268099.032,192330.7613,1784,144000,144000,3331387,Matched,Intersection,34984,OLSON PL SW AND SW ROXBURY ST, ,,1,Property Damage Only Collision,Other,3,0,0,1,0,0,0,2013/01/18 00:00:00+00,1/18/2013 2:51,At Intersection (intersection related),28,MOTOR VEHICLE RAN OFF ROAD - HIT FIXED OBJECT,,N,Fog/Smog/Smoke,Wet,Dark - Street Lights On,,13018002,Y,50,Fixed object,0,0,N
1268099.032,192330.7613,1785,210900,211140,3587986,Matched,Intersection,34984,OLSON PL SW AND SW ROXBURY ST, ,,1,Property Damage Only Collision,Left Turn,2,0,0,2,0,0,0,2016/01/07 00:00:00+00,1/7/2016 7:45,At Intersection (intersection related),11,"MOTOR VEHICLE STRUCK MOTOR VEHICLE, FRONT END AT ANGLE",,N,Overcast,Dry,Daylight,,,,28,From opposite direction - one left turn - one straight,0,0,N
1263495.586,231807.2237,1786,88000,88000,3286259,Matched,Block,,4TH AVE W BETWEEN W MERCER ST AND W ROY ST,,,1,Property Damage Only Collision,Parked Car,2,0,0,2,0,0,0,2008/10/15 00:00:00+00,10/15/2008 6:00,Mid-Block (not related to intersection),0,NOT ENOUGH INFORMATION / NOT APPLICABLE,,0,Unknown,Unknown,Daylight,,8289045,,32,One parked--one moving,0,0,N
1268476.52,260170.6344,1787,141800,141800,3613463,Matched,Block,,N 103RD ST BETWEEN AURORA S AVE N AND MIDVALE AVE N,,,1,Property Damage Only Collision,Other,2,0,0,2,0,0,0,2012/07/31 00:00:00+00,7/31/2012 18:37,Mid-Block (but intersection related),11,"MOTOR VEHICLE STRUCK MOTOR VEHICLE, FRONT END AT ANGLE",,N,Clear,Dry,Daylight,,12213016,,23,From same direction - all others,0,0,N
1264248.867,251615.1019,1788,203700,203840,E467484,Matched,Intersection,24101,3RD AVE NW AND NW 70TH ST, ,,1,Property Damage Only Collision,Angles,0,0,0,2,0,0,0,2015/10/02 00:00:00+00,10/2/2015 7:48,At Intersection (intersection related),11,"MOTOR VEHICLE STRUCK MOTOR VEHICLE, FRONT END AT ANGLE",,N,Raining,Wet,Dawn,,,,10,Entering at angle,0,0,N
1264675.318,192763.2406,1789,218800,219100,3731811,Matched,Block,,15TH AVE SW BETWEEN SW CAMBRIDGE ST AND SW ROXBURY ST, ,,1,Property Damage Only Collision,Parked Car,2,0,0,2,0,0,0,2016/05/02 00:00:00+00,5/2/2016 12:15,,0,NOT ENOUGH INFORMATION / NOT APPLICABLE,,N,Clear,Dry,Daylight,,,,32,One parked--one moving,0,0,Y
1262877.341,211357.4066,1790,93100,93100,2895601,Matched,Block,,DELRIDGE WAY SW BETWEEN DELRIDGE-W SEATTLE BR EB ON RP AND SW ANDOVER ST,,,1,Property Damage Only Collision,Sideswipe,3,0,0,2,0,0,0,2008/05/30 00:00:00+00,5/30/2008 19:07,Mid-Block (not related to intersection),11,"MOTOR VEHICLE STRUCK MOTOR VEHICLE, FRONT END AT ANGLE",,0,Clear,Dry,Daylight,,8151027,,11,From same direction - both going straight - both moving - sideswipe,0,0,N
1268390.349,234291.1438,1791,222400,222680,E557035,Matched,Intersection,28710,DEXTER AVE N AND GALER ST, ,,1,Property Damage Only Collision,Pedestrian,2,1,0,1,0,0,0,2016/06/23 00:00:00+00,6/23/2016 7:38,At Intersection (intersection related),24,MOTOR VEHCILE STRUCK PEDESTRIAN,,N,Raining,Wet,Daylight,Y,,,0,Vehicle going straight hits pedestrian,0,522521,N
1266183.607,193722.9664,1792,133100,133100,3380767,Matched,Intersection,35048,10TH AVE SW AND SW BARTON ST,,,2,Injury Collision,Angles,3,0,0,2,1,0,0,2012/03/23 00:00:00+00,3/23/2012 8:18,At Intersection (intersection related),11,"MOTOR VEHICLE STRUCK MOTOR VEHICLE, FRONT END AT ANGLE",,N,Clear,Dry,Daylight,,12083005,,10,Entering at angle,0,0,N
1280506.199,232193.5976,1793,146000,146020,3551900,Matched,Block,,LAKE WASHINGTON BLVD E BETWEEN E MADISON ST AND ARBORETUM DR E, ,,1,Property Damage Only Collision,Parked Car,2,0,0,2,0,0,0,2013/05/10 00:00:00+00,5/10/2013 8:30,Mid-Block (but intersection related),11,"MOTOR VEHICLE STRUCK MOTOR VEHICLE, FRONT END AT ANGLE",,N,Clear,Dry,Daylight,,,,20,One car leaving parked position,0,0,N
1267385.141,246244.3145,1794,109300,109300,3287021,Matched,Intersection,25652,AURORA AVE N AND N 50 UPPER ST,,,1,Property Damage Only Collision,Angles,3,0,0,2,0,0,0,2010/02/23 00:00:00+00,2/23/2010 5:58,At Intersection (intersection related),11,"MOTOR VEHICLE STRUCK MOTOR VEHICLE, FRONT END AT ANGLE",,N,Clear,Dry,Dawn,,10054009,,10,Entering at angle,0,0,N
1281484.863,247580.015,1795,195000,195100,3576869,Matched,Block,,35TH AVE NE BETWEEN NE 55TH ST AND NE 57TH ST, ,,2,Injury Collision,Sideswipe,3,0,0,2,1,0,0,2015/06/08 00:00:00+00,6/8/2015 15:30,Mid-Block (not related to intersection),11,"MOTOR VEHICLE STRUCK MOTOR VEHICLE, FRONT END AT ANGLE",,N,Clear,Dry,Daylight,,,,26,From opposite direction - both going straight - sideswipe,0,0,N
1278959.356,265833.103,1796,111000,111000,3374628,Matched,Intersection,36606,25TH AVE NE AND NE 125TH ST,,,2,Injury Collision,Left Turn,3,0,0,2,2,0,0,2010/07/09 00:00:00+00,7/9/2010 19:07,At Intersection (intersection related),11,"MOTOR VEHICLE STRUCK MOTOR VEHICLE, FRONT END AT ANGLE",,N,Clear,Dry,Daylight,,10190020,,28,From opposite direction - one left turn - one straight,0,0,N
,,1797,248100,248680,3587406,Matched,Block,,ALASKAN WY VI NB BETWEEN SENECA ST OFF RP AND WESTERN AV OFF RP, ,,2,Injury Collision,Head On,0,0,0,2,2,0,0,2017/09/07 00:00:00+00,9/7/2017 2:23,Mid-Block (not related to intersection),11,"MOTOR VEHICLE STRUCK MOTOR VEHICLE, FRONT END AT ANGLE",,N,Clear,Dry,Dark - Street Lights On,,,,24,From opposite direction - both moving - head-on,0,0,N
1264938.851,231542.7941,1798,192100,192180,3739230,Matched,Block,,MERCER ST BETWEEN QUEEN ANNE AVE N AND 1ST AVE N, ,,2,Injury Collision,Parked Car,3,0,0,2,1,0,0,2015/05/02 00:00:00+00,5/2/2015 1:35,Mid-Block (not related to intersection),14,"MOTOR VEHICLE STRUCK MOTOR VEHICLE, REAR END",,N,Clear,Dry,Dark - Street Lights On,,,,32,One parked--one moving,0,0,N
1281272.967,244779.3506,1799,101800,101800,3342411,Matched,Block,,NE BLAKELEY ST BETWEEN NE 45TH PL AND 35TH AVE NE,,,1,Property Damage Only Collision,Parked Car,2,0,0,2,0,0,0,2009/11/03 00:00:00+00,11/3/2009,Mid-Block (not related to intersection),14,"MOTOR VEHICLE STRUCK MOTOR VEHICLE, REAR END",,0,Unknown,Unknown,Unknown,,9307029,,32,One parked--one moving,0,0,N
1260313.143,256056.2437,1800,128600,128600,3564977,Matched,Block,,15TH AVE NW BETWEEN NW 85TH ST AND NW 87TH ST,,,2,Injury Collision,Sideswipe,2,0,0,2,1,0,0,2011/02/13 00:00:00+00,2/13/2011 14:45,Mid-Block (but intersection related),11,"MOTOR VEHICLE STRUCK MOTOR VEHICLE, FRONT END AT ANGLE",,N,Clear,Dry,Daylight,,11044014,,81,Same direction -- both turning left -- both moving -- sideswipe,0,0,N
1278034.238,227694.8464,1801,125600,125600,3344141,Matched,Block,,23RD AVE BETWEEN E PIKE ST AND E PINE ST,,,1,Property Damage Only Collision,Rear Ended,5,0,0,3,0,0,0,2011/06/03 00:00:00+00,6/3/2011 8:51,Mid-Block (but intersection related),14,"MOTOR VEHICLE STRUCK MOTOR VEHICLE, REAR END",Y,N,Clear,Dry,Daylight,,11154025,,14,From same direction - both going straight - one stopped - rear-end,0,0,N
1283213.027,227429.432,1802,217900,218180,E533287,Unmatched,Block,,LAKE WASHINGTON BLVD BETWEEN MADRONA DR AND E OLIVE LN,NEI,"Not Enough Information, or Insufficient Location Information",0,Unknown,,0,0,0,0,0,0,0,2016/04/09 00:00:00+00,4/9/2016,,0,NOT ENOUGH INFORMATION / NOT APPLICABLE,,,,,,,,, ,,0,0,N
1266080.202,249507.3208,1803,72100,72100,2829155,Matched,Intersection,25600,DAYTON AVE N AND N 62ND ST,,,2,Injury Collision,Angles,3,0,0,2,1,0,0,2007/06/10 00:00:00+00,6/10/2007 16:24,At Intersection (intersection related),11,"MOTOR VEHICLE STRUCK MOTOR VEHICLE, FRONT END AT ANGLE",,0,Clear,Dry,Daylight,,7161013,,10,Entering at angle,0,0,N
1267054.144,227552.688,1804,219800,220080,E545068,Matched,Block,,1ST AVE BETWEEN BELL ST AND BATTERY ST, ,,1,Property Damage Only Collision,Parked Car,0,0,0,2,0,0,0,2016/01/24 00:00:00+00,1/24/2016,Mid-Block (not related to intersection),14,"MOTOR VEHICLE STRUCK MOTOR VEHICLE, REAR END",,N,Overcast,Wet,Dark - Street Lights On,,,,32,One parked--one moving,0,0,Y
1269188.554,218662.555,1805,114100,114100,3326895,Matched,Block,,ALASKAN WAY S BETWEEN S ATLANTIC ST AND S MASSACHUSETTS ST,,,1,Property Damage Only Collision,Other,1,0,0,1,0,0,0,2010/07/18 00:00:00+00,7/18/2010 15:02,Mid-Block (not related to intersection),11,"MOTOR VEHICLE STRUCK MOTOR VEHICLE, FRONT END AT ANGLE",Y,N,Clear,Dry,Daylight,,10199018,,50,Fixed object,0,0,N
1273614.482,261603.5376,1806,145600,145600,C773364,Unmatched,Block,,5TH AVE NE BETWEEN NE 106TH ST AND NE NORTHGATE WAY, ,,1,Property Damage Only Collision,,2,0,0,0,0,0,0,2013/01/03 00:00:00+00,1/3/2013,Mid-Block (not related to intersection),14,"MOTOR VEHICLE STRUCK MOTOR VEHICLE, REAR END",,,,,,,,, ,,0,0,N
1276193.989,228043.2849,1807,80900,80900,2899317,Matched,Intersection,30132,17TH AVE AND E MADISON ST,,,1,Property Damage Only Collision,Left Turn,3,0,0,2,0,0,0,2008/08/17 00:00:00+00,8/17/2008 18:03,At Intersection (intersection related),11,"MOTOR VEHICLE STRUCK MOTOR VEHICLE, FRONT END AT ANGLE",,0,Clear,Dry,Daylight,,8230005,,28,From opposite direction - one left turn - one straight,0,0,N
1274055.273,227960.3691,1808,232900,233300,3771864,Matched,Block,,E PINE ST BETWEEN 10TH AVE AND 11TH AVE, ,,1,Property Damage Only Collision,Parked Car,2,0,0,2,0,0,0,2016/11/22 00:00:00+00,11/22/2016,Mid-Block (not related to intersection),11,"MOTOR VEHICLE STRUCK MOTOR VEHICLE, FRONT END AT ANGLE",,N,Raining,Wet,Dark - Street Lights On,,,,20,One car leaving parked position,0,0,N
1287632.841,193068.9026,1809,97200,97200,3344278,Matched,Block,,RAINIER AVE S BETWEEN 57TH AVE S AND ITHACA PL S,,,1,Property Damage Only Collision,Sideswipe,2,0,0,2,0,0,0,2009/11/06 00:00:00+00,11/6/2009,Mid-Block (not related to intersection),16,"MOTOR VEHICLE STRUCK MOTOR VEHICLE, LEFT SIDE SIDESWIPE",,0,Raining,Wet,Dark - Street Lights On,,9310042,,11,From same direction - both going straight - both moving - sideswipe,0,0,N
1261970.318,241053.7225,1810,139000,139000,3562800,Matched,Intersection,26757,9TH AVE W AND W BERTONA ST,,,2,Injury Collision,Angles,3,0,0,2,1,0,0,2012/08/04 00:00:00+00,8/4/2012 19:00,At Intersection (intersection related),11,"MOTOR VEHICLE STRUCK MOTOR VEHICLE, FRONT END AT ANGLE",,N,Clear,Dry,Daylight,,12217009,,10,Entering at angle,0,0,N
1279859.832,230497.7598,1811,285200,286080,E792279,Matched,Block,,E HARRISON ST BETWEEN M L KING JR WAY E AND 29TH AVE E, ,,1,Property Damage Only Collision,Parked Car,2,0,0,2,0,0,0,2018/04/17 00:00:00+00,4/17/2018 14:30,Mid-Block (not related to intersection),16,"MOTOR VEHICLE STRUCK MOTOR VEHICLE, LEFT SIDE SIDESWIPE",,N,Clear,Wet,Daylight,,,,32,One parked--one moving,0,0,Y
1276630.29,245024.6226,1812,137000,137000,C764767,Unmatched,Block,,17TH SB AVE NE BETWEEN NE 45TH ST AND NE 47TH ST,,,0,Unknown,,0,0,0,0,0,0,0,2012/05/14 00:00:00+00,5/14/2012,,0,NOT ENOUGH INFORMATION / NOT APPLICABLE,,,,,,,12135044,,,,0,0,N
1277238.612,250988.3551,1813,181400,181440,3591375,Matched,Block,,19TH AVE NE BETWEEN NE 68TH ST AND NE 70TH ST, ,,1,Property Damage Only Collision,Parked Car,2,0,0,2,0,0,0,2014/12/16 00:00:00+00,12/16/2014 10:00,Mid-Block (not related to intersection),13,"MOTOR VEHICLE STRUCK MOTOR VEHICLE, LEFT SIDE AT ANGLE",,N,Overcast,Dry,Daylight,,,,32,One parked--one moving,0,0,N
1268840.579,224583.6488,1814,170100,170120,3591491,Matched,Block,,ALASKAN E RDWY WAY BETWEEN SENECA ST AND UNIVERSITY ST, ,,1,Property Damage Only Collision,Rear Ended,3,0,0,2,0,0,0,2014/06/13 00:00:00+00,6/13/2014 8:12,Mid-Block (not related to intersection),14,"MOTOR VEHICLE STRUCK MOTOR VEHICLE, REAR END",,N,Raining,Wet,Daylight,,,,14,From same direction - both going straight - one stopped - rear-end,0,0,N
1285430.991,192361.3428,1815,139900,139900,3384278,Matched,Intersection,35463,51ST AVE S AND S CAMBRIDGE ST,,,2,Injury Collision,Left Turn,2,0,0,2,1,0,0,2012/05/15 00:00:00+00,5/15/2012 10:05,At Intersection (intersection related),11,"MOTOR VEHICLE STRUCK MOTOR VEHICLE, FRONT END AT ANGLE",,N,Clear,Dry,Daylight,,12136011,,28,From opposite direction - one left turn - one straight,0,0,N
1254138.071,237223.3876,1816,258300,258960,E743790,Unmatched,Block,,W MCGRAW ST BETWEEN 33RD AVE W AND 34TH AVE W, ,,0,Unknown,,0,0,0,0,0,0,0,2017/12/06 00:00:00+00,12/6/2017,,0,NOT ENOUGH INFORMATION / NOT APPLICABLE,,,,,,,,, ,,0,0,Y
1274573.017,244751.5345,1817,85200,85200,2893057,Matched,Block,,NE 45TH ST BETWEEN 9TH E AVE NE AND ROOSEVELT WAY NE,,,1,Property Damage Only Collision,Sideswipe,3,0,0,2,0,0,0,2008/01/08 00:00:00+00,1/8/2008,Mid-Block (not related to intersection),11,"MOTOR VEHICLE STRUCK MOTOR VEHICLE, FRONT END AT ANGLE",,0,Raining,Wet,Dawn,,8008013,,11,From same direction - both going straight - both moving - sideswipe,0,0,N
1270341.39,225295.248,1818,172600,172620,3588900,Matched,Block,,SENECA ST BETWEEN 4TH AVE AND 5TH AVE, ,,1,Property Damage Only Collision,Rear Ended,2,0,0,2,0,0,0,2014/07/28 00:00:00+00,7/28/2014 12:30,Mid-Block (not related to intersection),14,"MOTOR VEHICLE STRUCK MOTOR VEHICLE, REAR END",Y,N,Clear,Dry,Daylight,,,,13,From same direction - both going straight - both moving - rear-end,0,0,N
1273614.38,262024.0936,1819,188400,188480,3575147,Matched,Intersection,36499,5TH AVE NE AND NE NORTHGATE WAY, ,,1,Property Damage Only Collision,Sideswipe,2,0,0,2,0,0,0,2015/03/26 00:00:00+00,3/26/2015 15:45,At Intersection (intersection related),11,"MOTOR VEHICLE STRUCK MOTOR VEHICLE, FRONT END AT ANGLE",,N,Clear,Dry,Daylight,,,,11,From same direction - both going straight - both moving - sideswipe,0,0,N
1251427.779,214384.9409,1820,130700,130700,3380351,Matched,Block,,60TH AVE SW BETWEEN SW STEVENS ST AND SW ADMIRAL WAY,,,1,Property Damage Only Collision,Parked Car,2,0,0,2,0,0,0,2011/05/29 00:00:00+00,5/29/2011 6:00,Mid-Block (not related to intersection),11,"MOTOR VEHICLE STRUCK MOTOR VEHICLE, FRONT END AT ANGLE",,N,Clear,Dry,Daylight,,11149016,,32,One parked--one moving,0,0,N
1257835.381,215847.8526,1821,93800,93800,2896594,Matched,Block,,SW ADMIRAL WAY BETWEEN WALNUT AVE SW AND 41ST AVE SW,,,2,Injury Collision,Other,1,0,0,1,1,0,0,2009/06/03 00:00:00+00,6/3/2009,Mid-Block (but intersection related),26,MOTOR VEHICLE STRUCK OBJECT IN ROAD,,0,Clear,Dry,Daylight,,9154005,,50,Fixed object,0,0,N
1279691.762,230853.6022,1822,231500,231900,3771727,Matched,Intersection,29253,28TH AVE E AND E MADISON ST, ,,2,Injury Collision,Left Turn,3,0,0,2,2,0,0,2016/10/23 00:00:00+00,10/23/2016 10:06,At Intersection (intersection related),11,"MOTOR VEHICLE STRUCK MOTOR VEHICLE, FRONT END AT ANGLE",,N,Overcast,Wet,Daylight,,,,28,From opposite direction - one left turn - one straight,0,0,N
1271271.958,219675.8465,1823,138500,138500,3550276,Matched,Block,,S ROYAL BROUGHAM WAY BETWEEN 3RD AVE S AND 4TH AVE S,,,1,Property Damage Only Collision,Sideswipe,5,0,0,2,0,0,0,2012/09/15 00:00:00+00,9/15/2012 11:40,Mid-Block (but intersection related),14,"MOTOR VEHICLE STRUCK MOTOR VEHICLE, REAR END",,N,Clear,Dry,Daylight,,12259025,,12,From same direction - both going straight - one stopped - sideswipe,0,0,N
1277442.687,217041.3664,1824,107000,107000,3211198,Matched,Intersection,31548,22ND AVE S AND S PLUM ST,,,2,Injury Collision,Angles,4,0,0,2,3,0,0,2010/05/08 00:00:00+00,5/8/2010 16:05,At Intersection (intersection related),11,"MOTOR VEHICLE STRUCK MOTOR VEHICLE, FRONT END AT ANGLE",,N,Clear,Dry,Daylight,,10128019,,10,Entering at angle,0,0,N
1282588.252,248221.5417,1825,279400,280300,E776952,Unmatched,Block,,39TH AVE NE BETWEEN NE 57TH ST AND NE 60TH ST, ,,0,Unknown,,0,0,0,0,0,0,0,2018/03/07 00:00:00+00,3/7/2018,Mid-Block (not related to intersection),18,"MOTOR VEHICLE STRUCK PEDALCYCLIST, FRONT END AT ANGLE",,,,,,,,, ,,0,0,N
1285466.463,194020.8907,1826,152800,152820,3548598,Matched,Block,,RAINIER AVE S BETWEEN S HENDERSON ST AND S DIRECTOR N ST, ,,1,Property Damage Only Collision,Sideswipe,2,0,0,2,0,0,0,2013/08/20 00:00:00+00,8/20/2013 16:00,Mid-Block (but intersection related),11,"MOTOR VEHICLE STRUCK MOTOR VEHICLE, FRONT END AT ANGLE",,N,Clear,Dry,Daylight,,,,11,From same direction - both going straight - both moving - sideswipe,0,0,N
1251576.597,214043.9785,1827,292400,293340,3745593,Matched,Block,,SW ADMIRAL WAY BETWEEN 59TH AVE SW AND 60TH AVE SW, ,,2,Injury Collision,Rear Ended,2,0,0,2,1,0,0,2018/06/14 00:00:00+00,6/14/2018 12:57,Driveway Junction,14,"MOTOR VEHICLE STRUCK MOTOR VEHICLE, REAR END",Y,N,Clear,Dry,Daylight,,,,13,From same direction - both going straight - both moving - rear-end,0,0,N
1277433.819,216681.3162,1828,81900,81900,3279487,Matched,Intersection,31561,22ND AVE S AND S HILL ST,,,1,Property Damage Only Collision,Sideswipe,2,0,0,2,0,0,0,2008/09/09 00:00:00+00,9/9/2008,At Intersection (intersection related),11,"MOTOR VEHICLE STRUCK MOTOR VEHICLE, FRONT END AT ANGLE",,0,Clear,Dry,Daylight,,8253008,,11,From same direction - both going straight - both moving - sideswipe,0,0,N
1277755.885,216525.4499,1829,215500,215760,3726348,Matched,Block,,23RD AVE S BETWEEN RAINIER AVE S AND S WALKER ST, ,,1,Property Damage Only Collision,Rear Ended,3,0,0,3,0,0,0,2016/03/10 00:00:00+00,3/10/2016 11:03,Mid-Block (but intersection related),14,"MOTOR VEHICLE STRUCK MOTOR VEHICLE, REAR END",,N,Overcast,Wet,Daylight,,,,14,From same direction - both going straight - one stopped - rear-end,0,0,N
1276695.694,245683.6441,1830,71100,71100,2798827,Matched,Block,,17TH NB AVE NE BETWEEN NE 47TH ST AND NE 50TH ST,,,1,Property Damage Only Collision,Parked Car,2,0,0,2,0,0,0,2007/09/12 00:00:00+00,9/12/2007 23:01,Mid-Block (not related to intersection),13,"MOTOR VEHICLE STRUCK MOTOR VEHICLE, LEFT SIDE AT ANGLE",,1,Clear,Dry,Dark - Street Lights On,,7255019,,32,One parked--one moving,0,0,N
1268569.591,207352.2591,1831,135200,135200,3617102,Unmatched,Block,,EAST MARGINAL WAY S BETWEEN XW ALASKA AND S HUDSON ST,,,0,Unknown,,0,0,0,0,0,0,0,2012/03/31 00:00:00+00,3/31/2012,Mid-Block (but intersection related),14,"MOTOR VEHICLE STRUCK MOTOR VEHICLE, REAR END",,,,,,,12091028,,,,0,0,N
1270270.96,229225.914,1832,88200,88200,3282481,Matched,Intersection,29504,DENNY WAY AND FAIRVIEW AVE,,,1,Property Damage Only Collision,Angles,3,0,0,2,0,0,0,2008/07/16 00:00:00+00,7/16/2008 10:16,At Intersection (intersection related),11,"MOTOR VEHICLE STRUCK MOTOR VEHICLE, FRONT END AT ANGLE",,0,Clear,Dry,Daylight,,8198050,,10,Entering at angle,0,0,N
1270912.831,203009.7955,1833,163200,163220,3582781,Matched,Block,,4TH AVE S BETWEEN S FRONT ST AND S MICHIGAN ST, ,,2,Injury Collision,Angles,3,0,0,2,3,0,0,2014/02/28 00:00:00+00,2/28/2014 17:15,Driveway Junction,11,"MOTOR VEHICLE STRUCK MOTOR VEHICLE, FRONT END AT ANGLE",,N,Clear,Dry,Daylight,,,,10,Entering at angle,0,0,N
1278867.785,246139.958,1834,192600,192700,E418699,Matched,Block,,25TH AVE NE BETWEEN NE 49TH ST AND NE BLAKELEY ST, ,,1,Property Damage Only Collision,Sideswipe,0,0,0,2,0,0,0,2015/04/18 00:00:00+00,4/18/2015 14:00,Driveway Junction,11,"MOTOR VEHICLE STRUCK MOTOR VEHICLE, FRONT END AT ANGLE",,N,Clear,Dry,Daylight,,,,11,From same direction - both going straight - both moving - sideswipe,0,0,N
1254120.433,235628.7762,1835,75500,75500,2807774,Matched,Block,,W BLAINE ST BETWEEN W HOWE ST AND 35TH AVE W,,,1,Property Damage Only Collision,Parked Car,2,0,0,2,0,0,0,2007/06/03 00:00:00+00,6/3/2007,Mid-Block (not related to intersection),12,"MOTOR VEHICLE STRUCK MOTOR VEHICLE, RIGHT SIDE AT ANGLE",Y,1,Clear,Dry,Daylight,,7154019,,32,One parked--one moving,0,0,N
1271697.557,217398.7496,1836,129200,129200,3546403,Matched,Intersection,31360,5TH AVE S AND S HOLGATE ST, ,,2,Injury Collision,Pedestrian,2,1,0,1,1,0,0,2011/09/27 00:00:00+00,9/27/2011 10:05,At Intersection (intersection related),24,MOTOR VEHCILE STRUCK PEDESTRIAN,,N,Clear,Dry,Daylight,,11270003,,0,Vehicle going straight hits pedestrian,0,522011,N
1269552.961,225678.7565,1837,126500,126500,3377751,Matched,Intersection,29591,3RD AVE AND UNION ST, ,,2,Injury Collision,Cycles,2,0,1,1,1,0,0,2011/01/13 00:00:00+00,1/13/2011 11:30,At Intersection (intersection related),18,"MOTOR VEHICLE STRUCK PEDALCYCLIST, FRONT END AT ANGLE",,N,Overcast,Dry,Daylight,Y,11013009,,45,Vehicle - Pedalcyclist,0,522180,N
1273898.672,271304.7024,1838,203800,203940,E453178,Matched,Block,,NE 145TH ST BETWEEN 5TH AVE NE AND 6TH AVE NE, ,,1,Property Damage Only Collision,Other,1,0,0,1,0,0,0,2015/08/12 00:00:00+00,8/12/2015 17:22,Mid-Block (not related to intersection),26,MOTOR VEHICLE STRUCK OBJECT IN ROAD,,N,Clear,Dry,Daylight,,,,50,Fixed object,0,0,N
1274204.682,254046.7399,1839,201300,201440,3573639,Matched,Intersection,24393,8TH AVE NE AND NE 80TH ST, ,,1,Property Damage Only Collision,Angles,2,0,0,2,0,0,0,2015/09/01 00:00:00+00,9/1/2015 17:02,At Intersection (intersection related),11,"MOTOR VEHICLE STRUCK MOTOR VEHICLE, FRONT END AT ANGLE",,N,Overcast,Dry,Daylight,,,,10,Entering at angle,0,0,N
1275181.156,227738.3579,1840,121000,121000,c751839,Unmatched,Block,,14TH AVE BETWEEN E PIKE ST AND E PINE ST,,,0,Unknown,,0,0,0,0,0,0,0,2011/05/19 00:00:00+00,5/19/2011,Mid-Block (not related to intersection),14,"MOTOR VEHICLE STRUCK MOTOR VEHICLE, REAR END",,,,,,,11139030,,,,0,0,N
1260954.067,240339.7241,1841,203300,203440,3789376,Matched,Block,,W DRAVUS ST BETWEEN 12TH AVE W AND 13TH AVE W,NEI,"Not Enough Information, or Insufficient Location Information",1,Property Damage Only Collision,Angles,2,0,0,2,0,0,0,2015/09/24 00:00:00+00,9/24/2015 9:30,Mid-Block (not related to intersection),0,NOT ENOUGH INFORMATION / NOT APPLICABLE,Y,N,Unknown,Unknown,Unknown,,,,10,Entering at angle,0,0,N
,,1842,189400,189480,C791023,Unmatched,,,,NEI,"Not Enough Information, or Insufficient Location Information",0,Unknown,,0,0,0,0,0,0,0,2014/06/09 00:00:00+00,6/9/2014,Mid-Block (not related to intersection),0,NOT ENOUGH INFORMATION / NOT APPLICABLE,,,,,,,,, ,,0,0,Y
1281397.382,208304.9498,1843,114700,114700,3296446,Matched,Block,,RAINIER AVE S BETWEEN S OREGON ST AND S ALASKA ST,,,2,Injury Collision,Other,2,0,0,1,2,0,0,2010/04/25 00:00:00+00,4/25/2010 3:29,Mid-Block (not related to intersection),28,MOTOR VEHICLE RAN OFF ROAD - HIT FIXED OBJECT,,Y,Clear,Dry,Dark - Street Lights On,,10115001,,50,Fixed object,0,0,N
1273736.371,271108.0529,1844,245800,246400,E695011,Matched,Block,,5TH AVE NE BETWEEN 145TH ST OFF RP AND NE 145TH ST, ,,1,Property Damage Only Collision,Rear Ended,2,0,0,2,0,0,0,2017/06/03 00:00:00+00,6/3/2017 23:05,Mid-Block (not related to intersection),14,"MOTOR VEHICLE STRUCK MOTOR VEHICLE, REAR END",,Y,Clear,Dry,Dark - Street Lights On,,,,13,From same direction - both going straight - both moving - rear-end,0,0,N