X,Y,OBJECTID,INCKEY,COLDETKEY,REPORTNO,STATUS,ADDRTYPE,INTKEY,LOCATION,EXCEPTRSNCODE,EXCEPTRSNDESC,SEVERITYCODE,SEVERITYDESC,COLLISIONTYPE,PERSONCOUNT,PEDCOUNT,PEDCYLCOUNT,VEHCOUNT,INJURIES,SERIOUSINJURIES,FATALITIES,INCDATE,INCDTTM,JUNCTIONTYPE,SDOT_COLCODE,SDOT_COLDESC,INATTENTIONIND,UNDERINFL,WEATHER,ROADCOND,LIGHTCOND,PEDROWNOTGRNT,SDOTCOLNUM,SPEEDING,ST_COLCODE,ST_COLDESC,SEGLANEKEY,CROSSWALKKEY,HITPARKEDCAR
1277523.239,217191.0963,1845,94800,94800,3344451,Matched,Block,,RAINIER AVE S BETWEEN S HOLGATE ST AND S PLUM ST,,,1,Property Damage Only Collision,Sideswipe,2,0,0,2,0,0,0,2009/11/18 00:00:00+00,11/18/2009 7:13,Mid-Block (not related to intersection),11,"MOTOR VEHICLE STRUCK MOTOR VEHICLE, FRONT END AT ANGLE",,0,Raining,Wet,Dawn,,9322007,,11,From same direction - both going straight - both moving - sideswipe,0,0,N
1285529.412,197408.8513,1846,194700,194800,E422459,Matched,Block,,RAINIER AVE S BETWEEN S CHICAGO ST AND S KENYON ST, ,,1,Property Damage Only Collision,Pedestrian,0,1,0,1,0,0,0,2015/02/19 00:00:00+00,2/19/2015,Mid-Block (not related to intersection),24,MOTOR VEHCILE STRUCK PEDESTRIAN,,N,Unknown,Unknown,Unknown,,,,0,Vehicle going straight hits pedestrian,0,523387,N
1274226.014,242173.6891,1847,97000,97000,2882817,Matched,Block,,UNIVERSITY BR BETWEEN POINT B AND EASTLAKE AVE NE,,,2,Injury Collision,Other,1,0,0,1,1,0,0,2009/09/30 00:00:00+00,9/30/2009 8:50,Mid-Block (not related to intersection),26,MOTOR VEHICLE STRUCK OBJECT IN ROAD,,1,Clear,Dry,Daylight,,9273025,,50,Fixed object,0,0,N
1269732.776,227270.9951,1848,209200,209420,3789265,Matched,Intersection,29554,6TH AVE AND OLIVE WAY, ,,1,Property Damage Only Collision,Sideswipe,4,0,0,2,0,0,0,2015/12/14 00:00:00+00,12/14/2015 20:05,At Intersection (intersection related),11,"MOTOR VEHICLE STRUCK MOTOR VEHICLE, FRONT END AT ANGLE",,N,Clear,Dry,Dark - Street Lights On,,,,11,From same direction - both going straight - both moving - sideswipe,0,0,N
1268443.365,241338.2047,1849,134600,134600,3569016,Matched,Block,,STONE WAY N BETWEEN N 36TH ST AND N 38TH ST, ,,1,Property Damage Only Collision,Rear Ended,2,0,0,2,0,0,0,2012/01/10 00:00:00+00,1/10/2012 10:30,Mid-Block (but intersection related),14,"MOTOR VEHICLE STRUCK MOTOR VEHICLE, REAR END",,N,Clear,Wet,Daylight,,12010009,,14,From same direction - both going straight - one stopped - rear-end,0,0,N
1276429.604,236783.3243,1850,74300,74300,2827840,Matched,Block,,E LYNN ST BETWEEN BOYER AVE E AND 18TH AVE E,,,1,Property Damage Only Collision,Parked Car,2,0,0,2,0,0,0,2007/09/16 00:00:00+00,9/16/2007 18:53,Mid-Block (but intersection related),13,"MOTOR VEHICLE STRUCK MOTOR VEHICLE, LEFT SIDE AT ANGLE",Y,0,Clear,Dry,Daylight,,7259018,,32,One parked--one moving,0,0,N
1270475.29,202357.0446,1851,142700,142700,3502497,Matched,Intersection,34222,EAST MARGINAL WAY S AND S MICHIGAN ST, ,,1,Property Damage Only Collision,Other,1,0,0,1,0,0,0,2013/01/18 00:00:00+00,1/18/2013 15:07,At Intersection (intersection related),28,MOTOR VEHICLE RAN OFF ROAD - HIT FIXED OBJECT,,N,Clear,Dry,Daylight,,13018021,,50,Fixed object,0,0,N
1283588.544,200570.5148,1852,126400,126400,3372957,Matched,Intersection,34433,44TH AVE S AND S WILLOW ST,,,2,Injury Collision,Parked Car,6,1,0,4,3,0,0,2011/05/09 00:00:00+00,5/9/2011 23:15,At Intersection (but not related to intersection),16,"MOTOR VEHICLE STRUCK MOTOR VEHICLE, LEFT SIDE SIDESWIPE",,N,Clear,Dry,Dark - No Street Lights,,11129015,,32,One parked--one moving,0,0,N
1280152.666,230489.6282,1853,198600,198757,3642359,Matched,Block,,E HARRISON ST BETWEEN 29TH AVE E AND DEWEY PL E, ,,1,Property Damage Only Collision,Parked Car,2,0,0,2,0,0,0,2015/07/27 00:00:00+00,7/27/2015 12:32,Mid-Block (but intersection related),12,"MOTOR VEHICLE STRUCK MOTOR VEHICLE, RIGHT SIDE AT ANGLE",Y,N,Clear,Dry,Daylight,,,,32,One parked--one moving,0,0,Y
1273823.793,235180.2585,1854,85800,85800,2906601,Matched,Block,,E BLAINE ST BETWEEN DEAD END 1 AND 10TH AVE E,,,1,Property Damage Only Collision,Head On,3,0,0,2,0,0,0,2008/01/02 00:00:00+00,1/2/2008,Mid-Block (but intersection related),11,"MOTOR VEHICLE STRUCK MOTOR VEHICLE, FRONT END AT ANGLE",,0,Raining,Wet,Dark - Street Lights On,,8002028,,30,From opposite direction - all others,0,0,N
1269737.724,202642.5869,1855,220900,221180,E538295,Matched,Block,,1ST S AVE S BETWEEN 1ST N AVE S AND S FRONT ST, ,,2,Injury Collision,Sideswipe,5,0,0,4,1,0,0,2016/04/26 00:00:00+00,4/26/2016 7:38,Mid-Block (not related to intersection),14,"MOTOR VEHICLE STRUCK MOTOR VEHICLE, REAR END",,N,Clear,Dry,Daylight,,,,11,From same direction - both going straight - both moving - sideswipe,0,0,N
1266650.011,239510.7055,1856,250600,251200,E724981,Matched,Block,,4TH AVE N BETWEEN NICKERSON ST AND FREMONT BR, ,,2,Injury Collision,Rear Ended,0,0,0,2,1,0,0,2017/10/20 00:00:00+00,10/20/2017 10:08,Mid-Block (not related to intersection),14,"MOTOR VEHICLE STRUCK MOTOR VEHICLE, REAR END",,N,Raining,Wet,Daylight,,,,14,From same direction - both going straight - one stopped - rear-end,0,0,N
1271146.5,224882.3163,1857,171400,171420,3696684,Matched,Block,,6TH AVE BETWEEN MARION ST AND MADISON ST, ,,1,Property Damage Only Collision,Parked Car,2,0,0,2,0,0,0,2014/07/08 00:00:00+00,7/8/2014 23:45,Mid-Block (not related to intersection),15,"MOTOR VEHICLE STRUCK MOTOR VEHICLE, RIGHT SIDE SIDESWIPE",Y,Y,Clear,Dry,Dark - Street Lights On,,,,32,One parked--one moving,0,0,N
1283848.484,194575.9543,1858,102900,102900,2892268,Matched,Intersection,35264,RENTON AVE S AND S TRENTON ST,,,1,Property Damage Only Collision,Angles,2,0,0,2,0,0,0,2009/08/21 00:00:00+00,8/21/2009 11:30,At Intersection (intersection related),11,"MOTOR VEHICLE STRUCK MOTOR VEHICLE, FRONT END AT ANGLE",,0,Clear,Dry,Daylight,,9233012,,10,Entering at angle,0,0,N
1276313.347,266579.3013,1859,141600,141600,3609030,Matched,Intersection,35896,15TH AVE NE AND NE 127TH ST,,,2,Injury Collision,Angles,2,0,0,2,1,0,0,2012/11/02 00:00:00+00,11/2/2012 16:42,At Intersection (intersection related),11,"MOTOR VEHICLE STRUCK MOTOR VEHICLE, FRONT END AT ANGLE",,N,Raining,Wet,Dusk,,12307012,,10,Entering at angle,0,0,N
1270989.817,263754.7312,1860,241200,241640,3747895,Unmatched,Block,,MERIDIAN AVE N BETWEEN N 115TH ST AND N 117TH ST,NEI,"Not Enough Information, or Insufficient Location Information",0,Unknown,,0,0,0,0,0,0,0,2017/05/12 00:00:00+00,5/12/2017,,0,NOT ENOUGH INFORMATION / NOT APPLICABLE,,,,,,,,, ,,0,0,N
1266255.082,255060.2772,1861,261800,262540,C816386,Unmatched,Intersection,24266,DAYTON AVE N AND N 83RD ST, ,,0,Unknown,,0,0,0,0,0,0,0,2017/05/24 00:00:00+00,5/24/2017,At Intersection (intersection related),18,"MOTOR VEHICLE STRUCK PEDALCYCLIST, FRONT END AT ANGLE",,,,,,,,, ,,0,0,N
1275518.704,204979.842,1862,120400,120400,3387311,Matched,Block,,17TH AVE S BETWEEN S LUCILE ST AND S ORCAS ST,,,1,Property Damage Only Collision,Parked Car,4,0,0,4,0,0,0,2011/01/01 00:00:00+00,1/1/2011 21:21,Mid-Block (but intersection related),14,"MOTOR VEHICLE STRUCK MOTOR VEHICLE, REAR END",,N,Clear,Dry,Dark - Street Lights On,,11001018,Y,32,One parked--one moving,0,0,N
1273794.576,241382.5927,1863,203200,203340,3707999,Matched,Block,,UNIVERSITY BR BETWEEN FUHRMAN AVE E AND POINT A, ,,2,Injury Collision,Cycles,1,0,1,0,1,0,0,2015/09/25 00:00:00+00,9/25/2015 7:41,Mid-Block (not related to intersection),69,PEDALCYCLIST OVERTURNED IN ROAD,,N,Raining,Wet,Dawn,,,,45,Vehicle - Pedalcyclist,15469,0,N
1270062.167,217792.5189,1864,132000,132000,3599256,Matched,Block,,1ST AVE S BETWEEN S MASSACHUSETTS ST AND S HOLGATE ST,,,1,Property Damage Only Collision,Other,1,0,0,1,0,0,0,2012/04/07 00:00:00+00,4/7/2012 4:24,Mid-Block (not related to intersection),28,MOTOR VEHICLE RAN OFF ROAD - HIT FIXED OBJECT,,N,Clear,Dry,Dark - Street Lights On,,12098017,,50,Fixed object,0,0,N
1263649.24,247376.8163,1865,100300,100300,3328027,Matched,Block,,NW 54TH ST BETWEEN DEAD END 2 AND 6TH AVE NW,,,1,Property Damage Only Collision,Parked Car,5,0,0,5,0,0,0,2009/08/20 00:00:00+00,8/20/2009 22:16,Mid-Block (not related to intersection),16,"MOTOR VEHICLE STRUCK MOTOR VEHICLE, LEFT SIDE SIDESWIPE",,1,Clear,Dry,Dark - Street Lights On,,9232006,,32,One parked--one moving,0,0,N
1277458.092,232787.4724,1866,147000,147020,3476568,Matched,Block,,E PROSPECT ST BETWEEN 20TH AVE E AND 21ST AVE E, ,,1,Property Damage Only Collision,Parked Car,2,0,0,2,0,0,0,2013/05/28 00:00:00+00,5/28/2013 12:09,Driveway Junction,14,"MOTOR VEHICLE STRUCK MOTOR VEHICLE, REAR END",Y,N,Overcast,Dry,Daylight,,,,32,One parked--one moving,0,0,N
1266466.769,241311.4794,1867,67500,67500,2829382,Matched,Block,,N 36TH ST BETWEEN FREMONT PL N AND FREMONT AVE N,,,1,Property Damage Only Collision,Parked Car,2,0,0,2,0,0,0,2007/05/31 00:00:00+00,5/31/2007 15:09,Mid-Block (not related to intersection),14,"MOTOR VEHICLE STRUCK MOTOR VEHICLE, REAR END",,0,Clear,Dry,Daylight,,7151013,,32,One parked--one moving,0,0,N
1271278.378,215084.3521,1868,253300,253940,3589820,Matched,Intersection,31369,4TH AVE S AND S LANDER ST, ,,2,Injury Collision,Angles,3,0,0,2,1,0,0,2017/11/11 00:00:00+00,11/11/2017 8:37,At Intersection (intersection related),11,"MOTOR VEHICLE STRUCK MOTOR VEHICLE, FRONT END AT ANGLE",,N,Overcast,Wet,Daylight,,,,10,Entering at angle,0,0,N
1270904.055,224028.4447,1869,82800,82800,2898772,Matched,Block,,4TH AVE BETWEEN CHERRY ST AND COLUMBIA ST,,,1,Property Damage Only Collision,Rear Ended,2,0,0,2,0,0,0,2008/11/04 00:00:00+00,11/4/2008,Mid-Block (but intersection related),11,"MOTOR VEHICLE STRUCK MOTOR VEHICLE, FRONT END AT ANGLE",,0,Clear,Dry,Daylight,,8309017,,13,From same direction - both going straight - both moving - rear-end,0,0,N
1278917.048,260381.7336,1870,289900,290760,E803151,Matched,Block,,LAKE CITY WAY NE BETWEEN NE 104TH WAY AND 24TH AVE NE, ,,2,Injury Collision,Left Turn,4,0,0,2,3,0,0,2018/05/30 00:00:00+00,5/30/2018 13:49,Mid-Block (not related to intersection),11,"MOTOR VEHICLE STRUCK MOTOR VEHICLE, FRONT END AT ANGLE",,N,Clear,Dry,Daylight,,,,28,From opposite direction - one left turn - one straight,0,0,N
1270302.843,198243.7076,1871,171000,171020,3616526,Matched,Block,,WEST MARGINAL SB WAY S BETWEEN S HOLDEN ST AND KENYON OFF RP, ,,2,Injury Collision,Rear Ended,3,0,0,3,3,0,0,2014/05/21 00:00:00+00,5/21/2014 9:35,Mid-Block (not related to intersection),14,"MOTOR VEHICLE STRUCK MOTOR VEHICLE, REAR END",Y,N,Clear,Dry,Daylight,,,,14,From same direction - both going straight - one stopped - rear-end,0,0,N
1282738.969,198225.7379,1872,115500,115500,3345893,Matched,Block,,S AUSTIN ST BETWEEN 40TH AVE S AND M L KING JR WR WAY S,,,1,Property Damage Only Collision,Parked Car,2,0,0,2,0,0,0,2010/10/11 00:00:00+00,10/11/2010 20:00,Mid-Block (not related to intersection),16,"MOTOR VEHICLE STRUCK MOTOR VEHICLE, LEFT SIDE SIDESWIPE",,N,Unknown,Unknown,Unknown,,10284004,,32,One parked--one moving,0,0,N
1273613.516,265997.7733,1873,162000,162020,C783964,Unmatched,Intersection,36435,5TH AVE NE AND NE 125TH ST, ,,1,Property Damage Only Collision,,1,0,0,0,0,0,0,2013/10/30 00:00:00+00,10/30/2013,At Intersection (intersection related),11,"MOTOR VEHICLE STRUCK MOTOR VEHICLE, FRONT END AT ANGLE",,,,,,,,, ,,0,0,N
1259125.22,246621.3219,1874,158300,158320,3591176,Matched,Intersection,25169,LEARY AVE NW AND NW IONE PL, ,,1,Property Damage Only Collision,Angles,4,0,0,2,0,0,0,2013/12/12 00:00:00+00,12/12/2013 12:45,At Intersection (intersection related),11,"MOTOR VEHICLE STRUCK MOTOR VEHICLE, FRONT END AT ANGLE",,N,Raining,Wet,Daylight,,,,10,Entering at angle,0,0,N
1259918.744,240358.5581,1875,217600,217880,3791382,Matched,Block,,W DRAVUS ST BETWEEN 15TH AV W SB OFF RP AND 16TH AVE W, ,,2,Injury Collision,Rear Ended,2,0,0,2,1,0,0,2016/04/05 00:00:00+00,4/5/2016 9:25,Mid-Block (but intersection related),14,"MOTOR VEHICLE STRUCK MOTOR VEHICLE, REAR END",Y,N,Clear,Dry,Daylight,,,,14,From same direction - both going straight - one stopped - rear-end,0,0,N
1260648.676,249325.4393,1876,72400,72400,2611646,Matched,Block,,NW 61ST ST BETWEEN 14TH AVE NW AND 15TH AVE NW,,,1,Property Damage Only Collision,Parked Car,2,0,0,2,0,0,0,2007/09/17 00:00:00+00,9/17/2007 9:00,Mid-Block (not related to intersection),16,"MOTOR VEHICLE STRUCK MOTOR VEHICLE, LEFT SIDE SIDESWIPE",,0,Raining,Wet,Dark - Street Lights On,,7260019,,32,One parked--one moving,0,0,N
1284219.203,202424.6866,1877,202100,202240,3725877,Matched,Block,,RAINIER AVE S BETWEEN S GRAHAM ST AND 46TH AVE S, ,,1,Property Damage Only Collision,Sideswipe,2,0,0,2,0,0,0,2015/09/15 00:00:00+00,9/15/2015 22:00,Mid-Block (not related to intersection),11,"MOTOR VEHICLE STRUCK MOTOR VEHICLE, FRONT END AT ANGLE",,N,Clear,Dry,Dark - Street Lights On,,,,11,From same direction - both going straight - both moving - sideswipe,0,0,N
1275527.011,227079.0299,1878,85900,85900,2882286,Matched,Intersection,30141,15TH AVE AND E UNION ST,,,2,Injury Collision,Angles,3,0,0,3,1,0,0,2008/08/12 00:00:00+00,8/12/2008 9:28,At Intersection (intersection related),11,"MOTOR VEHICLE STRUCK MOTOR VEHICLE, FRONT END AT ANGLE",,0,Clear,Dry,Daylight,,8225008,,10,Entering at angle,0,0,N
1268319.028,261106.9446,1879,166000,166020,3582763,Matched,Block,,AURORA AVE N BETWEEN N NORTHGATE WAY AND N 107TH S ST, ,,2,Injury Collision,Rear Ended,4,0,0,3,1,0,0,2014/04/07 00:00:00+00,4/7/2014 12:04,Mid-Block (not related to intersection),14,"MOTOR VEHICLE STRUCK MOTOR VEHICLE, REAR END",Y,N,Clear,Dry,Daylight,,,,14,From same direction - both going straight - one stopped - rear-end,0,0,N
1275960.646,262621.2287,1880,67000,67000,2625199,Matched,Intersection,36495,14TH AVE NE AND NE 113TH ST,,,1,Property Damage Only Collision,Parked Car,3,0,0,3,0,0,0,2007/05/06 00:00:00+00,5/6/2007,At Intersection (intersection related),26,MOTOR VEHICLE STRUCK OBJECT IN ROAD,,1,Clear,Dry,Dark - Street Lights On,,7126009,,32,One parked--one moving,0,0,N
1275002.757,212027.3249,1881,251200,251800,3756169,Matched,Block,,S SPOKANE ST BETWEEN HINDS PL S AND 15TH AVE S, ,,1,Property Damage Only Collision,Sideswipe,2,0,0,2,0,0,0,2017/10/25 00:00:00+00,10/25/2017 19:07,Mid-Block (not related to intersection),11,"MOTOR VEHICLE STRUCK MOTOR VEHICLE, FRONT END AT ANGLE",,N,Overcast,Wet,Dark - Street Lights On,,,,11,From same direction - both going straight - both moving - sideswipe,0,0,N
1274869.28,254023.8294,1882,157300,157320,3576715,Matched,Intersection,24395,ROOSEVELT WAY NE AND NE 80TH ST, ,,1,Property Damage Only Collision,Pedestrian,2,1,0,1,0,0,0,2013/11/14 00:00:00+00,11/14/2013 21:37,At Intersection (intersection related),24,MOTOR VEHCILE STRUCK PEDESTRIAN,,N,Clear,Wet,Dark - Street Lights On,,,,2,Vehicle turning left hits pedestrian,0,522367,N
1274474.082,223670.7575,1883,209000,209220,3706990,Matched,Intersection,29839,12TH AVE AND E SPRUCE ST, ,,1,Property Damage Only Collision,Angles,2,0,0,2,0,0,0,2015/12/10 00:00:00+00,12/10/2015 13:17,At Intersection (intersection related),11,"MOTOR VEHICLE STRUCK MOTOR VEHICLE, FRONT END AT ANGLE",,N,Raining,Wet,Daylight,,,,10,Entering at angle,0,0,N
1276452.744,212533.2282,1884,175800,175820,3693363,Matched,Intersection,32526,18TH AVE S AND S HINDS ST, ,,2,Injury Collision,Angles,2,0,0,2,1,0,0,2014/09/19 00:00:00+00,9/19/2014 17:55,At Intersection (intersection related),11,"MOTOR VEHICLE STRUCK MOTOR VEHICLE, FRONT END AT ANGLE",,N,Clear,Dry,Daylight,,,Y,10,Entering at angle,0,0,N
1274036.344,222100.3491,1885,142900,142900,3645336,Unmatched,Block,,S JACKSON ST BETWEEN 10TH AVE S AND 12TH AVE S, ,,0,Unknown,,1,0,0,0,0,0,0,2013/01/17 00:00:00+00,1/17/2013,,0,NOT ENOUGH INFORMATION / NOT APPLICABLE,,,,,,,13017037,, ,,0,0,N
1273373.751,224595.6954,1886,177500,177520,3700459,Unmatched,Block,,JEFFERSON ST BETWEEN BOREN AVE AND BROADWAY, ,,0,Unknown,,0,0,0,0,0,0,0,2014/07/29 00:00:00+00,7/29/2014,Mid-Block (not related to intersection),13,"MOTOR VEHICLE STRUCK MOTOR VEHICLE, LEFT SIDE AT ANGLE",,,,,,,,, ,,0,0,N
1272656.758,205408.3978,1887,235700,236140,3545367,Matched,Block,,S LUCILE ST BETWEEN 7TH AVE S AND 8TH AVE S, ,,1,Property Damage Only Collision,Angles,2,0,0,2,0,0,0,2017/02/09 00:00:00+00,2/9/2017 10:25,Mid-Block (not related to intersection),11,"MOTOR VEHICLE STRUCK MOTOR VEHICLE, FRONT END AT ANGLE",,N,Raining,Wet,Daylight,,,,10,Entering at angle,0,0,N
1263022.512,244508.9191,1888,71800,71800,2895053,Matched,Block,,NW BRIGHT ST BETWEEN 6TH AVE NW AND LEARY WAY NW,,,1,Property Damage Only Collision,Parked Car,2,0,0,2,0,0,0,2007/11/26 00:00:00+00,11/26/2007 14:25,Mid-Block (not related to intersection),12,"MOTOR VEHICLE STRUCK MOTOR VEHICLE, RIGHT SIDE AT ANGLE",,0,Clear,Dry,Unknown,,7330036,,32,One parked--one moving,0,0,N
1273088.638,203230.5176,1889,172700,172720,3699020,Matched,Block,,S BAILEY ST BETWEEN CORSON AVE S AND CARLETON AVE S, ,,1,Property Damage Only Collision,Rear Ended,2,0,0,2,0,0,0,2014/07/28 00:00:00+00,7/28/2014 13:48,Mid-Block (not related to intersection),14,"MOTOR VEHICLE STRUCK MOTOR VEHICLE, REAR END",,N,Clear,Dry,Daylight,,,,13,From same direction - both going straight - both moving - rear-end,0,0,N
1273947.872,262014.5962,1890,147100,147120,3508201,Matched,Block,,NE NORTHGATE WAY BETWEEN 5TH AVE NE AND 8TH AVE NE, ,,2,Injury Collision,Rear Ended,3,0,0,2,2,0,0,2012/10/19 00:00:00+00,10/19/2012 19:15,Mid-Block (not related to intersection),14,"MOTOR VEHICLE STRUCK MOTOR VEHICLE, REAR END",,N,Raining,Wet,Dark - Street Lights On,,,,14,From same direction - both going straight - one stopped - rear-end,0,0,N
1278166.986,200224.6343,1891,164900,164920,3583017,Matched,Block,,SWIFT AVE S BETWEEN COVELLO W DR S AND COVELLO E DR S, ,,1,Property Damage Only Collision,Rear Ended,3,0,0,2,0,0,0,2014/03/27 00:00:00+00,3/27/2014 17:59,Mid-Block (not related to intersection),14,"MOTOR VEHICLE STRUCK MOTOR VEHICLE, REAR END",,N,Clear,Dry,Daylight,,,,13,From same direction - both going straight - both moving - rear-end,0,0,N
1284515.563,236754.7302,1892,296200,297320,E814864,Matched,Block,,43RD AVE E BETWEEN E LYNN ST AND E MCGILVRA ST, ,,1,Property Damage Only Collision,Parked Car,2,0,0,2,0,0,0,2018/07/02 00:00:00+00,7/2/2018 15:50,Mid-Block (not related to intersection),11,"MOTOR VEHICLE STRUCK MOTOR VEHICLE, FRONT END AT ANGLE",,N,Clear,Dry,Daylight,,,,32,One parked--one moving,0,0,Y
1285490.469,195244.5083,1893,155400,155420,3582653,Matched,Intersection,35427,RAINIER AVE S AND S CLOVERDALE ST, ,,1,Property Damage Only Collision,Sideswipe,3,0,0,2,0,0,0,2013/10/12 00:00:00+00,10/12/2013 22:03,At Intersection (intersection related),11,"MOTOR VEHICLE STRUCK MOTOR VEHICLE, FRONT END AT ANGLE",,N,Clear,Dry,Dark - Street Lights On,,,,11,From same direction - both going straight - both moving - sideswipe,0,0,N
1265607.275,197079.9389,1894,219600,219880,E542836,Matched,Intersection,34994,12TH AVE SW AND SW ELMGROVE ST, ,,1,Property Damage Only Collision,Angles,0,0,0,2,0,0,0,2016/04/12 00:00:00+00,4/12/2016 17:30,At Intersection (intersection related),11,"MOTOR VEHICLE STRUCK MOTOR VEHICLE, FRONT END AT ANGLE",,N,Raining,Wet,Daylight,,,,10,Entering at angle,0,0,N
1262723.97,245841.2589,1895,93200,93200,2795423,Matched,Intersection,25452,8TH AVE NW AND NW 48TH ST,,,2,Injury Collision,Angles,3,0,0,2,2,0,0,2008/10/21 00:00:00+00,10/21/2008 8:35,At Intersection (intersection related),11,"MOTOR VEHICLE STRUCK MOTOR VEHICLE, FRONT END AT ANGLE",,0,Clear,Dry,Daylight,,8295014,,10,Entering at angle,0,0,N
1273744.963,229667.4792,1896,132800,132800,3507316,Matched,Block,,E JOHN ST BETWEEN BROADWAY E AND 10TH AVE E,,,1,Property Damage Only Collision,Sideswipe,2,0,0,2,0,0,0,2012/07/06 00:00:00+00,7/6/2012 16:17,,0,NOT ENOUGH INFORMATION / NOT APPLICABLE,,N,Clear,Dry,Daylight,,12188024,,11,From same direction - both going straight - both moving - sideswipe,0,0,N
1267855.069,245183.1327,1897,247200,247800,E704811,Matched,Block,,N 46TH ST BETWEEN GREEN LAKE WAY N AND WOODLAND PARK AVE N, ,,2,Injury Collision,Rear Ended,0,0,0,2,1,0,0,2017/08/22 00:00:00+00,8/22/2017 15:32,Mid-Block (not related to intersection),14,"MOTOR VEHICLE STRUCK MOTOR VEHICLE, REAR END",,N,Clear,Dry,Daylight,,,,13,From same direction - both going straight - both moving - rear-end,0,0,N
1254968.356,253752.8701,1898,136800,136800,3466596,Matched,Intersection,23975,32ND AVE NW AND NW 77TH ST,,,2,Injury Collision,Angles,8,0,0,2,3,0,0,2012/03/16 00:00:00+00,3/16/2012 23:53,At Intersection (intersection related),11,"MOTOR VEHICLE STRUCK MOTOR VEHICLE, FRONT END AT ANGLE",,N,Clear,Dry,Dark - Street Lights On,,12076008,Y,10,Entering at angle,0,0,N
1278654.949,214892.7841,1899,230600,231000,3754740,Matched,Block,,RAINIER AVE S BETWEEN S BAYVIEW ST AND S MCCLELLAN ST, ,,2,Injury Collision,Rear Ended,2,0,0,2,1,0,0,2016/10/04 00:00:00+00,10/4/2016 15:04,Driveway Junction,14,"MOTOR VEHICLE STRUCK MOTOR VEHICLE, REAR END",,N,Clear,Wet,Daylight,,,,13,From same direction - both going straight - both moving - rear-end,0,0,N
1279787.109,212593.7408,1900,95200,95200,9323046,Unmatched,Block,,RAINIER AVE S BETWEEN S BYRON ST AND S WALDEN ST,,,0,Unknown,,0,0,0,0,0,0,0,2009/11/19 00:00:00+00,11/19/2009,Mid-Block (not related to intersection),14,"MOTOR VEHICLE STRUCK MOTOR VEHICLE, REAR END",,,,,,,9323046,,,,0,0,N
,,1901,215200,215460,E510700,Matched,,,,NEI,"Not Enough Information, or Insufficient Location Information",1,Property Damage Only Collision,Rear Ended,2,0,0,2,0,0,0,2016/01/26 00:00:00+00,1/26/2016 17:39,,0,NOT ENOUGH INFORMATION / NOT APPLICABLE,,N,Overcast,Wet,Dark - Street Lights On,,,,14,From same direction - both going straight - one stopped - rear-end,0,0,N
1272215.402,254118.233,1902,84100,84100,2951968,Matched,Intersection,24536,1ST AVE NE AND NE 80TH ST,,,1,Property Damage Only Collision,Angles,3,0,0,2,0,0,0,2008/08/06 00:00:00+00,8/6/2008,At Intersection (intersection related),11,"MOTOR VEHICLE STRUCK MOTOR VEHICLE, FRONT END AT ANGLE",,0,Clear,Dry,Daylight,,8219034,,10,Entering at angle,0,0,N
1277861.101,217816.056,1903,184000,184080,3708475,Matched,Block,,23RD AVE S BETWEEN S MASSACHUSETTS ST AND S GRAND ST, ,,1,Property Damage Only Collision,Other,1,0,0,1,0,0,0,2015/01/12 00:00:00+00,1/12/2015 11:54,Mid-Block (not related to intersection),28,MOTOR VEHICLE RAN OFF ROAD - HIT FIXED OBJECT,,N,Clear,Dry,Daylight,,,,50,Fixed object,0,0,N
1274654.246,224647.2645,1904,170500,170520,3701569,Matched,Block,,E JEFFERSON ST BETWEEN 12TH AVE AND 13TH AVE, ,,1,Property Damage Only Collision,Rear Ended,3,0,0,2,0,0,0,2014/06/24 00:00:00+00,6/24/2014 17:31,Mid-Block (but intersection related),14,"MOTOR VEHICLE STRUCK MOTOR VEHICLE, REAR END",,N,Clear,Dry,Daylight,,,,14,From same direction - both going straight - one stopped - rear-end,0,0,N
1260889.284,245349.2223,1905,152200,152220,3592507,Unmatched,Intersection,25459,14TH AVE NW AND NW 46TH ST, ,,1,Property Damage Only Collision,,2,0,0,0,0,0,0,2013/08/09 00:00:00+00,8/9/2013,At Intersection (intersection related),0,NOT ENOUGH INFORMATION / NOT APPLICABLE,,,,,,,,, ,,0,0,N
1275727.637,222081.6598,1906,75100,75100,C694273,Matched,Intersection,30748,16TH AVE S AND S JACKSON ST,,,1,Property Damage Only Collision,Angles,2,0,0,2,0,0,0,2007/10/19 00:00:00+00,10/19/2007 17:45,At Intersection (intersection related),11,"MOTOR VEHICLE STRUCK MOTOR VEHICLE, FRONT END AT ANGLE",,0,Overcast,Dry,Dusk,,7292068,,10,Entering at angle,0,0,N
1270670.338,224423.0934,1907,161900,161920,C783230,Unmatched,Intersection,29953,4TH AVE AND MARION ST, ,,0,Unknown,,0,0,0,0,0,0,0,2013/10/07 00:00:00+00,10/7/2013,At Intersection (intersection related),11,"MOTOR VEHICLE STRUCK MOTOR VEHICLE, FRONT END AT ANGLE",,,,,,,,, ,,0,0,N