X,Y,OBJECTID,INCKEY,COLDETKEY,REPORTNO,STATUS,ADDRTYPE,INTKEY,LOCATION,EXCEPTRSNCODE,EXCEPTRSNDESC,SEVERITYCODE,SEVERITYDESC,COLLISIONTYPE,PERSONCOUNT,PEDCOUNT,PEDCYLCOUNT,VEHCOUNT,INJURIES,SERIOUSINJURIES,FATALITIES,INCDATE,INCDTTM,JUNCTIONTYPE,SDOT_COLCODE,SDOT_COLDESC,INATTENTIONIND,UNDERINFL,WEATHER,ROADCOND,LIGHTCOND,PEDROWNOTGRNT,SDOTCOLNUM,SPEEDING,ST_COLCODE,ST_COLDESC,SEGLANEKEY,CROSSWALKKEY,HITPARKEDCAR
1279227.773,219858.7392,1908,179800,179860,3626304,Matched,Block,,S NORMAN ST BETWEEN M L KING JR WAY S AND 28TH AVE S, ,,1,Property Damage Only Collision,Sideswipe,2,0,0,2,0,0,0,2014/11/21 00:00:00+00,11/21/2014 7:46,Mid-Block (not related to intersection),11,"MOTOR VEHICLE STRUCK MOTOR VEHICLE, FRONT END AT ANGLE",,N,Overcast,Wet,Daylight,,,,11,From same direction - both going straight - both moving - sideswipe,0,0,N
1281685.957,265758.3774,1909,241300,241740,E632638,Unmatched,Intersection,36192,35TH AVE NE AND NE 125TH ST, ,,1,Property Damage Only Collision,,2,0,0,0,0,0,0,2017/01/19 00:00:00+00,1/19/2017,At Intersection (intersection related),11,"MOTOR VEHICLE STRUCK MOTOR VEHICLE, FRONT END AT ANGLE",,,,,,,,, ,,0,0,N
1258555.843,208932.1189,1910,237300,237740,3744480,Matched,Intersection,31915,38TH AVE SW AND FAUNTLEROY WAY SW, ,,2,Injury Collision,Cycles,2,0,1,1,1,0,0,2017/03/22 00:00:00+00,3/22/2017 5:12,At Intersection (intersection related),18,"MOTOR VEHICLE STRUCK PEDALCYCLIST, FRONT END AT ANGLE",Y,N,Clear,Dry,Dark - Street Lights On,,,,45,Vehicle - Pedalcyclist,16285,0,N
1256320.999,212546.9357,1911,120700,120700,3553807,Matched,Intersection,31951,45TH AVE SW AND SW SPOKANE ST,,,2,Injury Collision,Angles,4,0,0,2,3,0,0,2011/10/04 00:00:00+00,10/4/2011,At Intersection (intersection related),11,"MOTOR VEHICLE STRUCK MOTOR VEHICLE, FRONT END AT ANGLE",,0,Clear,Dry,Daylight,,11277011,,10,Entering at angle,0,0,N
1276531.991,222072.9014,1912,239900,240340,E622654,Unmatched,Block,,S JACKSON ST BETWEEN 18TH AVE S AND 19TH AVE S,NEI,"Not Enough Information, or Insufficient Location Information",0,Unknown,,2,0,0,0,0,0,0,2016/12/18 00:00:00+00,12/18/2016,Mid-Block (not related to intersection),0,NOT ENOUGH INFORMATION / NOT APPLICABLE,,,,,,,,, ,,0,0,N
,,1913,169300,169320,3700152,Unmatched,,,,NEI,"Not Enough Information, or Insufficient Location Information",0,Unknown,,0,0,0,0,0,0,0,2014/05/19 00:00:00+00,5/19/2014,,0,NOT ENOUGH INFORMATION / NOT APPLICABLE,,,,,,,,, ,,0,0,N
1268560.323,271438.6456,1914,86600,86600,2951957,Matched,Block,,N 145TH ST BETWEEN AURORA AVE N AND MIDVALE AVE N,,,1,Property Damage Only Collision,Angles,2,0,0,2,0,0,0,2008/05/17 00:00:00+00,5/17/2008 19:02,Mid-Block (but intersection related),11,"MOTOR VEHICLE STRUCK MOTOR VEHICLE, FRONT END AT ANGLE",,0,Clear,Dry,Daylight,,8138041,,10,Entering at angle,0,0,N
1269969.659,213131.0215,1915,146500,146520,3467699,Matched,Intersection,32333,1ST AVE S AND S HORTON ST, ,,1,Property Damage Only Collision,Other,1,0,0,1,0,0,0,2013/05/16 00:00:00+00,5/16/2013 8:40,At Intersection (intersection related),29,MOTOR VEHICLE OVERTURNED IN ROAD,,N,Clear,Dry,Daylight,,,,52,Vehicle overturned,0,0,N
1258491.977,247450.6218,1916,81700,81700,C698451,Matched,Block,,LEARY AVE NW BETWEEN NW VERNON PL AND NW MARKET ST,,,1,Property Damage Only Collision,Head On,2,0,0,2,0,0,0,2008/01/11 00:00:00+00,1/11/2008 20:00,Mid-Block (not related to intersection),11,"MOTOR VEHICLE STRUCK MOTOR VEHICLE, FRONT END AT ANGLE",,0,Overcast,Dry,Dark - Street Lights On,,8011043,,30,From opposite direction - all others,0,0,N
1264285.031,255651.3528,1917,195400,195500,3582194,Matched,Intersection,37184,3RD AVE NW AND NW 85TH ST, ,,1,Property Damage Only Collision,Angles,2,0,0,2,0,0,0,2015/06/13 00:00:00+00,6/13/2015 19:45,At Intersection (intersection related),11,"MOTOR VEHICLE STRUCK MOTOR VEHICLE, FRONT END AT ANGLE",,N,Clear,Dry,Daylight,,,,10,Entering at angle,0,0,N
1268322.365,261497.6263,1918,83500,83500,2904792,Matched,Intersection,36351,AURORA AVE N AND N 107TH N ST,,,1,Property Damage Only Collision,Angles,2,0,0,2,0,0,0,2008/06/11 00:00:00+00,6/11/2008 18:11,At Intersection (intersection related),11,"MOTOR VEHICLE STRUCK MOTOR VEHICLE, FRONT END AT ANGLE",,0,Overcast,Dry,Daylight,,8163025,,10,Entering at angle,0,0,N
1254093.982,217469.9723,1919,247300,247881,3694634,Matched,Block,,ALKI AVE SW BETWEEN SW ILLINOIS ST AND BONAIR DR SW, ,,1,Property Damage Only Collision,Parked Car,0,0,0,2,0,0,0,2017/08/31 00:00:00+00,8/31/2017 12:00,Mid-Block (not related to intersection),0,NOT ENOUGH INFORMATION / NOT APPLICABLE,,N,Clear,Dry,Daylight,,,,32,One parked--one moving,0,0,N
1274836.257,249891.2104,1920,190600,190680,C796553,Unmatched,Block,,ROOSEVELT WAY NE BETWEEN NE 64TH ST AND NE 65TH ST, ,,0,Unknown,,0,0,0,0,0,0,0,2014/11/17 00:00:00+00,11/17/2014,Mid-Block (not related to intersection),14,"MOTOR VEHICLE STRUCK MOTOR VEHICLE, REAR END",,,,,,,,, ,,0,0,N
1276009.871,243359.0693,1921,101400,101400,3284399,Matched,Block,,15TH AVE NE BETWEEN NE 41ST ST AND NE 42ND ST,,,1,Property Damage Only Collision,Rear Ended,3,0,0,2,0,0,0,2009/10/27 00:00:00+00,10/27/2009 16:48,Mid-Block (not related to intersection),14,"MOTOR VEHICLE STRUCK MOTOR VEHICLE, REAR END",Y,0,Clear,Dry,Daylight,,9300012,,14,From same direction - both going straight - one stopped - rear-end,0,0,N
1273189.474,223957.799,1922,142500,142500,3552040,Matched,Block,,TERRY AVE BETWEEN ALDER ST AND TERRACE ST,,,1,Property Damage Only Collision,Parked Car,2,0,0,2,0,0,0,2012/03/22 00:00:00+00,3/22/2012 17:41,Mid-Block (not related to intersection),0,NOT ENOUGH INFORMATION / NOT APPLICABLE,,N,Clear,Dry,Daylight,,12082010,,32,One parked--one moving,0,0,N
1256478.75,220578.4482,1923,140500,140500,3547378,Matched,Block,,ALKI AVE SW BETWEEN SW RHODE ISLAND ST AND SW JERSEY ST,,,1,Property Damage Only Collision,Parked Car,2,0,0,2,0,0,0,2012/07/22 00:00:00+00,7/22/2012 21:36,Mid-Block (not related to intersection),11,"MOTOR VEHICLE STRUCK MOTOR VEHICLE, FRONT END AT ANGLE",,N,Clear,Dry,Dusk,,12204018,,32,One parked--one moving,0,0,N
1264790.513,232069.2145,1924,259900,260560,3578834,Matched,Block,,QUEEN ANNE AVE N BETWEEN W ROY ST AND VALLEY ST, ,,1,Property Damage Only Collision,Rear Ended,6,0,0,2,0,0,0,2017/12/13 00:00:00+00,12/13/2017 23:32,Mid-Block (not related to intersection),14,"MOTOR VEHICLE STRUCK MOTOR VEHICLE, REAR END",,Y,Clear,Dry,Dark - Street Lights On,,,,14,From same direction - both going straight - one stopped - rear-end,0,0,N
1278917.833,260444.6612,1925,113400,113400,3376504,Matched,Intersection,37612,24TH AVE NE AND LAKE CITY WAY NE,,,1,Property Damage Only Collision,Rear Ended,3,0,0,2,0,0,0,2010/03/16 00:00:00+00,3/16/2010 16:07,At Intersection (intersection related),14,"MOTOR VEHICLE STRUCK MOTOR VEHICLE, REAR END",,N,Clear,Dry,Daylight,,10075011,,14,From same direction - both going straight - one stopped - rear-end,0,0,N
1273067.533,200033.49,1926,220300,220580,3735609,Matched,Intersection,34195,ELLIS AVE S AND EAST MARGINAL WAY S, ,,2,Injury Collision,Rear Ended,3,0,0,2,1,0,0,2016/05/28 00:00:00+00,5/28/2016 13:44,At Intersection (intersection related),14,"MOTOR VEHICLE STRUCK MOTOR VEHICLE, REAR END",,N,Clear,Dry,Daylight,,,,14,From same direction - both going straight - one stopped - rear-end,0,0,N
1270493.2,225988.3225,1927,113800,113800,3334913,Matched,Block,,6TH AVE BETWEEN UNIVERSITY ST AND UNION ST,,,1,Property Damage Only Collision,Parked Car,4,0,0,3,0,0,0,2010/02/15 00:00:00+00,2/15/2010 18:50,Mid-Block (not related to intersection),16,"MOTOR VEHICLE STRUCK MOTOR VEHICLE, LEFT SIDE SIDESWIPE",,N,Raining,Wet,Dark - Street Lights On,,10046027,,32,One parked--one moving,0,0,N
1281611.845,220900.1729,1928,165800,165820,3701432,Matched,Block,,LAKESIDE AVE S BETWEEN S LANE ST AND 35TH AVE S, ,,1,Property Damage Only Collision,Parked Car,2,0,0,2,0,0,0,2014/03/23 00:00:00+00,3/23/2014 22:00,Mid-Block (not related to intersection),16,"MOTOR VEHICLE STRUCK MOTOR VEHICLE, LEFT SIDE SIDESWIPE",,N,Unknown,Unknown,Unknown,,,,32,One parked--one moving,0,0,N
1278955.769,230143.5815,1929,94400,94400,2906497,Matched,Block,,E MADISON ST BETWEEN 25TH AVE E AND 26TH AVE E,,,2,Injury Collision,Rear Ended,4,0,0,3,1,0,0,2009/06/04 00:00:00+00,6/4/2009,Mid-Block (not related to intersection),14,"MOTOR VEHICLE STRUCK MOTOR VEHICLE, REAR END",Y,0,Clear,Dry,Daylight,,9155013,,13,From same direction - both going straight - both moving - rear-end,0,0,N
,,1930,193500,193580,3735889,Matched,,,,NEI,"Not Enough Information, or Insufficient Location Information",1,Property Damage Only Collision,Angles,2,0,0,2,0,0,0,2015/05/18 00:00:00+00,5/18/2015 10:00,,0,NOT ENOUGH INFORMATION / NOT APPLICABLE,,N,Unknown,Unknown,Unknown,,,,10,Entering at angle,0,0,N
1269230.605,254205.4545,1931,137800,137800,3564347,Matched,Intersection,24229,GREEN LAKE DR N AND N 80TH ST,,,1,Property Damage Only Collision,Angles,3,0,0,2,0,0,0,2012/08/19 00:00:00+00,8/19/2012 9:23,At Intersection (intersection related),11,"MOTOR VEHICLE STRUCK MOTOR VEHICLE, FRONT END AT ANGLE",,N,Clear,Dry,Daylight,,12232025,,10,Entering at angle,0,0,N
1278039.465,222437.4361,1932,149200,149220,3592034,Unmatched,Intersection,30745,23RD AVE S AND S MAIN ST, ,,0,Unknown,,2,0,0,0,0,0,0,2013/06/28 00:00:00+00,6/28/2013,At Intersection (intersection related),0,NOT ENOUGH INFORMATION / NOT APPLICABLE,,,,,,,,, ,,0,0,N
1269766.657,231485.4169,1933,227900,228240,3735450,Matched,Block,,MERCER NR ST BETWEEN TERRY AVE N AND BOREN AVE N, ,,1,Property Damage Only Collision,Parked Car,2,0,0,2,0,0,0,2016/09/08 00:00:00+00,9/8/2016 19:19,Mid-Block (not related to intersection),13,"MOTOR VEHICLE STRUCK MOTOR VEHICLE, LEFT SIDE AT ANGLE",,Y,Clear,Dry,Dusk,,,,32,One parked--one moving,0,0,Y
1264460.821,268216.8926,1934,137300,137300,3609102,Matched,Intersection,35618,3RD AVE NW AND NW 132ND ST, ,,2b,Serious Injury Collision,Pedestrian,3,1,0,2,1,1,0,2012/11/04 00:00:00+00,11/4/2012 17:24,At Intersection (intersection related),24,MOTOR VEHCILE STRUCK PEDESTRIAN,,N,Overcast,Wet,Dark - Street Lights On,Y,12309013,,0,Vehicle going straight hits pedestrian,0,521311,N
1263070.141,199975.3299,1935,209900,210120,E494867,Matched,Intersection,33963,DELRIDGE WAY SW AND SW ORCHARD ST, ,,1,Property Damage Only Collision,Sideswipe,4,0,0,2,0,0,0,2015/12/17 00:00:00+00,12/17/2015 12:21,At Intersection (intersection related),11,"MOTOR VEHICLE STRUCK MOTOR VEHICLE, FRONT END AT ANGLE",Y,N,Raining,Wet,Daylight,,,,71,Same direction -- both turning right -- both moving -- sideswipe,0,0,N
1278955.769,230143.5815,1936,125000,125000,3559976,Matched,Block,,E MADISON ST BETWEEN 25TH AVE E AND 26TH AVE E,,,1,Property Damage Only Collision,Rear Ended,2,0,0,2,0,0,0,2011/04/05 00:00:00+00,4/5/2011 16:51,Mid-Block (not related to intersection),14,"MOTOR VEHICLE STRUCK MOTOR VEHICLE, REAR END",Y,N,Overcast,Dry,Daylight,,11095010,,14,From same direction - both going straight - one stopped - rear-end,0,0,N
1277022.062,220461.6634,1937,96000,96000,3326233,Matched,Block,,20TH AVE S BETWEEN S NYE PL AND S CHARLES ST,,,1,Property Damage Only Collision,Parked Car,2,0,0,2,0,0,0,2009/10/28 00:00:00+00,10/28/2009 12:45,Mid-Block (not related to intersection),16,"MOTOR VEHICLE STRUCK MOTOR VEHICLE, LEFT SIDE SIDESWIPE",,0,Clear,Dry,Daylight,,9301023,,32,One parked--one moving,0,0,N
1271621.784,204880.4282,1938,235400,235840,3782582,Matched,Intersection,33180,6TH AVE S AND S ORCAS ST, ,,1,Property Damage Only Collision,Angles,3,0,0,2,0,0,0,2017/01/28 00:00:00+00,1/28/2017 10:23,At Intersection (intersection related),11,"MOTOR VEHICLE STRUCK MOTOR VEHICLE, FRONT END AT ANGLE",,N,Overcast,Dry,Daylight,,,,10,Entering at angle,0,0,N
1268264.919,226668.3762,1939,84500,84500,3274184,Matched,Block,,VIRGINIA ST BETWEEN 1ST AVE AND 2ND AVE,,,1,Property Damage Only Collision,Sideswipe,2,0,0,2,0,0,0,2008/08/28 00:00:00+00,8/28/2008 10:21,Mid-Block (not related to intersection),16,"MOTOR VEHICLE STRUCK MOTOR VEHICLE, LEFT SIDE SIDESWIPE",,0,Overcast,Dry,Daylight,,8241009,,12,From same direction - both going straight - one stopped - sideswipe,0,0,N
1279648.514,202664.8183,1940,172500,172520,3699279,Matched,Block,,S GRAHAM ST BETWEEN SHAFFER AVE S AND 30TH AVE S, ,,1,Property Damage Only Collision,Sideswipe,2,0,0,2,0,0,0,2014/07/22 00:00:00+00,7/22/2014 11:03,Mid-Block (not related to intersection),11,"MOTOR VEHICLE STRUCK MOTOR VEHICLE, FRONT END AT ANGLE",Y,N,Clear,Dry,Daylight,,,,26,From opposite direction - both going straight - sideswipe,0,0,N
1266999.979,228037.749,1941,117000,117000,3383608,Matched,Block,,2ND AVE BETWEEN BATTERY ST AND WALL ST,,,1,Property Damage Only Collision,Parked Car,3,0,0,2,0,0,0,2010/10/08 00:00:00+00,10/8/2010 23:09,Mid-Block (not related to intersection),14,"MOTOR VEHICLE STRUCK MOTOR VEHICLE, REAR END",,N,Raining,Wet,Dark - Street Lights On,,10281026,,32,One parked--one moving,0,0,N
1270194.226,223963.2777,1942,184100,184180,3732156,Matched,Block,,2ND AVE BETWEEN COLUMBIA ST AND MARION ST, ,,1,Property Damage Only Collision,Parked Car,2,0,0,2,0,0,0,2015/01/14 00:00:00+00,1/14/2015 13:51,Mid-Block (not related to intersection),11,"MOTOR VEHICLE STRUCK MOTOR VEHICLE, FRONT END AT ANGLE",Y,N,Clear,Dry,Daylight,,,,32,One parked--one moving,0,0,N
1258435.044,243366.4553,1943,211400,211640,C808603,Unmatched,Block,,21ST AVE W BETWEEN W EMERSON PL AND W ELMORE ST, ,,0,Unknown,,0,0,0,0,0,0,0,2015/11/10 00:00:00+00,11/10/2015,Mid-Block (not related to intersection),11,"MOTOR VEHICLE STRUCK MOTOR VEHICLE, FRONT END AT ANGLE",,,,,,,,, ,,0,0,N
1278067.801,202757.2256,1944,86300,86300,3279583,Matched,Intersection,33288,BEACON WR AVE S AND S GRAHAM ST,,,1,Property Damage Only Collision,Sideswipe,5,0,0,3,0,0,0,2008/08/20 00:00:00+00,8/20/2008 15:02,At Intersection (intersection related),11,"MOTOR VEHICLE STRUCK MOTOR VEHICLE, FRONT END AT ANGLE",,0,Raining,Wet,Daylight,,8233016,,11,From same direction - both going straight - both moving - sideswipe,0,0,N
1265591.064,227627.3577,1945,187800,187880,E406688,Matched,Block,,ALASKAN WAY BETWEEN VINE ST AND CLAY ST, ,,2,Injury Collision,Sideswipe,0,0,0,2,1,0,0,2015/03/10 00:00:00+00,3/10/2015 14:56,Mid-Block (not related to intersection),11,"MOTOR VEHICLE STRUCK MOTOR VEHICLE, FRONT END AT ANGLE",,N,Overcast,Dry,Daylight,,,,11,From same direction - both going straight - both moving - sideswipe,0,0,N
1277882.605,256592.3038,1946,94700,94700,3207148,Matched,Intersection,37751,LAKE CITY WAY NE AND NE 90TH ST,,,1,Property Damage Only Collision,Angles,3,0,0,2,0,0,0,2009/11/14 00:00:00+00,11/14/2009 2:16,At Intersection (intersection related),11,"MOTOR VEHICLE STRUCK MOTOR VEHICLE, FRONT END AT ANGLE",,1,Clear,Dry,Dark - Street Lights On,,9318013,,10,Entering at angle,0,0,N
1257061.666,203603.5571,1947,232400,232800,3694804,Unmatched,Block,,42ND AVE SW BETWEEN SW RAYMOND ST AND SW GRAHAM ST, ,,1,Property Damage Only Collision,,3,0,0,0,0,0,0,2016/12/02 00:00:00+00,12/2/2016,Mid-Block (not related to intersection),14,"MOTOR VEHICLE STRUCK MOTOR VEHICLE, REAR END",,,,,,,,, ,,0,0,Y
1260329.841,249598.2855,1948,124400,124400,3553078,Matched,Intersection,25386,15TH AVE NW AND NW 62ND ST,,,2,Injury Collision,Pedestrian,2,1,0,1,1,0,0,2011/05/04 00:00:00+00,5/4/2011 18:00,At Intersection (intersection related),24,MOTOR VEHCILE STRUCK PEDESTRIAN,,N,Clear,Dry,Dusk,Y,11124005,,1,Vehicle turning right hits pedestrian,0,0,N
,,1949,282500,283360,E788178,Matched,Alley,,, ,,1,Property Damage Only Collision,Other,1,0,0,1,0,0,0,2018/04/13 00:00:00+00,4/13/2018 12:09,,0,NOT ENOUGH INFORMATION / NOT APPLICABLE,Y,N,Overcast,Dry,Daylight,,,,50,Fixed object,0,0,N
1268935.07,228671.3997,1950,123100,123100,3560984,Matched,Block,,BLANCHARD ST BETWEEN 7TH AVE AND 8TH AVE,,,1,Property Damage Only Collision,Sideswipe,3,0,0,2,0,0,0,2011/10/29 00:00:00+00,10/29/2011 22:54,Mid-Block (not related to intersection),11,"MOTOR VEHICLE STRUCK MOTOR VEHICLE, FRONT END AT ANGLE",,N,Clear,Dry,Dark - Street Lights On,,11302008,,11,From same direction - both going straight - both moving - sideswipe,0,0,N
1255419.065,192243.2822,1951,249100,249700,3780774,Matched,Block,,MARINE VIEW DR SW BETWEEN 45TH AVE SW AND 46TH AVE SW, ,,1,Property Damage Only Collision,Other,0,0,0,1,0,0,0,2017/10/03 00:00:00+00,10/3/2017 17:34,Mid-Block (not related to intersection),28,MOTOR VEHICLE RAN OFF ROAD - HIT FIXED OBJECT,,N,Clear,Dry,Daylight,,,,50,Fixed object,0,0,N
1269107.114,225167.7148,1952,124800,124800,3563201,Matched,Block,,1ST AVE BETWEEN UNIVERSITY ST AND UNION ST,,,1,Property Damage Only Collision,Rear Ended,5,0,0,2,0,0,0,2011/03/03 00:00:00+00,3/3/2011 12:22,Mid-Block (but intersection related),14,"MOTOR VEHICLE STRUCK MOTOR VEHICLE, REAR END",,N,Overcast,Wet,Daylight,,11062023,,14,From same direction - both going straight - one stopped - rear-end,0,0,N
,,1953,197300,197420,3739799,Matched,Block,,ALASKAN WY VI SB BETWEEN COLUMBIA ST ON RP AND ALASKAN WY VI SB EFR OFF RP, ,,2,Injury Collision,Rear Ended,3,0,0,2,2,0,0,2015/07/12 00:00:00+00,7/12/2015 12:48,Mid-Block (not related to intersection),14,"MOTOR VEHICLE STRUCK MOTOR VEHICLE, REAR END",Y,N,Clear,Dry,Daylight,,,,14,From same direction - both going straight - one stopped - rear-end,0,0,N
1279348.293,213492.9745,1954,71700,71700,2796832,Matched,Intersection,31494,RAINIER AVE S AND S MOUNT BAKER EB BV,,,2,Injury Collision,Left Turn,2,0,0,2,2,0,0,2007/08/22 00:00:00+00,8/22/2007 14:41,At Intersection (intersection related),11,"MOTOR VEHICLE STRUCK MOTOR VEHICLE, FRONT END AT ANGLE",,0,Clear,Dry,Daylight,,7234018,,28,From opposite direction - one left turn - one straight,0,0,N
1251926.372,240578.2102,1955,135800,135800,3546278,Matched,Intersection,26429,W DRAVUS ST AND WEST VIEWMONT WAY W, ,,2,Injury Collision,Angles,11,0,0,2,1,0,0,2012/01/13 00:00:00+00,1/13/2012 8:59,At Intersection (intersection related),11,"MOTOR VEHICLE STRUCK MOTOR VEHICLE, FRONT END AT ANGLE",,N,Clear,Dry,Daylight,,12013016,,10,Entering at angle,0,0,N
1268289.857,258523.2209,1956,116800,116800,10058032,Unmatched,Intersection,37313,AURORA AVE N AND N 96TH N ST,,,0,Unknown,,0,0,0,0,0,0,0,2010/02/27 00:00:00+00,2/27/2010,At Intersection (intersection related),0,NOT ENOUGH INFORMATION / NOT APPLICABLE,,,,,,,10058032,,,,0,0,N
1262242.291,231965.5804,1957,164200,164220,3644025,Matched,Block,,ELLIOTT AVE W BETWEEN W MERCER ST AND W MERCER PL, ,,2,Injury Collision,Left Turn,3,0,0,2,1,0,0,2014/03/06 00:00:00+00,3/6/2014 16:26,Driveway Junction,11,"MOTOR VEHICLE STRUCK MOTOR VEHICLE, FRONT END AT ANGLE",,N,Clear,Dry,Daylight,,,,28,From opposite direction - one left turn - one straight,0,0,N
1257586.403,252058.5005,1958,250900,251500,E720458,Unmatched,Block,,24TH AVE NW BETWEEN NW 70TH ST AND NW 73RD ST,NEI,"Not Enough Information, or Insufficient Location Information",0,Unknown,,2,0,0,0,0,0,0,2017/10/08 00:00:00+00,10/8/2017,Mid-Block (not related to intersection),0,NOT ENOUGH INFORMATION / NOT APPLICABLE,,,,,,,,, ,,0,0,N
1289462.463,191346.6297,1959,138400,138400,3617388,Matched,Block,,RAINIER AVE S BETWEEN S PILGRIM ST AND S NORFOLK ST,,,1,Property Damage Only Collision,Sideswipe,4,0,0,2,0,0,0,2012/05/11 00:00:00+00,5/11/2012 16:18,Mid-Block (not related to intersection),11,"MOTOR VEHICLE STRUCK MOTOR VEHICLE, FRONT END AT ANGLE",,N,Clear,Dry,Daylight,,12132005,,26,From opposite direction - both going straight - sideswipe,0,0,N
1273541.553,254200.3231,1960,204300,204440,3739097,Matched,Block,,5TH AVE NE BETWEEN NE 80TH ST AND NE 81ST ST, ,,1,Property Damage Only Collision,Rear Ended,2,0,0,2,0,0,0,2015/10/03 00:00:00+00,10/3/2015 9:58,Mid-Block (but intersection related),14,"MOTOR VEHICLE STRUCK MOTOR VEHICLE, REAR END",,N,Clear,Dry,Daylight,,,,13,From same direction - both going straight - both moving - rear-end,0,0,N
1258902.682,190219.1003,1961,263700,264480,E740601,Matched,Block,,36TH AVE SW BETWEEN SW 102ND ST AND SW 104TH ST, ,,1,Property Damage Only Collision,Other,1,0,0,1,0,0,0,2017/11/27 00:00:00+00,11/27/2017 9:50,Mid-Block (not related to intersection),27,MOTOR VEHICLE RAN OFF ROAD - NO COLLISION,,N,Overcast,Wet,Daylight,,,,50,Fixed object,0,0,N
1272419.054,226525.3483,1962,66500,66500,2623222,Matched,Intersection,29899,MINOR AVE AND SENECA ST,,,2,Injury Collision,Angles,2,0,0,2,1,0,0,2007/01/17 00:00:00+00,1/17/2007 17:45,At Intersection (intersection related),11,"MOTOR VEHICLE STRUCK MOTOR VEHICLE, FRONT END AT ANGLE",,0,Clear,Dry,Dark - Street Lights On,,7017026,,10,Entering at angle,0,0,N
1277712.622,271174.1957,1963,245500,246100,E685409,Matched,Intersection,36075,20TH AVE NE AND NE 145TH ST, ,,2,Injury Collision,Rear Ended,4,0,0,2,1,0,0,2017/06/23 00:00:00+00,6/23/2017 10:55,At Intersection (but not related to intersection),14,"MOTOR VEHICLE STRUCK MOTOR VEHICLE, REAR END",Y,N,Clear,Dry,Daylight,,,,14,From same direction - both going straight - one stopped - rear-end,0,0,N
1280871.689,229060.8324,1964,122700,122700,3386980,Matched,Block,,32ND AVE BETWEEN E DENNY S WAY AND E DENNY N WAY,,,2,Injury Collision,Pedestrian,2,1,0,1,1,0,0,2011/03/17 00:00:00+00,3/17/2011 8:55,Mid-Block (not related to intersection),24,MOTOR VEHCILE STRUCK PEDESTRIAN,,N,Clear,Dry,Daylight,,11076017,,0,Vehicle going straight hits pedestrian,0,0,N
1277405.268,225256.1453,1965,69100,69100,2792043,Matched,Intersection,30175,21ST AVE AND E CHERRY ST,,,1,Property Damage Only Collision,Angles,3,0,0,2,0,0,0,2007/06/05 00:00:00+00,6/5/2007,At Intersection (intersection related),11,"MOTOR VEHICLE STRUCK MOTOR VEHICLE, FRONT END AT ANGLE",,0,Overcast,Dry,Daylight,,7156014,,10,Entering at angle,0,0,N
1275391.938,214881.435,1966,235300,235740,3626580,Matched,Intersection,31602,BEACON AVE S AND S LANDER ST, ,,2,Injury Collision,Pedestrian,2,1,0,1,1,0,0,2017/02/08 00:00:00+00,2/8/2017 15:35,At Intersection (intersection related),24,MOTOR VEHCILE STRUCK PEDESTRIAN,,N,Unknown,Unknown,Unknown,,,,0,Vehicle going straight hits pedestrian,0,522814,N
,,1967,111500,111500,3346098,Matched,Block,,BATTERY ST TUNNEL NB BETWEEN ALASKAN WY VI NB AND AURORA AVE N,,,1,Property Damage Only Collision,Other,1,0,0,1,0,0,0,2010/10/23 00:00:00+00,10/23/2010 18:01,Mid-Block (not related to intersection),26,MOTOR VEHICLE STRUCK OBJECT IN ROAD,,N,Raining,Wet,Dark - Street Lights On,,10296042,,50,Fixed object,0,0,N
1274832.468,215767.6768,1968,129800,129800,3477466,Matched,Intersection,31286,14TH AVE S AND BEACON AVE S, ,,2,Injury Collision,Pedestrian,2,1,0,1,1,0,0,2011/07/12 00:00:00+00,7/12/2011 23:00,At Intersection (intersection related),0,NOT ENOUGH INFORMATION / NOT APPLICABLE,,N,Unknown,Unknown,Unknown,Y,11193024,,0,Vehicle going straight hits pedestrian,0,522811,N
1255784.481,247803.7112,1969,151300,151320,3642031,Matched,Intersection,25225,NW 54TH ST AND NW MARKET ST, ,,2,Injury Collision,Cycles,2,0,1,1,1,0,0,2013/07/25 00:00:00+00,7/25/2013 15:01,At Intersection (intersection related),18,"MOTOR VEHICLE STRUCK PEDALCYCLIST, FRONT END AT ANGLE",,N,Clear,Dry,Daylight,Y,,,45,Vehicle - Pedalcyclist,25965,0,N
1279247.47,202688.4028,1970,87500,87500,2894259,Matched,Intersection,33290,29TH AVE S AND S GRAHAM ST,,,2,Injury Collision,Angles,2,0,0,2,1,0,0,2008/09/02 00:00:00+00,9/2/2008,At Intersection (intersection related),11,"MOTOR VEHICLE STRUCK MOTOR VEHICLE, FRONT END AT ANGLE",,0,Clear,Dry,Daylight,,8246013,,10,Entering at angle,0,0,N
1281550.041,195620.1197,1971,162500,162520,3583207,Matched,Block,,37TH AVE S BETWEEN S THISTLE ST AND S CLOVERDALE ST, ,,1,Property Damage Only Collision,Parked Car,2,0,0,2,0,0,0,2014/02/16 00:00:00+00,2/16/2014 4:04,Mid-Block (not related to intersection),28,MOTOR VEHICLE RAN OFF ROAD - HIT FIXED OBJECT,,N,Raining,Wet,Dark - No Street Lights,,,,32,One parked--one moving,0,0,N