X,Y,OBJECTID,INCKEY,COLDETKEY,REPORTNO,STATUS,ADDRTYPE,INTKEY,LOCATION,EXCEPTRSNCODE,EXCEPTRSNDESC,SEVERITYCODE,SEVERITYDESC,COLLISIONTYPE,PERSONCOUNT,PEDCOUNT,PEDCYLCOUNT,VEHCOUNT,INJURIES,SERIOUSINJURIES,FATALITIES,INCDATE,INCDTTM,JUNCTIONTYPE,SDOT_COLCODE,SDOT_COLDESC,INATTENTIONIND,UNDERINFL,WEATHER,ROADCOND,LIGHTCOND,PEDROWNOTGRNT,SDOTCOLNUM,SPEEDING,ST_COLCODE,ST_COLDESC,SEGLANEKEY,CROSSWALKKEY,HITPARKEDCAR
1271552.335,227358.0149,1972,126600,126600,3380309,Matched,Intersection,29878,BOREN AVE AND PIKE ST,,,1,Property Damage Only Collision,Right Turn,2,0,0,2,0,0,0,2011/10/07 00:00:00+00,10/7/2011 23:59,At Intersection (intersection related),14,"MOTOR VEHICLE STRUCK MOTOR VEHICLE, REAR END",,N,Unknown,Unknown,Dark - Street Lights On,,11280001,,16,From same direction - one right turn - one straight,0,0,N
1270108.766,214347.4885,1973,199700,199840,E439434,Matched,Block,,S FOREST ST BETWEEN 1ST AVE S AND OCCIDENTAL AVE S, ,,1,Property Damage Only Collision,Parked Car,0,0,0,2,0,0,0,2015/06/19 00:00:00+00,6/19/2015 23:00,,0,NOT ENOUGH INFORMATION / NOT APPLICABLE,,N,Unknown,Unknown,Unknown,,,,32,One parked--one moving,0,0,Y
1268569.591,207352.2591,1974,106600,106600,3281813,Matched,Block,,EAST MARGINAL WAY S BETWEEN XW ALASKA AND S HUDSON ST,,,1,Property Damage Only Collision,Other,1,0,0,1,0,0,0,2009/01/13 00:00:00+00,1/13/2009 19:16,Mid-Block (not related to intersection),26,MOTOR VEHICLE STRUCK OBJECT IN ROAD,,0,Clear,Dry,Dark - Street Lights On,,9013015,,57,All other non-collision,0,0,N
1272034.773,235553.3357,1975,202600,202740,3734609,Matched,Block,,FAIRVIEW AVE E BETWEEN E BLAINE ST AND E NEWTON ST,NEI,"Not Enough Information, or Insufficient Location Information",1,Property Damage Only Collision,Parked Car,2,0,0,2,0,0,0,2015/09/01 00:00:00+00,9/1/2015 17:00,,0,NOT ENOUGH INFORMATION / NOT APPLICABLE,,N,Unknown,Unknown,Unknown,,,,32,One parked--one moving,0,0,N
1268098.107,226167.5792,1976,168200,168220,3583587,Matched,Block,,PIKE PL BETWEEN STEWART ST AND VIRGINIA ST, ,,2,Injury Collision,Pedestrian,2,1,0,1,1,0,0,2014/04/25 00:00:00+00,4/25/2014 15:01,Mid-Block (not related to intersection),24,MOTOR VEHCILE STRUCK PEDESTRIAN,,N,Unknown,Dry,Daylight,Y,,,0,Vehicle going straight hits pedestrian,0,0,N
1270323.903,225640.4942,1977,101000,101000,3286404,Matched,Intersection,29930,5TH AVE AND UNIVERSITY ST,,,1,Property Damage Only Collision,Left Turn,2,0,0,2,0,0,0,2009/02/28 00:00:00+00,2/28/2009 15:46,At Intersection (intersection related),11,"MOTOR VEHICLE STRUCK MOTOR VEHICLE, FRONT END AT ANGLE",,0,Clear,Dry,Daylight,,9059019,,15,From same direction - one left turn - one straight,0,0,N
1269508.684,244686.6793,1978,145700,145720,C774030,Unmatched,Block,,WOODLAWN AVE N BETWEEN N 44TH ST AND N 45TH E ST, ,,1,Property Damage Only Collision,,2,0,0,0,0,0,0,2013/01/17 00:00:00+00,1/17/2013,Mid-Block (not related to intersection),14,"MOTOR VEHICLE STRUCK MOTOR VEHICLE, REAR END",,,,,,,,, ,,0,0,N
1275150.477,243120.8506,1979,67700,67700,2881120,Matched,Intersection,27103,12TH AVE NE AND NE 41ST ST,,,2,Injury Collision,Angles,2,0,0,2,1,0,0,2007/11/02 00:00:00+00,11/2/2007,At Intersection (intersection related),11,"MOTOR VEHICLE STRUCK MOTOR VEHICLE, FRONT END AT ANGLE",,0,Clear,Dry,Dusk,,7306015,,10,Entering at angle,0,0,N
1270649.274,259127.2379,1980,253000,253600,3746687,Matched,Block,,COLLEGE WAY N BETWEEN N 97TH ST AND N 100TH ST, ,,1,Property Damage Only Collision,Rear Ended,3,0,0,2,0,0,0,2017/11/09 00:00:00+00,11/9/2017 10:02,Mid-Block (not related to intersection),14,"MOTOR VEHICLE STRUCK MOTOR VEHICLE, REAR END",,N,Raining,Wet,Daylight,,,,14,From same direction - both going straight - one stopped - rear-end,0,0,N
1256778.038,215871.7324,1981,83200,83200,2798139,Matched,Intersection,31152,44TH AVE SW AND SW ADMIRAL WAY,,,1,Property Damage Only Collision,Angles,2,0,0,2,0,0,0,2008/01/12 00:00:00+00,1/12/2008 23:43,At Intersection (intersection related),11,"MOTOR VEHICLE STRUCK MOTOR VEHICLE, FRONT END AT ANGLE",,0,Clear,Wet,Dark - Street Lights On,,8012028,,10,Entering at angle,0,0,N
1271095.882,217408.5843,1982,228700,229060,3769276,Matched,Intersection,31347,3RD AVE S AND S HOLGATE ST, ,,2b,Serious Injury Collision,Other,2,0,0,2,1,1,0,2016/09/20 00:00:00+00,9/20/2016 16:15,At Intersection (intersection related),25,MOTOR VEHICLE STRUCK TRAIN,,N,Clear,Dry,Daylight,,,,50,Fixed object,0,0,N
1268208.764,252708.8107,1983,123400,123400,3333594,Matched,Intersection,24312,AURORA AVE N AND WINONA AVE N,,,1,Property Damage Only Collision,Left Turn,2,0,0,2,0,0,0,2011/02/19 00:00:00+00,2/19/2011 20:50,At Intersection (intersection related),11,"MOTOR VEHICLE STRUCK MOTOR VEHICLE, FRONT END AT ANGLE",,N,Clear,Dry,Dark - Street Lights On,,11050010,,28,From opposite direction - one left turn - one straight,0,0,N
1272746.945,252594.4146,1984,181100,181140,3588445,Matched,Block,,LATONA AVE NE BETWEEN WOODLAWN N AVE NE AND NE 75TH ST,NEI,"Not Enough Information, or Insufficient Location Information",1,Property Damage Only Collision,Parked Car,2,0,0,2,0,0,0,2014/12/15 00:00:00+00,12/15/2014 15:00,Mid-Block (not related to intersection),0,NOT ENOUGH INFORMATION / NOT APPLICABLE,,N,Unknown,Unknown,Unknown,,,,32,One parked--one moving,0,0,N
1265526.717,251942.4609,1985,125200,125200,3333998,Matched,Block,,GREENWOOD AVE N BETWEEN N 71ST ST AND N 72ND S ST,,,2,Injury Collision,Rear Ended,4,0,0,2,3,0,0,2011/06/10 00:00:00+00,6/10/2011 17:20,Mid-Block (but intersection related),14,"MOTOR VEHICLE STRUCK MOTOR VEHICLE, REAR END",Y,N,Clear,Dry,Daylight,,11161014,,14,From same direction - both going straight - one stopped - rear-end,0,0,N
1261545.141,210431.3873,1986,199500,199640,3645071,Matched,Block,,28TH AVE SW BETWEEN SW DAKOTA ST AND SW ADAMS ST, ,,1,Property Damage Only Collision,Parked Car,2,0,0,2,0,0,0,2015/08/08 00:00:00+00,8/8/2015 13:35,Mid-Block (not related to intersection),13,"MOTOR VEHICLE STRUCK MOTOR VEHICLE, LEFT SIDE AT ANGLE",Y,N,Unknown,Unknown,Unknown,,,,32,One parked--one moving,0,0,Y
1270776.096,232487.1349,1987,72200,72200,2806490,Matched,Block,,FAIRVIEW AVE N BETWEEN ALOHA ST AND WARD ST,,,2,Injury Collision,Cycles,2,0,1,1,1,0,0,2007/12/06 00:00:00+00,12/6/2007,Driveway Junction,18,"MOTOR VEHICLE STRUCK PEDALCYCLIST, FRONT END AT ANGLE",Y,0,Clear,Dry,Dark - Street Lights On,,7340002,,45,Vehicle - Pedalcyclist,0,0,N
1256407.418,215205.1235,1988,201800,201940,3731590,Matched,Intersection,31165,45TH AVE SW AND SW LANDER ST, ,,2,Injury Collision,Angles,2,0,0,2,1,0,0,2015/09/04 00:00:00+00,9/4/2015 17:57,At Intersection (intersection related),11,"MOTOR VEHICLE STRUCK MOTOR VEHICLE, FRONT END AT ANGLE",,N,Clear,Dry,Daylight,,,,10,Entering at angle,0,0,N
1265871.29,229338.4328,1989,73300,73300,2791435,Matched,Block,,DENNY WAY BETWEEN 2ND AVE AND 3RD AVE,,,1,Property Damage Only Collision,Sideswipe,2,0,0,2,0,0,0,2007/11/23 00:00:00+00,11/23/2007 13:31,Mid-Block (not related to intersection),11,"MOTOR VEHICLE STRUCK MOTOR VEHICLE, FRONT END AT ANGLE",,0,Clear,Dry,Daylight,,7327023,,11,From same direction - both going straight - both moving - sideswipe,0,0,N
1264111.591,230660.6445,1990,164800,164820,3584082,Matched,Intersection,28651,2ND AVE W AND W HARRISON ST, ,,2,Injury Collision,Angles,3,0,0,2,2,0,0,2014/03/23 00:00:00+00,3/23/2014 16:54,At Intersection (intersection related),11,"MOTOR VEHICLE STRUCK MOTOR VEHICLE, FRONT END AT ANGLE",Y,N,Clear,Dry,Daylight,,,,10,Entering at angle,0,0,N
1275016.002,246065.9995,1991,94100,94100,3284599,Matched,Intersection,25790,11TH AVE NE AND NE 50TH ST,,,2,Injury Collision,Angles,2,0,0,2,2,0,0,2009/05/24 00:00:00+00,5/24/2009 9:46,At Intersection (intersection related),11,"MOTOR VEHICLE STRUCK MOTOR VEHICLE, FRONT END AT ANGLE",,0,Clear,Dry,Daylight,,9144003,,10,Entering at angle,0,0,N
1277691.109,269512.6066,1992,251300,251900,E723360,Matched,Block,,20TH AVE NE BETWEEN NE 137TH ST AND NE 140TH ST, ,,1,Property Damage Only Collision,Right Turn,0,0,0,2,0,0,0,2017/10/03 00:00:00+00,10/3/2017 8:24,Mid-Block (not related to intersection),11,"MOTOR VEHICLE STRUCK MOTOR VEHICLE, FRONT END AT ANGLE",,N,Clear,Dry,Daylight,,,,16,From same direction - one right turn - one straight,0,0,N
1272191.858,237346.4036,1993,124100,124100,3477200,Matched,Block,,YALE AVE E BETWEEN E LYNN ST AND E LOUISA ST,,,1,Property Damage Only Collision,Parked Car,2,0,0,2,0,0,0,2011/09/10 00:00:00+00,9/10/2011 16:00,,0,NOT ENOUGH INFORMATION / NOT APPLICABLE,,N,Unknown,Unknown,Unknown,,11253028,,32,One parked--one moving,0,0,N
1263873.987,251621.5838,1994,133600,133600,3608933,Matched,Block,,NW 70TH ST BETWEEN 4TH AVE NW AND 5TH AVE NW,,,2,Injury Collision,Parked Car,4,0,0,2,2,0,0,2012/11/09 00:00:00+00,11/9/2012 1:37,Mid-Block (not related to intersection),14,"MOTOR VEHICLE STRUCK MOTOR VEHICLE, REAR END",,Y,Clear,Dry,Dark - No Street Lights,,12314031,,32,One parked--one moving,0,0,N
1282244.657,257789.0529,1995,246400,246980,E704140,Matched,Block,,NE 95TH ST BETWEEN 35TH AVE NE AND 40TH AVE NE, ,,1,Property Damage Only Collision,Other,0,0,0,1,0,0,0,2017/08/23 00:00:00+00,8/23/2017 11:53,Mid-Block (not related to intersection),48,DRIVERLESS VEHICLE RAN OFF ROAD - HIT FIXED OBJECT,,N,Clear,Dry,Daylight,,,,50,Fixed object,0,0,N
1269074.427,200405.7251,1996,174600,174620,3644551,Matched,Block,,2ND AV SW TURN RD BETWEEN HIGHLAND PARK WAY SW AND 2ND AVE SW, ,,1,Property Damage Only Collision,Rear Ended,2,0,0,2,0,0,0,2014/08/26 00:00:00+00,8/26/2014 8:16,Mid-Block (but intersection related),14,"MOTOR VEHICLE STRUCK MOTOR VEHICLE, REAR END",Y,N,Clear,Dry,Daylight,,,,14,From same direction - both going straight - one stopped - rear-end,0,0,N
1257176.07,247784.8753,1997,231100,231500,3762903,Matched,Block,,NW MARKET ST BETWEEN 24TH AVE NW AND 26TH AVE NW, ,,3,Fatality Collision,Head On,2,0,0,2,0,0,1,2016/11/10 00:00:00+00,11/10/2016 19:57,Mid-Block (not related to intersection),11,"MOTOR VEHICLE STRUCK MOTOR VEHICLE, FRONT END AT ANGLE",,N,Clear,Dry,Dark - Street Lights On,,,,30,From opposite direction - all others,0,0,N
1269729.323,231889.0343,1998,110300,110300,3208038,Matched,Block,,VALLEY ST BETWEEN TERRY AVE N AND LAKE UNION PARK ACCESS RD,,,1,Property Damage Only Collision,Rear Ended,3,0,0,2,0,0,0,2010/01/24 00:00:00+00,1/24/2010 22:02,Mid-Block (not related to intersection),14,"MOTOR VEHICLE STRUCK MOTOR VEHICLE, REAR END",,N,Raining,Wet,Dark - Street Lights On,,10024009,,14,From same direction - both going straight - one stopped - rear-end,0,0,N
1259617.78,246969.736,1999,197600,197720,E434924,Matched,Block,,17TH AVE NW BETWEEN NW 52ND ST AND NW IONE PL, ,,1,Property Damage Only Collision,Other,1,0,0,1,0,0,0,2015/06/15 00:00:00+00,6/15/2015 18:12,Mid-Block (not related to intersection),14,"MOTOR VEHICLE STRUCK MOTOR VEHICLE, REAR END",,N,Clear,Dry,Daylight,,,,50,Fixed object,0,0,N
1263171.526,197100.0767,2000,112700,112700,3288059,Matched,Block,,DELRIDGE WAY SW BETWEEN SW KENYON ST AND SW THISTLE ST,,,1,Property Damage Only Collision,Parked Car,4,0,0,4,0,0,0,2010/01/24 00:00:00+00,1/24/2010 1:29,Mid-Block (not related to intersection),14,"MOTOR VEHICLE STRUCK MOTOR VEHICLE, REAR END",,N,Clear,Dry,Dark - Street Lights On,,10024030,,32,One parked--one moving,0,0,N
1265365.051,245280.4319,2001,121400,121400,C751458,Unmatched,Block,,GREENWOOD AVE N BETWEEN N 46TH S ST AND N 46TH N ST,,,0,Unknown,,0,0,0,0,0,0,0,2011/05/26 00:00:00+00,5/26/2011,Mid-Block (not related to intersection),14,"MOTOR VEHICLE STRUCK MOTOR VEHICLE, REAR END",,,,,,,11146032,,,,0,0,N
1265156.674,242327.2802,2002,166700,166720,3576783,Matched,Block,,N 39TH ST BETWEEN PALATINE AVE N AND GREENWOOD AVE N, ,,2,Injury Collision,Left Turn,4,0,0,2,1,0,0,2014/04/29 00:00:00+00,4/29/2014 15:06,Mid-Block (but intersection related),14,"MOTOR VEHICLE STRUCK MOTOR VEHICLE, REAR END",,N,Clear,Dry,Daylight,,,,15,From same direction - one left turn - one straight,0,0,N
1271591.744,230189.3826,2003,144100,144100,3465922,Matched,Block,,STEWART ST OFF RP BETWEEN I5 SB AND STEWART ST, ,,1,Property Damage Only Collision,Rear Ended,3,0,0,2,0,0,0,2013/03/05 00:00:00+00,3/5/2013 17:10,Mid-Block (but intersection related),14,"MOTOR VEHICLE STRUCK MOTOR VEHICLE, REAR END",Y,N,Overcast,Dry,Daylight,,13064016,,14,From same direction - both going straight - one stopped - rear-end,0,0,N
1281806.198,202569.2384,2004,294100,295160,3814904,Matched,Intersection,485928,M L KING JR ER WAY S AND S GRAHAM ST, ,,1,Property Damage Only Collision,Other,3,0,0,2,0,0,0,2018/06/27 00:00:00+00,6/27/2018 10:17,At Intersection (intersection related),11,"MOTOR VEHICLE STRUCK MOTOR VEHICLE, FRONT END AT ANGLE",,N,Clear,Dry,Daylight,,,,40,Railway Vehicle Strikes Vehicle,0,0,N
1277704.011,270509.7067,2005,142000,142000,3333937,Matched,Intersection,36083,20TH AVE NE AND NE 143RD ST,,,2,Injury Collision,Angles,2,0,0,2,1,0,0,2012/02/09 00:00:00+00,2/9/2012 15:00,At Intersection (intersection related),11,"MOTOR VEHICLE STRUCK MOTOR VEHICLE, FRONT END AT ANGLE",,N,Raining,Wet,Daylight,,12040017,,10,Entering at angle,0,0,N
1269871.209,229236.1282,2006,222900,223180,E560544,Matched,Intersection,29506,BOREN AVE N AND DENNY WAY, ,,1,Property Damage Only Collision,Sideswipe,3,0,0,2,0,0,0,2016/07/05 00:00:00+00,7/5/2016 12:47,At Intersection (but not related to intersection),14,"MOTOR VEHICLE STRUCK MOTOR VEHICLE, REAR END",,N,Clear,Dry,Daylight,,,,12,From same direction - both going straight - one stopped - sideswipe,0,0,N
1261581.85,212237.2065,2007,261000,261720,3742171,Matched,Block,,WEST SEATTLE BR EB BETWEEN 26TH AV SW ON RP AND POINT A, ,,1,Property Damage Only Collision,Sideswipe,3,0,0,2,0,0,0,2017/12/18 00:00:00+00,12/18/2017 21:48,Mid-Block (not related to intersection),14,"MOTOR VEHICLE STRUCK MOTOR VEHICLE, REAR END",,N,Raining,Wet,Dark - Street Lights On,,,,11,From same direction - both going straight - both moving - sideswipe,0,0,N
1274869.28,254023.8294,2008,93000,93000,2609870,Matched,Intersection,24395,ROOSEVELT WAY NE AND NE 80TH ST,,,2,Injury Collision,Angles,2,0,0,2,1,0,0,2008/11/26 00:00:00+00,11/26/2008 11:20,At Intersection (intersection related),11,"MOTOR VEHICLE STRUCK MOTOR VEHICLE, FRONT END AT ANGLE",,0,Clear,Dry,Daylight,,8331012,,10,Entering at angle,0,0,N
1268637.443,242246.4543,2009,265800,266600,E758747,Unmatched,Block,,N 39TH ST BETWEEN STONE WAY N AND INTERLAKE AVE N, ,,0,Unknown,,0,0,0,0,0,0,0,2018/01/15 00:00:00+00,1/15/2018,Mid-Block (not related to intersection),0,NOT ENOUGH INFORMATION / NOT APPLICABLE,,,,,,,,, ,,0,0,Y
1280453.94,252902.8761,2010,131700,131700,3333496,Matched,Block,,31ST AVE NE BETWEEN NE 75TH ST AND NE 77TH ST,,,1,Property Damage Only Collision,Head On,2,0,0,2,0,0,0,2012/06/15 00:00:00+00,6/15/2012 22:13,Mid-Block (not related to intersection),11,"MOTOR VEHICLE STRUCK MOTOR VEHICLE, FRONT END AT ANGLE",,N,Clear,Dry,Unknown,,12167028,,30,From opposite direction - all others,0,0,N
1270825.838,244030.564,2011,109600,109600,3327813,Matched,Block,,N 43RD ST BETWEEN MERIDIAN AVE N AND BAGLEY AVE N,,,1,Property Damage Only Collision,Parked Car,2,0,0,2,0,0,0,2010/03/05 00:00:00+00,3/5/2010 18:03,Mid-Block (not related to intersection),11,"MOTOR VEHICLE STRUCK MOTOR VEHICLE, FRONT END AT ANGLE",,N,Clear,Dry,Dusk,,10064020,,32,One parked--one moving,0,0,N
1275853.778,220580.3917,2012,255600,256240,3702203,Matched,Block,,RAINIER AVE S BETWEEN S DEARBORN ST AND S CHARLES N ST, ,,1,Property Damage Only Collision,Right Turn,3,0,0,2,0,0,0,2017/11/24 00:00:00+00,11/24/2017 17:45,Driveway Junction,11,"MOTOR VEHICLE STRUCK MOTOR VEHICLE, FRONT END AT ANGLE",Y,N,Overcast,Wet,Dark - Street Lights On,,,,16,From same direction - one right turn - one straight,0,0,N
1276250.404,229831.8932,2013,111700,111700,10039028,Unmatched,Intersection,29369,17TH AVE E AND E THOMAS ST,,,0,Unknown,,0,0,0,0,0,0,0,2010/02/08 00:00:00+00,2/8/2010,At Intersection (intersection related),0,NOT ENOUGH INFORMATION / NOT APPLICABLE,,,,,,,10039028,,,,0,0,N
1268950.511,226064.2552,2014,248400,248980,E668796,Unmatched,Block,,2ND AVE BETWEEN PIKE ST AND PINE ST, ,,1,Property Damage Only Collision,,1,0,0,0,0,0,0,2017/05/07 00:00:00+00,5/7/2017,Mid-Block (not related to intersection),11,"MOTOR VEHICLE STRUCK MOTOR VEHICLE, FRONT END AT ANGLE",,,,,,,,, ,,0,0,N
1258150.478,253717.731,2015,134300,134300,3551456,Matched,Intersection,23885,23RD AVE NW AND NW 77TH ST,,,2,Injury Collision,Angles,2,0,0,2,1,0,0,2012/07/10 00:00:00+00,7/10/2012 15:15,At Intersection (intersection related),11,"MOTOR VEHICLE STRUCK MOTOR VEHICLE, FRONT END AT ANGLE",,N,Clear,Dry,Daylight,,12192007,,10,Entering at angle,0,0,N
,,2016,115700,115700,10097005,Unmatched,,,,NEI,"Not Enough Information, or Insufficient Location Information",0,Unknown,,0,0,0,0,0,0,0,2010/04/07 00:00:00+00,4/7/2010,,0,NOT ENOUGH INFORMATION / NOT APPLICABLE,,,,,,,10097005,,,,0,0,N
1263186.54,197754.716,2017,128800,128800,3380296,Matched,Intersection,33994,DELRIDGE WAY SW AND SW KENYON ST,,,1,Property Damage Only Collision,Rear Ended,2,0,0,2,0,0,0,2011/05/11 00:00:00+00,5/11/2011 18:14,At Intersection (intersection related),14,"MOTOR VEHICLE STRUCK MOTOR VEHICLE, REAR END",Y,N,Raining,Wet,Daylight,,11131048,,14,From same direction - both going straight - one stopped - rear-end,0,0,N
1267757.459,200758.0125,2018,158700,158720,3464989,Matched,Intersection,34082,HIGHLAND PARK WAY SW AND WEST MARGINAL WAY SW, ,,2,Injury Collision,Other,1,0,0,1,1,0,0,2013/12/22 00:00:00+00,12/22/2013 6:54,At Intersection (intersection related),28,MOTOR VEHICLE RAN OFF ROAD - HIT FIXED OBJECT,,N,Raining,Wet,Dark - Street Lights On,,,Y,50,Fixed object,0,0,N
1283276.345,194934.0693,2019,236400,236840,3608607,Matched,Block,,M L KING JR WR WAY S BETWEEN S CLOVERDALE ST AND S TRENTON ST, ,,2b,Serious Injury Collision,Other,3,0,0,1,2,2,0,2017/03/06 00:00:00+00,3/6/2017 16:36,Mid-Block (but intersection related),28,MOTOR VEHICLE RAN OFF ROAD - HIT FIXED OBJECT,,N,Clear,Dry,Daylight,,,Y,50,Fixed object,0,0,N
1256318.194,255791.7386,2020,99000,99000,3198702,Matched,Intersection,37083,28TH AVE NW AND NW 85TH ST,,,1,Property Damage Only Collision,Angles,5,0,0,2,0,0,0,2009/06/30 00:00:00+00,6/30/2009 14:00,At Intersection (intersection related),11,"MOTOR VEHICLE STRUCK MOTOR VEHICLE, FRONT END AT ANGLE",Y,0,Clear,Dry,Daylight,,9181010,,10,Entering at angle,0,0,N
1265749.304,244959.9732,2021,239300,239740,E602491,Unmatched,Block,,N 45TH ST BETWEEN PHINNEY AVE N AND FRANCIS AVE N,NEI,"Not Enough Information, or Insufficient Location Information",1,Property Damage Only Collision,,2,0,0,0,0,0,0,2016/10/31 00:00:00+00,10/31/2016,Mid-Block (not related to intersection),0,NOT ENOUGH INFORMATION / NOT APPLICABLE,,,,,,,,, ,,0,0,N
1270977.962,262265.9332,2022,132300,132300,3551299,Matched,Block,,MERIDIAN AVE N BETWEEN N NORTHGATE WAY AND N 112TH ST,,,1,Property Damage Only Collision,Sideswipe,3,0,0,2,0,0,0,2012/06/13 00:00:00+00,6/13/2012 15:29,Mid-Block (but intersection related),11,"MOTOR VEHICLE STRUCK MOTOR VEHICLE, FRONT END AT ANGLE",,N,Overcast,Dry,Daylight,,12165008,,11,From same direction - both going straight - both moving - sideswipe,0,0,N
1270803.784,222933.1322,2023,100200,100200,2622895,Matched,Block,,2ND AV ET S BETWEEN S WASHINGTON ST AND YESLER WAY,,,1,Property Damage Only Collision,Parked Car,2,0,0,2,0,0,0,2009/12/19 00:00:00+00,12/19/2009 16:00,Mid-Block (not related to intersection),15,"MOTOR VEHICLE STRUCK MOTOR VEHICLE, RIGHT SIDE SIDESWIPE",,0,Unknown,Unknown,Dusk,,9353033,,32,One parked--one moving,0,0,N
1265585.536,254809.8805,2024,145200,145200,3377279,Matched,Intersection,24269,GREENWOOD AVE N AND N 82ND ST, ,,1,Property Damage Only Collision,Angles,5,0,0,3,0,0,0,2013/04/27 00:00:00+00,4/27/2013 19:13,At Intersection (intersection related),11,"MOTOR VEHICLE STRUCK MOTOR VEHICLE, FRONT END AT ANGLE",,N,Overcast,Dry,Daylight,,,,10,Entering at angle,0,0,N
1273797.75,232525.5717,2025,180200,180260,3626381,Matched,Block,,10TH AVE E BETWEEN E ALOHA ST AND E PROSPECT ST, ,,2,Injury Collision,Cycles,2,0,1,1,1,0,0,2014/12/03 00:00:00+00,12/3/2014 17:53,Mid-Block (not related to intersection),51,PEDALCYCLIST STRUCK MOTOR VEHICLE FRONT END AT ANGLE,Y,N,Clear,Dry,Dark - Street Lights On,,,,45,Vehicle - Pedalcyclist,6170,0,N
1270647.707,223196.9275,2026,203600,203740,E456364,Matched,Block,,2ND AVE BETWEEN YESLER WAY AND JAMES ST, ,,1,Property Damage Only Collision,Parked Car,0,0,0,2,0,0,0,2015/08/19 00:00:00+00,8/19/2015 9:41,Mid-Block (not related to intersection),11,"MOTOR VEHICLE STRUCK MOTOR VEHICLE, FRONT END AT ANGLE",,N,Clear,Dry,Daylight,,,,32,One parked--one moving,0,0,Y
1273155.443,224648.9164,2027,238000,238440,3593505,Unmatched,Block,,BOREN AVE BETWEEN JEFFERSON ST AND JAMES ST, ,,0,Unknown,,0,0,0,0,0,0,0,2017/03/29 00:00:00+00,3/29/2017,,0,NOT ENOUGH INFORMATION / NOT APPLICABLE,,,,,,,,, ,,0,0,Y
1265750.797,266116.438,2028,66300,66300,2624739,Matched,Block,,GREENWOOD AVE N BETWEEN RIDGEMONT WAY N AND N 125TH ST,,,1,Property Damage Only Collision,Other,1,0,0,1,0,0,0,2007/01/06 00:00:00+00,1/6/2007,Mid-Block (not related to intersection),28,MOTOR VEHICLE RAN OFF ROAD - HIT FIXED OBJECT,,0,Clear,Ice,Daylight,,7006003,Y,50,Fixed object,0,0,N
1282387.342,265736.3539,2029,227100,227440,E584763,Matched,Block,,NE 125TH ST BETWEEN 37TH AVE NE AND 38TH AVE NE, ,,2,Injury Collision,Rear Ended,4,0,0,2,1,0,0,2016/09/14 00:00:00+00,9/14/2016 7:00,Mid-Block (but intersection related),14,"MOTOR VEHICLE STRUCK MOTOR VEHICLE, REAR END",,N,Clear,Dry,Daylight,,,,14,From same direction - both going straight - one stopped - rear-end,0,0,N
1260802.616,195503.44,2030,174500,174520,3644788,Matched,Block,,29TH AVE SW BETWEEN SW CLOVERDALE ST AND SW TRENTON ST, ,,1,Property Damage Only Collision,Parked Car,2,0,0,2,0,0,0,2014/08/21 00:00:00+00,8/21/2014 22:30,Mid-Block (not related to intersection),13,"MOTOR VEHICLE STRUCK MOTOR VEHICLE, LEFT SIDE AT ANGLE",,N,Clear,Dry,Dark - Street Lights On,,,,32,One parked--one moving,0,0,N
1257514.367,248995.1618,2031,68500,68500,2792365,Matched,Block,,24TH AVE NW BETWEEN NW 59TH ST AND NW 60TH ST,,,1,Property Damage Only Collision,Parked Car,2,0,0,2,0,0,0,2007/07/07 00:00:00+00,7/7/2007,Mid-Block (not related to intersection),13,"MOTOR VEHICLE STRUCK MOTOR VEHICLE, LEFT SIDE AT ANGLE",,0,Clear,Dry,Unknown,,7188032,,32,One parked--one moving,0,0,N
1275591.494,229651.8891,2032,235000,235400,3736928,Matched,Intersection,29059,15TH AVE E AND E JOHN ST, ,,2,Injury Collision,Pedestrian,2,1,0,1,1,0,0,2017/02/01 00:00:00+00,2/1/2017 11:41,At Intersection (intersection related),24,MOTOR VEHCILE STRUCK PEDESTRIAN,,N,Clear,Dry,Daylight,,,,3,Vehicle backing hits pedestrian,0,520810,N
1278003.635,223107.6227,2033,83700,83700,2897992,Matched,Block,,23RD AVE BETWEEN E YESLER WAY AND E FIR ST,,,1,Property Damage Only Collision,Sideswipe,2,0,0,2,0,0,0,2008/04/05 00:00:00+00,4/5/2008,Mid-Block (not related to intersection),11,"MOTOR VEHICLE STRUCK MOTOR VEHICLE, FRONT END AT ANGLE",,0,Raining,Wet,Dark - Street Lights On,,8096025,,12,From same direction - both going straight - one stopped - sideswipe,0,0,N
1276138.41,247362.2955,2034,133900,133900,3376348,Matched,Intersection,26013,15TH AVE NE AND NE 55TH ST,,,2,Injury Collision,Other,2,0,0,2,1,0,0,2012/05/06 00:00:00+00,5/6/2012 11:47,At Intersection (intersection related),11,"MOTOR VEHICLE STRUCK MOTOR VEHICLE, FRONT END AT ANGLE",,N,Clear,Dry,Daylight,,12127002,,23,From same direction - all others,0,0,N
1271120.127,223978.6197,2035,74000,74000,2614882,Matched,Block,,CHERRY ST BETWEEN 4TH AVE AND 5TH AVE,,,1,Property Damage Only Collision,Parked Car,2,0,0,2,0,0,0,2007/02/01 00:00:00+00,2/1/2007,Mid-Block (not related to intersection),14,"MOTOR VEHICLE STRUCK MOTOR VEHICLE, REAR END",,0,Clear,Dry,Daylight,,7032036,,32,One parked--one moving,0,0,N