X,Y,OBJECTID,INCKEY,COLDETKEY,REPORTNO,STATUS,ADDRTYPE,INTKEY,LOCATION,EXCEPTRSNCODE,EXCEPTRSNDESC,SEVERITYCODE,SEVERITYDESC,COLLISIONTYPE,PERSONCOUNT,PEDCOUNT,PEDCYLCOUNT,VEHCOUNT,INJURIES,SERIOUSINJURIES,FATALITIES,INCDATE,INCDTTM,JUNCTIONTYPE,SDOT_COLCODE,SDOT_COLDESC,INATTENTIONIND,UNDERINFL,WEATHER,ROADCOND,LIGHTCOND,PEDROWNOTGRNT,SDOTCOLNUM,SPEEDING,ST_COLCODE,ST_COLDESC,SEGLANEKEY,CROSSWALKKEY,HITPARKEDCAR
1269781.187,226556.7251,2036,143600,143600,3581736,Matched,Block,,5TH AVE BETWEEN PIKE ST AND PINE ST, ,,1,Property Damage Only Collision,Sideswipe,3,0,0,2,0,0,0,2013/03/06 00:00:00+00,3/6/2013 23:57,Mid-Block (not related to intersection),16,"MOTOR VEHICLE STRUCK MOTOR VEHICLE, LEFT SIDE SIDESWIPE",,N,Raining,Wet,Dark - Street Lights On,,13065023,,12,From same direction - both going straight - one stopped - sideswipe,0,0,N
1278927.012,248231.5029,2037,178500,178540,3575730,Matched,Block,,25TH AVE NE BETWEEN NE 57TH ST AND NE 60TH ST, ,,1,Property Damage Only Collision,Rear Ended,5,0,0,3,0,0,0,2014/10/30 00:00:00+00,10/30/2014 21:43,Mid-Block (but intersection related),14,"MOTOR VEHICLE STRUCK MOTOR VEHICLE, REAR END",,N,Raining,Wet,Dark - Street Lights On,,,,14,From same direction - both going straight - one stopped - rear-end,0,0,N
1274332.473,232470.2622,2038,199400,199540,3734456,Matched,Block,,11TH AVE E BETWEEN E ALOHA ST AND E PROSPECT ST,NEI,"Not Enough Information, or Insufficient Location Information",1,Property Damage Only Collision,Parked Car,2,0,0,2,0,0,0,2015/08/01 00:00:00+00,8/1/2015 14:00,,0,NOT ENOUGH INFORMATION / NOT APPLICABLE,,N,Unknown,Unknown,Daylight,,,,32,One parked--one moving,0,0,Y
1270008.956,215109.6856,2039,78200,78200,2608375,Matched,Intersection,31372,1ST AVE S AND S LANDER ST,,,1,Property Damage Only Collision,Left Turn,2,0,0,2,0,0,0,2007/03/16 00:00:00+00,3/16/2007 6:56,At Intersection (intersection related),11,"MOTOR VEHICLE STRUCK MOTOR VEHICLE, FRONT END AT ANGLE",,0,Clear,Dry,Dawn,,7075006,,28,From opposite direction - one left turn - one straight,0,0,N
1270115.966,231454.7143,2040,239800,240240,3753158,Matched,Block,,MERCER SR ST BETWEEN BOREN AVE N AND FAIRVIEW N AVE N, ,,1,Property Damage Only Collision,Rear Ended,6,0,0,2,0,0,0,2017/04/23 00:00:00+00,4/23/2017 21:28,Mid-Block (not related to intersection),14,"MOTOR VEHICLE STRUCK MOTOR VEHICLE, REAR END",Y,N,Raining,Wet,Dark - Street Lights On,,,,14,From same direction - both going straight - one stopped - rear-end,0,0,N
1264803.684,192424.0672,2041,132600,132600,3342512,Matched,Block,,SW ROXBURY ST BETWEEN 14TH AVE SW AND 15TH AVE SW,,,1,Property Damage Only Collision,Angles,6,0,0,3,0,0,0,2012/09/09 00:00:00+00,9/9/2012 16:30,Mid-Block (not related to intersection),11,"MOTOR VEHICLE STRUCK MOTOR VEHICLE, FRONT END AT ANGLE",,N,Clear,Dry,Daylight,,12253015,,10,Entering at angle,0,0,N
1273011.184,254072.9778,2042,114400,114400,3564556,Matched,Intersection,24537,BANNER WAY NE AND NE 80TH ST,,,1,Property Damage Only Collision,Angles,2,0,0,2,0,0,0,2011/05/11 00:00:00+00,5/11/2011 18:30,At Intersection (intersection related),11,"MOTOR VEHICLE STRUCK MOTOR VEHICLE, FRONT END AT ANGLE",,N,Raining,Wet,Daylight,,11131022,,10,Entering at angle,0,0,N
1281591.626,257657.8218,2043,187500,187580,3706543,Matched,Block,,35TH AVE NE BETWEEN NE 94TH ST AND NE 95TH ST, ,,2,Injury Collision,Rear Ended,5,0,0,3,3,0,0,2015/03/12 00:00:00+00,3/12/2015 16:53,Mid-Block (not related to intersection),14,"MOTOR VEHICLE STRUCK MOTOR VEHICLE, REAR END",Y,N,Clear,Dry,Daylight,,,,14,From same direction - both going straight - one stopped - rear-end,0,0,N
1260067.322,235582.139,2044,108700,108700,3342220,Matched,Block,,15TH AVE W BETWEEN W BLAINE ST AND W HOWE ST,,,1,Property Damage Only Collision,Left Turn,2,0,0,2,0,0,0,2010/06/11 00:00:00+00,6/11/2010 12:01,Driveway Junction,11,"MOTOR VEHICLE STRUCK MOTOR VEHICLE, FRONT END AT ANGLE",,0,Overcast,Dry,Daylight,,10162013,,28,From opposite direction - one left turn - one straight,0,0,N
1276643.426,254726.0968,2045,214100,214360,E515274,Matched,Block,,LAKE CITY WAY NE BETWEEN NE 82ND ST AND 17TH AVE NE, ,,1,Property Damage Only Collision,Sideswipe,2,0,0,2,0,0,0,2016/02/12 00:00:00+00,2/12/2016 14:35,Mid-Block (but intersection related),11,"MOTOR VEHICLE STRUCK MOTOR VEHICLE, FRONT END AT ANGLE",,N,Clear,Wet,Daylight,,,,11,From same direction - both going straight - both moving - sideswipe,0,0,N
1283718.173,195501.5674,2046,69700,69700,2806828,Matched,Block,,RENTON AVE S BETWEEN S CAMANO PL AND S CLOVERDALE ST,,,1,Property Damage Only Collision,Parked Car,3,0,0,2,0,0,0,2007/02/22 00:00:00+00,2/22/2007 20:32,Mid-Block (not related to intersection),14,"MOTOR VEHICLE STRUCK MOTOR VEHICLE, REAR END",,1,Clear,Dry,Dark - Street Lights On,,7053037,,32,One parked--one moving,0,0,N
1272813.18,232793.4965,2047,157100,157120,3585242,Unmatched,Block,,BELMONT PL E BETWEEN BELLEVUE PL E AND E PROSPECT ST, ,,0,Unknown,,0,0,0,0,0,0,0,2013/11/06 00:00:00+00,11/6/2013,,0,NOT ENOUGH INFORMATION / NOT APPLICABLE,,,,,,,,, ,,0,0,N
1263936.75,240988.8519,2048,288400,289260,3812069,Matched,Intersection,26694,3RD AVE W AND W BERTONA ST, ,,2,Injury Collision,Angles,2,0,0,2,1,0,0,2018/05/15 00:00:00+00,5/15/2018 19:44,At Intersection (intersection related),11,"MOTOR VEHICLE STRUCK MOTOR VEHICLE, FRONT END AT ANGLE",,N,Clear,Dry,Daylight,,,,10,Entering at angle,0,0,N
1267920.181,228504.5669,2049,123200,123200,3560902,Matched,Block,,5TH AVE BETWEEN BELL ST AND BATTERY ST,,,2,Injury Collision,Other,2,0,0,1,2,0,0,2011/09/17 00:00:00+00,9/17/2011 16:01,Mid-Block (not related to intersection),26,MOTOR VEHICLE STRUCK OBJECT IN ROAD,,N,Overcast,Dry,Daylight,,11260012,,50,Fixed object,0,0,N
1267415.452,247468.3993,2050,181300,181340,3508197,Matched,Block,,AURORA AVE N BETWEEN N 50 UPPER ST AND N 59TH ST, ,,1,Property Damage Only Collision,Head On,2,0,0,2,0,0,0,2014/11/26 00:00:00+00,11/26/2014 17:04,Mid-Block (not related to intersection),11,"MOTOR VEHICLE STRUCK MOTOR VEHICLE, FRONT END AT ANGLE",,N,Raining,Wet,Dark - Street Lights On,,,,30,From opposite direction - all others,0,0,N
1267529.5,232109.622,2051,157500,157520,3570683,Unmatched,Block,,VALLEY ST BETWEEN TAYLOR AVE N AND 6TH AVE N, ,,0,Unknown,,0,0,0,0,0,0,0,2013/11/23 00:00:00+00,11/23/2013,Mid-Block (not related to intersection),0,NOT ENOUGH INFORMATION / NOT APPLICABLE,,,,,,,,, ,,0,0,N
1274752.641,246074.6052,2052,216500,216780,3767128,Matched,Intersection,25789,ROOSEVELT WAY NE AND NE 50TH ST, ,,1,Property Damage Only Collision,Left Turn,4,0,0,2,0,0,0,2016/03/25 00:00:00+00,3/25/2016 7:32,At Intersection (intersection related),11,"MOTOR VEHICLE STRUCK MOTOR VEHICLE, FRONT END AT ANGLE",,N,Clear,Dry,Daylight,,,,28,From opposite direction - one left turn - one straight,0,0,N
1274551.867,227089.5945,2053,99100,99100,9253039,Unmatched,Intersection,29761,12TH AVE AND E MADISON ST,,,0,Unknown,,0,0,0,0,0,0,0,2009/09/10 00:00:00+00,9/10/2009,At Intersection (intersection related),11,"MOTOR VEHICLE STRUCK MOTOR VEHICLE, FRONT END AT ANGLE",,,,,,,9253039,,,,0,0,N
1278704.818,250288.6098,2054,188700,188780,3733158,Matched,Block,,24TH AVE NE BETWEEN NE 65TH ST AND NE 68TH ST, ,,1,Property Damage Only Collision,Parked Car,2,0,0,2,0,0,0,2015/03/23 00:00:00+00,3/23/2015 2:00,Mid-Block (not related to intersection),0,NOT ENOUGH INFORMATION / NOT APPLICABLE,,N,Unknown,Unknown,Dark - Street Lights On,,,,32,One parked--one moving,0,0,Y
1281484.863,247580.015,2055,130100,130100,3375114,Matched,Block,,35TH AVE NE BETWEEN NE 55TH ST AND NE 57TH ST,,,1,Property Damage Only Collision,Parked Car,4,0,0,2,0,0,0,2011/01/24 00:00:00+00,1/24/2011 17:21,Mid-Block (not related to intersection),16,"MOTOR VEHICLE STRUCK MOTOR VEHICLE, LEFT SIDE SIDESWIPE",,N,Raining,Wet,Daylight,,11024010,,32,One parked--one moving,0,0,N
1266667.913,242293.0889,2056,67100,67100,2618087,Matched,Intersection,27009,FREMONT AVE N AND FREMONT WAY N,,,1,Property Damage Only Collision,Left Turn,2,0,0,2,0,0,0,2007/02/28 00:00:00+00,2/28/2007 22:10,At Intersection (intersection related),11,"MOTOR VEHICLE STRUCK MOTOR VEHICLE, FRONT END AT ANGLE",,0,Raining,Wet,Dark - Street Lights On,,7059011,,28,From opposite direction - one left turn - one straight,0,0,N
1272078.787,227780.4652,2057,213500,213760,3704138,Matched,Block,,BELLEVUE AVE BETWEEN E PIKE ST AND E PINE ST, ,,1,Property Damage Only Collision,Parked Car,2,0,0,2,0,0,0,2016/02/07 00:00:00+00,2/7/2016 14:00,Mid-Block (not related to intersection),14,"MOTOR VEHICLE STRUCK MOTOR VEHICLE, REAR END",,N,Unknown,Unknown,Daylight,,,,32,One parked--one moving,0,0,Y
1257296.783,251398.1176,2058,176400,176420,3706243,Matched,Block,,25TH AVE NW BETWEEN NW 67TH ST AND NW 70TH ST, ,,1,Property Damage Only Collision,Parked Car,2,0,0,2,0,0,0,2014/10/01 00:00:00+00,10/1/2014 13:24,Mid-Block (not related to intersection),13,"MOTOR VEHICLE STRUCK MOTOR VEHICLE, LEFT SIDE AT ANGLE",,N,Clear,Dry,Daylight,,,,32,One parked--one moving,0,0,N
1273782.337,263346.7041,2059,66000,66000,2799476,Matched,Block,,NE 115TH ST BETWEEN 5TH AVE NE AND 7TH AVE NE,,,1,Property Damage Only Collision,Parked Car,2,0,0,2,0,0,0,2007/07/10 00:00:00+00,7/10/2007 17:19,Mid-Block (not related to intersection),14,"MOTOR VEHICLE STRUCK MOTOR VEHICLE, REAR END",,0,Clear,Dry,Daylight,,7191029,,32,One parked--one moving,0,0,N
1271494.205,229177.3081,2060,207400,207600,3585344,Matched,Block,,DENNY WAY BETWEEN STEWART ST AND MELROSE AVE, ,,1,Property Damage Only Collision,Sideswipe,2,0,0,2,0,0,0,2015/11/23 00:00:00+00,11/23/2015 18:42,Mid-Block (but intersection related),11,"MOTOR VEHICLE STRUCK MOTOR VEHICLE, FRONT END AT ANGLE",,N,Raining,Wet,Dark - Street Lights On,,,,11,From same direction - both going straight - both moving - sideswipe,0,0,N
1281383.948,270059.5014,2061,152600,152620,3641986,Matched,Block,,LAKE CITY WAY NE BETWEEN NE 140TH ST AND NE 143RD ST, ,,2,Injury Collision,Left Turn,2,0,0,2,1,0,0,2013/08/15 00:00:00+00,8/15/2013 17:07,Mid-Block (not related to intersection),11,"MOTOR VEHICLE STRUCK MOTOR VEHICLE, FRONT END AT ANGLE",,N,Overcast,Wet,Daylight,,,,28,From opposite direction - one left turn - one straight,0,0,N
1268649.681,227407.7489,2062,249300,249900,E706693,Matched,Block,,4TH AVE BETWEEN VIRGINIA ST AND LENORA ST, ,,1,Property Damage Only Collision,Sideswipe,0,0,0,2,0,0,0,2017/08/27 00:00:00+00,8/27/2017 14:09,Mid-Block (not related to intersection),11,"MOTOR VEHICLE STRUCK MOTOR VEHICLE, FRONT END AT ANGLE",,N,Clear,Dry,Daylight,,,,11,From same direction - both going straight - both moving - sideswipe,0,0,N
1275184.782,216916.8658,2063,96500,96500,3335427,Matched,Block,,15TH AVE S BETWEEN S PLUM ST AND S HILL ST,,,1,Property Damage Only Collision,Parked Car,2,0,0,2,0,0,0,2009/12/10 00:00:00+00,12/10/2009 13:00,Mid-Block (not related to intersection),14,"MOTOR VEHICLE STRUCK MOTOR VEHICLE, REAR END",,0,Clear,Dry,Daylight,,9344006,,32,One parked--one moving,0,0,N
1272376.153,225965.8343,2064,234500,234900,E634247,Matched,Block,,BOREN AVE BETWEEN MADISON ST AND SPRING ST, ,,1,Property Damage Only Collision,Sideswipe,3,0,0,2,0,0,0,2017/01/14 00:00:00+00,1/14/2017 13:38,Mid-Block (not related to intersection),11,"MOTOR VEHICLE STRUCK MOTOR VEHICLE, FRONT END AT ANGLE",,N,Overcast,Dry,Daylight,,,,11,From same direction - both going straight - both moving - sideswipe,0,0,N
1283259.43,195266.7491,2065,112400,112400,3279823,Matched,Intersection,487284,M L KING JR ER WAY S AND S CLOVERDALE ST, ,,1,Property Damage Only Collision,Pedestrian,3,1,0,1,0,0,0,2010/04/23 00:00:00+00,4/23/2010 20:20,At Intersection (intersection related),24,MOTOR VEHCILE STRUCK PEDESTRIAN,,Y,Raining,Wet,Dark - Street Lights On,,10113002,,0,Vehicle going straight hits pedestrian,0,523594,N
1260241.187,211296.8997,2066,152100,152120,2804385,Matched,Block,,FAUNTLEROY WAY SW BETWEEN SW CHARLESTOWN ST AND SW ANDOVER ST, ,,1,Property Damage Only Collision,Rear Ended,5,0,0,3,0,0,0,2013/08/07 00:00:00+00,8/7/2013 17:45,Mid-Block (not related to intersection),14,"MOTOR VEHICLE STRUCK MOTOR VEHICLE, REAR END",,N,Clear,Dry,Daylight,,,,14,From same direction - both going straight - one stopped - rear-end,0,0,N
1270274.087,257810.8695,2067,74900,74900,2799036,Matched,Block,,WALLINGFORD AVE N BETWEEN N 92ND ST AND N 95TH ST,,,1,Property Damage Only Collision,Parked Car,2,0,0,2,0,0,0,2007/10/19 00:00:00+00,10/19/2007 2:00,Mid-Block (not related to intersection),12,"MOTOR VEHICLE STRUCK MOTOR VEHICLE, RIGHT SIDE AT ANGLE",,0,Raining,Wet,Dark - Street Lights On,,7292053,,32,One parked--one moving,0,0,N
1283920.276,200241.3178,2068,129600,129600,3545783,Matched,Block,,S FRONTENAC ST BETWEEN 44TH AVE S AND 46TH AVE S,,,1,Property Damage Only Collision,Parked Car,2,0,0,2,0,0,0,2011/08/27 00:00:00+00,8/27/2011 18:58,Driveway Junction,14,"MOTOR VEHICLE STRUCK MOTOR VEHICLE, REAR END",,N,Clear,Dry,Daylight,,11239029,,32,One parked--one moving,0,0,N
1272305.204,262397.5468,2069,211100,211340,C807638,Unmatched,Block,,1ST AVE NE BETWEEN NE NORTHGATE WAY AND 1ST PL NE,NEI,"Not Enough Information, or Insufficient Location Information",0,Unknown,,0,0,0,0,0,0,0,2015/10/22 00:00:00+00,10/22/2015,,0,NOT ENOUGH INFORMATION / NOT APPLICABLE,,,,,,,,, ,,0,0,N
1278835.625,219409.6429,2070,134900,134900,3559725,Matched,Block,,S JUDKINS ST BETWEEN 26TH W AVE S AND 26TH E AVE S,,,1,Property Damage Only Collision,Parked Car,2,0,0,2,0,0,0,2012/06/23 00:00:00+00,6/23/2012 22:15,Mid-Block (not related to intersection),11,"MOTOR VEHICLE STRUCK MOTOR VEHICLE, FRONT END AT ANGLE",,N,Unknown,Unknown,Dark - Street Lights On,,12175023,,32,One parked--one moving,0,0,N
1278051.378,245472.0491,2071,75200,75200,2881239,Matched,Block,,22ND AVE NE BETWEEN 22ND WR S AVE NE AND NE 50TH ST,,,1,Property Damage Only Collision,Parked Car,2,0,0,2,0,0,0,2007/10/02 00:00:00+00,10/2/2007,Mid-Block (not related to intersection),11,"MOTOR VEHICLE STRUCK MOTOR VEHICLE, FRONT END AT ANGLE",,0,Unknown,Unknown,Daylight,,7275053,,32,One parked--one moving,0,0,N
1262464.759,247672.7721,2072,141500,141500,3507902,Matched,Block,,NW MARKET ST BETWEEN 8TH AVE NW AND 9TH AVE NW,,,1,Property Damage Only Collision,Rear Ended,3,0,0,3,0,0,0,2012/09/30 00:00:00+00,9/30/2012 19:40,Mid-Block (but intersection related),14,"MOTOR VEHICLE STRUCK MOTOR VEHICLE, REAR END",,N,Clear,Dry,Dark - Street Lights On,,12274015,,14,From same direction - both going straight - one stopped - rear-end,0,0,N
1260921.272,246891.3835,2073,241000,241440,3736554,Matched,Intersection,25436,14TH AVE NW AND NW 52ND ST, ,,2,Injury Collision,Sideswipe,3,0,0,2,2,0,0,2017/05/10 00:00:00+00,5/10/2017 15:44,At Intersection (intersection related),11,"MOTOR VEHICLE STRUCK MOTOR VEHICLE, FRONT END AT ANGLE",,N,Clear,Dry,Daylight,,,,27,From opposite direction - both going straight - one stopped - sideswipe,0,0,N
1274391.852,229662.089,2074,218100,218400,3731930,Matched,Block,,E JOHN ST BETWEEN 11TH AVE E AND 12TH AVE E, ,,1,Property Damage Only Collision,Rear Ended,3,0,0,2,0,0,0,2016/04/22 00:00:00+00,4/22/2016 16:55,Mid-Block (not related to intersection),14,"MOTOR VEHICLE STRUCK MOTOR VEHICLE, REAR END",,N,Overcast,Dry,Daylight,,,,14,From same direction - both going straight - one stopped - rear-end,0,0,N
1267149.127,242281.407,2075,92700,92700,2905429,Matched,Block,,N 39TH ST BETWEEN LINDEN AVE N AND AURORA AVE N,,,1,Property Damage Only Collision,Parked Car,2,0,0,2,0,0,0,2008/05/18 00:00:00+00,5/18/2008 17:00,Mid-Block (not related to intersection),11,"MOTOR VEHICLE STRUCK MOTOR VEHICLE, FRONT END AT ANGLE",,0,Unknown,Unknown,Dusk,,8139029,,32,One parked--one moving,0,0,N
1268659.856,213157.1173,2076,240100,240540,2433729,Matched,Intersection,32184,EAST MARGINAL ER WAY S AND S HORTON ST, ,,1,Property Damage Only Collision,Angles,2,0,0,2,0,0,0,2017/03/01 00:00:00+00,3/1/2017 8:41,At Intersection (intersection related),14,"MOTOR VEHICLE STRUCK MOTOR VEHICLE, REAR END",,N,Clear,Dry,Daylight,,,,10,Entering at angle,0,0,N
1279106.784,262225.6941,2077,169000,169020,3703176,Matched,Block,,LAKE CITY WAY NE BETWEEN NE 110TH ST AND NE NORTHGATE WAY, ,,1,Property Damage Only Collision,Angles,2,0,0,2,0,0,0,2014/05/21 00:00:00+00,5/21/2014 9:56,Mid-Block (not related to intersection),11,"MOTOR VEHICLE STRUCK MOTOR VEHICLE, FRONT END AT ANGLE",,N,Other,Dry,Daylight,,,,10,Entering at angle,0,0,N
1283771.393,195257.7926,2078,87100,87100,2616132,Matched,Intersection,35253,RENTON AVE S AND S CLOVERDALE ST,,,1,Property Damage Only Collision,Angles,4,0,0,3,0,0,0,2008/10/28 00:00:00+00,10/28/2008 13:30,At Intersection (intersection related),11,"MOTOR VEHICLE STRUCK MOTOR VEHICLE, FRONT END AT ANGLE",,0,Clear,Dry,Daylight,,8302034,,10,Entering at angle,0,0,N
1267054.144,227552.688,2079,146300,146320,3573455,Matched,Block,,1ST AVE BETWEEN BELL ST AND BATTERY ST, ,,2,Injury Collision,Rear Ended,2,0,0,2,1,0,0,2013/05/16 00:00:00+00,5/16/2013 8:40,Mid-Block (not related to intersection),14,"MOTOR VEHICLE STRUCK MOTOR VEHICLE, REAR END",,N,Clear,Dry,Daylight,,,,13,From same direction - both going straight - both moving - rear-end,0,0,N
1267949.872,226955.0923,2080,194400,194500,3736075,Matched,Block,,LENORA ST BETWEEN 1ST AVE AND 2ND AVE,NEI,"Not Enough Information, or Insufficient Location Information",1,Property Damage Only Collision,Parked Car,2,0,0,2,0,0,0,2015/05/29 00:00:00+00,5/29/2015 15:20,Mid-Block (not related to intersection),11,"MOTOR VEHICLE STRUCK MOTOR VEHICLE, FRONT END AT ANGLE",,N,Unknown,Unknown,Daylight,,,,32,One parked--one moving,0,0,Y
1269215.582,224984.4236,2081,96900,96900,3274389,Matched,Intersection,29604,1ST AVE AND UNIVERSITY ST,,,1,Property Damage Only Collision,Rear Ended,2,0,0,2,0,0,0,2009/09/23 00:00:00+00,9/23/2009 13:30,At Intersection (intersection related),14,"MOTOR VEHICLE STRUCK MOTOR VEHICLE, REAR END",,0,Clear,Dry,Daylight,,9266017,,14,From same direction - both going straight - one stopped - rear-end,0,0,N
1274377.809,227957.579,2082,248600,249180,3773846,Matched,Block,,E PINE ST BETWEEN 11TH AVE AND 12TH AVE, ,,1,Property Damage Only Collision,Parked Car,0,0,0,2,0,0,0,2017/09/18 00:00:00+00,9/18/2017 7:10,Mid-Block (not related to intersection),14,"MOTOR VEHICLE STRUCK MOTOR VEHICLE, REAR END",,N,Raining,Wet,Daylight,,,,20,One car leaving parked position,0,0,N
1270304.39,231322.3538,2083,171200,171220,3585361,Matched,Intersection,274455,FAIRVIEW AVE N AND MERCER S SR ST, ,,1,Property Damage Only Collision,Right Turn,6,0,0,2,0,0,0,2014/07/06 00:00:00+00,7/6/2014 21:19,At Intersection (intersection related),11,"MOTOR VEHICLE STRUCK MOTOR VEHICLE, FRONT END AT ANGLE",Y,N,Clear,Dry,Dark - Street Lights On,,,,16,From same direction - one right turn - one straight,0,0,N
1274938.227,215454.9084,2084,74500,74500,2828681,Matched,Block,,S BAYVIEW ST BETWEEN 14TH AVE S AND BEACON AVE S,,,1,Property Damage Only Collision,Parked Car,2,0,0,2,0,0,0,2007/10/10 00:00:00+00,10/10/2007 0:01,Mid-Block (not related to intersection),13,"MOTOR VEHICLE STRUCK MOTOR VEHICLE, LEFT SIDE AT ANGLE",,0,Unknown,Unknown,Unknown,,7283013,,32,One parked--one moving,0,0,N
1265658.496,241577.9236,2085,129000,129000,3477174,Matched,Block,,N 36TH ST BETWEEN PHINNEY AVE N AND FRANCIS AVE N,,,1,Property Damage Only Collision,Parked Car,2,0,0,2,0,0,0,2011/09/06 00:00:00+00,9/6/2011 15:30,,0,NOT ENOUGH INFORMATION / NOT APPLICABLE,,N,Clear,Dry,Daylight,,11249027,,32,One parked--one moving,0,0,N
1279687.414,220513.9993,2086,141100,141100,3593801,Matched,Block,,29TH AVE S BETWEEN S DEARBORN W ST AND S CHARLES ST,,,1,Property Damage Only Collision,Parked Car,2,0,0,2,0,0,0,2012/08/31 00:00:00+00,8/31/2012 8:00,Driveway Junction,16,"MOTOR VEHICLE STRUCK MOTOR VEHICLE, LEFT SIDE SIDESWIPE",,N,Clear,Dry,Unknown,,12244009,Y,32,One parked--one moving,0,0,N
1266896.352,227696.5413,2087,217200,217480,3791598,Matched,Intersection,29700,1ST AVE AND BATTERY ST, ,,2,Injury Collision,Angles,2,0,0,2,1,0,0,2016/03/31 00:00:00+00,3/31/2016 15:15,At Intersection (intersection related),11,"MOTOR VEHICLE STRUCK MOTOR VEHICLE, FRONT END AT ANGLE",,N,Clear,Dry,Daylight,,,,10,Entering at angle,0,0,N
1271355.039,218947.9987,2088,99200,99200,3200383,Matched,Block,,4TH AVE S BETWEEN 4TH AVE NB OFF RP AND 4TH AVE NB ON RP,,,2,Injury Collision,Other,1,0,0,1,1,0,0,2009/04/29 00:00:00+00,4/29/2009 11:55,Mid-Block (not related to intersection),28,MOTOR VEHICLE RAN OFF ROAD - HIT FIXED OBJECT,,0,Clear,Dry,Daylight,,9119001,,50,Fixed object,0,0,N
1272959.146,252034.0682,2089,264600,265380,E756259,Unmatched,Intersection,24577,WOODLAWN AVE NE AND NE 73RD ST, ,,1,Property Damage Only Collision,,2,0,0,0,0,0,0,2018/01/05 00:00:00+00,1/5/2018,At Intersection (intersection related),11,"MOTOR VEHICLE STRUCK MOTOR VEHICLE, FRONT END AT ANGLE",,,,,,,,, ,,0,0,N
1278716.879,253928.5291,2090,113900,113900,3383055,Matched,Intersection,24734,24TH AVE NE AND NE 80TH ST,,,1,Property Damage Only Collision,Parked Car,2,0,0,2,0,0,0,2010/11/04 00:00:00+00,11/4/2010 12:30,,0,NOT ENOUGH INFORMATION / NOT APPLICABLE,,N,Unknown,Unknown,Unknown,,10308004,,32,One parked--one moving,0,0,N
1277070.548,218110.6185,2091,131200,131200,3467115,Matched,Intersection,31517,RAINIER AVE S AND S MASSACHUSETTS ST,,,1,Property Damage Only Collision,Sideswipe,5,0,0,2,0,0,0,2012/07/28 00:00:00+00,7/28/2012 20:10,At Intersection (intersection related),14,"MOTOR VEHICLE STRUCK MOTOR VEHICLE, REAR END",,N,Clear,Dry,Daylight,,12210020,,11,From same direction - both going straight - both moving - sideswipe,0,0,N
1287503.221,187891.0849,2092,107500,107500,3344986,Matched,Intersection,38324,57TH AVE S AND S BANGOR ST,,,2,Injury Collision,Angles,2,0,0,2,1,0,0,2010/12/24 00:00:00+00,12/24/2010 10:20,At Intersection (intersection related),11,"MOTOR VEHICLE STRUCK MOTOR VEHICLE, FRONT END AT ANGLE",,N,Raining,Wet,Daylight,,10358015,,10,Entering at angle,0,0,N
1270245.312,226088.9595,2093,213200,213480,E511188,Matched,Block,,UNION ST BETWEEN 5TH AVE AND 6TH AVE,NEI,"Not Enough Information, or Insufficient Location Information",1,Property Damage Only Collision,Parked Car,2,0,0,2,0,0,0,2016/01/31 00:00:00+00,1/31/2016,,0,NOT ENOUGH INFORMATION / NOT APPLICABLE,,N,Clear,Dry,Dark - Street Lights On,,,,32,One parked--one moving,0,0,N
1270851.749,244853.7643,2094,138700,138700,3507591,Unmatched,Block,,N 45TH ST BETWEEN MERIDIAN AVE N AND BAGLEY AVE N,,,0,Unknown,,0,0,0,0,0,0,0,2012/10/21 00:00:00+00,10/21/2012,Mid-Block (not related to intersection),11,"MOTOR VEHICLE STRUCK MOTOR VEHICLE, FRONT END AT ANGLE",,,,,,,12295019,,,,0,0,N
1275645.496,221003.1271,2095,229200,229560,E599773,Matched,Block,,RAINIER AVE S BETWEEN S LANE ST AND S DEARBORN ST, ,,2,Injury Collision,Rear Ended,2,0,0,2,1,0,0,2016/09/22 00:00:00+00,9/22/2016 12:43,Mid-Block (but intersection related),14,"MOTOR VEHICLE STRUCK MOTOR VEHICLE, REAR END",Y,N,Clear,Dry,Daylight,,,,14,From same direction - both going straight - one stopped - rear-end,0,0,N
1270392.349,227740.8332,2096,154100,154120,2824981,Matched,Block,,HOWELL ST BETWEEN OLIVE WAY AND 9TH AVE,NEI,"Not Enough Information, or Insufficient Location Information",1,Property Damage Only Collision,Parked Car,2,0,0,2,0,0,0,2012/08/17 00:00:00+00,8/17/2012 14:30,Mid-Block (not related to intersection),0,NOT ENOUGH INFORMATION / NOT APPLICABLE,,N,Clear,Dry,Daylight,,,,32,One parked--one moving,0,0,N
1276176.739,213077.3133,2097,181800,181860,3693703,Matched,Block,,BEACON AVE S BETWEEN S HANFORD ST AND S HORTON ST, ,,2,Injury Collision,Rear Ended,3,0,0,2,1,0,0,2014/12/22 00:00:00+00,12/22/2014 16:53,Mid-Block (but intersection related),14,"MOTOR VEHICLE STRUCK MOTOR VEHICLE, REAR END",Y,N,Clear,Dry,Dusk,,,,14,From same direction - both going straight - one stopped - rear-end,0,0,N