X,Y,OBJECTID,INCKEY,COLDETKEY,REPORTNO,STATUS,ADDRTYPE,INTKEY,LOCATION,EXCEPTRSNCODE,EXCEPTRSNDESC,SEVERITYCODE,SEVERITYDESC,COLLISIONTYPE,PERSONCOUNT,PEDCOUNT,PEDCYLCOUNT,VEHCOUNT,INJURIES,SERIOUSINJURIES,FATALITIES,INCDATE,INCDTTM,JUNCTIONTYPE,SDOT_COLCODE,SDOT_COLDESC,INATTENTIONIND,UNDERINFL,WEATHER,ROADCOND,LIGHTCOND,PEDROWNOTGRNT,SDOTCOLNUM,SPEEDING,ST_COLCODE,ST_COLDESC,SEGLANEKEY,CROSSWALKKEY,HITPARKEDCAR
1276308.758,250001.4979,2098,124900,124900,3559399,Matched,Block,,NE 65TH ST BETWEEN 15TH AVE NE AND 16TH AVE NE,,,1,Property Damage Only Collision,Sideswipe,2,0,0,2,0,0,0,2011/08/13 00:00:00+00,8/13/2011 17:59,Mid-Block (not related to intersection),11,"MOTOR VEHICLE STRUCK MOTOR VEHICLE, FRONT END AT ANGLE",,0,Clear,Dry,Daylight,,11225012,,11,From same direction - both going straight - both moving - sideswipe,0,0,N
,,2099,198000,198120,3701847,Matched,Alley,,, ,,1,Property Damage Only Collision,Parked Car,2,0,0,2,0,0,0,2015/07/15 00:00:00+00,7/15/2015 11:25,,0,NOT ENOUGH INFORMATION / NOT APPLICABLE,Y,N,Clear,Dry,Daylight,,,,32,One parked--one moving,0,0,N
,,2100,84700,84700,C710127,Matched,,,,NEI,"Not Enough Information, or Insufficient Location Information",1,Property Damage Only Collision,Parked Car,2,0,0,2,0,0,0,2008/09/15 00:00:00+00,9/15/2008 15:45,,0,NOT ENOUGH INFORMATION / NOT APPLICABLE,,0,Clear,Dry,Daylight,,8259051,,20,One car leaving parked position,0,0,N
1275266.286,250840.7723,2101,172400,172420,3587622,Matched,Intersection,24484,12TH AVE NE AND NE 68TH ST, ,,1,Property Damage Only Collision,Left Turn,3,0,0,2,0,0,0,2014/07/23 00:00:00+00,7/23/2014 17:02,At Intersection (intersection related),11,"MOTOR VEHICLE STRUCK MOTOR VEHICLE, FRONT END AT ANGLE",,N,Clear,Wet,Daylight,,,,15,From same direction - one left turn - one straight,0,0,N
1270930.2,224932.6492,2102,147600,147620,C769620,Unmatched,Block,,MADISON ST BETWEEN 5TH AVE AND 6TH AVE,NEI,"Not Enough Information, or Insufficient Location Information",1,Property Damage Only Collision,,1,0,0,0,0,0,0,2012/09/20 00:00:00+00,9/20/2012,Mid-Block (not related to intersection),0,NOT ENOUGH INFORMATION / NOT APPLICABLE,,,,,,,,, ,,0,0,N
1263950.503,255369.279,2103,144500,144500,3504471,Matched,Block,,NW 84TH ST BETWEEN 3RD AVE NW AND 6TH AVE NW, ,,1,Property Damage Only Collision,Parked Car,2,0,0,2,0,0,0,2013/01/05 00:00:00+00,1/5/2013 14:30,Mid-Block (but intersection related),11,"MOTOR VEHICLE STRUCK MOTOR VEHICLE, FRONT END AT ANGLE",Y,N,Overcast,Wet,Daylight,,13005008,,32,One parked--one moving,0,0,N
1279117.348,219399.2851,2104,231800,232200,3771788,Unmatched,Intersection,30686,M L KING JR WAY S AND S JUDKINS ST, ,,1,Property Damage Only Collision,,3,0,0,0,0,0,0,2016/11/02 00:00:00+00,11/2/2016,At Intersection (intersection related),11,"MOTOR VEHICLE STRUCK MOTOR VEHICLE, FRONT END AT ANGLE",,,,,,,,, ,,0,0,N
1263005.464,199278.7662,2105,123800,123800,3380241,Matched,Block,,DELRIDGE WAY SW BETWEEN SYLVAN WAY SW AND SW WEBSTER ST,,,1,Property Damage Only Collision,Other,1,0,0,1,0,0,0,2011/08/04 00:00:00+00,8/4/2011,Mid-Block (not related to intersection),28,MOTOR VEHICLE RAN OFF ROAD - HIT FIXED OBJECT,,0,Clear,Dry,Daylight,,11216016,,50,Fixed object,0,0,N
1267054.144,227552.688,2106,219300,219600,E540976,Matched,Block,,1ST AVE BETWEEN BELL ST AND BATTERY ST, ,,1,Property Damage Only Collision,Sideswipe,5,0,0,2,0,0,0,2016/05/07 00:00:00+00,5/7/2016 10:52,Mid-Block (not related to intersection),11,"MOTOR VEHICLE STRUCK MOTOR VEHICLE, FRONT END AT ANGLE",Y,Y,Clear,Dry,Daylight,,,,11,From same direction - both going straight - both moving - sideswipe,0,0,N
1254772.775,243162.5059,2107,79600,79600,8164036,Unmatched,Intersection,26521,32ND AVE W AND W THURMAN ST,,,0,Unknown,,0,0,0,0,0,0,0,2008/06/12 00:00:00+00,6/12/2008,At Intersection (intersection related),11,"MOTOR VEHICLE STRUCK MOTOR VEHICLE, FRONT END AT ANGLE",,,,,,,8164036,,,,0,0,N
1281387.284,268729.4821,2108,68300,68300,2881162,Matched,Block,,LAKE CITY WAY NE BETWEEN NE 135TH ST AND NE 137TH ST,,,1,Property Damage Only Collision,Rear Ended,2,0,0,2,0,0,0,2007/09/28 00:00:00+00,9/28/2007 7:54,Mid-Block (but intersection related),14,"MOTOR VEHICLE STRUCK MOTOR VEHICLE, REAR END",,0,Overcast,Wet,Daylight,,7271027,Y,14,From same direction - both going straight - one stopped - rear-end,0,0,N
1270395.53,227414.9833,2109,214300,214560,3703647,Matched,Block,,8TH AVE BETWEEN PINE ST AND OLIVE WAY, ,,1,Property Damage Only Collision,Sideswipe,2,0,0,2,0,0,0,2016/02/25 00:00:00+00,2/25/2016 13:15,Mid-Block (but intersection related),11,"MOTOR VEHICLE STRUCK MOTOR VEHICLE, FRONT END AT ANGLE",Y,N,Clear,Dry,Daylight,,,,11,From same direction - both going straight - both moving - sideswipe,0,0,N
1262020.758,212262.7161,2110,110600,110600,3342961,Matched,Block,,WEST SEATTLE BR WB BETWEEN HARBOR AV SW OFF RP AND SW ADMIRAL WY OFF RP,,,2b,Serious Injury Collision,Other,2,0,0,2,1,1,0,2010/09/28 00:00:00+00,9/28/2010 18:43,Mid-Block (not related to intersection),28,MOTOR VEHICLE RAN OFF ROAD - HIT FIXED OBJECT,,N,Clear,Dry,Dusk,,10271030,Y,50,Fixed object,0,0,N
1260311.485,203244.6498,2111,156600,156620,3386202,Matched,Block,,SW GRAHAM ST BETWEEN 31ST AVE SW AND LANHAM PL SW, ,,1,Property Damage Only Collision,Parked Car,2,0,0,2,0,0,0,2013/11/10 00:00:00+00,11/10/2013 10:34,Mid-Block (not related to intersection),14,"MOTOR VEHICLE STRUCK MOTOR VEHICLE, REAR END",Y,N,Overcast,Wet,Unknown,,,,32,One parked--one moving,0,0,N
1275185.147,226589.678,2112,229400,229760,3771598,Matched,Intersection,29776,14TH AVE AND E SPRING ST, ,,1,Property Damage Only Collision,Angles,3,0,0,2,0,0,0,2016/10/30 00:00:00+00,10/30/2016 20:10,At Intersection (intersection related),11,"MOTOR VEHICLE STRUCK MOTOR VEHICLE, FRONT END AT ANGLE",,N,Raining,Wet,Dark - Street Lights On,,,,10,Entering at angle,0,0,N
1270602.619,225805.6667,2113,175400,175420,3643875,Matched,Intersection,29914,6TH AVE AND UNIVERSITY ST, ,,2,Injury Collision,Angles,3,0,0,2,1,0,0,2014/09/06 00:00:00+00,9/6/2014 19:55,At Intersection (intersection related),11,"MOTOR VEHICLE STRUCK MOTOR VEHICLE, FRONT END AT ANGLE",Y,Y,Clear,Dry,Dark - Street Lights On,,,,10,Entering at angle,0,0,N
1274291.333,244759.7113,2114,161600,161620,3591310,Matched,Block,,NE 45TH ST BETWEEN 8TH E AVE NE AND 9TH W AVE NE, ,,2,Injury Collision,Other,1,0,0,1,1,0,0,2014/02/06 00:00:00+00,2/6/2014 14:24,Mid-Block (not related to intersection),28,MOTOR VEHICLE RAN OFF ROAD - HIT FIXED OBJECT,,N,Overcast,Dry,Daylight,,,,50,Fixed object,0,0,N
1276739.731,218780.5691,2115,139400,139400,3563026,Matched,Block,,RAINIER AVE S BETWEEN MTS N RAINIER CONNCT TRL AND I90 EB OFF RP,,,2,Injury Collision,Rear Ended,5,0,0,3,4,0,0,2012/06/05 00:00:00+00,6/5/2012 12:50,Mid-Block (but intersection related),14,"MOTOR VEHICLE STRUCK MOTOR VEHICLE, REAR END",Y,N,Raining,Wet,Daylight,,12157028,,14,From same direction - both going straight - one stopped - rear-end,0,0,N
1270570.693,240198.0228,2116,235500,235940,3769638,Matched,Block,,MERIDIAN AVE N BETWEEN N 34TH ST AND N 35TH ST, ,,1,Property Damage Only Collision,Sideswipe,3,0,0,2,0,0,0,2017/02/01 00:00:00+00,2/1/2017 18:04,Mid-Block (not related to intersection),11,"MOTOR VEHICLE STRUCK MOTOR VEHICLE, FRONT END AT ANGLE",Y,N,Clear,Dry,Dark - Street Lights On,,,,26,From opposite direction - both going straight - sideswipe,0,0,N
1274938.238,258835.3546,2117,71900,71900,2604098,Matched,Block,,ROOSEVELT WAY NE BETWEEN NE 97TH ST AND NE 98TH ST,,,2,Injury Collision,Parked Car,3,0,0,3,1,0,0,2007/10/06 00:00:00+00,10/6/2007,Mid-Block (not related to intersection),14,"MOTOR VEHICLE STRUCK MOTOR VEHICLE, REAR END",,0,Clear,Dry,Dark - Street Lights On,,7279016,,32,One parked--one moving,0,0,N
1268747.575,212104.4983,2118,167200,167220,3380669,Matched,Block,,WEST SEATTLE BR EB BETWEEN 1ST AV S OFF RP AND SPOKANE ST - W SEA B RP, ,,1,Property Damage Only Collision,Rear Ended,3,0,0,2,0,0,0,2014/04/26 00:00:00+00,4/26/2014 11:38,Mid-Block (not related to intersection),14,"MOTOR VEHICLE STRUCK MOTOR VEHICLE, REAR END",,N,Clear,Dry,Daylight,,,,13,From same direction - both going straight - both moving - rear-end,0,0,N
1271618.318,202779.9352,2119,186000,186080,C786267,Unmatched,Block,,S MICHIGAN ST BETWEEN 5TH PL S AND 6TH AVE S, ,,0,Unknown,,0,0,0,0,0,0,0,2014/01/08 00:00:00+00,1/8/2014,Driveway Junction,11,"MOTOR VEHICLE STRUCK MOTOR VEHICLE, FRONT END AT ANGLE",,,,,,,,, ,,0,0,N
1268385.368,268124.5043,2120,67300,67300,2829236,Matched,Block,,AURORA AVE N BETWEEN N 130TH ST AND N 135TH ST,,,2,Injury Collision,Rear Ended,2,0,0,2,1,0,0,2007/07/20 00:00:00+00,7/20/2007 17:28,Mid-Block (not related to intersection),14,"MOTOR VEHICLE STRUCK MOTOR VEHICLE, REAR END",,0,Raining,Wet,Daylight,,7201043,,14,From same direction - both going straight - one stopped - rear-end,0,0,N
1266674.117,240632.7659,2121,232000,232400,3769631,Unmatched,Intersection,27039,FREMONT AVE N AND N 34TH ST, ,,1,Property Damage Only Collision,,2,0,0,0,0,0,0,2016/11/02 00:00:00+00,11/2/2016,At Intersection (intersection related),18,"MOTOR VEHICLE STRUCK PEDALCYCLIST, FRONT END AT ANGLE",,,,,,,,, ,,8824,0,N
1280315.867,265491.7851,2122,156100,156120,3645915,Matched,Block,,30TH AVE NE BETWEEN LAKE CITY N WAY NE AND NE 125TH ST, ,,2,Injury Collision,Angles,2,0,0,2,1,0,0,2013/10/30 00:00:00+00,10/30/2013 15:27,Mid-Block (not related to intersection),11,"MOTOR VEHICLE STRUCK MOTOR VEHICLE, FRONT END AT ANGLE",,N,Overcast,Dry,Daylight,,,,10,Entering at angle,0,0,N
1283966.699,203029.5958,2123,79100,79100,7313002,Unmatched,Block,,RAINIER AVE S BETWEEN S KENNY ST AND S GRAHAM ST,,,0,Unknown,,0,0,0,0,0,0,0,2007/11/09 00:00:00+00,11/9/2007,Mid-Block (not related to intersection),28,MOTOR VEHICLE RAN OFF ROAD - HIT FIXED OBJECT,,,,,,,7313002,,,,0,0,N
1269770.026,225312.218,2124,207600,207800,E483342,Matched,Intersection,29601,3RD AVE AND UNIVERSITY ST, ,,1,Property Damage Only Collision,Angles,0,0,0,2,0,0,0,2015/11/15 00:00:00+00,11/15/2015 16:26,At Intersection (intersection related),11,"MOTOR VEHICLE STRUCK MOTOR VEHICLE, FRONT END AT ANGLE",,N,Clear,Dry,Dusk,,,,10,Entering at angle,0,0,N
1270488.288,242761.0372,2125,136600,136600,3504694,Matched,Block,,N 40TH ST BETWEEN BURKE AVE N AND MERIDIAN AVE N,,,1,Property Damage Only Collision,Other,1,0,0,1,0,0,0,2012/09/23 00:00:00+00,9/23/2012 12:57,Mid-Block (not related to intersection),28,MOTOR VEHICLE RAN OFF ROAD - HIT FIXED OBJECT,,N,Clear,Dry,Daylight,,12267023,,50,Fixed object,0,0,N
1269973.98,213348.5118,2126,292600,293577,3818904,Matched,Block,,1ST AVE S BETWEEN S HANFORD ST AND S HORTON ST, ,,2,Injury Collision,Rear Ended,3,0,0,2,1,0,0,2018/06/14 00:00:00+00,6/14/2018 22:46,Mid-Block (not related to intersection),14,"MOTOR VEHICLE STRUCK MOTOR VEHICLE, REAR END",,Y,Clear,Dry,Dark - Street Lights On,,,,14,From same direction - both going straight - one stopped - rear-end,0,0,N
1285481.004,194722.3304,2127,109500,109500,3336012,Matched,Block,,RAINIER AVE S BETWEEN S CLOVERDALE ST AND S HENDERSON ST,,,1,Property Damage Only Collision,Rear Ended,3,0,0,3,0,0,0,2010/07/14 00:00:00+00,7/14/2010 15:36,Mid-Block (not related to intersection),14,"MOTOR VEHICLE STRUCK MOTOR VEHICLE, REAR END",Y,N,Clear,Dry,Daylight,,10195029,,14,From same direction - both going straight - one stopped - rear-end,0,0,N
1273613.516,265997.7733,2128,256500,257140,E741518,Matched,Intersection,36435,5TH AVE NE AND NE 125TH ST, ,,1,Property Damage Only Collision,Angles,3,0,0,2,0,0,0,2017/11/29 00:00:00+00,11/29/2017 17:24,At Intersection (intersection related),11,"MOTOR VEHICLE STRUCK MOTOR VEHICLE, FRONT END AT ANGLE",,N,Clear,Dry,Dark - Street Lights On,,,,10,Entering at angle,0,0,N
1274284.953,265978.1954,2129,111300,111300,3377125,Matched,Intersection,36432,8TH AVE NE AND NE 125TH ST,,,2,Injury Collision,Angles,4,0,0,2,1,0,0,2010/12/19 00:00:00+00,12/19/2010 12:20,At Intersection (intersection related),11,"MOTOR VEHICLE STRUCK MOTOR VEHICLE, FRONT END AT ANGLE",Y,N,Clear,Dry,Daylight,,10353025,,10,Entering at angle,0,0,N
1269552.961,225678.7565,2130,151500,151520,3506037,Matched,Intersection,29591,3RD AVE AND UNION ST, ,,2b,Serious Injury Collision,Pedestrian,2,1,0,1,1,1,0,2013/08/01 00:00:00+00,8/1/2013 22:02,At Intersection (intersection related),24,MOTOR VEHCILE STRUCK PEDESTRIAN,Y,N,Overcast,Dry,Dark - Street Lights On,Y,,,2,Vehicle turning left hits pedestrian,0,521571,N
1269250.279,218613.2953,2131,102400,102400,3328458,Matched,Block,,ALASKAN WY VI NB BETWEEN S HOLGATE ST AND SR99 REPUBLICAN OFF RP,,,2,Injury Collision,Other,1,0,0,1,1,0,0,2009/10/18 00:00:00+00,10/18/2009 2:35,Mid-Block (not related to intersection),28,MOTOR VEHICLE RAN OFF ROAD - HIT FIXED OBJECT,,0,Clear,Wet,Dark - Street Lights On,,9291002,Y,50,Fixed object,0,0,N
1266411.028,232457.8638,2132,129400,129400,3546527,Matched,Intersection,28870,ALOHA ST AND NOB HILL AVE N,,,1,Property Damage Only Collision,Parked Car,2,0,0,2,0,0,0,2011/11/11 00:00:00+00,11/11/2011 11:30,At Intersection (intersection related),11,"MOTOR VEHICLE STRUCK MOTOR VEHICLE, FRONT END AT ANGLE",,N,Overcast,Unknown,Daylight,,11315003,,19,One car entering parked position,0,0,N
1282511.527,199267.2242,2133,240200,240640,E654764,Matched,Block,,S OTHELLO ST BETWEEN 39TH AVE S AND M L KING JR WR WAY S, ,,2,Injury Collision,Left Turn,0,0,0,2,1,0,0,2017/03/16 00:00:00+00,3/16/2017 16:03,Mid-Block (not related to intersection),11,"MOTOR VEHICLE STRUCK MOTOR VEHICLE, FRONT END AT ANGLE",,N,Clear,Dry,Daylight,,,,15,From same direction - one left turn - one straight,0,0,N
1278353.417,201587.7747,2134,134800,134800,3502676,Matched,Block,,BEACON ER AVE S BETWEEN S WARSAW ST AND S HOLLY ST,,,2,Injury Collision,Parked Car,3,0,0,3,1,0,0,2012/12/12 00:00:00+00,12/12/2012 13:55,Mid-Block (not related to intersection),14,"MOTOR VEHICLE STRUCK MOTOR VEHICLE, REAR END",,N,Overcast,Wet,Daylight,,12347055,,32,One parked--one moving,0,0,N
1281597.667,257808.6694,2135,102800,102800,3328389,Matched,Intersection,37899,35TH AVE NE AND NE 95TH ST,,,2,Injury Collision,Angles,3,0,0,3,2,0,0,2009/09/22 00:00:00+00,9/22/2009 16:33,At Intersection (intersection related),11,"MOTOR VEHICLE STRUCK MOTOR VEHICLE, FRONT END AT ANGLE",,0,Clear,Dry,Daylight,,9265013,,10,Entering at angle,0,0,N
1280506.199,232193.5976,2136,141400,141400,3593588,Matched,Block,,LAKE WASHINGTON BLVD E BETWEEN E MADISON ST AND ARBORETUM DR E,,,2b,Serious Injury Collision,Cycles,5,0,1,1,1,1,0,2012/08/05 00:00:00+00,8/5/2012 17:33,Mid-Block (not related to intersection),11,"MOTOR VEHICLE STRUCK MOTOR VEHICLE, FRONT END AT ANGLE",,Y,Clear,Dry,Daylight,,12218017,,45,Vehicle - Pedalcyclist,8944,0,N
1260309.732,242343.5744,2137,241100,241540,3740350,Matched,Intersection,26735,15TH AV W OFF RP AND W NICKERSON ST, ,,1,Property Damage Only Collision,Angles,2,0,0,2,0,0,0,2017/05/12 00:00:00+00,5/12/2017 16:41,At Intersection (intersection related),11,"MOTOR VEHICLE STRUCK MOTOR VEHICLE, FRONT END AT ANGLE",,N,Overcast,Dry,Daylight,,,,10,Entering at angle,0,0,N
1268339.345,263486.02,2138,236900,237340,E651004,Matched,Intersection,36342,AURORA AVE N AND N 115TH ST, ,,1,Property Damage Only Collision,Left Turn,2,0,0,2,0,0,0,2017/03/13 00:00:00+00,3/13/2017 15:07,At Intersection (intersection related),14,"MOTOR VEHICLE STRUCK MOTOR VEHICLE, REAR END",,N,Raining,Wet,Daylight,,,,28,From opposite direction - one left turn - one straight,0,0,N
1260525.774,215001.6667,2139,106300,106300,3197879,Matched,Block,,HARBOR AVE SW BETWEEN SW FLORIDA ST AND SW HARBOR LN,,,2,Injury Collision,Rear Ended,2,0,0,2,1,0,0,2009/12/01 00:00:00+00,12/1/2009,Mid-Block (not related to intersection),14,"MOTOR VEHICLE STRUCK MOTOR VEHICLE, REAR END",Y,0,Clear,Dry,Daylight,,9335012,,13,From same direction - both going straight - both moving - rear-end,0,0,N
1269331.945,227657.5868,2140,221500,221780,3731933,Matched,Block,,6TH AVE BETWEEN WESTLAKE AVE AND VIRGINIA ST, ,,1,Property Damage Only Collision,Parked Car,2,0,0,2,0,0,0,2016/06/09 00:00:00+00,6/9/2016 15:05,Mid-Block (not related to intersection),11,"MOTOR VEHICLE STRUCK MOTOR VEHICLE, FRONT END AT ANGLE",Y,N,Overcast,Dry,Daylight,,,,32,One parked--one moving,0,0,N
1263917.066,199334.9363,2141,169100,169120,3505206,Matched,Block,,DUMAR WAY SW BETWEEN SW ORCHARD ST AND SW AUSTIN ST, ,,1,Property Damage Only Collision,Rear Ended,4,0,0,2,0,0,0,2014/06/02 00:00:00+00,6/2/2014 8:17,Mid-Block (not related to intersection),14,"MOTOR VEHICLE STRUCK MOTOR VEHICLE, REAR END",,Y,Clear,Dry,Daylight,,,,14,From same direction - both going straight - one stopped - rear-end,0,0,N
1265609.599,256279.2798,2142,115200,115200,3376528,Matched,Intersection,37448,GREENWOOD AVE N AND N 87TH ST,,,2,Injury Collision,Rear Ended,2,0,0,2,1,0,0,2010/02/10 00:00:00+00,2/10/2010 1:07,At Intersection (intersection related),14,"MOTOR VEHICLE STRUCK MOTOR VEHICLE, REAR END",,N,Fog/Smog/Smoke,Dry,Dark - Street Lights On,,10041001,,14,From same direction - both going straight - one stopped - rear-end,0,0,N
1281895.318,203911.4101,2143,246200,246780,3764472,Matched,Block,,S JUNEAU ST BETWEEN JUNEAU TER S AND RENTON AVE S, ,,1,Property Damage Only Collision,Parked Car,3,0,0,3,0,0,0,2017/07/25 00:00:00+00,7/25/2017 8:13,Mid-Block (not related to intersection),11,"MOTOR VEHICLE STRUCK MOTOR VEHICLE, FRONT END AT ANGLE",,N,Clear,Dry,Daylight,,,,32,One parked--one moving,0,0,N
1273078.798,205396.5288,2144,109000,109000,3325992,Matched,Intersection,33100,AIRPORT WAY S AND S LUCILE ST,,,1,Property Damage Only Collision,Left Turn,2,0,0,2,0,0,0,2010/03/22 00:00:00+00,3/22/2010 8:50,At Intersection (intersection related),11,"MOTOR VEHICLE STRUCK MOTOR VEHICLE, FRONT END AT ANGLE",,N,Clear,Dry,Daylight,,10081022,,28,From opposite direction - one left turn - one straight,0,0,N
1272397.232,270353.6614,2145,234000,234400,3767573,Matched,Block,,1ST AVE NE BETWEEN NE 140TH ST AND N 143RD ST, ,,1,Property Damage Only Collision,Other,1,0,0,1,0,0,0,2017/01/08 00:00:00+00,1/8/2017 1:50,Mid-Block (not related to intersection),26,MOTOR VEHICLE STRUCK OBJECT IN ROAD,,Y,Clear,Dry,Dark - Street Lights On,,,,50,Fixed object,0,0,N
1283192.341,190637.4282,2146,96800,96800,3285135,Matched,Intersection,38140,M L KING JR WR WAY S AND S NORFOLK ST,,,1,Property Damage Only Collision,Right Turn,4,0,0,2,0,0,0,2009/04/24 00:00:00+00,4/24/2009 12:07,At Intersection (intersection related),14,"MOTOR VEHICLE STRUCK MOTOR VEHICLE, REAR END",,0,Clear,Dry,Daylight,,9114006,,16,From same direction - one right turn - one straight,0,0,N
1263365.539,230580.1172,2147,248000,248580,E695917,Matched,Block,,ELLIOTT AVE W BETWEEN 4TH AVE W AND W HARRISON ST, ,,2,Injury Collision,Rear Ended,5,0,0,2,1,0,0,2017/07/24 00:00:00+00,7/24/2017 10:09,Mid-Block (not related to intersection),14,"MOTOR VEHICLE STRUCK MOTOR VEHICLE, REAR END",,N,Clear,Dry,Daylight,,,,13,From same direction - both going straight - both moving - rear-end,0,0,N
1270214.512,219696.873,2148,150700,150720,3643834,Matched,Block,,S ROYAL BROUGHAM WAY BETWEEN 1ST AVE S AND OCCIDENTAL AVE S, ,,2,Injury Collision,Left Turn,2,0,0,2,1,0,0,2013/07/17 00:00:00+00,7/17/2013 6:48,Mid-Block (not related to intersection),11,"MOTOR VEHICLE STRUCK MOTOR VEHICLE, FRONT END AT ANGLE",,N,Clear,Dry,Daylight,,,,28,From opposite direction - one left turn - one straight,0,0,N
1264069.959,242346.2928,2149,115600,115600,3376088,Matched,Block,,NW 39TH ST BETWEEN LEARY WAY NW AND 3RD AVE NW,,,2,Injury Collision,Rear Ended,3,0,0,2,1,0,0,2010/03/04 00:00:00+00,3/4/2010 16:12,Mid-Block (not related to intersection),14,"MOTOR VEHICLE STRUCK MOTOR VEHICLE, REAR END",,N,Clear,Dry,Daylight,,10063010,,14,From same direction - both going straight - one stopped - rear-end,0,0,N
1265557.729,243011.6853,2150,128300,128300,3544982,Matched,Block,,PHINNEY AVE N BETWEEN N 40TH ST AND N 41ST ST,,,1,Property Damage Only Collision,Parked Car,3,0,0,3,0,0,0,2011/09/24 00:00:00+00,9/24/2011 8:25,Mid-Block (not related to intersection),11,"MOTOR VEHICLE STRUCK MOTOR VEHICLE, FRONT END AT ANGLE",,0,Clear,Dry,Unknown,,11267012,Y,32,One parked--one moving,0,0,N
1276101.661,224273.8346,2151,126000,126000,3377623,Unmatched,Block,,17TH AVE BETWEEN E ALDER ST AND E JEFFERSON ST,,,0,Unknown,,0,0,0,0,0,0,0,2011/02/07 00:00:00+00,2/7/2011,Mid-Block (not related to intersection),11,"MOTOR VEHICLE STRUCK MOTOR VEHICLE, FRONT END AT ANGLE",,,,,,,11038020,,,,0,0,N
1270493.2,225988.3225,2152,199000,199140,3734385,Matched,Block,,6TH AVE BETWEEN UNIVERSITY ST AND UNION ST,NEI,"Not Enough Information, or Insufficient Location Information",1,Property Damage Only Collision,Sideswipe,2,0,0,2,0,0,0,2015/07/26 00:00:00+00,7/26/2015 21:00,,0,NOT ENOUGH INFORMATION / NOT APPLICABLE,Y,N,Unknown,Unknown,Unknown,,,,71,Same direction -- both turning right -- both moving -- sideswipe,0,0,N
1275676.968,253764.0038,2153,113200,113200,3333710,Matched,Block,,LAKE CITY WAY NE BETWEEN 12TH AVE NE AND NE 80TH ST,,,2,Injury Collision,Rear Ended,2,0,0,2,1,0,0,2010/01/12 00:00:00+00,1/12/2010 15:14,Mid-Block (not related to intersection),14,"MOTOR VEHICLE STRUCK MOTOR VEHICLE, REAR END",,N,Raining,Wet,Dusk,,10012028,,14,From same direction - both going straight - one stopped - rear-end,0,0,N
1269721.417,226026.2,2154,201700,201840,3703617,Matched,Block,,4TH AVE BETWEEN UNION ST AND PIKE ST, ,,1,Property Damage Only Collision,Other,2,0,0,2,0,0,0,2015/09/07 00:00:00+00,9/7/2015 17:57,Mid-Block (not related to intersection),11,"MOTOR VEHICLE STRUCK MOTOR VEHICLE, FRONT END AT ANGLE",,N,Clear,Dry,Daylight,,,,23,From same direction - all others,0,0,N
1279325.569,235859.924,2155,99400,99400,2899193,Matched,Block,,LAKE WASHINGTON BLVD E BETWEEN BOYER AVE E AND E FOSTER ISLAND RD,,,1,Property Damage Only Collision,Head On,3,0,0,3,0,0,0,2009/11/10 00:00:00+00,11/10/2009 7:20,Mid-Block (not related to intersection),11,"MOTOR VEHICLE STRUCK MOTOR VEHICLE, FRONT END AT ANGLE",,1,Raining,Wet,Daylight,,9314040,,30,From opposite direction - all others,0,0,N
1269005.662,200536.4507,2156,145900,145920,3465405,Matched,Intersection,34106,2ND AVE SW AND HIGHLAND PARK WAY SW, ,,1,Property Damage Only Collision,Rear Ended,3,0,0,2,0,0,0,2013/05/08 00:00:00+00,5/8/2013 9:51,At Intersection (intersection related),14,"MOTOR VEHICLE STRUCK MOTOR VEHICLE, REAR END",,N,Clear,Dry,Daylight,,,,74,Same direction -- both turning right -- one stopped -- rear end,0,0,N
1259984.76,248807.2696,2157,107600,107600,10070054,Unmatched,Block,,NW 59TH ST BETWEEN 15TH AVE NW AND 17TH AVE NW,,,0,Unknown,,0,0,0,0,0,0,0,2010/03/11 00:00:00+00,3/11/2010,Mid-Block (not related to intersection),16,"MOTOR VEHICLE STRUCK MOTOR VEHICLE, LEFT SIDE SIDESWIPE",,,,,,,10070054,,,,0,0,N
1278912.436,229204.4406,2158,232800,233200,E624780,Matched,Block,,E DENNY WAY BETWEEN 25TH AVE AND 26TH AVE, ,,1,Property Damage Only Collision,Parked Car,2,0,0,2,0,0,0,2016/11/20 00:00:00+00,11/20/2016 12:00,Mid-Block (not related to intersection),14,"MOTOR VEHICLE STRUCK MOTOR VEHICLE, REAR END",,N,Raining,Wet,Daylight,,,,32,One parked--one moving,0,0,Y
1266928.211,255582.1426,2159,157200,157220,3553938,Matched,Intersection,37464,FREMONT AVE N AND N 85TH ST, ,,2,Injury Collision,Angles,2,0,0,2,1,0,0,2013/11/18 00:00:00+00,11/18/2013 21:25,At Intersection (intersection related),11,"MOTOR VEHICLE STRUCK MOTOR VEHICLE, FRONT END AT ANGLE",,N,Raining,Wet,Dark - Street Lights On,,,,10,Entering at angle,0,0,N
1257109.797,212244.1923,2160,229000,229360,3692928,Matched,Block,,SW MANNING ST BETWEEN 42ND AVE SW AND CALIFORNIA AVE SW, ,,1,Property Damage Only Collision,Parked Car,2,0,0,2,0,0,0,2016/10/16 00:00:00+00,10/16/2016 10:10,Mid-Block (not related to intersection),13,"MOTOR VEHICLE STRUCK MOTOR VEHICLE, LEFT SIDE AT ANGLE",Y,N,Raining,Wet,Dark - Street Lights On,,,,32,One parked--one moving,0,0,Y