X,Y,OBJECTID,INCKEY,COLDETKEY,REPORTNO,STATUS,ADDRTYPE,INTKEY,LOCATION,EXCEPTRSNCODE,EXCEPTRSNDESC,SEVERITYCODE,SEVERITYDESC,COLLISIONTYPE,PERSONCOUNT,PEDCOUNT,PEDCYLCOUNT,VEHCOUNT,INJURIES,SERIOUSINJURIES,FATALITIES,INCDATE,INCDTTM,JUNCTIONTYPE,SDOT_COLCODE,SDOT_COLDESC,INATTENTIONIND,UNDERINFL,WEATHER,ROADCOND,LIGHTCOND,PEDROWNOTGRNT,SDOTCOLNUM,SPEEDING,ST_COLCODE,ST_COLDESC,SEGLANEKEY,CROSSWALKKEY,HITPARKEDCAR
1293052.154,189388.2873,2161,154500,154520,3579710,Matched,Block,,RAINIER AVE S BETWEEN 75TH AVE S AND CITY LIMITS, ,,1,Property Damage Only Collision,Parked Car,3,0,0,3,0,0,0,2013/09/21 00:00:00+00,9/21/2013 1:00,Mid-Block (not related to intersection),11,"MOTOR VEHICLE STRUCK MOTOR VEHICLE, FRONT END AT ANGLE",,Y,Clear,Wet,Dark - Street Lights On,,,,32,One parked--one moving,0,0,N
1268989.844,244630.7286,2162,142800,142800,3501526,Matched,Intersection,26792,INTERLAKE AVE N AND N ALLEN PL, ,,1,Property Damage Only Collision,Angles,4,0,0,2,0,0,0,2013/02/22 00:00:00+00,2/22/2013 9:25,At Intersection (intersection related),11,"MOTOR VEHICLE STRUCK MOTOR VEHICLE, FRONT END AT ANGLE",,N,Raining,Wet,Daylight,,13053029,,10,Entering at angle,0,0,N
1276586.738,252646.1247,2163,157800,157820,3576836,Matched,Block,,NE 75TH ST BETWEEN 16TH AVE NE AND 17TH W AVE NE, ,,2,Injury Collision,Rear Ended,3,0,0,3,1,0,0,2013/12/03 00:00:00+00,12/3/2013 16:25,Mid-Block (but intersection related),14,"MOTOR VEHICLE STRUCK MOTOR VEHICLE, REAR END",,N,Clear,Dry,Dark - Street Lights On,,,,14,From same direction - both going straight - one stopped - rear-end,0,0,N
1264035.165,198398.5167,2164,197900,198020,E441399,Matched,Block,,SW HOLDEN ST BETWEEN 17TH AVE SW AND 18TH AVE SW, ,,1,Property Damage Only Collision,Parked Car,0,0,0,2,0,0,0,2015/07/09 00:00:00+00,7/9/2015 9:04,Mid-Block (not related to intersection),14,"MOTOR VEHICLE STRUCK MOTOR VEHICLE, REAR END",,N,Clear,Dry,Daylight,,,,32,One parked--one moving,0,0,Y
1267304.658,242277.7494,2165,98300,98300,2796208,Matched,Intersection,27007,AURORA AVE N AND N 39TH ST,,,2,Injury Collision,Other,1,0,0,1,1,0,0,2009/09/22 00:00:00+00,9/22/2009 17:50,At Intersection (but not related to intersection),11,"MOTOR VEHICLE STRUCK MOTOR VEHICLE, FRONT END AT ANGLE",,0,Clear,Dry,Daylight,,9265022,,52,Vehicle overturned,0,0,N
1255764.526,205306.8225,2166,136100,136100,2825036,Matched,Intersection,32900,46TH AVE SW AND SW FINDLAY ST, ,,1,Property Damage Only Collision,Angles,3,0,0,2,0,0,0,2012/01/03 00:00:00+00,1/3/2012 16:00,At Intersection (intersection related),11,"MOTOR VEHICLE STRUCK MOTOR VEHICLE, FRONT END AT ANGLE",,N,Raining,Wet,Dusk,,12003001,,10,Entering at angle,0,0,N
1258660.59,209154.5329,2167,147400,147420,C770579,Unmatched,Block,,SW OREGON ST BETWEEN FAUNTLEROY WAY SW AND 38TH AVE SW, ,,2,Injury Collision,,2,0,0,0,2,0,0,2012/10/15 00:00:00+00,10/15/2012,Mid-Block (not related to intersection),14,"MOTOR VEHICLE STRUCK MOTOR VEHICLE, REAR END",,,,,,,,, ,,0,0,N
1274493.248,224651.3819,2168,164600,164620,3585934,Matched,Intersection,29809,12TH AVE AND E JEFFERSON ST, ,,2,Injury Collision,Left Turn,2,0,0,2,1,0,0,2014/03/17 00:00:00+00,3/17/2014 14:48,At Intersection (intersection related),11,"MOTOR VEHICLE STRUCK MOTOR VEHICLE, FRONT END AT ANGLE",,N,Clear,Dry,Daylight,,,,28,From opposite direction - one left turn - one straight,0,0,N
1280357.489,268941.0268,2169,251000,251600,E722810,Matched,Intersection,36019,30TH AVE NE AND NE 137TH ST, ,,1,Property Damage Only Collision,Angles,0,0,0,2,0,0,0,2017/10/10 00:00:00+00,10/10/2017 17:47,At Intersection (intersection related),11,"MOTOR VEHICLE STRUCK MOTOR VEHICLE, FRONT END AT ANGLE",,N,Overcast,Wet,Daylight,,,,10,Entering at angle,0,0,N
1272365.023,200892.2418,2170,155500,155520,3643607,Matched,Block,,CORSON AVE S BETWEEN S WILLOW ST AND EAST MARGINAL WAY S, ,,1,Property Damage Only Collision,Rear Ended,2,0,0,2,0,0,0,2013/10/15 00:00:00+00,10/15/2013 5:41,Mid-Block (but intersection related),14,"MOTOR VEHICLE STRUCK MOTOR VEHICLE, REAR END",,N,Fog/Smog/Smoke,Dry,Dark - Street Lights On,,,,13,From same direction - both going straight - both moving - rear-end,0,0,N
1281647.009,207698.0268,2171,238600,239040,3756323,Matched,Block,,RAINIER AVE S BETWEEN S ALASKA ST AND S ANGELINE ST, ,,2,Injury Collision,Rear Ended,2,0,0,2,1,0,0,2017/04/03 00:00:00+00,4/3/2017 11:39,Mid-Block (not related to intersection),14,"MOTOR VEHICLE STRUCK MOTOR VEHICLE, REAR END",Y,N,Clear,Dry,Daylight,,,,13,From same direction - both going straight - both moving - rear-end,0,0,N
1270323.903,225640.4942,2172,66400,66400,2618920,Matched,Intersection,29930,5TH AVE AND UNIVERSITY ST, ,,2,Injury Collision,Pedestrian,2,1,0,1,1,0,0,2007/03/24 00:00:00+00,3/24/2007 12:18,At Intersection (intersection related),24,MOTOR VEHCILE STRUCK PEDESTRIAN,,0,Raining,Wet,Daylight,Y,7083002,,2,Vehicle turning left hits pedestrian,0,522377,N
1271067.324,246179.0784,2173,228400,228740,3787363,Matched,Block,,N 50TH ST BETWEEN MERIDIAN AVE N AND KEYSTONE WR PL N, ,,1,Property Damage Only Collision,Rear Ended,4,0,0,3,0,0,0,2016/09/13 00:00:00+00,9/13/2016 17:23,Mid-Block (not related to intersection),14,"MOTOR VEHICLE STRUCK MOTOR VEHICLE, REAR END",Y,N,Clear,Dry,Daylight,,,,13,From same direction - both going straight - both moving - rear-end,0,0,N
1280430.318,223801.8974,2174,173200,173220,3642348,Matched,Intersection,30093,31ST AVE AND E ALDER ST, ,,1,Property Damage Only Collision,Other,1,0,0,1,0,0,0,2014/08/02 00:00:00+00,8/2/2014 15:11,At Intersection (intersection related),0,NOT ENOUGH INFORMATION / NOT APPLICABLE,,N,Clear,Dry,Daylight,,,,50,Fixed object,0,0,N
1273230.809,227059.1108,2175,229900,230280,3771776,Matched,Intersection,29756,HARVARD AVE AND SENECA ST, ,,2,Injury Collision,Pedestrian,2,1,0,1,1,0,0,2016/10/27 00:00:00+00,10/27/2016 20:19,At Intersection (intersection related),24,MOTOR VEHCILE STRUCK PEDESTRIAN,Y,N,Overcast,Wet,Dark - Street Lights On,Y,,,1,Vehicle turning right hits pedestrian,0,523244,N
1270298.017,230920.089,2176,82100,82100,2908512,Matched,Intersection,28769,FAIRVIEW AVE N AND REPUBLICAN ST, ,,2,Injury Collision,Pedestrian,2,1,0,1,1,0,0,2008/05/19 00:00:00+00,5/19/2008 7:40,At Intersection (intersection related),24,MOTOR VEHCILE STRUCK PEDESTRIAN,,0,Clear,Dry,Daylight,Y,8140002,,1,Vehicle turning right hits pedestrian,0,522958,N
1262742.759,208751.6369,2177,196200,196300,3695133,Matched,Block,,DELRIDGE WAY SW BETWEEN SW OREGON ST AND SW ALASKA ST, ,,1,Property Damage Only Collision,Parked Car,3,0,0,2,0,0,0,2015/06/27 00:00:00+00,6/27/2015 1:57,Mid-Block (not related to intersection),13,"MOTOR VEHICLE STRUCK MOTOR VEHICLE, LEFT SIDE AT ANGLE",,N,Clear,Dry,Dark - Street Lights On,,,,32,One parked--one moving,0,0,Y
1259091.025,194221.9915,2178,70400,70400,2625914,Matched,Block,,35TH AVE SW BETWEEN SW HENDERSON ST AND SW BARTON ST,,,1,Property Damage Only Collision,Other,1,0,0,1,0,0,0,2007/11/19 00:00:00+00,11/19/2007 10:42,Mid-Block (not related to intersection),28,MOTOR VEHICLE RAN OFF ROAD - HIT FIXED OBJECT,,0,Raining,Wet,Daylight,,7323046,,50,Fixed object,0,0,N
1260234.884,245000.8095,2179,163800,163820,3572973,Matched,Block,,BALLARD BR BETWEEN POINT B AND BALLARD BR OFF RP, ,,2,Injury Collision,Rear Ended,6,0,0,3,3,0,0,2014/03/04 00:00:00+00,3/4/2014 15:00,Mid-Block (not related to intersection),14,"MOTOR VEHICLE STRUCK MOTOR VEHICLE, REAR END",,N,Raining,Wet,Daylight,,,,14,From same direction - both going straight - one stopped - rear-end,0,0,N
1283764.281,204399.4415,2180,170600,170620,3672761,Matched,Intersection,33512,RAINIER AVE S AND S ORCAS ST, ,,2,Injury Collision,Left Turn,3,0,0,2,1,0,0,2014/06/20 00:00:00+00,6/20/2014 16:46,At Intersection (intersection related),11,"MOTOR VEHICLE STRUCK MOTOR VEHICLE, FRONT END AT ANGLE",,N,Clear,Dry,Daylight,,,,28,From opposite direction - one left turn - one straight,0,0,N
1269011.817,245949.975,2181,151900,151920,3502750,Matched,Intersection,25545,STONE WAY N AND N 49TH ST, ,,2,Injury Collision,Cycles,4,0,1,1,1,0,0,2013/08/07 00:00:00+00,8/7/2013 12:22,At Intersection (intersection related),18,"MOTOR VEHICLE STRUCK PEDALCYCLIST, FRONT END AT ANGLE",,N,Clear,Dry,Daylight,Y,,,45,Vehicle - Pedalcyclist,0,0,N
1270117.446,231877.4258,2182,102700,102700,9260035,Unmatched,Block,,VALLEY ST BETWEEN BOREN AVE N AND FAIRVIEW AVE N,,,0,Unknown,,0,0,0,0,0,0,0,2009/09/17 00:00:00+00,9/17/2009,Mid-Block (not related to intersection),11,"MOTOR VEHICLE STRUCK MOTOR VEHICLE, FRONT END AT ANGLE",,,,,,,9260035,,,,0,0,N
1271297.803,218914.15,2183,182800,182860,3732808,Matched,Intersection,163340,4TH AVE SB OFF RP AND EDGAR MARTINEZ DR S, ,,1,Property Damage Only Collision,Angles,2,0,0,2,0,0,0,2014/12/05 00:00:00+00,12/5/2014 4:58,At Intersection (intersection related),11,"MOTOR VEHICLE STRUCK MOTOR VEHICLE, FRONT END AT ANGLE",,N,Raining,Wet,Dark - No Street Lights,,,,10,Entering at angle,0,0,N
1260967.252,249052.6742,2184,127000,127000,3568833,Matched,Intersection,25395,14TH AVE NW AND NW 60TH ST,,,1,Property Damage Only Collision,Left Turn,2,0,0,2,0,0,0,2011/01/13 00:00:00+00,1/13/2011 14:23,At Intersection (intersection related),11,"MOTOR VEHICLE STRUCK MOTOR VEHICLE, FRONT END AT ANGLE",,N,Raining,Dry,Daylight,,11013015,,28,From opposite direction - one left turn - one straight,0,0,N
1262382.66,205415.6036,2185,204400,204540,3731882,Matched,Block,,25TH AVE SW BETWEEN SW BRANDON ST AND SW FINDLAY ST,NEI,"Not Enough Information, or Insufficient Location Information",1,Property Damage Only Collision,Parked Car,2,0,0,2,0,0,0,2015/10/11 00:00:00+00,10/11/2015 10:30,,12,"MOTOR VEHICLE STRUCK MOTOR VEHICLE, RIGHT SIDE AT ANGLE",,N,Clear,Dry,Daylight,,,,32,One parked--one moving,0,0,N
1259899.491,245903.359,2186,200200,200340,3736604,Matched,Block,,NW LEARY WAY BETWEEN 15TH SB AVE NW AND LEARY AVE NW, ,,1,Property Damage Only Collision,Other,1,0,0,1,0,0,0,2015/08/13 00:00:00+00,8/13/2015 18:15,Mid-Block (but intersection related),28,MOTOR VEHICLE RAN OFF ROAD - HIT FIXED OBJECT,,N,Clear,Dry,Daylight,,,,50,Fixed object,0,0,N
1283329.524,250531.084,2187,106700,106700,3328386,Matched,Block,,NE 68TH ST BETWEEN 42ND AVE NE AND 43RD AVE NE,,,1,Property Damage Only Collision,Parked Car,2,0,0,2,0,0,0,2009/08/21 00:00:00+00,8/21/2009 16:30,Mid-Block (not related to intersection),16,"MOTOR VEHICLE STRUCK MOTOR VEHICLE, LEFT SIDE SIDESWIPE",,0,Unknown,Dry,Unknown,,9233025,,32,One parked--one moving,0,0,N
1275185.147,226589.678,2188,267000,267780,E761353,Matched,Intersection,29776,14TH AVE AND E SPRING ST, ,,1,Property Damage Only Collision,Angles,2,0,0,2,0,0,0,2017/12/03 00:00:00+00,12/3/2017 10:18,At Intersection (intersection related),11,"MOTOR VEHICLE STRUCK MOTOR VEHICLE, FRONT END AT ANGLE",Y,N,Clear,Dry,Daylight,,,,10,Entering at angle,0,0,N
1273567.714,228177.0843,2189,169200,169220,3701739,Matched,Block,,BROADWAY BETWEEN E PINE ST AND XW E OLIVE ST, ,,2,Injury Collision,Cycles,1,0,1,0,1,0,0,2014/06/04 00:00:00+00,6/4/2014 8:45,Mid-Block (not related to intersection),69,PEDALCYCLIST OVERTURNED IN ROAD,,N,Clear,Dry,Daylight,,,,45,Vehicle - Pedalcyclist,6853,0,N
1280859.796,210913.9974,2190,100800,100800,C719656,Matched,Block,,RAINIER AVE S BETWEEN S CHARLESTOWN ST AND S ANDOVER ST,,,1,Property Damage Only Collision,Rear Ended,2,0,0,2,0,0,0,2009/02/23 00:00:00+00,2/23/2009 13:00,Mid-Block (not related to intersection),14,"MOTOR VEHICLE STRUCK MOTOR VEHICLE, REAR END",,0,Unknown,Unknown,Unknown,,9054025,,14,From same direction - both going straight - one stopped - rear-end,0,0,N
1281165.913,264740.1898,2191,166300,166320,3577869,Unmatched,Block,,33RD AVE NE BETWEEN NE 120TH ST AND NE 123RD ST, ,,0,Unknown,,0,0,0,0,0,0,0,2014/04/16 00:00:00+00,4/16/2014,Mid-Block (not related to intersection),12,"MOTOR VEHICLE STRUCK MOTOR VEHICLE, RIGHT SIDE AT ANGLE",,,,,,,,, ,,0,0,Y
1274620.671,265968.406,2192,81500,81500,3286628,Matched,Block,,NE 125TH ST BETWEEN 8TH AVE NE AND ROOSEVELT S WAY NE,,,1,Property Damage Only Collision,Other,3,0,0,2,0,0,0,2008/11/24 00:00:00+00,11/24/2008 10:37,Driveway Junction,11,"MOTOR VEHICLE STRUCK MOTOR VEHICLE, FRONT END AT ANGLE",,0,Clear,Dry,Daylight,,8329023,,23,From same direction - all others,0,0,N
1269703.543,202281.2033,2193,252700,253300,E722617,Matched,Block,,1ST AV S SB ON RP BETWEEN 1ST AV S BR SB AND S FRONT ST ON RP, ,,1,Property Damage Only Collision,Rear Ended,0,0,0,2,0,0,0,2017/10/07 00:00:00+00,10/7/2017 4:05,Mid-Block (not related to intersection),14,"MOTOR VEHICLE STRUCK MOTOR VEHICLE, REAR END",,N,Raining,Wet,Dark - Street Lights On,,,,13,From same direction - both going straight - both moving - rear-end,0,0,N
1269228.121,229252.4794,2194,83300,83300,3282542,Matched,Intersection,29510,DENNY WAY AND WESTLAKE AVE,,,1,Property Damage Only Collision,Angles,2,0,0,2,0,0,0,2008/12/09 00:00:00+00,12/9/2008,At Intersection (intersection related),11,"MOTOR VEHICLE STRUCK MOTOR VEHICLE, FRONT END AT ANGLE",,0,Raining,Wet,Daylight,,8344002,,10,Entering at angle,0,0,N
1282040.286,248232.5727,2195,278700,279600,E781812,Unmatched,Block,,37TH AVE NE BETWEEN NE 57TH ST AND NE 60TH ST,NEI,"Not Enough Information, or Insufficient Location Information",0,Unknown,,2,0,0,0,0,0,0,2018/03/22 00:00:00+00,3/22/2018,Mid-Block (not related to intersection),0,NOT ENOUGH INFORMATION / NOT APPLICABLE,,,,,,,,, ,,0,0,N
1273230.083,205163.6025,2196,152700,152720,3548597,Matched,Block,,AIRPORT WAY S BETWEEN S LUCILE ST AND CORSON AVE S, ,,1,Property Damage Only Collision,Rear Ended,2,0,0,2,0,0,0,2013/08/15 00:00:00+00,8/15/2013 5:35,Mid-Block (not related to intersection),14,"MOTOR VEHICLE STRUCK MOTOR VEHICLE, REAR END",,N,Overcast,Wet,Dawn,,,,13,From same direction - both going straight - both moving - rear-end,0,0,N
1279708.692,271105.7482,2197,249700,250300,E714948,Matched,Intersection,35993,27TH AVE NE AND NE 145TH ST, ,,1,Property Damage Only Collision,Rear Ended,0,0,0,2,0,0,0,2017/09/10 00:00:00+00,9/10/2017 13:50,At Intersection (but not related to intersection),14,"MOTOR VEHICLE STRUCK MOTOR VEHICLE, REAR END",,N,Clear,Dry,Daylight,,,,14,From same direction - both going straight - one stopped - rear-end,0,0,N
1270306.74,231478.6133,2198,68600,68600,2825472,Matched,Intersection,28760,FAIRVIEW AVE N AND MERCER ST,,,1,Property Damage Only Collision,Angles,2,0,0,2,0,0,0,2007/07/10 00:00:00+00,7/10/2007 6:01,At Intersection (intersection related),11,"MOTOR VEHICLE STRUCK MOTOR VEHICLE, FRONT END AT ANGLE",,0,Clear,Dry,Daylight,,7191039,,10,Entering at angle,0,0,N
1268809.349,193484.022,2199,253800,254440,E734746,Matched,Block,,OLSON PL SW BETWEEN 2ND AVE SW AND 3RD AVE SW, ,,2,Injury Collision,Head On,4,0,0,2,1,0,0,2017/11/05 00:00:00+00,11/5/2017 10:25,Mid-Block (not related to intersection),11,"MOTOR VEHICLE STRUCK MOTOR VEHICLE, FRONT END AT ANGLE",Y,N,Raining,Wet,Daylight,,,,30,From opposite direction - all others,0,0,N
1273448.483,230431.5358,2200,84200,84200,3287731,Matched,Block,,E HARRISON ST BETWEEN HARVARD AVE E AND BROADWAY E,,,1,Property Damage Only Collision,Parked Car,2,0,0,2,0,0,0,2008/12/28 00:00:00+00,12/28/2008 17:50,Mid-Block (not related to intersection),12,"MOTOR VEHICLE STRUCK MOTOR VEHICLE, RIGHT SIDE AT ANGLE",,0,Overcast,Wet,Dark - Street Lights On,,8363017,,32,One parked--one moving,0,0,N
1276371.453,222074.5466,2201,192200,192280,E415285,Matched,Intersection,30752,18TH AVE S AND S JACKSON ST, ,,2,Injury Collision,Angles,0,0,0,2,2,0,0,2015/04/11 00:00:00+00,4/11/2015 8:20,At Intersection (intersection related),11,"MOTOR VEHICLE STRUCK MOTOR VEHICLE, FRONT END AT ANGLE",,N,Clear,Dry,Daylight,,,,10,Entering at angle,0,0,N
1275290.388,213932.9232,2202,163300,163320,3062544,Matched,Block,,S STEVENS ST BETWEEN 15TH AVE S AND 16TH AVE S,NEI,"Not Enough Information, or Insufficient Location Information",2,Injury Collision,Pedestrian,2,1,0,1,1,0,0,2011/01/05 00:00:00+00,1/5/2011 13:30,Mid-Block (not related to intersection),0,NOT ENOUGH INFORMATION / NOT APPLICABLE,,N,Overcast,Dry,Daylight,,,,0,Vehicle going straight hits pedestrian,0,0,N
1258193.049,247907.6187,2203,171800,171820,3501545,Matched,Block,,22ND AVE NW BETWEEN NW MARKET ST AND NW 56TH ST, ,,1,Property Damage Only Collision,Parked Car,2,0,0,2,0,0,0,2014/07/13 00:00:00+00,7/13/2014 15:30,Mid-Block (not related to intersection),12,"MOTOR VEHICLE STRUCK MOTOR VEHICLE, RIGHT SIDE AT ANGLE",Y,N,,Dry,Daylight,,,,32,One parked--one moving,0,0,N
1262908.165,252857.2818,2204,116100,116100,3333431,Matched,Block,,8TH AVE NW BETWEEN NW 74TH ST AND NW 75TH ST,,,1,Property Damage Only Collision,Parked Car,2,0,0,2,0,0,0,2010/01/24 00:00:00+00,1/24/2010 1:47,Mid-Block (not related to intersection),14,"MOTOR VEHICLE STRUCK MOTOR VEHICLE, REAR END",,Y,Clear,Dry,Dark - Street Lights On,,10024026,,32,One parked--one moving,0,0,N
1278044.424,238441.8137,2205,182500,182560,3626436,Matched,Block,,MONTLAKE BV EB ON RP BETWEEN MONTLAKE BLVD E AND SR520 EB, ,,1,Property Damage Only Collision,Sideswipe,2,0,0,2,0,0,0,2014/12/30 00:00:00+00,12/30/2014 15:09,Mid-Block (but intersection related),11,"MOTOR VEHICLE STRUCK MOTOR VEHICLE, FRONT END AT ANGLE",Y,N,Clear,Dry,Daylight,,,,11,From same direction - both going straight - both moving - sideswipe,0,0,N
1272208.511,246146.6787,2206,141300,141300,3564546,Matched,Block,,NE 50TH ST BETWEEN 1ST AVE NE AND 2ND AVE NE,,,2,Injury Collision,Rear Ended,6,0,0,2,1,0,0,2012/04/28 00:00:00+00,4/28/2012 14:00,Mid-Block (not related to intersection),14,"MOTOR VEHICLE STRUCK MOTOR VEHICLE, REAR END",,N,Clear,Dry,Daylight,,12119012,,13,From same direction - both going straight - both moving - rear-end,0,0,N
1265008.509,208410.2616,2207,268900,269700,3742196,Matched,Intersection,32227,15TH AVE SW AND SW ALASKA ST, ,,1,Property Damage Only Collision,Other,1,0,0,1,0,0,0,2017/12/28 00:00:00+00,12/28/2017 12:49,At Intersection (intersection related),26,MOTOR VEHICLE STRUCK OBJECT IN ROAD,,N,Overcast,Wet,Daylight,,,,50,Fixed object,0,0,N
1272935.175,251070.9684,2208,237000,237440,3694158,Matched,Block,,WOODLAWN AVE NE BETWEEN 5TH AVE NE AND NE RAVENNA EB BV, ,,2,Injury Collision,Other,2,0,0,1,1,0,0,2017/03/18 00:00:00+00,3/18/2017 16:40,Driveway Junction,28,MOTOR VEHICLE RAN OFF ROAD - HIT FIXED OBJECT,,Y,Clear,Dry,Daylight,,,,50,Fixed object,0,0,N
,,2209,78900,78900,2608386,Matched,Block,,WESTERN AV OFF RP BETWEEN ALASKAN WY VI NB AND BELL ST,,,1,Property Damage Only Collision,Rear Ended,3,0,0,3,0,0,0,2007/01/25 00:00:00+00,1/25/2007 13:54,Mid-Block (not related to intersection),14,"MOTOR VEHICLE STRUCK MOTOR VEHICLE, REAR END",,0,Raining,Wet,Daylight,,7025013,Y,14,From same direction - both going straight - one stopped - rear-end,0,0,N
1281143.117,204604.4156,2210,267700,268480,3580771,Matched,Block,,M L KING JR WR WAY S BETWEEN S FINDLAY ST AND S ORCAS ST, ,,1,Property Damage Only Collision,Right Turn,2,0,0,2,0,0,0,2018/01/23 00:00:00+00,1/23/2018 23:15,Mid-Block (not related to intersection),11,"MOTOR VEHICLE STRUCK MOTOR VEHICLE, FRONT END AT ANGLE",,Y,Raining,Wet,Dark - Street Lights On,,,,16,From same direction - one right turn - one straight,0,0,N
1273865.384,207179.932,2211,169600,169620,3579735,Matched,Block,,CORSON AVE S BETWEEN S FERDINAND ST AND S SHELTON ST, ,,1,Property Damage Only Collision,Parked Car,2,0,0,2,0,0,0,2014/06/03 00:00:00+00,6/3/2014 9:15,Mid-Block (not related to intersection),13,"MOTOR VEHICLE STRUCK MOTOR VEHICLE, LEFT SIDE AT ANGLE",Y,N,Unknown,Unknown,Daylight,,,,32,One parked--one moving,0,0,N
1278119.605,212848.801,2212,115100,115100,3335757,Matched,Block,,S HORTON ST BETWEEN 24TH AVE S AND 25TH AVE S,,,1,Property Damage Only Collision,Rear Ended,2,0,0,2,0,0,0,2010/01/19 00:00:00+00,1/19/2010 16:48,Mid-Block (but intersection related),14,"MOTOR VEHICLE STRUCK MOTOR VEHICLE, REAR END",Y,N,Clear,Dry,Daylight,,10019003,,83,Same direction -- both turning left -- both moving -- rear end,0,0,N
1275902.157,253988.1876,2213,146900,146920,C771809,Unmatched,Intersection,24398,LAKE CITY WAY NE AND NE 80TH ST, ,,1,Property Damage Only Collision,,2,0,0,0,0,0,0,2012/11/18 00:00:00+00,11/18/2012,At Intersection (intersection related),11,"MOTOR VEHICLE STRUCK MOTOR VEHICLE, FRONT END AT ANGLE",,,,,,,,, ,,0,0,N
1275934.224,257313.9359,2214,195200,195300,E430070,Matched,Block,,NE 92ND ST BETWEEN 12TH AVE NE AND 15TH AVE NE, ,,1,Property Damage Only Collision,Parked Car,0,0,0,2,0,0,0,2015/06/04 00:00:00+00,6/4/2015 1:05,Mid-Block (not related to intersection),11,"MOTOR VEHICLE STRUCK MOTOR VEHICLE, FRONT END AT ANGLE",,N,Clear,Dry,Dark - Street Lights On,,,,32,One parked--one moving,0,0,Y
1278266.431,220520.1825,2215,70100,70100,2806301,Matched,Block,,24TH AVE S BETWEEN S DEARBORN ST AND S CHARLES ST,,,1,Property Damage Only Collision,Parked Car,2,0,0,2,0,0,0,2007/04/09 00:00:00+00,4/9/2007,Mid-Block (but intersection related),13,"MOTOR VEHICLE STRUCK MOTOR VEHICLE, LEFT SIDE AT ANGLE",Y,0,Clear,Dry,Daylight,,7099001,,32,One parked--one moving,0,0,N
1271824.466,228340.1686,2216,228800,229160,E592055,Matched,Block,,MELROSE AVE BETWEEN YALE AVE AND OLIVE WAY, ,,1,Property Damage Only Collision,Angles,2,0,0,2,0,0,0,2016/09/11 00:00:00+00,9/11/2016 16:26,Driveway Junction,11,"MOTOR VEHICLE STRUCK MOTOR VEHICLE, FRONT END AT ANGLE",,N,Clear,Dry,Daylight,,,,10,Entering at angle,0,0,N
1280569.06,265735.9203,2217,133800,133800,3333939,Matched,Block,,LAKE CITY WAY NE BETWEEN 31ST AVE NE AND NE 125TH ST,,,1,Property Damage Only Collision,Rear Ended,2,0,0,2,0,0,0,2012/03/21 00:00:00+00,3/21/2012 16:35,Mid-Block (but intersection related),14,"MOTOR VEHICLE STRUCK MOTOR VEHICLE, REAR END",,N,Clear,Dry,Daylight,,12081011,,14,From same direction - both going straight - one stopped - rear-end,0,0,N
1271371.005,232251.7139,2218,101600,101600,3274364,Matched,Block,,ALOHA ST BETWEEN YALE AVE N AND EASTLAKE AVE E,,,1,Property Damage Only Collision,Parked Car,2,0,0,2,0,0,0,2009/05/18 00:00:00+00,5/18/2009 9:35,Mid-Block (not related to intersection),14,"MOTOR VEHICLE STRUCK MOTOR VEHICLE, REAR END",,0,Clear,Dry,Daylight,,9138032,,32,One parked--one moving,0,0,N
1281921.508,222018.4334,2219,160700,160720,3577385,Unmatched,Block,,LAKESIDE AVE S BETWEEN S LESCHI PL AND S JACKSON ST, ,,0,Unknown,,0,0,0,0,0,0,0,2014/01/28 00:00:00+00,1/28/2014,Mid-Block (not related to intersection),0,NOT ENOUGH INFORMATION / NOT APPLICABLE,,,,,,,,, ,,0,0,Y
1280032.289,264461.9806,2220,179400,179477,3575583,Matched,Intersection,36622,LAKE CITY WAY NE AND NE 120TH ST, ,,2,Injury Collision,Angles,2,0,0,2,1,0,0,2014/11/13 00:00:00+00,11/13/2014 13:51,At Intersection (intersection related),11,"MOTOR VEHICLE STRUCK MOTOR VEHICLE, FRONT END AT ANGLE",,N,Clear,Dry,Daylight,,,,10,Entering at angle,0,0,N
1268316.704,260834.8269,2221,217100,217380,3767159,Matched,Intersection,36360,AURORA AVE N AND N NORTHGATE WAY, ,,1,Property Damage Only Collision,Left Turn,2,0,0,2,0,0,0,2016/04/01 00:00:00+00,4/1/2016 22:30,At Intersection (intersection related),11,"MOTOR VEHICLE STRUCK MOTOR VEHICLE, FRONT END AT ANGLE",,N,Clear,Dry,Dark - Street Lights On,,,,29,From opposite direction - one left turn - one right turn,0,0,N
1273011.184,254072.9778,2222,72800,72800,2895301,Matched,Intersection,24537,BANNER WAY NE AND NE 80TH ST,,,1,Property Damage Only Collision,Angles,3,0,0,2,0,0,0,2007/10/30 00:00:00+00,10/30/2007 19:43,At Intersection (intersection related),11,"MOTOR VEHICLE STRUCK MOTOR VEHICLE, FRONT END AT ANGLE",,0,Clear,Dry,Dark - Street Lights On,,7303023,,10,Entering at angle,0,0,N