X,Y,OBJECTID,INCKEY,COLDETKEY,REPORTNO,STATUS,ADDRTYPE,INTKEY,LOCATION,EXCEPTRSNCODE,EXCEPTRSNDESC,SEVERITYCODE,SEVERITYDESC,COLLISIONTYPE,PERSONCOUNT,PEDCOUNT,PEDCYLCOUNT,VEHCOUNT,INJURIES,SERIOUSINJURIES,FATALITIES,INCDATE,INCDTTM,JUNCTIONTYPE,SDOT_COLCODE,SDOT_COLDESC,INATTENTIONIND,UNDERINFL,WEATHER,ROADCOND,LIGHTCOND,PEDROWNOTGRNT,SDOTCOLNUM,SPEEDING,ST_COLCODE,ST_COLDESC,SEGLANEKEY,CROSSWALKKEY,HITPARKEDCAR
1257229.715,208855.2873,2223,220100,220380,3505381,Matched,Block,,42ND AVE SW BETWEEN SW OREGON ST AND SW ALASKA ST, ,,2,Injury Collision,Angles,4,0,0,2,1,0,0,2016/05/25 00:00:00+00,5/25/2016 18:43,Driveway Junction,11,"MOTOR VEHICLE STRUCK MOTOR VEHICLE, FRONT END AT ANGLE",,N,Clear,Dry,Daylight,,,,10,Entering at angle,0,0,N
,,2224,86200,86200,2797015,Matched,Alley,,,,,1,Property Damage Only Collision,Other,1,0,0,1,0,0,0,2008/01/22 00:00:00+00,1/22/2008 20:00,,0,NOT ENOUGH INFORMATION / NOT APPLICABLE,,0,Clear,Ice,Dark - Street Lights Off,,8022031,,50,Fixed object,0,0,N
1262769.844,207430.3063,2225,130900,130900,3564000,Unmatched,Block,,DELRIDGE WAY SW BETWEEN SW EDMUNDS ST AND SW HUDSON ST,,,0,Unknown,,0,0,0,0,0,0,0,2012/03/22 00:00:00+00,3/22/2012,,0,NOT ENOUGH INFORMATION / NOT APPLICABLE,,,,,,,12082020,,,,0,0,N
1272341.387,226656.6128,2226,94600,94600,3200464,Matched,Block,,MINOR AVE BETWEEN SENECA ST AND UNIVERSITY ST,,,1,Property Damage Only Collision,Parked Car,2,0,0,2,0,0,0,2009/12/18 00:00:00+00,12/18/2009 18:39,Mid-Block (not related to intersection),14,"MOTOR VEHICLE STRUCK MOTOR VEHICLE, REAR END",,0,Raining,Wet,Dark - Street Lights On,,9352014,,32,One parked--one moving,0,0,N
1267087.942,203330.9152,2227,232600,233000,3342443,Matched,Block,,WEST MARGINAL WAY SW BETWEEN SW BRANDON ST AND SW FRONT ST, ,,1,Property Damage Only Collision,Other,1,0,0,1,0,0,0,2016/12/26 00:00:00+00,12/26/2016 7:29,Mid-Block (not related to intersection),26,MOTOR VEHICLE STRUCK OBJECT IN ROAD,,N,Clear,Dry,Dawn,,,,50,Fixed object,0,0,N
1251106.367,214397.9282,2228,156900,156920,3386328,Matched,Block,,61ST AVE SW BETWEEN SW STEVENS ST AND SW ADMIRAL WAY, ,,1,Property Damage Only Collision,Parked Car,2,0,0,2,0,0,0,2013/11/12 00:00:00+00,11/12/2013 10:52,Mid-Block (not related to intersection),16,"MOTOR VEHICLE STRUCK MOTOR VEHICLE, LEFT SIDE SIDESWIPE",Y,N,Clear,Dry,Daylight,,,,32,One parked--one moving,0,0,N
1267948.368,251386.6889,2229,207100,207300,3788877,Matched,Block,,AURORA AVE N BETWEEN N 68TH ST AND N 70TH ST, ,,2,Injury Collision,Pedestrian,2,1,0,1,1,0,0,2015/11/07 00:00:00+00,11/7/2015 7:00,Mid-Block (not related to intersection),24,MOTOR VEHCILE STRUCK PEDESTRIAN,,N,Unknown,Unknown,Unknown,,,,0,Vehicle going straight hits pedestrian,0,522797,N
1273215.625,224862.9851,2230,153300,153320,3672626,Matched,Block,,JAMES ST BETWEEN BOREN AVE AND MINOR AVE, ,,1,Property Damage Only Collision,Rear Ended,3,0,0,2,0,0,0,2013/09/03 00:00:00+00,9/3/2013 15:59,Mid-Block (not related to intersection),14,"MOTOR VEHICLE STRUCK MOTOR VEHICLE, REAR END",Y,N,Overcast,Dry,Daylight,,,,14,From same direction - both going straight - one stopped - rear-end,0,0,N
1260228.284,251362.0458,2231,230300,230700,E597959,Matched,Block,,15TH AVE NW BETWEEN NW 67TH ST AND NW 70TH ST, ,,1,Property Damage Only Collision,Rear Ended,1,0,0,2,0,0,0,2016/10/08 00:00:00+00,10/8/2016 17:00,Mid-Block (but intersection related),14,"MOTOR VEHICLE STRUCK MOTOR VEHICLE, REAR END",,N,Raining,Wet,Dusk,,,,14,From same direction - both going straight - one stopped - rear-end,0,0,N
1265539.234,194077.19,2232,140200,140200,3547357,Matched,Block,,12TH AVE SW BETWEEN SW HENDERSON ST AND SW BARTON ST,,,1,Property Damage Only Collision,Other,1,0,0,1,0,0,0,2012/06/29 00:00:00+00,6/29/2012 16:55,Mid-Block (not related to intersection),28,MOTOR VEHICLE RAN OFF ROAD - HIT FIXED OBJECT,Y,N,Overcast,Dry,Daylight,,12181019,,50,Fixed object,0,0,N
1279847.824,261836.8985,2233,96200,96200,C717112,Matched,Intersection,36667,28TH AVE NE AND NE 110TH ST,,,2,Injury Collision,Pedestrian,2,1,0,1,1,0,0,2009/01/16 00:00:00+00,1/16/2009 15:02,At Intersection (intersection related),24,MOTOR VEHCILE STRUCK PEDESTRIAN,,0,Overcast,Dry,Daylight,,9016040,,0,Vehicle going straight hits pedestrian,0,0,N
1272805.928,251628.9969,2234,235900,236340,3787373,Matched,Block,,EAST GREEN LAKE DR N BETWEEN NE RAVENNA EB BV AND NE 72ND ST, ,,1,Property Damage Only Collision,Parked Car,2,0,0,2,0,0,0,2017/02/24 00:00:00+00,2/24/2017 14:47,Mid-Block (not related to intersection),11,"MOTOR VEHICLE STRUCK MOTOR VEHICLE, FRONT END AT ANGLE",,N,Clear,Dry,Daylight,,,,20,One car leaving parked position,0,0,N
1270280.7,225081.5149,2235,71600,71600,2791380,Matched,Block,,4TH AVE BETWEEN SPRING ST AND SENECA ST,,,2,Injury Collision,Rear Ended,2,0,0,2,2,0,0,2007/08/10 00:00:00+00,8/10/2007 10:01,Mid-Block (but intersection related),14,"MOTOR VEHICLE STRUCK MOTOR VEHICLE, REAR END",,0,Clear,Dry,Daylight,,7222029,,14,From same direction - both going straight - one stopped - rear-end,0,0,N
1271330.693,217779.6332,2236,122000,122000,C751025,Unmatched,Block,,4TH AVE S BETWEEN S MASSACHUSETTS ST AND S HOLGATE ST,,,0,Unknown,,0,0,0,0,0,0,0,2011/04/11 00:00:00+00,4/11/2011,,0,NOT ENOUGH INFORMATION / NOT APPLICABLE,,,,,,,11101047,,,,0,0,N
1276443.037,250329.9626,2237,167900,167920,3702755,Matched,Block,,16TH AVE NE BETWEEN NE 65TH ST AND NE 68TH ST, ,,1,Property Damage Only Collision,Parked Car,2,0,0,2,0,0,0,2014/05/01 00:00:00+00,5/1/2014 13:48,Mid-Block (but intersection related),12,"MOTOR VEHICLE STRUCK MOTOR VEHICLE, RIGHT SIDE AT ANGLE",Y,N,Clear,Dry,Daylight,,,,32,One parked--one moving,0,0,N
1267684.528,226979.4172,2238,144600,144600,3548955,Matched,Block,,1ST AVE BETWEEN LENORA ST AND BLANCHARD ST, ,,1,Property Damage Only Collision,Parked Car,2,0,0,2,0,0,0,2013/02/05 00:00:00+00,2/5/2013 16:29,,0,NOT ENOUGH INFORMATION / NOT APPLICABLE,,N,Raining,Wet,Daylight,,13036031,,32,One parked--one moving,0,0,N
1276104.657,261288.8664,2239,231700,232100,E598092,Matched,Block,,NE 107TH ST BETWEEN 14TH AVE NE AND 15TH AVE NE, ,,2,Injury Collision,Pedestrian,2,1,0,1,1,0,0,2016/10/18 00:00:00+00,10/18/2016 17:05,Mid-Block (not related to intersection),11,"MOTOR VEHICLE STRUCK MOTOR VEHICLE, FRONT END AT ANGLE",,N,Clear,Dry,Daylight,,,,0,Vehicle going straight hits pedestrian,0,0,N
1263119.099,241096.066,2240,179900,179960,3643704,Matched,Block,,W EMERSON ST BETWEEN W BERTONA ST AND 6TH AVE W, ,,1,Property Damage Only Collision,Other,1,0,0,1,0,0,0,2014/11/28 00:00:00+00,11/28/2014 19:27,Mid-Block (not related to intersection),28,MOTOR VEHICLE RAN OFF ROAD - HIT FIXED OBJECT,,N,Raining,Wet,Dark - Street Lights On,,,,50,Fixed object,0,0,N
1273597.982,243499.0156,2241,203900,204040,3501597,Matched,Block,,PASADENA PL NE BETWEEN NE 42ND ST AND DEAD END 2, ,,1,Property Damage Only Collision,Parked Car,2,0,0,2,0,0,0,2015/10/03 00:00:00+00,10/3/2015 14:10,Driveway Junction,14,"MOTOR VEHICLE STRUCK MOTOR VEHICLE, REAR END",,N,Clear,Dry,Daylight,,,,32,One parked--one moving,0,0,N
1270904.055,224028.4447,2242,238400,238840,E653758,Matched,Block,,4TH AVE BETWEEN CHERRY ST AND COLUMBIA ST, ,,1,Property Damage Only Collision,Parked Car,0,0,0,3,0,0,0,2017/01/25 00:00:00+00,1/25/2017 13:57,Mid-Block (not related to intersection),11,"MOTOR VEHICLE STRUCK MOTOR VEHICLE, FRONT END AT ANGLE",,N,Raining,Wet,Daylight,,,,32,One parked--one moving,0,0,N
1265755.621,231997.1728,2243,94000,94000,2791564,Matched,Block,,2ND AVE N BETWEEN ROY ST AND VALLEY ST,,,1,Property Damage Only Collision,Parked Car,2,0,0,2,0,0,0,2009/12/12 00:00:00+00,12/12/2009 19:46,Mid-Block (not related to intersection),14,"MOTOR VEHICLE STRUCK MOTOR VEHICLE, REAR END",,0,Overcast,Dry,Dark - Street Lights Off,,9346018,,32,One parked--one moving,0,0,N
1260216.284,250695.9725,2244,245400,246000,E684575,Matched,Block,,15TH AVE NW BETWEEN NW 65TH ST AND NW 67TH ST, ,,2,Injury Collision,Parked Car,3,0,0,3,1,0,0,2017/06/16 00:00:00+00,6/16/2017 14:35,Mid-Block (not related to intersection),14,"MOTOR VEHICLE STRUCK MOTOR VEHICLE, REAR END",,N,Clear,Dry,Daylight,,,,32,One parked--one moving,0,0,Y
1270859.105,226946.9922,2245,122300,122300,3335385,Matched,Block,,PIKE ST BETWEEN 8TH AVE AND CONVENTION PL,,,1,Property Damage Only Collision,Rear Ended,2,0,0,2,0,0,0,2011/04/25 00:00:00+00,4/25/2011 20:46,Mid-Block (not related to intersection),14,"MOTOR VEHICLE STRUCK MOTOR VEHICLE, REAR END",,N,Clear,Dry,Dark - Street Lights On,,11115017,,13,From same direction - both going straight - both moving - rear-end,0,0,N
1280375.395,271085.1174,2246,95400,95400,3130307,Matched,Intersection,35990,30TH AVE NE AND NE 145TH ST,,,1,Property Damage Only Collision,Left Turn,2,0,0,2,0,0,0,2009/10/14 00:00:00+00,10/14/2009 17:05,At Intersection (intersection related),11,"MOTOR VEHICLE STRUCK MOTOR VEHICLE, FRONT END AT ANGLE",,0,Overcast,Wet,Daylight,,9287053,Y,28,From opposite direction - one left turn - one straight,0,0,N
1271315.326,217004.2093,2247,215000,215260,E521261,Matched,Block,,4TH AVE S BETWEEN S HOLGATE ST AND S WALKER ST, ,,1,Property Damage Only Collision,Rear Ended,3,0,0,2,0,0,0,2016/02/29 00:00:00+00,2/29/2016 8:28,Mid-Block (but intersection related),14,"MOTOR VEHICLE STRUCK MOTOR VEHICLE, REAR END",Y,N,Clear,Wet,Daylight,,,,14,From same direction - both going straight - one stopped - rear-end,0,0,N
1278025.182,216171.4134,2248,70500,70500,2794346,Matched,Intersection,31581,RAINIER AVE S AND S COLLEGE N ST,,,2b,Serious Injury Collision,Right Turn,2,0,0,2,1,1,0,2007/07/06 00:00:00+00,7/6/2007,At Intersection (intersection related),11,"MOTOR VEHICLE STRUCK MOTOR VEHICLE, FRONT END AT ANGLE",,0,Clear,Dry,Daylight,,7187020,,16,From same direction - one right turn - one straight,0,0,N
1257835.381,215847.8526,2249,151200,151220,3465310,Matched,Block,,SW ADMIRAL WAY BETWEEN WALNUT AVE SW AND 41ST AVE SW, ,,1,Property Damage Only Collision,Rear Ended,2,0,0,2,0,0,0,2013/07/24 00:00:00+00,7/24/2013 18:30,Mid-Block (not related to intersection),14,"MOTOR VEHICLE STRUCK MOTOR VEHICLE, REAR END",Y,Y,Clear,Dry,Daylight,,,,14,From same direction - both going straight - one stopped - rear-end,0,0,N
1254428.668,214909.1072,2250,87400,87400,2619437,Matched,Block,,51ST AVE SW BETWEEN SW ADMIRAL WAY AND SW STEVENS ST,,,1,Property Damage Only Collision,Parked Car,2,0,0,2,0,0,0,2008/12/18 00:00:00+00,12/18/2008 3:20,Mid-Block (not related to intersection),14,"MOTOR VEHICLE STRUCK MOTOR VEHICLE, REAR END",,0,Clear,Ice,Dark - Street Lights On,,8353032,Y,32,One parked--one moving,0,0,N
1258275.55,207841.8472,2251,143200,143200,2897714,Matched,Block,,SW EDMUNDS ST BETWEEN DEAD END 2 AND FAUNTLEROY WAY SW, ,,1,Property Damage Only Collision,Parked Car,2,0,0,2,0,0,0,2013/02/27 00:00:00+00,2/27/2013 10:30,Driveway Junction,14,"MOTOR VEHICLE STRUCK MOTOR VEHICLE, REAR END",,N,Raining,Wet,Daylight,,13058026,,32,One parked--one moving,0,0,N
1260153.76,241369.7609,2252,179000,179040,3590501,Matched,Block,,15TH AVE W BETWEEN W BERTONA ST AND W RUFFNER ST, ,,1,Property Damage Only Collision,Rear Ended,2,0,0,2,0,0,0,2014/11/04 00:00:00+00,11/4/2014 7:36,Mid-Block (not related to intersection),14,"MOTOR VEHICLE STRUCK MOTOR VEHICLE, REAR END",Y,N,Raining,Wet,Daylight,,,,13,From same direction - both going straight - both moving - rear-end,0,0,N
1264393.603,203203.6396,2253,236700,237133,3755178,Matched,Block,,17TH AVE SW BETWEEN DEAD END 3 AND SW GRAHAM ST, ,,2,Injury Collision,Other,1,0,0,1,1,0,0,2017/03/09 00:00:00+00,3/9/2017 8:11,Mid-Block (not related to intersection),26,MOTOR VEHICLE STRUCK OBJECT IN ROAD,,N,Clear,Wet,Daylight,,,,50,Fixed object,0,0,N
1262723.97,245841.2589,2254,92600,92600,2798024,Matched,Intersection,25452,8TH AVE NW AND NW 48TH ST,,,1,Property Damage Only Collision,Angles,2,0,0,2,0,0,0,2008/11/06 00:00:00+00,11/6/2008,At Intersection (intersection related),11,"MOTOR VEHICLE STRUCK MOTOR VEHICLE, FRONT END AT ANGLE",,0,Overcast,Wet,Daylight,,8311043,,10,Entering at angle,0,0,N
1262853.05,258868.6395,2255,222500,222780,E557270,Matched,Block,,HOLMAN RD NW BETWEEN 9TH AVE NW AND 7TH AVE NW, ,,1,Property Damage Only Collision,Sideswipe,2,0,0,2,0,0,0,2016/06/22 00:00:00+00,6/22/2016 15:40,Mid-Block (not related to intersection),11,"MOTOR VEHICLE STRUCK MOTOR VEHICLE, FRONT END AT ANGLE",,N,Clear,Dry,Daylight,,,,11,From same direction - both going straight - both moving - sideswipe,0,0,N
1275720.6,221754.5266,2256,168100,168120,3701719,Matched,Intersection,30761,16TH AVE S AND S KING ST, ,,2,Injury Collision,Angles,3,0,0,2,1,0,0,2014/05/07 00:00:00+00,5/7/2014 14:14,At Intersection (intersection related),11,"MOTOR VEHICLE STRUCK MOTOR VEHICLE, FRONT END AT ANGLE",,N,Clear,Dry,Daylight,,,,10,Entering at angle,0,0,N
1270048.987,205750.8851,2257,86700,86700,2828590,Matched,Block,,S BRANDON ST BETWEEN 1ST AVE S AND 2ND AVE S,,,1,Property Damage Only Collision,Parked Car,2,0,0,2,0,0,0,2008/04/29 00:00:00+00,4/29/2008 8:00,Mid-Block (not related to intersection),11,"MOTOR VEHICLE STRUCK MOTOR VEHICLE, FRONT END AT ANGLE",,0,Overcast,Dry,Daylight,,8120014,,32,One parked--one moving,0,0,N
1271096.648,210036.6778,2258,187100,187180,C786758,Unmatched,Block,,4TH AVE S BETWEEN DIAGONAL AVE S AND COSTCO DR, ,,0,Unknown,,0,0,0,0,0,0,0,2014/01/30 00:00:00+00,1/30/2014,Mid-Block (but intersection related),14,"MOTOR VEHICLE STRUCK MOTOR VEHICLE, REAR END",,,,,,,,, ,,0,0,N
1267446.957,212149.532,2259,108200,108200,3374089,Matched,Block,,S SPOKANE ST BETWEEN SW SPOKANE ST AND S SPOKANE NR ST,,,2,Injury Collision,Right Turn,3,0,0,2,1,0,0,2010/09/28 00:00:00+00,9/28/2010 7:42,Mid-Block (not related to intersection),11,"MOTOR VEHICLE STRUCK MOTOR VEHICLE, FRONT END AT ANGLE",,N,Clear,Dry,Daylight,,10271016,,16,From same direction - one right turn - one straight,0,0,N
1264911.174,254025.9701,2260,233800,234200,3767196,Matched,Intersection,24063,1ST AVE NW AND NW 79TH ST, ,,1,Property Damage Only Collision,Angles,3,0,0,3,0,0,0,2017/01/23 00:00:00+00,1/23/2017 20:55,At Intersection (intersection related),11,"MOTOR VEHICLE STRUCK MOTOR VEHICLE, FRONT END AT ANGLE",,N,Clear,Dry,Dark - Street Lights On,,,,10,Entering at angle,0,0,N
1277848.146,216522.7936,2261,69800,69800,2612312,Matched,Block,,RAINIER AVE S BETWEEN 23RD AVE S AND S WALKER ST,,,2,Injury Collision,Other,1,0,0,1,1,0,0,2007/02/08 00:00:00+00,2/8/2007,Mid-Block (not related to intersection),28,MOTOR VEHICLE RAN OFF ROAD - HIT FIXED OBJECT,,0,Clear,Dry,Dark - Street Lights On,,7039007,,50,Fixed object,0,0,N
1260663.075,210305.9865,2262,208600,208800,3732104,Matched,Block,,SW AVALON WAY BETWEEN 30TH AVE SW AND SW GENESEE ST, ,,2,Injury Collision,Rear Ended,3,0,0,3,1,0,0,2015/12/07 00:00:00+00,12/7/2015 19:49,Mid-Block (but intersection related),14,"MOTOR VEHICLE STRUCK MOTOR VEHICLE, REAR END",Y,N,Overcast,Wet,Dark - Street Lights On,,,,14,From same direction - both going straight - one stopped - rear-end,0,0,N
1270485.448,222787.6192,2263,174700,174720,3641410,Matched,Intersection,30490,OCCIDENTAL AVE S AND S WASHINGTON ST, ,,2,Injury Collision,Pedestrian,2,1,0,1,1,0,0,2014/09/06 00:00:00+00,9/6/2014 2:30,At Intersection (intersection related),24,MOTOR VEHCILE STRUCK PEDESTRIAN,,N,Clear,Dry,Dark - Street Lights On,,,,1,Vehicle turning right hits pedestrian,0,0,N
1265099.745,231538.7478,2264,127900,127900,3560580,Matched,Intersection,28919,1ST AVE N AND MERCER ST,,,1,Property Damage Only Collision,Right Turn,2,0,0,2,0,0,0,2011/05/14 00:00:00+00,5/14/2011 21:47,At Intersection (intersection related),11,"MOTOR VEHICLE STRUCK MOTOR VEHICLE, FRONT END AT ANGLE",,N,Raining,Wet,Dark - Street Lights On,,11134003,,16,From same direction - one right turn - one straight,0,0,N
1272514.014,238421.0841,2265,169800,169820,3701767,Matched,Block,,EASTLAKE AVE E BETWEEN E ROANOKE ST AND E EDGAR ST, ,,1,Property Damage Only Collision,Parked Car,2,0,0,2,0,0,0,2014/05/15 00:00:00+00,5/15/2014 2:00,Mid-Block (not related to intersection),11,"MOTOR VEHICLE STRUCK MOTOR VEHICLE, FRONT END AT ANGLE",Y,N,Clear,Dry,Dark - Street Lights On,,,,32,One parked--one moving,0,0,N
1260900.323,245881.4489,2266,139800,139800,3569015,Matched,Intersection,25456,14TH AVE NW AND NW LEARY WAY, ,,2,Injury Collision,Angles,2,0,0,2,1,0,0,2012/01/05 00:00:00+00,1/5/2012 9:27,At Intersection (intersection related),11,"MOTOR VEHICLE STRUCK MOTOR VEHICLE, FRONT END AT ANGLE",,N,Clear,Dry,Daylight,,12005009,,10,Entering at angle,0,0,N
1265751.686,231841.1916,2267,199100,199240,3739216,Matched,Intersection,28884,2ND AVE N AND ROY ST, ,,2,Injury Collision,Pedestrian,2,1,0,1,1,0,0,2015/07/31 00:00:00+00,7/31/2015 17:48,At Intersection (intersection related),24,MOTOR VEHCILE STRUCK PEDESTRIAN,,N,,,,,,,0,Vehicle going straight hits pedestrian,0,622682,N
1271118.434,228090.2473,2268,113300,113300,3346338,Matched,Intersection,29865,BOREN AVE AND OLIVE WAY,,,1,Property Damage Only Collision,Left Turn,2,0,0,2,0,0,0,2010/11/13 00:00:00+00,11/13/2010 15:24,At Intersection (intersection related),11,"MOTOR VEHICLE STRUCK MOTOR VEHICLE, FRONT END AT ANGLE",,N,Overcast,Wet,Unknown,,10317016,,28,From opposite direction - one left turn - one straight,0,0,N
1281807.027,218770.6341,2269,265300,266099,3702200,Matched,Block,,LAKESIDE AVE S BETWEEN S IRVING ST AND S DAY ST, ,,2,Injury Collision,Other,1,0,0,1,1,0,0,2018/01/12 00:00:00+00,1/12/2018 23:00,Mid-Block (not related to intersection),28,MOTOR VEHICLE RAN OFF ROAD - HIT FIXED OBJECT,,Y,Overcast,Wet,Dark - Street Lights On,,,,50,Fixed object,0,0,N
1272811.981,212100.764,2270,73100,73100,2619205,Matched,Intersection,32273,I5 SB - W SEATTLE BR RP AND WEST SEATTLE BR WB,,,2,Injury Collision,Other,7,0,0,4,2,0,0,2007/07/05 00:00:00+00,7/5/2007,At Intersection (intersection related),11,"MOTOR VEHICLE STRUCK MOTOR VEHICLE, FRONT END AT ANGLE",,1,Clear,Dry,Dark - Street Lights On,,7186034,,23,From same direction - all others,0,0,N
1276266.032,257138.3263,2271,186300,186380,3708260,Matched,Block,,15TH AVE NE BETWEEN NE 91ST ST AND NE 92ND ST, ,,2,Injury Collision,Parked Car,3,0,0,2,1,0,0,2015/02/28 00:00:00+00,2/28/2015 0:31,Mid-Block (not related to intersection),13,"MOTOR VEHICLE STRUCK MOTOR VEHICLE, LEFT SIDE AT ANGLE",,Y,Clear,Dry,,,,,32,One parked--one moving,0,0,N
1270194.928,198446.5007,2272,80400,80400,2609724,Matched,Intersection,34281,WEST MARGINAL WAY S AND S HOLDEN ST,,,2,Injury Collision,Left Turn,2,0,0,2,2,0,0,2008/08/27 00:00:00+00,8/27/2008 0:55,At Intersection (intersection related),11,"MOTOR VEHICLE STRUCK MOTOR VEHICLE, FRONT END AT ANGLE",,0,Raining,Wet,Dark - Street Lights On,,8240013,,28,From opposite direction - one left turn - one straight,0,0,N
1270280.7,225081.5149,2273,212400,212680,3791012,Unmatched,Block,,4TH AVE BETWEEN SPRING ST AND SENECA ST,NEI,"Not Enough Information, or Insufficient Location Information",0,Unknown,,0,0,0,0,0,0,0,2016/01/26 00:00:00+00,1/26/2016,,0,NOT ENOUGH INFORMATION / NOT APPLICABLE,,,,,,,,, ,,0,0,N
1270830.828,249063.9536,2274,123900,123900,3466580,Matched,Intersection,25478,MERIDIAN AVE N AND N 61ST ST,,,2,Injury Collision,Cycles,2,0,1,1,1,0,0,2011/08/17 00:00:00+00,8/17/2011 21:00,At Intersection (intersection related),18,"MOTOR VEHICLE STRUCK PEDALCYCLIST, FRONT END AT ANGLE",,Y,Clear,Dry,Dark - Street Lights On,Y,11229018,Y,45,Vehicle - Pedalcyclist,31796,0,N
1271466.343,225605.6644,2275,93700,93700,9143031,Unmatched,Intersection,29926,8TH AVE AND SPRING ST,,,0,Unknown,,0,0,0,0,0,0,0,2009/05/23 00:00:00+00,5/23/2009,At Intersection (but not related to intersection),11,"MOTOR VEHICLE STRUCK MOTOR VEHICLE, FRONT END AT ANGLE",,,,,,,9143031,,,,0,0,N
1273633.238,244778.7874,2276,133200,133200,3504791,Matched,Block,,NE 45TH ST BETWEEN 5TH AVE NE AND 7TH AVE NE,,,2,Injury Collision,Rear Ended,2,0,0,2,1,0,0,2012/04/18 00:00:00+00,4/18/2012 11:45,Mid-Block (not related to intersection),14,"MOTOR VEHICLE STRUCK MOTOR VEHICLE, REAR END",Y,N,Clear,Dry,Daylight,,12109018,,14,From same direction - both going straight - one stopped - rear-end,0,0,N
1267261.305,239739.3068,2277,207900,208100,3737240,Matched,Block,,AURORA BR BETWEEN RAYE ST AND BRIDGE WAY N, ,,1,Property Damage Only Collision,Head On,2,0,0,2,0,0,0,2015/11/28 00:00:00+00,11/28/2015 7:41,Mid-Block (not related to intersection),11,"MOTOR VEHICLE STRUCK MOTOR VEHICLE, FRONT END AT ANGLE",,N,Clear,Dry,Daylight,,,,30,From opposite direction - all others,0,0,N
1275021.384,227951.8375,2278,122400,122400,3377071,Matched,Block,,E PINE ST BETWEEN 13TH AVE AND 14TH AVE,,,1,Property Damage Only Collision,Parked Car,2,0,0,2,0,0,0,2011/01/06 00:00:00+00,1/6/2011 12:58,Mid-Block (not related to intersection),13,"MOTOR VEHICLE STRUCK MOTOR VEHICLE, LEFT SIDE AT ANGLE",,N,Unknown,Unknown,Unknown,,11006010,,32,One parked--one moving,0,0,N
1271276.504,223714.5061,2279,209700,209920,3776043,Matched,Block,,JAMES ST BETWEEN 4TH AVE AND 5TH AVE, ,,1,Property Damage Only Collision,Rear Ended,2,0,0,2,0,0,0,2015/12/17 00:00:00+00,12/17/2015 19:38,Mid-Block (but intersection related),14,"MOTOR VEHICLE STRUCK MOTOR VEHICLE, REAR END",,N,Unknown,Unknown,Unknown,,,,14,From same direction - both going straight - one stopped - rear-end,0,0,N
1268389.231,229274.0702,2280,208800,209020,3789013,Matched,Block,,DENNY WAY BETWEEN DEXTER AVE AND 8TH AVE, ,,1,Property Damage Only Collision,Sideswipe,4,0,0,3,0,0,0,2015/12/04 00:00:00+00,12/4/2015 11:51,Mid-Block (not related to intersection),11,"MOTOR VEHICLE STRUCK MOTOR VEHICLE, FRONT END AT ANGLE",Y,N,Clear,Dry,Daylight,,,,11,From same direction - both going straight - both moving - sideswipe,0,0,N
1271665.808,225900.9749,2281,170800,170820,3699943,Matched,Block,,9TH AVE BETWEEN SPRING ST AND SENECA ST, ,,1,Property Damage Only Collision,Parked Car,2,0,0,2,0,0,0,2014/06/26 00:00:00+00,6/26/2014 17:00,,0,NOT ENOUGH INFORMATION / NOT APPLICABLE,,N,Unknown,Unknown,Unknown,,,,32,One parked--one moving,0,0,N
1274432.153,244755.6278,2282,87700,87700,2897452,Matched,Block,,NE 45TH ST BETWEEN 9TH W AVE NE AND 9TH E AVE NE,,,1,Property Damage Only Collision,Sideswipe,3,0,0,2,0,0,0,2008/02/29 00:00:00+00,2/29/2008 8:14,Mid-Block (not related to intersection),16,"MOTOR VEHICLE STRUCK MOTOR VEHICLE, LEFT SIDE SIDESWIPE",,0,Clear,Dry,Daylight,,8060038,,11,From same direction - both going straight - both moving - sideswipe,0,0,N
1279481.348,265818.8784,2283,128000,128000,3564614,Matched,Block,,NE 125TH ST BETWEEN 26TH AVE NE AND 27TH AVE NE,,,2,Injury Collision,Angles,2,0,0,2,1,0,0,2011/08/31 00:00:00+00,8/31/2011 15:14,Driveway Junction,11,"MOTOR VEHICLE STRUCK MOTOR VEHICLE, FRONT END AT ANGLE",,0,Clear,Dry,Daylight,,11243018,,10,Entering at angle,0,0,N
1264825.159,233208.8617,2284,140800,140800,3503568,Matched,Block,,QUEEN ANNE AVE N BETWEEN PROSPECT ST AND HIGHLAND DR,,,1,Property Damage Only Collision,Rear Ended,2,0,0,2,0,0,0,2012/07/17 00:00:00+00,7/17/2012 12:58,Mid-Block (but intersection related),14,"MOTOR VEHICLE STRUCK MOTOR VEHICLE, REAR END",,Y,Clear,Dry,Daylight,,12199007,,14,From same direction - both going straight - one stopped - rear-end,0,0,N
1264781.905,231705.6826,2285,260300,261000,E747412,Matched,Block,,QUEEN ANNE AVE N BETWEEN MERCER ST AND ROY ST, ,,1,Property Damage Only Collision,Parked Car,3,0,0,2,0,0,0,2017/12/14 00:00:00+00,12/14/2017 10:02,Mid-Block (not related to intersection),11,"MOTOR VEHICLE STRUCK MOTOR VEHICLE, FRONT END AT ANGLE",Y,N,Overcast,Dry,Daylight,,,,19,One car entering parked position,0,0,N
1281392.373,207174.6888,2286,72600,72600,2613065,Matched,Block,,S EDMUNDS ST BETWEEN 35TH AVE S AND 37TH AVE S,,,1,Property Damage Only Collision,Parked Car,2,0,0,2,0,0,0,2007/06/13 00:00:00+00,6/13/2007 17:30,Driveway Junction,14,"MOTOR VEHICLE STRUCK MOTOR VEHICLE, REAR END",Y,0,Clear,Dry,Daylight,,7164020,,32,One parked--one moving,0,0,N