X,Y,OBJECTID,INCKEY,COLDETKEY,REPORTNO,STATUS,ADDRTYPE,INTKEY,LOCATION,EXCEPTRSNCODE,EXCEPTRSNDESC,SEVERITYCODE,SEVERITYDESC,COLLISIONTYPE,PERSONCOUNT,PEDCOUNT,PEDCYLCOUNT,VEHCOUNT,INJURIES,SERIOUSINJURIES,FATALITIES,INCDATE,INCDTTM,JUNCTIONTYPE,SDOT_COLCODE,SDOT_COLDESC,INATTENTIONIND,UNDERINFL,WEATHER,ROADCOND,LIGHTCOND,PEDROWNOTGRNT,SDOTCOLNUM,SPEEDING,ST_COLCODE,ST_COLDESC,SEGLANEKEY,CROSSWALKKEY,HITPARKEDCAR
1258734.049,241061.677,2287,220400,220680,3703708,Matched,Intersection,26465,20TH AVE W AND GILMAN AVE W, ,,2,Injury Collision,Cycles,2,0,1,1,1,0,0,2016/05/31 00:00:00+00,5/31/2016 18:25,At Intersection (intersection related),18,"MOTOR VEHICLE STRUCK PEDALCYCLIST, FRONT END AT ANGLE",Y,N,Clear,Dry,Daylight,,,,45,Vehicle - Pedalcyclist,15402,0,N
1283638.99,196517.4126,2288,73400,73400,2611150,Matched,Block,,S ROSE ST BETWEEN RENTON N AVE S AND 44TH PL S,,,2,Injury Collision,Pedestrian,2,1,0,1,1,0,0,2007/12/22 00:00:00+00,12/22/2007 16:34,Mid-Block (not related to intersection),44,DRIVERLESS VEHICLE STRUCK PEDESTRIAN,,0,Overcast,Dry,Dusk,,7356007,,4,Vehicle hits Pedestrian - All Other Actions,0,0,N
1282036.836,222986.6061,2289,185200,185280,3700975,Matched,Block,,ERIE AVE BETWEEN DEAD END AND LAKE WASHINGTON BLVD, ,,1,Property Damage Only Collision,Parked Car,2,0,0,2,0,0,0,2015/02/01 00:00:00+00,2/1/2015 19:00,Mid-Block (not related to intersection),11,"MOTOR VEHICLE STRUCK MOTOR VEHICLE, FRONT END AT ANGLE",,N,Unknown,Dry,Dark - Street Lights On,,,,32,One parked--one moving,0,0,N
1274474.082,223670.7575,2290,108000,108000,3329784,Matched,Intersection,29839,12TH AVE AND E SPRUCE ST,,,1,Property Damage Only Collision,Parked Car,3,0,0,2,0,0,0,2010/06/28 00:00:00+00,6/28/2010 16:51,At Intersection (intersection related),14,"MOTOR VEHICLE STRUCK MOTOR VEHICLE, REAR END",,N,Clear,Dry,Daylight,,10179008,,32,One parked--one moving,0,0,N
1275259.148,250033.3503,2291,193400,193480,E423781,Matched,Intersection,24501,12TH AVE NE AND NE 65TH ST, ,,2,Injury Collision,Pedestrian,0,1,0,1,1,0,0,2015/05/11 00:00:00+00,5/11/2015 21:18,At Intersection (intersection related),24,MOTOR VEHCILE STRUCK PEDESTRIAN,,N,Overcast,Dry,Dark - Street Lights On,,,,2,Vehicle turning left hits pedestrian,0,524481,N
1262730.18,206012.9169,2292,138000,138000,2793092,Matched,Block,,DELRIDGE WAY SW BETWEEN PUGET BLVD SW AND SW BRANDON ST,,,2,Injury Collision,Rear Ended,4,0,0,3,2,0,0,2012/06/22 00:00:00+00,6/22/2012 18:30,Mid-Block (not related to intersection),14,"MOTOR VEHICLE STRUCK MOTOR VEHICLE, REAR END",Y,N,Raining,Wet,Daylight,,12174039,,14,From same direction - both going straight - one stopped - rear-end,0,0,N
,,2293,149100,149120,E208276,Matched,,,,NEI,"Not Enough Information, or Insufficient Location Information",1,Property Damage Only Collision,Rear Ended,2,0,0,2,0,0,0,2012/11/24 00:00:00+00,11/24/2012 17:28,,0,NOT ENOUGH INFORMATION / NOT APPLICABLE,,N,Overcast,Dry,Dusk,,,,14,From same direction - both going straight - one stopped - rear-end,0,0,N
1259451.535,209865.8127,2294,207300,207500,E480760,Matched,Block,,FAUNTLEROY WAY SW BETWEEN WEST SEATTLE BR EB AND SW GENESEE W ST, ,,2,Injury Collision,Rear Ended,4,0,0,2,1,0,0,2015/11/10 00:00:00+00,11/10/2015 22:05,Mid-Block (but intersection related),14,"MOTOR VEHICLE STRUCK MOTOR VEHICLE, REAR END",,N,Raining,Wet,Dark - Street Lights On,,,,13,From same direction - both going straight - both moving - rear-end,0,0,N
1268874.729,232691.5875,2295,136400,136400,3581881,Matched,Block,,WESTLAKE AVE N BETWEEN ALOHA N ST AND 8TH S AVE N,,,1,Property Damage Only Collision,Right Turn,4,0,0,2,0,0,0,2012/12/13 00:00:00+00,12/13/2012 9:12,Driveway Junction,11,"MOTOR VEHICLE STRUCK MOTOR VEHICLE, FRONT END AT ANGLE",,N,Overcast,Dry,Daylight,,12348009,,16,From same direction - one right turn - one straight,0,0,N
1260954.943,212361.5149,2296,210300,210540,3563619,Matched,Intersection,32116,HARBOR AVE SW AND SW SPOKANE NR ST, ,,1,Property Damage Only Collision,Left Turn,2,0,0,2,0,0,0,2015/12/29 00:00:00+00,12/29/2015 11:10,At Intersection (intersection related),11,"MOTOR VEHICLE STRUCK MOTOR VEHICLE, FRONT END AT ANGLE",,N,Clear,Dry,Daylight,,,,28,From opposite direction - one left turn - one straight,0,0,N
1264230.282,252971.0896,2297,177400,177420,3706460,Matched,Intersection,24072,3RD AVE NW AND NW 75TH ST, ,,1,Property Damage Only Collision,Angles,2,0,0,2,0,0,0,2014/10/05 00:00:00+00,10/5/2014 8:56,At Intersection (intersection related),11,"MOTOR VEHICLE STRUCK MOTOR VEHICLE, FRONT END AT ANGLE",,N,Clear,Dry,Daylight,,,,10,Entering at angle,0,0,N
1271403.979,201517.6662,2298,82300,82300,2894257,Matched,Block,,EAST MARGINAL WAY S BETWEEN S RIVER ST AND S BRIGHTON ST,,,2,Injury Collision,Cycles,2,0,1,1,1,0,0,2008/08/05 00:00:00+00,8/5/2008,Mid-Block (but intersection related),21,"MOTOR VEHICLE STRUCK PEDALCYCLIST, REAR END",,0,Clear,Dry,Daylight,,8218038,,45,Vehicle - Pedalcyclist,20579,0,N
1267054.144,227552.688,2299,198500,198640,3734364,Matched,Block,,1ST AVE BETWEEN BELL ST AND BATTERY ST, ,,1,Property Damage Only Collision,Parked Car,2,0,0,2,0,0,0,2015/07/21 00:00:00+00,7/21/2015 14:00,Mid-Block (not related to intersection),13,"MOTOR VEHICLE STRUCK MOTOR VEHICLE, LEFT SIDE AT ANGLE",,N,Clear,Dry,Daylight,,,,32,One parked--one moving,0,0,N
1269891.666,212084.9812,2300,71500,71500,7122054,Unmatched,Block,,WEST SEATTLE BR EB BETWEEN W SEA BR EB 4 AV OFF RP AND 1ST AV S OFF RP,,,0,Unknown,,0,0,0,0,0,0,0,2007/05/02 00:00:00+00,5/2/2007,Mid-Block (not related to intersection),14,"MOTOR VEHICLE STRUCK MOTOR VEHICLE, REAR END",,,,,,,7122054,,,,0,0,N
1253970.211,244282.347,2301,121700,121700,3564434,Matched,Block,,W GOVERNMENT WAY BETWEEN 34TH AVE W AND 35TH AVE W,,,1,Property Damage Only Collision,Rear Ended,2,0,0,2,0,0,0,2011/12/11 00:00:00+00,12/11/2011 11:45,Mid-Block (but intersection related),14,"MOTOR VEHICLE STRUCK MOTOR VEHICLE, REAR END",,N,Overcast,Unknown,Daylight,,11345020,,14,From same direction - both going straight - one stopped - rear-end,0,0,N
1270215.372,225823.7195,2302,166800,166820,3641318,Matched,Block,,5TH AVE BETWEEN UNIVERSITY ST AND UNION ST, ,,2,Injury Collision,Rear Ended,3,0,0,2,1,0,0,2014/04/19 00:00:00+00,4/19/2014 21:21,Mid-Block (not related to intersection),14,"MOTOR VEHICLE STRUCK MOTOR VEHICLE, REAR END",Y,N,Clear,Dry,Dark - Street Lights On,,,,13,From same direction - both going straight - both moving - rear-end,0,0,N
1276879.392,223318.033,2303,143800,143800,3553025,Matched,Block,,E FIR ST BETWEEN 19TH AVE AND 20TH AVE, ,,1,Property Damage Only Collision,Parked Car,2,0,0,2,0,0,0,2013/01/12 00:00:00+00,1/12/2013 9:44,Mid-Block (not related to intersection),16,"MOTOR VEHICLE STRUCK MOTOR VEHICLE, LEFT SIDE SIDESWIPE",,N,Unknown,Ice,Unknown,,13012013,,32,One parked--one moving,0,0,N
1263148.509,196118.1327,2304,211000,211240,C807355,Unmatched,Block,,DELRIDGE WAY SW BETWEEN SW THISTLE ST AND SW CLOVERDALE ST, ,,1,Property Damage Only Collision,,2,0,0,0,0,0,0,2015/10/09 00:00:00+00,10/9/2015,Mid-Block (not related to intersection),14,"MOTOR VEHICLE STRUCK MOTOR VEHICLE, REAR END",,,,,,,,, ,,0,0,N
1267739.485,252643.8968,2305,159900,159920,3572967,Matched,Intersection,24315,LINDEN AVE N AND N 74TH ST, ,,2,Injury Collision,Angles,2,0,0,2,1,0,0,2014/01/10 00:00:00+00,1/10/2014 16:15,At Intersection (intersection related),11,"MOTOR VEHICLE STRUCK MOTOR VEHICLE, FRONT END AT ANGLE",Y,N,Raining,Wet,Dusk,,,,10,Entering at angle,0,0,N
1266330.553,260882.8231,2306,237200,237640,3762514,Matched,Intersection,36421,DAYTON AVE N AND N 105TH ST, ,,2,Injury Collision,Left Turn,2,0,0,2,1,0,0,2017/03/21 00:00:00+00,3/21/2017 16:59,At Intersection (intersection related),11,"MOTOR VEHICLE STRUCK MOTOR VEHICLE, FRONT END AT ANGLE",,N,Clear,Dry,Daylight,,,,28,From opposite direction - one left turn - one straight,0,0,N
1269289.659,223605.9345,2307,106800,106800,3329857,Matched,Intersection,30379,ALASKAN WAY AND MARION ST,,,1,Property Damage Only Collision,Left Turn,2,0,0,2,0,0,0,2010/07/06 00:00:00+00,7/6/2010 14:55,At Intersection (intersection related),11,"MOTOR VEHICLE STRUCK MOTOR VEHICLE, FRONT END AT ANGLE",,N,Clear,Dry,Daylight,,10187003,,28,From opposite direction - one left turn - one straight,0,0,N
1282026.316,213215.196,2308,146600,146620,C772926,Unmatched,Block,,S HANFORD ST BETWEEN 37TH AVE S AND HUNTER WR BLVD S, ,,1,Property Damage Only Collision,,1,0,0,0,0,0,0,2012/12/09 00:00:00+00,12/9/2012,Mid-Block (not related to intersection),14,"MOTOR VEHICLE STRUCK MOTOR VEHICLE, REAR END",,,,,,,,, ,,0,0,N
1286198.634,247691.4813,2309,109700,109700,3565428,Matched,Intersection,26122,SAND POINT WAY NE AND NE WINDERMERE RD,,,1,Property Damage Only Collision,Angles,5,0,0,2,0,0,0,2010/10/13 00:00:00+00,10/13/2010 8:58,At Intersection (intersection related),11,"MOTOR VEHICLE STRUCK MOTOR VEHICLE, FRONT END AT ANGLE",,N,Clear,Dry,Daylight,,10286019,,10,Entering at angle,0,0,N
1264133.883,249664.581,2310,234700,235100,3762295,Matched,Intersection,25259,3RD AVE NW AND NW 62ND ST, ,,2,Injury Collision,Angles,3,0,0,2,1,0,0,2016/11/26 00:00:00+00,11/26/2016 16:06,At Intersection (intersection related),11,"MOTOR VEHICLE STRUCK MOTOR VEHICLE, FRONT END AT ANGLE",,N,Raining,Wet,Dark - Street Lights On,,,,10,Entering at angle,0,0,N
1273067.533,200033.49,2311,97700,97700,3296503,Matched,Intersection,34195,ELLIS AVE S AND EAST MARGINAL WAY S,,,2,Injury Collision,Other,3,0,0,1,2,0,0,2009/02/20 00:00:00+00,2/20/2009 5:35,At Intersection (intersection related),28,MOTOR VEHICLE RAN OFF ROAD - HIT FIXED OBJECT,Y,0,Fog/Smog/Smoke,Dry,Dark - Street Lights On,,9051020,,50,Fixed object,0,0,N
1265171.002,212128.0279,2312,150600,150620,3465343,Matched,Block,,SW SPOKANE BR BETWEEN SW SPOKANE E ST AND SW SPOKANE W ST, ,,2,Injury Collision,Other,3,0,0,2,3,0,0,2013/07/13 00:00:00+00,7/13/2013 13:21,Mid-Block (not related to intersection),11,"MOTOR VEHICLE STRUCK MOTOR VEHICLE, FRONT END AT ANGLE",,N,Clear,Dry,Daylight,,,,23,From same direction - all others,0,0,N
1276317.156,212323.1007,2313,74600,74600,2806848,Matched,Block,,BEACON AVE S BETWEEN S HINDS ST AND S SPOKANE ST,,,2,Injury Collision,Rear Ended,5,0,0,3,1,0,0,2007/08/23 00:00:00+00,8/23/2007 18:35,Mid-Block (not related to intersection),14,"MOTOR VEHICLE STRUCK MOTOR VEHICLE, REAR END",,0,Clear,Dry,Daylight,,7235018,,14,From same direction - both going straight - one stopped - rear-end,0,0,N
1274173.643,249911.0453,2314,128200,128200,3554176,Matched,Block,,8TH AVE NE BETWEEN NE 64TH ST AND NE 65TH ST,,,1,Property Damage Only Collision,Sideswipe,2,0,0,2,0,0,0,2011/12/02 00:00:00+00,12/2/2011 7:14,Mid-Block (but intersection related),11,"MOTOR VEHICLE STRUCK MOTOR VEHICLE, FRONT END AT ANGLE",,N,Clear,Wet,Dawn,,11336027,,72,Same direction -- both turning right -- one stopped -- sideswipe,0,0,N
1275265.821,222989.1072,2315,179100,179140,3672875,Matched,Block,,E YESLER WAY BETWEEN 14TH AVE AND 15TH AVE, ,,1,Property Damage Only Collision,Left Turn,2,0,0,2,0,0,0,2014/11/05 00:00:00+00,11/5/2014 22:19,Mid-Block (not related to intersection),14,"MOTOR VEHICLE STRUCK MOTOR VEHICLE, REAR END",Y,N,Raining,Wet,Dark - Street Lights On,,,,15,From same direction - one left turn - one straight,0,0,N
1258164.46,218374.7706,2316,236200,236640,3744680,Matched,Block,,SW MASSACHUSETTS ST BETWEEN ARCH AVE SW AND FERRY AVE SW, ,,1,Property Damage Only Collision,Parked Car,2,0,0,2,0,0,0,2017/02/16 00:00:00+00,2/16/2017 15:30,Mid-Block (not related to intersection),12,"MOTOR VEHICLE STRUCK MOTOR VEHICLE, RIGHT SIDE AT ANGLE",,N,Overcast,Dry,Daylight,,,,32,One parked--one moving,0,0,Y
1280325.224,265795.6751,2317,120300,120300,3564823,Matched,Intersection,36602,30TH AVE NE AND NE 125TH ST,,,2,Injury Collision,Angles,2,0,0,2,1,0,0,2011/08/15 00:00:00+00,8/15/2011 7:57,At Intersection (intersection related),11,"MOTOR VEHICLE STRUCK MOTOR VEHICLE, FRONT END AT ANGLE",,0,Overcast,Dry,Daylight,,11227006,,10,Entering at angle,0,0,N
1267545.098,241679.2023,2318,239500,239940,E607753,Unmatched,Block,,BRIDGE WAY N BETWEEN AURORA AV N NB OFF RP AND N 38TH ST,NEI,"Not Enough Information, or Insufficient Location Information",0,Unknown,,0,0,0,0,0,0,0,2016/11/11 00:00:00+00,11/11/2016,,0,NOT ENOUGH INFORMATION / NOT APPLICABLE,,,,,,,,, ,,0,0,N
1283579.625,243526.7878,2319,188900,188980,3575440,Matched,Intersection,27420,43RD AVE NE AND NE 41ST ST, ,,1,Property Damage Only Collision,Angles,2,0,0,2,0,0,0,2015/04/03 00:00:00+00,4/3/2015 23:42,At Intersection (intersection related),11,"MOTOR VEHICLE STRUCK MOTOR VEHICLE, FRONT END AT ANGLE",,N,Clear,Dry,Dark - Street Lights On,,,,10,Entering at angle,0,0,N
1258509.863,211635.8798,2320,114500,114500,3342849,Matched,Block,,38TH AVE SW BETWEEN SW CHARLESTOWN ST AND BELVIDERE AVE SW,,,1,Property Damage Only Collision,Parked Car,2,0,0,2,0,0,0,2010/10/10 00:00:00+00,10/10/2010 23:05,Mid-Block (not related to intersection),11,"MOTOR VEHICLE STRUCK MOTOR VEHICLE, FRONT END AT ANGLE",,N,Overcast,Wet,Dark - Street Lights On,,10283016,,32,One parked--one moving,0,0,N
1281386.391,269392.7869,2321,186900,186980,3708262,Matched,Block,,LAKE CITY WAY NE BETWEEN NE 137TH ST AND NE 140TH ST, ,,1,Property Damage Only Collision,Left Turn,2,0,0,2,0,0,0,2015/03/04 00:00:00+00,3/4/2015 7:28,Mid-Block (but intersection related),11,"MOTOR VEHICLE STRUCK MOTOR VEHICLE, FRONT END AT ANGLE",,N,Clear,Dry,Daylight,,,,28,From opposite direction - one left turn - one straight,0,0,N
1268223.333,253569.5048,2322,108800,108800,2881319,Matched,Block,,AURORA AVE N BETWEEN N 77TH ST AND N 78TH ST,,,2,Injury Collision,Rear Ended,5,0,0,4,2,0,0,2010/08/10 00:00:00+00,8/10/2010 17:59,Mid-Block (not related to intersection),14,"MOTOR VEHICLE STRUCK MOTOR VEHICLE, REAR END",,N,Clear,Dry,Daylight,,10222024,,14,From same direction - both going straight - one stopped - rear-end,0,0,N
1278932.994,216335.4121,2323,233500,233900,3756176,Matched,Intersection,31451,M L KING JR WAY S AND S WALKER ST, ,,2,Injury Collision,Right Turn,3,0,0,2,1,0,0,2017/01/09 00:00:00+00,1/9/2017 18:32,At Intersection (intersection related),11,"MOTOR VEHICLE STRUCK MOTOR VEHICLE, FRONT END AT ANGLE",,N,Raining,Wet,Dark - Street Lights On,,,,16,From same direction - one right turn - one straight,0,0,N
1273067.125,195585.1012,2324,69600,69600,2798152,Matched,Intersection,35095,10TH AVE S AND S CLOVERDALE ST,,,1,Property Damage Only Collision,Angles,2,0,0,2,0,0,0,2007/03/23 00:00:00+00,3/23/2007 16:16,At Intersection (intersection related),14,"MOTOR VEHICLE STRUCK MOTOR VEHICLE, REAR END",,0,Overcast,Wet,Daylight,,7082017,,10,Entering at angle,0,0,N
,,2325,156500,156520,3374835,Matched,,,,NEI,"Not Enough Information, or Insufficient Location Information",2b,Serious Injury Collision,Left Turn,7,0,0,3,1,1,0,2010/07/29 00:00:00+00,7/29/2010 16:35,Mid-Block (not related to intersection),11,"MOTOR VEHICLE STRUCK MOTOR VEHICLE, FRONT END AT ANGLE",,N,Clear,Dry,Daylight,,,,28,From opposite direction - one left turn - one straight,0,0,N
1270633.025,222171.9141,2326,286400,287260,3812063,Matched,Block,,S JACKSON ST BETWEEN OCCIDENTAL AVE S AND 2ND AVE S, ,,1,Property Damage Only Collision,Right Turn,2,0,0,2,0,0,0,2018/05/05 00:00:00+00,5/5/2018 22:46,Mid-Block (not related to intersection),11,"MOTOR VEHICLE STRUCK MOTOR VEHICLE, FRONT END AT ANGLE",,N,Clear,Dry,Dark - Street Lights On,,,,16,From same direction - one right turn - one straight,0,0,N
1276464.966,265914.3647,2327,154600,154620,3572904,Matched,Block,,NE 125TH ST BETWEEN 15TH AVE NE AND 16TH AVE NE, ,,1,Property Damage Only Collision,Angles,4,0,0,2,0,0,0,2013/09/21 00:00:00+00,9/21/2013 15:15,Driveway Junction,11,"MOTOR VEHICLE STRUCK MOTOR VEHICLE, FRONT END AT ANGLE",,N,Clear,Dry,Daylight,,,,10,Entering at angle,0,0,N
1270739.209,260119.782,2328,127500,127500,3328275,Matched,Block,,N 103RD ST BETWEEN WALLINGFORD AVE N AND MERIDIAN AVE N,,,1,Property Damage Only Collision,Parked Car,2,0,0,2,0,0,0,2011/09/05 00:00:00+00,9/5/2011,Driveway Junction,14,"MOTOR VEHICLE STRUCK MOTOR VEHICLE, REAR END",,0,Clear,Dry,Daylight,,11248014,,32,One parked--one moving,0,0,N
1270054.452,217404.5662,2329,157700,157720,3570763,Matched,Intersection,31345,1ST AVE S AND S HOLGATE ST, ,,1,Property Damage Only Collision,Sideswipe,2,0,0,2,0,0,0,2013/12/02 00:00:00+00,12/2/2013 8:45,At Intersection (intersection related),0,NOT ENOUGH INFORMATION / NOT APPLICABLE,,N,Unknown,Unknown,Daylight,,,,71,Same direction -- both turning right -- both moving -- sideswipe,0,0,N
1271960.696,228589.004,2330,197700,197820,3707435,Matched,Block,,E OLIVE WAY BETWEEN MELROSE AVE AND BELLEVUE AVE, ,,2,Injury Collision,Parked Car,2,0,0,2,1,0,0,2015/07/11 00:00:00+00,7/11/2015 2:09,Mid-Block (not related to intersection),13,"MOTOR VEHICLE STRUCK MOTOR VEHICLE, LEFT SIDE AT ANGLE",,N,Clear,Dry,Dark - Street Lights On,,,,32,One parked--one moving,0,0,N
1262742.759,208751.6369,2331,71400,71400,2613935,Matched,Block,,DELRIDGE WAY SW BETWEEN SW OREGON ST AND SW ALASKA ST,,,1,Property Damage Only Collision,Other,2,0,0,2,0,0,0,2007/07/31 00:00:00+00,7/31/2007 7:27,Driveway Junction,11,"MOTOR VEHICLE STRUCK MOTOR VEHICLE, FRONT END AT ANGLE",,0,Clear,Dry,Dawn,,7212023,,22,One car leaving driveway access,0,0,N
1281698.049,267054.9131,2332,168000,168020,3702955,Matched,Block,,35TH AVE NE BETWEEN NE 130TH S ST AND NE 130TH N ST, ,,1,Property Damage Only Collision,Parked Car,2,0,0,2,0,0,0,2014/05/11 00:00:00+00,5/11/2014 8:04,Mid-Block (not related to intersection),16,"MOTOR VEHICLE STRUCK MOTOR VEHICLE, LEFT SIDE SIDESWIPE",,N,Unknown,Unknown,Unknown,,,,32,One parked--one moving,0,0,N
1282833.758,250209.4886,2333,164400,164420,3503199,Matched,Block,,40TH AVE NE BETWEEN NE 65TH ST AND NE 68TH ST, ,,1,Property Damage Only Collision,Parked Car,2,0,0,2,0,0,0,2014/03/16 00:00:00+00,3/16/2014 17:00,Mid-Block (not related to intersection),11,"MOTOR VEHICLE STRUCK MOTOR VEHICLE, FRONT END AT ANGLE",,N,Raining,Wet,Daylight,,,,32,One parked--one moving,0,0,N
1276077.989,229535.7804,2334,80500,80500,2827250,Matched,Block,,E JOHN ST BETWEEN 16TH AVE E AND 17TH AVE E,,,1,Property Damage Only Collision,Rear Ended,2,0,0,2,0,0,0,2008/01/08 00:00:00+00,1/8/2008,Mid-Block (not related to intersection),14,"MOTOR VEHICLE STRUCK MOTOR VEHICLE, REAR END",,0,Overcast,Wet,Daylight,,8008039,,14,From same direction - both going straight - one stopped - rear-end,0,0,N
1268669.792,263478.2737,2335,213000,213280,3786978,Matched,Block,,N 115TH ST BETWEEN AURORA AVE N AND STONE AVE N, ,,1,Property Damage Only Collision,Angles,2,0,0,2,0,0,0,2016/02/04 00:00:00+00,2/4/2016 14:18,Driveway Junction,11,"MOTOR VEHICLE STRUCK MOTOR VEHICLE, FRONT END AT ANGLE",,N,Overcast,Dry,Daylight,,,,10,Entering at angle,0,0,N
1269455.295,227106.8494,2336,138300,138300,3581896,Matched,Intersection,29567,5TH AVE AND OLIVE WAY,,,1,Property Damage Only Collision,Left Turn,2,0,0,2,0,0,0,2012/12/29 00:00:00+00,12/29/2012 16:20,At Intersection (intersection related),11,"MOTOR VEHICLE STRUCK MOTOR VEHICLE, FRONT END AT ANGLE",,N,Raining,Wet,Dusk,,12364011,,15,From same direction - one left turn - one straight,0,0,N
1269527.551,224457.8103,2337,66200,66200,2898256,Matched,Intersection,29615,1ST AVE AND SPRING ST,,,1,Property Damage Only Collision,Rear Ended,2,0,0,2,0,0,0,2007/10/06 00:00:00+00,10/6/2007,At Intersection (intersection related),14,"MOTOR VEHICLE STRUCK MOTOR VEHICLE, REAR END",,0,Clear,Dry,Dark - Street Lights On,,7279020,,14,From same direction - both going straight - one stopped - rear-end,0,0,N
1280328.802,266124.8326,2338,190100,190180,3501585,Matched,Block,,30TH AVE NE BETWEEN NE 125TH ST AND NE 127TH ST, ,,2,Injury Collision,Parked Car,3,1,0,2,1,0,0,2015/04/06 00:00:00+00,4/6/2015 22:36,Mid-Block (not related to intersection),24,MOTOR VEHCILE STRUCK PEDESTRIAN,,N,Clear,Dry,Dark - Street Lights On,,,,32,One parked--one moving,0,0,N
1271709.773,223615.59,2339,246500,247080,3746733,Matched,Block,,JEFFERSON ST BETWEEN 5TH AVE AND 6TH AVE, ,,1,Property Damage Only Collision,Other,0,0,0,1,0,0,0,2017/08/17 00:00:00+00,8/17/2017 17:22,Mid-Block (not related to intersection),48,DRIVERLESS VEHICLE RAN OFF ROAD - HIT FIXED OBJECT,,N,Clear,Dry,Daylight,,,,50,Fixed object,0,0,N
1272077.442,221987.9812,2340,153000,153020,3574427,Matched,Block,,6TH AVE S BETWEEN S JACKSON ST AND S KING ST, ,,1,Property Damage Only Collision,Parked Car,4,0,0,2,0,0,0,2013/08/27 00:00:00+00,8/27/2013 16:21,Mid-Block (but intersection related),14,"MOTOR VEHICLE STRUCK MOTOR VEHICLE, REAR END",,N,Overcast,Dry,Daylight,,,,32,One parked--one moving,0,0,N
1268964.468,259498.4957,2341,293500,294520,C818654,Unmatched,Intersection,37300,STONE AVE N AND N 100TH ST, ,,0,Unknown,,0,0,0,0,0,0,0,2018/04/23 00:00:00+00,4/23/2018,At Intersection (intersection related),11,"MOTOR VEHICLE STRUCK MOTOR VEHICLE, FRONT END AT ANGLE",,,,,,,,, ,,0,0,N
1273799.179,206903.6708,2342,95500,95500,3344452,Matched,Block,,CORSON AVE S BETWEEN S SHELTON ST AND S HUDSON ST,,,2,Injury Collision,Pedestrian,2,1,0,1,1,0,0,2009/11/19 00:00:00+00,11/19/2009 16:58,Mid-Block (but intersection related),24,MOTOR VEHCILE STRUCK PEDESTRIAN,,0,Raining,Wet,Dark - Street Lights On,,9323016,Y,0,Vehicle going straight hits pedestrian,0,0,N
1282862.469,197782.2203,2343,215800,216060,E523305,Matched,Block,,M L KING JR WR WAY S BETWEEN S HOLDEN ST AND S CHICAGO ST, ,,1,Property Damage Only Collision,Other,3,0,0,2,0,0,0,2016/03/10 00:00:00+00,3/10/2016 12:14,Mid-Block (not related to intersection),25,MOTOR VEHICLE STRUCK TRAIN,,N,Raining,Wet,Daylight,,,,40,Railway Vehicle Strikes Vehicle,0,0,N
1281647.009,207698.0268,2344,70600,70600,2797408,Matched,Block,,RAINIER AVE S BETWEEN S ALASKA ST AND S ANGELINE ST,,,2,Injury Collision,Rear Ended,4,0,0,2,1,0,0,2007/12/22 00:00:00+00,12/22/2007 12:59,Mid-Block (but intersection related),14,"MOTOR VEHICLE STRUCK MOTOR VEHICLE, REAR END",Y,0,Clear,Wet,Daylight,,7356028,,13,From same direction - both going straight - both moving - rear-end,0,0,N
1265673.321,261229.3647,2345,192300,192380,3575323,Matched,Block,,GREENWOOD AVE N BETWEEN HOLMAN RD N AND N 107TH ST, ,,2,Injury Collision,Rear Ended,3,0,0,3,1,0,0,2015/05/06 00:00:00+00,5/6/2015 9:38,Mid-Block (but intersection related),14,"MOTOR VEHICLE STRUCK MOTOR VEHICLE, REAR END",Y,N,Overcast,Dry,Daylight,,,,13,From same direction - both going straight - both moving - rear-end,0,0,N
1266735.924,260872.3144,2346,102100,102100,3205936,Matched,Block,,N 105TH ST BETWEEN EVANSTON W AVE N AND EVANSTON E AVE N,,,2,Injury Collision,Sideswipe,2,0,0,2,1,0,0,2009/06/08 00:00:00+00,6/8/2009,Mid-Block (not related to intersection),11,"MOTOR VEHICLE STRUCK MOTOR VEHICLE, FRONT END AT ANGLE",,0,Clear,Dry,Daylight,,9159036,,11,From same direction - both going straight - both moving - sideswipe,0,0,N
1271330.823,255466.9968,2347,183700,183780,3641698,Matched,Block,,N 85TH ST BETWEEN MERIDIAN AVE N AND CORLISS WAY N, ,,1,Property Damage Only Collision,Other,1,0,0,1,0,0,0,2015/01/17 00:00:00+00,1/17/2015 23:04,Mid-Block (not related to intersection),26,MOTOR VEHICLE STRUCK OBJECT IN ROAD,,N,Raining,Wet,Dark - Street Lights On,,,,50,Fixed object,0,0,N
1269876.739,253725.9084,2348,211500,211740,C809259,Unmatched,Intersection,24243,GREEN LAKE DR N AND EAST GREEN LAKE DR N, ,,0,Unknown,,0,0,0,0,0,0,0,2015/12/08 00:00:00+00,12/8/2015,At Intersection (intersection related),11,"MOTOR VEHICLE STRUCK MOTOR VEHICLE, FRONT END AT ANGLE",,,,,,,,, ,,0,0,N
1273598.291,231402.4884,2349,192400,192480,3642653,Matched,Block,,BROADWAY E BETWEEN E MERCER ST AND E ROY E ST, ,,1,Property Damage Only Collision,Sideswipe,2,0,0,2,0,0,0,2015/05/05 00:00:00+00,5/5/2015 19:16,Mid-Block (but intersection related),11,"MOTOR VEHICLE STRUCK MOTOR VEHICLE, FRONT END AT ANGLE",,N,Raining,Wet,Dusk,,,,81,Same direction -- both turning left -- both moving -- sideswipe,0,0,N