X,Y,OBJECTID,INCKEY,COLDETKEY,REPORTNO,STATUS,ADDRTYPE,INTKEY,LOCATION,EXCEPTRSNCODE,EXCEPTRSNDESC,SEVERITYCODE,SEVERITYDESC,COLLISIONTYPE,PERSONCOUNT,PEDCOUNT,PEDCYLCOUNT,VEHCOUNT,INJURIES,SERIOUSINJURIES,FATALITIES,INCDATE,INCDTTM,JUNCTIONTYPE,SDOT_COLCODE,SDOT_COLDESC,INATTENTIONIND,UNDERINFL,WEATHER,ROADCOND,LIGHTCOND,PEDROWNOTGRNT,SDOTCOLNUM,SPEEDING,ST_COLCODE,ST_COLDESC,SEGLANEKEY,CROSSWALKKEY,HITPARKEDCAR
1265499.903,192404.3716,2350,116400,116400,3342535,Matched,Intersection,35062,12TH AVE SW AND SW ROXBURY ST,,,2,Injury Collision,Angles,2,0,0,2,2,0,0,2010/10/14 00:00:00+00,10/14/2010 16:37,At Intersection (intersection related),11,"MOTOR VEHICLE STRUCK MOTOR VEHICLE, FRONT END AT ANGLE",,N,Raining,Wet,Daylight,,10287023,,10,Entering at angle,0,0,N
1269008.401,229258.2097,2351,127200,127200,3375458,Matched,Intersection,29511,9TH AVE AND DENNY WAY,,,1,Property Damage Only Collision,Angles,5,0,0,2,0,0,0,2011/12/18 00:00:00+00,12/18/2011 16:28,At Intersection (intersection related),11,"MOTOR VEHICLE STRUCK MOTOR VEHICLE, FRONT END AT ANGLE",,N,Overcast,Dry,Dark - Street Lights On,,11352007,,10,Entering at angle,0,0,N
1271960.713,242705.3399,2352,268400,269180,E763891,Unmatched,Block,,N 40TH ST BETWEEN EASTERN AVE N AND 1ST AVE NE, ,,0,Unknown,,0,0,0,0,0,0,0,2018/01/29 00:00:00+00,1/29/2018,Mid-Block (not related to intersection),0,NOT ENOUGH INFORMATION / NOT APPLICABLE,,,,,,,,, ,,0,0,Y
1285706.443,205158.2161,2353,218000,218293,3735490,Matched,Intersection,33488,51ST AVE S AND S BRANDON ST, ,,1,Property Damage Only Collision,Angles,2,0,0,2,0,0,0,2016/04/20 00:00:00+00,4/20/2016 15:50,At Intersection (intersection related),11,"MOTOR VEHICLE STRUCK MOTOR VEHICLE, FRONT END AT ANGLE",,N,Clear,Dry,Daylight,,,,10,Entering at angle,0,0,N
1270239.063,202278.6325,2354,92300,92300,2892547,Matched,Block,,S MICHIGAN ST BETWEEN OCCIDENTAL AVE S AND EAST MARGINAL WAY S,,,1,Property Damage Only Collision,Other,2,0,0,2,0,0,0,2008/09/26 00:00:00+00,9/26/2008 16:11,Driveway Junction,11,"MOTOR VEHICLE STRUCK MOTOR VEHICLE, FRONT END AT ANGLE",,0,Clear,Dry,Daylight,,8270008,,22,One car leaving driveway access,0,0,N
1279587.972,225942.8932,2355,221700,221980,E552110,Matched,Intersection,30046,M L KING JR WAY AND E MARION ST, ,,1,Property Damage Only Collision,Rear Ended,2,0,0,2,0,0,0,2016/06/09 00:00:00+00,6/9/2016 15:59,At Intersection (but not related to intersection),14,"MOTOR VEHICLE STRUCK MOTOR VEHICLE, REAR END",,N,Overcast,Dry,Daylight,,,,14,From same direction - both going straight - one stopped - rear-end,0,0,N
1277536.727,255615.7872,2356,148200,148220,3206155,Matched,Intersection,37769,20TH AVE NE AND LAKE CITY WAY NE, ,,1,Property Damage Only Collision,Left Turn,2,0,0,2,0,0,0,2013/06/15 00:00:00+00,6/15/2013 15:25,At Intersection (intersection related),11,"MOTOR VEHICLE STRUCK MOTOR VEHICLE, FRONT END AT ANGLE",,N,Clear,Dry,Daylight,,,,28,From opposite direction - one left turn - one straight,0,0,N
1267319.502,227528.5552,2357,114900,114900,3329847,Unmatched,Block,,BELL ST BETWEEN 1ST AVE AND 2ND AVE,,,0,Unknown,,0,0,0,0,0,0,0,2010/06/26 00:00:00+00,6/26/2010,Mid-Block (not related to intersection),15,"MOTOR VEHICLE STRUCK MOTOR VEHICLE, RIGHT SIDE SIDESWIPE",,,,,,,10177042,,,,0,0,N
1268319.028,261106.9446,2358,226300,226640,E577617,Matched,Block,,AURORA AVE N BETWEEN N NORTHGATE WAY AND N 107TH S ST, ,,1,Property Damage Only Collision,Rear Ended,3,0,0,3,0,0,0,2016/08/15 00:00:00+00,8/15/2016 7:26,Mid-Block (but intersection related),14,"MOTOR VEHICLE STRUCK MOTOR VEHICLE, REAR END",,N,Clear,Dry,Dawn,,,,13,From same direction - both going straight - both moving - rear-end,0,0,N
1285470.264,194200.1793,2359,108500,108500,3296338,Matched,Intersection,35443,RAINIER AVE S AND S HENDERSON ST,,,1,Property Damage Only Collision,Rear Ended,2,0,0,2,0,0,0,2010/06/26 00:00:00+00,6/26/2010 19:28,At Intersection (but not related to intersection),14,"MOTOR VEHICLE STRUCK MOTOR VEHICLE, REAR END",,N,Clear,Dry,Daylight,,10177024,,14,From same direction - both going straight - one stopped - rear-end,0,0,N
1271206.34,225096.1164,2360,194600,194700,3681501,Matched,Block,,MADISON ST BETWEEN 6TH AVE AND 7TH AVE, ,,1,Property Damage Only Collision,Sideswipe,2,0,0,2,0,0,0,2015/05/01 00:00:00+00,5/1/2015 11:02,Mid-Block (not related to intersection),11,"MOTOR VEHICLE STRUCK MOTOR VEHICLE, FRONT END AT ANGLE",Y,N,Clear,Dry,Daylight,,,,12,From same direction - both going straight - one stopped - sideswipe,0,0,Y
1258887.949,209221.3427,2361,83100,83100,2896668,Matched,Block,,37TH AVE SW BETWEEN FAUNTLEROY WAY SW AND SW OREGON ST,,,1,Property Damage Only Collision,Rear Ended,2,0,0,2,0,0,0,2008/07/08 00:00:00+00,7/8/2008,Mid-Block (but intersection related),14,"MOTOR VEHICLE STRUCK MOTOR VEHICLE, REAR END",Y,0,Clear,Dry,Daylight,,8190012,,14,From same direction - both going straight - one stopped - rear-end,0,0,N
1273222.598,217782.6277,2362,82500,82500,3282441,Matched,Block,,AIRPORT WAY S BETWEEN S MASSACHUSETTS ST AND S HOLGATE N ST,,,1,Property Damage Only Collision,Parked Car,2,0,0,2,0,0,0,2008/12/03 00:00:00+00,12/3/2008,Mid-Block (not related to intersection),16,"MOTOR VEHICLE STRUCK MOTOR VEHICLE, LEFT SIDE SIDESWIPE",,0,Overcast,Dry,Daylight,,8338014,,32,One parked--one moving,0,0,N
1281250.027,209192.8426,2363,216900,217180,3735362,Matched,Block,,RAINIER AVE S BETWEEN S GENESEE N ST AND S GENESEE S ST, ,,1,Property Damage Only Collision,Other,1,0,0,1,0,0,0,2016/03/31 00:00:00+00,3/31/2016 21:25,Mid-Block (not related to intersection),28,MOTOR VEHICLE RAN OFF ROAD - HIT FIXED OBJECT,,N,Clear,Dry,Dark - Street Lights On,,,,50,Fixed object,0,0,N
1278959.356,265833.103,2364,112200,112200,3333776,Matched,Intersection,36606,25TH AVE NE AND NE 125TH ST,,,1,Property Damage Only Collision,Angles,2,0,0,2,0,0,0,2010/01/07 00:00:00+00,1/7/2010 10:20,At Intersection (intersection related),11,"MOTOR VEHICLE STRUCK MOTOR VEHICLE, FRONT END AT ANGLE",,N,Clear,Dry,Daylight,,10007007,,10,Entering at angle,0,0,N
1269457.39,227979.2762,2365,121100,121100,3546763,Matched,Intersection,29540,7TH AVE AND VIRGINIA ST,,,2,Injury Collision,Angles,5,0,0,2,3,0,0,2011/12/16 00:00:00+00,12/16/2011 12:07,At Intersection (intersection related),11,"MOTOR VEHICLE STRUCK MOTOR VEHICLE, FRONT END AT ANGLE",,N,Clear,Dry,Daylight,,11350032,,10,Entering at angle,0,0,N
1260967.252,249052.6742,2366,147700,147720,3641627,Matched,Intersection,25395,14TH AVE NW AND NW 60TH ST, ,,1,Property Damage Only Collision,Angles,2,0,0,2,0,0,0,2013/06/04 00:00:00+00,6/4/2013 12:35,At Intersection (intersection related),11,"MOTOR VEHICLE STRUCK MOTOR VEHICLE, FRONT END AT ANGLE",,N,Clear,Dry,Daylight,,,,10,Entering at angle,0,0,N
1260265.952,246519.9985,2367,129300,129300,C751982,Unmatched,Block,,15TH AVE NW BETWEEN BALLARD BR AND NW 51ST ST,,,0,Unknown,,0,0,0,0,0,0,0,2011/06/06 00:00:00+00,6/6/2011,,0,NOT ENOUGH INFORMATION / NOT APPLICABLE,,,,,,,11157034,,,,0,0,N
1269504.661,226392.3006,2368,250300,250900,3508217,Matched,Block,,4TH AVE BETWEEN PIKE ST AND PINE ST, ,,1,Property Damage Only Collision,Sideswipe,0,0,0,4,0,0,0,2017/10/15 00:00:00+00,10/15/2017 13:26,Mid-Block (not related to intersection),11,"MOTOR VEHICLE STRUCK MOTOR VEHICLE, FRONT END AT ANGLE",,N,Clear,Dry,Daylight,,,,11,From same direction - both going straight - both moving - sideswipe,0,0,N
1285425.302,192158.8166,2369,88300,88300,3279716,Matched,Block,,51ST AVE S BETWEEN S CAMBRIDGE ST AND RENTON AVE S,,,1,Property Damage Only Collision,Rear Ended,4,0,0,2,0,0,0,2008/08/04 00:00:00+00,8/4/2008,Mid-Block (but intersection related),14,"MOTOR VEHICLE STRUCK MOTOR VEHICLE, REAR END",,0,Clear,Dry,Dusk,,8217016,,14,From same direction - both going straight - one stopped - rear-end,0,0,N
1268965.238,227120.8087,2370,126900,126900,3375705,Matched,Block,,4TH AVE BETWEEN STEWART ST AND VIRGINIA ST,,,1,Property Damage Only Collision,Sideswipe,2,0,0,2,0,0,0,2011/03/03 00:00:00+00,3/3/2011 12:11,Mid-Block (not related to intersection),16,"MOTOR VEHICLE STRUCK MOTOR VEHICLE, LEFT SIDE SIDESWIPE",,N,Clear,Dry,Daylight,,11062011,,11,From same direction - both going straight - both moving - sideswipe,0,0,N
1264664.355,192428.0093,2371,268100,268880,3744287,Unmatched,Intersection,35059,15TH AVE SW AND SW ROXBURY ST, ,,1,Property Damage Only Collision,,2,0,0,0,0,0,0,2018/01/25 00:00:00+00,1/25/2018,At Intersection (intersection related),11,"MOTOR VEHICLE STRUCK MOTOR VEHICLE, FRONT END AT ANGLE",,,,,,,,, ,,0,0,N
1273464.54,231262.6331,2372,218900,219200,E538731,Matched,Block,,E MERCER ST BETWEEN HARVARD AVE E AND BROADWAY E, ,,2,Injury Collision,Rear Ended,0,0,0,2,1,0,0,2016/04/28 00:00:00+00,4/28/2016 14:55,Mid-Block (not related to intersection),14,"MOTOR VEHICLE STRUCK MOTOR VEHICLE, REAR END",,N,Clear,Dry,Daylight,,,,14,From same direction - both going straight - one stopped - rear-end,0,0,N
1257776.898,194594.9408,2373,79000,79000,2609228,Matched,Intersection,34733,39TH AVE SW AND SW HENDERSON ST,,,1,Property Damage Only Collision,Other,2,0,0,2,0,0,0,2007/01/14 00:00:00+00,1/14/2007 11:15,At Intersection (intersection related),26,MOTOR VEHICLE STRUCK OBJECT IN ROAD,,0,Clear,Ice,Daylight,,7014003,,23,From same direction - all others,0,0,N
1276199.661,254284.3632,2374,222300,222580,3737050,Matched,Intersection,24387,15TH AVE NE AND LAKE CITY WAY NE, ,,2,Injury Collision,Rear Ended,2,0,0,2,1,0,0,2016/06/21 00:00:00+00,6/21/2016 15:05,At Intersection (intersection related),14,"MOTOR VEHICLE STRUCK MOTOR VEHICLE, REAR END",,N,Clear,Dry,Daylight,,,,14,From same direction - both going straight - one stopped - rear-end,0,0,N
1269891.666,212084.9812,2375,226700,227040,3694803,Matched,Block,,WEST SEATTLE BR EB BETWEEN W SEA BR EB 4 AV OFF RP AND 1ST AV S OFF RP, ,,1,Property Damage Only Collision,Rear Ended,2,0,0,2,0,0,0,2016/08/29 00:00:00+00,8/29/2016 8:25,Mid-Block (not related to intersection),14,"MOTOR VEHICLE STRUCK MOTOR VEHICLE, REAR END",,N,Overcast,Dry,Daylight,,,,13,From same direction - both going straight - both moving - rear-end,0,0,N
1258658.625,186057.996,2376,95700,95700,2792944,Matched,Block,,MARINE VIEW DR SW BETWEEN SW OCEAN VIEW DR AND 35TH AVE SW,,,2b,Serious Injury Collision,Cycles,3,0,1,1,1,1,0,2009/04/04 00:00:00+00,4/4/2009,Mid-Block (not related to intersection),51,PEDALCYCLIST STRUCK MOTOR VEHICLE FRONT END AT ANGLE,,0,Clear,Dry,Daylight,Y,9094007,,45,Vehicle - Pedalcyclist,31380,0,N
1279227.409,212957.2519,2377,213800,214060,E514555,Matched,Block,,M L KING JR ER WAY S BETWEEN S HANFORD S ST AND CLAREMONT AVE S, ,,1,Property Damage Only Collision,Rear Ended,3,0,0,2,0,0,0,2016/02/11 00:00:00+00,2/11/2016 7:18,Mid-Block (but intersection related),14,"MOTOR VEHICLE STRUCK MOTOR VEHICLE, REAR END",Y,N,Overcast,Wet,Daylight,,,,14,From same direction - both going straight - one stopped - rear-end,0,0,N
1271860.375,244216.9364,2378,83900,83900,2897332,Matched,Block,,EASTERN AVE N BETWEEN N 43RD ST AND N 44TH ST,,,1,Property Damage Only Collision,Parked Car,2,0,0,2,0,0,0,2008/03/06 00:00:00+00,3/6/2008,Mid-Block (not related to intersection),11,"MOTOR VEHICLE STRUCK MOTOR VEHICLE, FRONT END AT ANGLE",,0,Clear,Dry,Daylight,,8066014,,32,One parked--one moving,0,0,N
1268841.167,206361.0008,2379,289800,290660,E803523,Matched,Intersection,33022,EAST MARGINAL WAY S AND S DAWSON ST, ,,2,Injury Collision,Left Turn,2,0,0,2,1,0,0,2018/05/31 00:00:00+00,5/31/2018 9:23,At Intersection (intersection related),11,"MOTOR VEHICLE STRUCK MOTOR VEHICLE, FRONT END AT ANGLE",,N,Clear,Dry,Daylight,,,,28,From opposite direction - one left turn - one straight,0,0,N
1257969.511,220344.1366,2380,150200,150220,C763652,Unmatched,Block,,HARBOR AVE SW BETWEEN SW CALIFORNIA PL AND SW MARYLAND PL, ,,1,Property Damage Only Collision,,1,0,0,0,0,0,0,2012/04/08 00:00:00+00,4/8/2012,Mid-Block (not related to intersection),14,"MOTOR VEHICLE STRUCK MOTOR VEHICLE, REAR END",,,,,,,,, ,,0,0,N
1262757.745,247395.1951,2381,101900,101900,2905436,Matched,Intersection,25432,8TH AVE NW AND NW 54TH ST,,,1,Property Damage Only Collision,Angles,2,0,0,2,0,0,0,2009/06/15 00:00:00+00,6/15/2009 7:28,At Intersection (intersection related),11,"MOTOR VEHICLE STRUCK MOTOR VEHICLE, FRONT END AT ANGLE",,0,Clear,Dry,Daylight,,9166036,,10,Entering at angle,0,0,N
1264718.312,206563.171,2382,143400,143400,3465554,Matched,Intersection,33054,16TH AVE SW AND SW DAWSON ST, ,,1,Property Damage Only Collision,Head On,2,0,0,2,0,0,0,2013/02/27 00:00:00+00,2/27/2013 11:27,At Intersection (intersection related),11,"MOTOR VEHICLE STRUCK MOTOR VEHICLE, FRONT END AT ANGLE",,N,Clear,Dry,Daylight,,13058032,,30,From opposite direction - all others,0,0,N
1256340.368,235369.7179,2383,158500,158520,3640978,Matched,Block,,THORNDYKE AVE W BETWEEN W HAYES ST AND W BLAINE ST, ,,2,Injury Collision,Sideswipe,3,0,0,3,1,0,0,2013/12/16 00:00:00+00,12/16/2013 22:50,Mid-Block (not related to intersection),11,"MOTOR VEHICLE STRUCK MOTOR VEHICLE, FRONT END AT ANGLE",,Y,Clear,Dry,Dark - No Street Lights,,,,26,From opposite direction - both going straight - sideswipe,0,0,N
,,2384,260400,261100,C812700,Unmatched,,,,NEI,"Not Enough Information, or Insufficient Location Information",0,Unknown,,0,0,0,0,0,0,0,2016/08/08 00:00:00+00,8/8/2016,,0,NOT ENOUGH INFORMATION / NOT APPLICABLE,,,,,,,,, ,,0,0,N
1264302.579,200378.2273,2385,113500,113500,2803739,Matched,Intersection,33956,17TH AVE SW AND SW MYRTLE ST,,,1,Property Damage Only Collision,Angles,3,0,0,2,0,0,0,2010/02/19 00:00:00+00,2/19/2010 13:16,At Intersection (intersection related),11,"MOTOR VEHICLE STRUCK MOTOR VEHICLE, FRONT END AT ANGLE",,N,Clear,Dry,Daylight,,10050007,,10,Entering at angle,0,0,N
1256945.829,210864.7574,2386,201500,201640,3734738,Matched,Block,,CALIFORNIA AVE SW BETWEEN SW ANDOVER ST AND SW DAKOTA ST,NEI,"Not Enough Information, or Insufficient Location Information",1,Property Damage Only Collision,Parked Car,2,0,0,2,0,0,0,2015/08/27 00:00:00+00,8/27/2015 19:30,,13,"MOTOR VEHICLE STRUCK MOTOR VEHICLE, LEFT SIDE AT ANGLE",,N,Clear,Dry,Unknown,,,,32,One parked--one moving,0,0,Y
1268082.36,226092.672,2387,132100,132100,3503485,Matched,Block,,WESTERN AVE BETWEEN PINE ST AND VIRGINIA ST,,,2,Injury Collision,Pedestrian,2,1,0,1,1,0,0,2012/11/02 00:00:00+00,11/2/2012 17:14,Mid-Block (not related to intersection),24,MOTOR VEHCILE STRUCK PEDESTRIAN,,Y,Raining,Wet,Dark - Street Lights On,,12307033,,0,Vehicle going straight hits pedestrian,0,0,N
1263204.095,198417.6257,2388,99900,99900,3296176,Matched,Intersection,33984,DELRIDGE WAY SW AND SW HOLDEN ST,,,1,Property Damage Only Collision,Left Turn,2,0,0,2,0,0,0,2009/03/06 00:00:00+00,3/6/2009,At Intersection (intersection related),11,"MOTOR VEHICLE STRUCK MOTOR VEHICLE, FRONT END AT ANGLE",,0,Clear,Dry,Daylight,,9065039,,28,From opposite direction - one left turn - one straight,0,0,N
1280474.092,245094.2144,2389,165600,165620,3591663,Matched,Block,,UNION BAY PL NE BETWEEN NE 45TH ST AND 30TH AVE NE, ,,1,Property Damage Only Collision,Angles,2,0,0,2,0,0,0,2014/03/20 00:00:00+00,3/20/2014 12:30,Mid-Block (not related to intersection),11,"MOTOR VEHICLE STRUCK MOTOR VEHICLE, FRONT END AT ANGLE",,N,Clear,Dry,Daylight,,,,10,Entering at angle,0,0,N
1278200.004,202399.5575,2390,81000,81000,2892016,Matched,Intersection,167416,BEACON ER AVE S AND S EDDY ST,,,2,Injury Collision,Angles,2,0,0,2,1,0,0,2008/03/14 00:00:00+00,3/14/2008 15:07,At Intersection (intersection related),11,"MOTOR VEHICLE STRUCK MOTOR VEHICLE, FRONT END AT ANGLE",,0,Overcast,Wet,Daylight,,8074011,,10,Entering at angle,0,0,N
1278273.729,229491.3796,2391,233100,233500,3771905,Matched,Block,,E MADISON ST BETWEEN 23RD AVE E AND 24TH AVE E, ,,1,Property Damage Only Collision,Rear Ended,3,0,0,2,0,0,0,2016/12/21 00:00:00+00,12/21/2016 11:59,Mid-Block (but intersection related),14,"MOTOR VEHICLE STRUCK MOTOR VEHICLE, REAR END",,N,Clear,Dry,Daylight,,,,13,From same direction - both going straight - both moving - rear-end,0,0,N
1278654.949,214892.7841,2392,110800,110800,3335614,Matched,Block,,RAINIER AVE S BETWEEN S BAYVIEW ST AND S MCCLELLAN ST,,,2,Injury Collision,Rear Ended,5,0,0,2,1,0,0,2010/01/10 00:00:00+00,1/10/2010 13:42,Mid-Block (not related to intersection),14,"MOTOR VEHICLE STRUCK MOTOR VEHICLE, REAR END",Y,N,Overcast,Dry,Daylight,,10010013,,13,From same direction - both going straight - both moving - rear-end,0,0,N
1269757.854,203607.7981,2393,156300,156320,3643564,Matched,Intersection,33046,1ST AVE S AND EAST MARGINAL WAY S, ,,2,Injury Collision,Sideswipe,2,0,0,2,1,0,0,2013/11/04 00:00:00+00,11/4/2013 11:35,At Intersection (intersection related),16,"MOTOR VEHICLE STRUCK MOTOR VEHICLE, LEFT SIDE SIDESWIPE",,N,Clear,Dry,Daylight,,,,11,From same direction - both going straight - both moving - sideswipe,0,0,N
1274625.279,246078.2972,2394,209400,209620,C805311,Unmatched,Block,,NE 50TH ST BETWEEN 9TH AVE NE AND ROOSEVELT WAY NE, ,,0,Unknown,,0,0,0,0,0,0,0,2015/08/04 00:00:00+00,8/4/2015,Mid-Block (not related to intersection),11,"MOTOR VEHICLE STRUCK MOTOR VEHICLE, FRONT END AT ANGLE",,,,,,,,, ,,0,0,N
1270062.167,217792.5189,2395,175000,175020,3561022,Matched,Block,,1ST AVE S BETWEEN S MASSACHUSETTS ST AND S HOLGATE ST, ,,1,Property Damage Only Collision,Rear Ended,2,0,0,2,0,0,0,2014/09/10 00:00:00+00,9/10/2014 8:41,Mid-Block (not related to intersection),14,"MOTOR VEHICLE STRUCK MOTOR VEHICLE, REAR END",,N,Clear,Dry,Daylight,,,,14,From same direction - both going straight - one stopped - rear-end,0,0,N
1288664.796,191342.2859,2396,127300,127300,3568420,Matched,Block,,WATERS AVE S BETWEEN 61ST AVE S AND WATERS ER AVE S,,,1,Property Damage Only Collision,Parked Car,2,0,0,2,0,0,0,2011/02/24 00:00:00+00,2/24/2011 0:01,Mid-Block (not related to intersection),13,"MOTOR VEHICLE STRUCK MOTOR VEHICLE, LEFT SIDE AT ANGLE",,N,Snowing,Snow/Slush,Unknown,,11055009,,32,One parked--one moving,0,0,N
1261246.823,249312.7239,2397,140100,140100,3507507,Matched,Block,,NW 61ST ST BETWEEN 11TH AVE NW AND 14TH AVE NW,,,1,Property Damage Only Collision,Parked Car,2,0,0,2,0,0,0,2012/08/16 00:00:00+00,8/16/2012 16:55,,0,NOT ENOUGH INFORMATION / NOT APPLICABLE,,N,Clear,Dry,Daylight,,12229041,,32,One parked--one moving,0,0,N
1268393.417,228076.0747,2398,216300,216580,3791369,Matched,Intersection,29534,5TH AVE AND BLANCHARD ST, ,,1,Property Damage Only Collision,Left Turn,2,0,0,2,0,0,0,2016/03/23 00:00:00+00,3/23/2016 15:50,At Intersection (intersection related),11,"MOTOR VEHICLE STRUCK MOTOR VEHICLE, FRONT END AT ANGLE",Y,N,Clear,Dry,Daylight,,,,15,From same direction - one left turn - one straight,0,0,N
1269347.962,244753.86,2399,85300,85300,3277880,Matched,Intersection,26855,WOODLAWN PL N AND DEAD END,,,1,Property Damage Only Collision,Rear Ended,2,0,0,2,0,0,0,2008/09/11 00:00:00+00,9/11/2008 13:05,At Intersection (intersection related),14,"MOTOR VEHICLE STRUCK MOTOR VEHICLE, REAR END",Y,0,Clear,Dry,Daylight,,8255012,,14,From same direction - both going straight - one stopped - rear-end,0,0,N
1266092.081,228863.8654,2400,188600,188680,3591065,Matched,Block,,2ND AVE BETWEEN CLAY ST AND BROAD ST, ,,1,Property Damage Only Collision,Parked Car,2,0,0,2,0,0,0,2015/03/29 00:00:00+00,3/29/2015 14:10,Mid-Block (not related to intersection),14,"MOTOR VEHICLE STRUCK MOTOR VEHICLE, REAR END",,N,Clear,Dry,Daylight,,,,32,One parked--one moving,0,0,N
1269275.709,225514.8709,2401,130800,130800,3375963,Matched,Intersection,29600,2ND AVE AND UNION ST,,,1,Property Damage Only Collision,Left Turn,2,0,0,2,0,0,0,2011/08/15 00:00:00+00,8/15/2011 18:13,At Intersection (intersection related),11,"MOTOR VEHICLE STRUCK MOTOR VEHICLE, FRONT END AT ANGLE",,N,Clear,Dry,Daylight,,11227004,,15,From same direction - one left turn - one straight,0,0,N
1276380.03,270888.4845,2402,66800,66800,2802610,Matched,Block,,15TH AVE NE BETWEEN NE 143RD ST AND NE 145TH ST,,,2,Injury Collision,Rear Ended,4,0,0,3,2,0,0,2007/05/19 00:00:00+00,5/19/2007 21:55,Mid-Block (but intersection related),14,"MOTOR VEHICLE STRUCK MOTOR VEHICLE, REAR END",,0,Clear,Dry,Dark - Street Lights On,,7139010,,14,From same direction - both going straight - one stopped - rear-end,0,0,N
1263487.419,198411.3494,2403,232200,232600,3731531,Matched,Intersection,33985,20TH AVE SW AND SW HOLDEN ST, ,,1,Property Damage Only Collision,Other,1,0,0,1,0,0,0,2016/12/09 00:00:00+00,12/9/2016 1:05,At Intersection (intersection related),26,MOTOR VEHICLE STRUCK OBJECT IN ROAD,,N,Snowing,Snow/Slush,Dark - Street Lights On,,,Y,50,Fixed object,0,0,N
1274066.758,229238.671,2404,155100,155120,3672671,Matched,Block,,E DENNY WAY BETWEEN 10TH AVE E AND 11TH AVE, ,,1,Property Damage Only Collision,Parked Car,2,0,0,2,0,0,0,2013/10/06 00:00:00+00,10/6/2013,Mid-Block (not related to intersection),0,NOT ENOUGH INFORMATION / NOT APPLICABLE,,N,Clear,Dry,Dark - Street Lights On,,,,32,One parked--one moving,0,0,N
1278912.752,247303.9912,2405,79800,79800,3277089,Matched,Intersection,25939,25TH AVE NE AND NE 55TH ST, ,,2,Injury Collision,Pedestrian,2,1,0,1,1,0,0,2008/10/25 00:00:00+00,10/25/2008 17:13,At Intersection (intersection related),24,MOTOR VEHCILE STRUCK PEDESTRIAN,Y,0,Clear,Dry,Daylight,,8299005,,1,Vehicle turning right hits pedestrian,0,523825,N
1277489.662,227908.8634,2406,281800,282660,3702373,Matched,Intersection,30127,21ST AVE AND E PINE ST, ,,1,Property Damage Only Collision,Parked Car,2,0,0,2,0,0,0,2018/04/11 00:00:00+00,4/11/2018 9:31,At Intersection (intersection related),11,"MOTOR VEHICLE STRUCK MOTOR VEHICLE, FRONT END AT ANGLE",,N,Raining,Dry,Daylight,,,,32,One parked--one moving,0,0,N
1268807.259,227264.4574,2407,174000,174020,3696381,Matched,Intersection,29557,4TH AVE AND VIRGINIA ST, ,,1,Property Damage Only Collision,Sideswipe,2,0,0,2,0,0,0,2014/08/18 00:00:00+00,8/18/2014 18:15,At Intersection (intersection related),11,"MOTOR VEHICLE STRUCK MOTOR VEHICLE, FRONT END AT ANGLE",,N,Clear,Dry,Daylight,,,,71,Same direction -- both turning right -- both moving -- sideswipe,0,0,N
1268365.049,266463.5965,2408,230800,231200,E604984,Matched,Block,,AURORA AVE N BETWEEN N 125TH ST AND N 127TH ST, ,,2,Injury Collision,Angles,4,0,0,4,1,0,0,2016/11/04 00:00:00+00,11/4/2016 13:40,Driveway Junction,11,"MOTOR VEHICLE STRUCK MOTOR VEHICLE, FRONT END AT ANGLE",Y,N,Clear,Dry,Daylight,,,Y,10,Entering at angle,0,0,N
1268098.107,226167.5792,2409,95000,95000,3344633,Matched,Block,,PIKE PL BETWEEN STEWART ST AND VIRGINIA ST,,,2,Injury Collision,Pedestrian,2,1,0,1,1,0,0,2009/08/15 00:00:00+00,8/15/2009 12:10,Mid-Block (not related to intersection),24,MOTOR VEHCILE STRUCK PEDESTRIAN,,0,Clear,Dry,Daylight,Y,9227015,,0,Vehicle going straight hits pedestrian,0,0,N
1265582.113,231527.7131,2410,234300,234700,E554863,Unmatched,Block,,MERCER ST BETWEEN WARREN AVE N AND 2ND AVE N,NEI,"Not Enough Information, or Insufficient Location Information",1,Property Damage Only Collision,,2,0,0,0,0,0,0,2016/06/17 00:00:00+00,6/17/2016,Mid-Block (not related to intersection),0,NOT ENOUGH INFORMATION / NOT APPLICABLE,,,,,,,,, ,,0,0,N
1260491.894,196498.2819,2411,83600,83600,2825024,Matched,Intersection,34925,30TH AVE SW AND SW THISTLE ST,,,1,Property Damage Only Collision,Angles,8,0,0,2,0,0,0,2008/11/01 00:00:00+00,11/1/2008,At Intersection (intersection related),11,"MOTOR VEHICLE STRUCK MOTOR VEHICLE, FRONT END AT ANGLE",,0,Overcast,Dry,Daylight,,8306054,,10,Entering at angle,0,0,N