X,Y,OBJECTID,INCKEY,COLDETKEY,REPORTNO,STATUS,ADDRTYPE,INTKEY,LOCATION,EXCEPTRSNCODE,EXCEPTRSNDESC,SEVERITYCODE,SEVERITYDESC,COLLISIONTYPE,PERSONCOUNT,PEDCOUNT,PEDCYLCOUNT,VEHCOUNT,INJURIES,SERIOUSINJURIES,FATALITIES,INCDATE,INCDTTM,JUNCTIONTYPE,SDOT_COLCODE,SDOT_COLDESC,INATTENTIONIND,UNDERINFL,WEATHER,ROADCOND,LIGHTCOND,PEDROWNOTGRNT,SDOTCOLNUM,SPEEDING,ST_COLCODE,ST_COLDESC,SEGLANEKEY,CROSSWALKKEY,HITPARKEDCAR
1269728.356,222344.6449,2476,93600,93600,3341881,Matched,Block,,ALASKAN WAY S BETWEEN S MAIN ST AND S JACKSON ST,,,1,Property Damage Only Collision,Other,3,0,0,2,0,0,0,2009/11/26 00:00:00+00,11/26/2009 1:19,Mid-Block (not related to intersection),11,"MOTOR VEHICLE STRUCK MOTOR VEHICLE, FRONT END AT ANGLE",,0,Raining,Wet,Dark - Street Lights On,,9330019,,23,From same direction - all others,0,0,N
,,2477,208000,208200,3775839,Matched,,,,NEI,"Not Enough Information, or Insufficient Location Information",1,Property Damage Only Collision,Rear Ended,2,0,0,2,0,0,0,2015/11/25 00:00:00+00,11/25/2015 17:15,,14,"MOTOR VEHICLE STRUCK MOTOR VEHICLE, REAR END",,N,Unknown,Unknown,Unknown,,,,14,From same direction - both going straight - one stopped - rear-end,0,0,N
1266672.414,243772.3563,2478,136200,136200,3553017,Matched,Block,,FREMONT AVE N BETWEEN N 42ND ST AND N MOTOR PL,,,1,Property Damage Only Collision,Parked Car,2,0,0,2,0,0,0,2012/05/02 00:00:00+00,5/2/2012 18:46,Mid-Block (not related to intersection),14,"MOTOR VEHICLE STRUCK MOTOR VEHICLE, REAR END",,N,Unknown,Unknown,Unknown,,12123008,,32,One parked--one moving,0,0,N
1266291.249,241331.7283,2479,292100,293040,3751050,Matched,Intersection,27026,FREMONT PL N AND N 36TH ST, ,,2,Injury Collision,Angles,2,0,0,2,1,0,0,2018/06/13 00:00:00+00,6/13/2018 13:30,At Intersection (intersection related),11,"MOTOR VEHICLE STRUCK MOTOR VEHICLE, FRONT END AT ANGLE",,N,Unknown,Unknown,Daylight,,,,10,Entering at angle,0,0,N
1274694.123,203306.8514,2480,95300,95300,9168038,Unmatched,Block,,AIRPORT WAY S BETWEEN 13TH AVE S AND S HARDY ST,,,0,Unknown,,0,0,0,0,0,0,0,2009/06/17 00:00:00+00,6/17/2009,Mid-Block (not related to intersection),14,"MOTOR VEHICLE STRUCK MOTOR VEHICLE, REAR END",,,,,,,9168038,,,,0,0,N
1264790.513,232069.2145,2481,195600,195680,3575018,Matched,Block,,QUEEN ANNE AVE N BETWEEN W ROY ST AND VALLEY ST, ,,2,Injury Collision,Rear Ended,2,0,0,2,1,0,0,2015/06/15 00:00:00+00,6/15/2015 23:06,Mid-Block (but intersection related),14,"MOTOR VEHICLE STRUCK MOTOR VEHICLE, REAR END",,Y,Clear,Dry,Dark - Street Lights On,,,,14,From same direction - both going straight - one stopped - rear-end,0,0,N
1257766.935,220754.464,2482,71000,71000,2619420,Matched,Block,,HARBOR AVE SW BETWEEN ALKI AVE SW AND SW CALIFORNIA PL,,,1,Property Damage Only Collision,Parked Car,2,0,0,2,0,0,0,2007/06/18 00:00:00+00,6/18/2007 20:46,Mid-Block (not related to intersection),13,"MOTOR VEHICLE STRUCK MOTOR VEHICLE, LEFT SIDE AT ANGLE",,0,Unknown,Unknown,Unknown,,7169024,,32,One parked--one moving,0,0,N
1268343.075,263934.2424,2483,171300,171320,3706576,Matched,Block,,AURORA AVE N BETWEEN N 115TH ST AND N 117TH PL, ,,1,Property Damage Only Collision,Rear Ended,2,0,0,2,0,0,0,2014/07/04 00:00:00+00,7/4/2014 2:57,Mid-Block (but intersection related),14,"MOTOR VEHICLE STRUCK MOTOR VEHICLE, REAR END",,N,Clear,Dry,Dark - Street Lights On,,,,14,From same direction - both going straight - one stopped - rear-end,0,0,N
1270016.518,215490.2052,2484,184800,184880,3698937,Matched,Block,,1ST AVE S BETWEEN S STACY ST AND S LANDER ST, ,,2,Injury Collision,Cycles,2,0,1,1,1,0,0,2015/01/31 00:00:00+00,1/31/2015 13:59,Driveway Junction,18,"MOTOR VEHICLE STRUCK PEDALCYCLIST, FRONT END AT ANGLE",,N,Overcast,Dry,Daylight,,,,45,Vehicle - Pedalcyclist,0,0,N
1271138.341,223632.6568,2485,152300,152320,3329021,Matched,Intersection,30479,4TH AVE AND JAMES ST, ,,2,Injury Collision,Pedestrian,2,1,0,1,1,0,0,2013/03/13 00:00:00+00,3/13/2013 10:26,At Intersection (intersection related),24,MOTOR VEHCILE STRUCK PEDESTRIAN,,N,Overcast,Wet,Daylight,,,,0,Vehicle going straight hits pedestrian,0,521845,N
1273277.097,212229.1431,2486,116000,116000,3387371,Matched,Block,,WEST SEATTLE BR WB BETWEEN S COLUMBIAN WB WAY AND W SEA BR WB - 6TH AV S RP,,,2,Injury Collision,Other,2,0,0,1,1,0,0,2010/10/26 00:00:00+00,10/26/2010 19:36,Mid-Block (not related to intersection),28,MOTOR VEHICLE RAN OFF ROAD - HIT FIXED OBJECT,,Y,Raining,Wet,Dark - Street Lights On,,10299046,Y,50,Fixed object,0,0,N
1267594.18,255566.0385,2487,182400,182460,3706716,Matched,Intersection,37466,LINDEN AVE N AND N 85TH ST, ,,2,Injury Collision,Angles,2,0,0,2,1,0,0,2014/11/15 00:00:00+00,11/15/2014 12:10,At Intersection (intersection related),11,"MOTOR VEHICLE STRUCK MOTOR VEHICLE, FRONT END AT ANGLE",Y,N,Clear,Dry,Daylight,,,,10,Entering at angle,0,0,N
1273214.615,217380.0337,2488,127100,127100,3563520,Matched,Intersection,31243,AIRPORT WAY S AND S HOLGATE S ST,,,2,Injury Collision,Left Turn,3,0,0,2,1,0,0,2011/12/07 00:00:00+00,12/7/2011 8:10,At Intersection (intersection related),11,"MOTOR VEHICLE STRUCK MOTOR VEHICLE, FRONT END AT ANGLE",,N,Raining,Wet,Daylight,,11341027,,28,From opposite direction - one left turn - one straight,0,0,N
1260987.339,249983.2104,2489,240800,241240,E628316,Unmatched,Block,,14TH AVE NW BETWEEN NW 63RD ST AND NW 64TH ST,NEI,"Not Enough Information, or Insufficient Location Information",0,Unknown,,0,0,0,0,0,0,0,2016/12/28 00:00:00+00,12/28/2016,,0,NOT ENOUGH INFORMATION / NOT APPLICABLE,,,,,,,,, ,,0,0,Y
1275879.975,243634.3479,2490,200800,200940,C799924,Unmatched,Block,,NE 42ND ST BETWEEN UNIVERSITY WAY NE AND 15TH AVE NE, ,,0,Unknown,,0,0,0,0,0,0,0,2015/02/20 00:00:00+00,2/20/2015,Driveway Junction,51,PEDALCYCLIST STRUCK MOTOR VEHICLE FRONT END AT ANGLE,,,,,,,,, ,,0,0,N
1277429.195,245668.4751,2491,78600,78600,2611468,Matched,Block,,20TH AVE NE BETWEEN NE 47TH ST AND NE 50TH ST,,,1,Property Damage Only Collision,Parked Car,2,0,0,2,0,0,0,2007/10/20 00:00:00+00,10/20/2007 9:30,Mid-Block (not related to intersection),13,"MOTOR VEHICLE STRUCK MOTOR VEHICLE, LEFT SIDE AT ANGLE",,0,Unknown,Unknown,Unknown,,7293029,,32,One parked--one moving,0,0,N
1271812.146,205431.7577,2492,203500,203640,E463985,Matched,Block,,S LUCILE ST BETWEEN 6TH AVE S AND MAYNARD AVE S, ,,1,Property Damage Only Collision,Other,0,0,0,1,0,0,0,2015/09/23 00:00:00+00,9/23/2015 1:13,Mid-Block (not related to intersection),28,MOTOR VEHICLE RAN OFF ROAD - HIT FIXED OBJECT,,N,Clear,Dry,Dark - Street Lights On,,,,50,Fixed object,0,0,N
1268584.361,208392.354,2493,132400,132400,3608179,Matched,Block,,EAST MARGINAL WAY S BETWEEN DIAGONAL AVE S AND S ALASKA ST,,,1,Property Damage Only Collision,Rear Ended,4,0,0,4,0,0,0,2012/01/26 00:00:00+00,1/26/2012 6:25,Mid-Block (not related to intersection),14,"MOTOR VEHICLE STRUCK MOTOR VEHICLE, REAR END",,N,Raining,Dry,Dark - Street Lights On,,12026014,,14,From same direction - both going straight - one stopped - rear-end,0,0,N
1272693.823,217352.3196,2494,114800,114800,3325901,Matched,Intersection,31242,S HOLGATE BR AND S HOLGATE ST,,,1,Property Damage Only Collision,Right Turn,2,0,0,2,0,0,0,2010/02/03 00:00:00+00,2/3/2010 13:40,At Intersection (intersection related),11,"MOTOR VEHICLE STRUCK MOTOR VEHICLE, FRONT END AT ANGLE",,N,Raining,Wet,Daylight,,10034035,,16,From same direction - one right turn - one straight,0,0,N
1266669.794,242523.3219,2495,226800,227140,3762431,Matched,Block,,FREMONT AVE N BETWEEN FREMONT WAY N AND XW N40, ,,1,Property Damage Only Collision,Parked Car,2,0,0,2,0,0,0,2016/08/29 00:00:00+00,8/29/2016 20:45,Mid-Block (not related to intersection),11,"MOTOR VEHICLE STRUCK MOTOR VEHICLE, FRONT END AT ANGLE",,N,Clear,Dry,Dark - Street Lights On,,,,32,One parked--one moving,0,0,Y
1265425.269,247704.6866,2496,68200,68200,2609907,Matched,Block,,GREENWOOD AVE N BETWEEN N 55TH N ST AND N ARGYLE PL,,,1,Property Damage Only Collision,Angles,2,0,0,2,0,0,0,2007/01/31 00:00:00+00,1/31/2007 8:12,Mid-Block (but intersection related),11,"MOTOR VEHICLE STRUCK MOTOR VEHICLE, FRONT END AT ANGLE",,0,Clear,Dry,Daylight,,7031016,,10,Entering at angle,0,0,N
1277875.113,256758.4693,2497,214500,214760,3695478,Matched,Block,,LAKE CITY WAY NE BETWEEN NE 90TH ST AND NE 91ST ST, ,,2,Injury Collision,Rear Ended,2,0,0,2,1,0,0,2016/02/29 00:00:00+00,2/29/2016 7:50,Mid-Block (but intersection related),14,"MOTOR VEHICLE STRUCK MOTOR VEHICLE, REAR END",Y,N,Raining,Wet,Daylight,,,,14,From same direction - both going straight - one stopped - rear-end,0,0,N
1272799.821,224616.7387,2498,96700,96700,2616890,Matched,Intersection,29815,JAMES ST AND TERRY AVE,,,1,Property Damage Only Collision,Angles,3,0,0,2,0,0,0,2009/04/02 00:00:00+00,4/2/2009,At Intersection (intersection related),11,"MOTOR VEHICLE STRUCK MOTOR VEHICLE, FRONT END AT ANGLE",,0,Raining,Wet,Daylight,,9092017,,10,Entering at angle,0,0,N
1273672.262,224306.4881,2499,287500,288380,3702532,Matched,Block,,E TERRACE ST BETWEEN BROADWAY AND 10TH AVE, ,,1,Property Damage Only Collision,Parked Car,2,0,0,2,0,0,0,2018/05/16 00:00:00+00,5/16/2018 13:15,Mid-Block (not related to intersection),14,"MOTOR VEHICLE STRUCK MOTOR VEHICLE, REAR END",,N,Clear,Dry,Daylight,,,,32,One parked--one moving,0,0,Y
1252470.104,240567.1023,2500,190700,190780,C796896,Unmatched,Block,,W DRAVUS ST BETWEEN 39TH AVE W AND 40TH AVE W, ,,0,Unknown,,0,0,0,0,0,0,0,2014/11/29 00:00:00+00,11/29/2014,Mid-Block (not related to intersection),14,"MOTOR VEHICLE STRUCK MOTOR VEHICLE, REAR END",,,,,,,,, ,,0,0,N
1272495.952,235677.6185,2501,73900,73900,2621531,Matched,Block,,EASTLAKE AVE E BETWEEN E HOWE ST AND E NEWTON ST,,,2,Injury Collision,Cycles,1,0,1,0,1,0,0,2007/01/30 00:00:00+00,1/30/2007 7:27,Mid-Block (not related to intersection),69,PEDALCYCLIST OVERTURNED IN ROAD,,0,Clear,Ice,Daylight,,7030036,,45,Vehicle - Pedalcyclist,24776,0,N
1272484.614,229321.0293,2502,127400,127400,2805991,Matched,Intersection,29161,SUMMIT AVE E AND E OLIVE WAY,,,2,Injury Collision,Left Turn,3,0,0,2,1,0,0,2011/07/30 00:00:00+00,7/30/2011 2:13,At Intersection (intersection related),11,"MOTOR VEHICLE STRUCK MOTOR VEHICLE, FRONT END AT ANGLE",,1,Clear,Dry,Dark - Street Lights On,,11211004,,28,From opposite direction - one left turn - one straight,0,0,N
1268708.796,227789.1872,2503,140900,140900,3546135,Matched,Intersection,29545,5TH AVE AND LENORA ST, ,,1,Property Damage Only Collision,Angles,2,0,0,2,0,0,0,2012/01/09 00:00:00+00,1/9/2012 16:01,At Intersection (intersection related),26,MOTOR VEHICLE STRUCK OBJECT IN ROAD,,N,Clear,Dry,Daylight,,12009001,,10,Entering at angle,0,0,N
1280364.815,211473.6241,2504,236100,236540,3581361,Matched,Block,,RAINIER AVE S BETWEEN S COURT ST AND 33RD AVE S, ,,1,Property Damage Only Collision,Sideswipe,2,0,0,2,0,0,0,2017/02/08 00:00:00+00,2/8/2017 15:02,Mid-Block (not related to intersection),14,"MOTOR VEHICLE STRUCK MOTOR VEHICLE, REAR END",,N,Raining,Wet,Daylight,,,,11,From same direction - both going straight - both moving - sideswipe,0,0,N
1265060.706,229997.6011,2505,85500,85500,2791456,Matched,Block,,1ST AVE N BETWEEN JOHN ST AND THOMAS ST,,,1,Property Damage Only Collision,Other,3,0,0,2,0,0,0,2008/02/27 00:00:00+00,2/27/2008 19:15,Mid-Block (not related to intersection),11,"MOTOR VEHICLE STRUCK MOTOR VEHICLE, FRONT END AT ANGLE",,0,Clear,Dry,Dusk,,8058009,,21,One car entering driveway access,0,0,N
1270555.54,268745.2673,2506,221200,221480,E550702,Unmatched,Block,,N 135TH ST BETWEEN WALLINGFORD AVE N AND BURKE AVE N,NEI,"Not Enough Information, or Insufficient Location Information",0,Unknown,,0,0,0,0,0,0,0,2016/06/06 00:00:00+00,6/6/2016,,0,NOT ENOUGH INFORMATION / NOT APPLICABLE,,,,,,,,, ,,0,0,N
1273770.133,225191.4528,2507,73600,73600,2805976,Matched,Block,,E JAMES WAY BETWEEN BROADWAY AND E CHERRY ST,,,1,Property Damage Only Collision,Sideswipe,2,0,0,2,0,0,0,2007/02/22 00:00:00+00,2/22/2007 13:20,Mid-Block (but intersection related),11,"MOTOR VEHICLE STRUCK MOTOR VEHICLE, FRONT END AT ANGLE",,0,Clear,Dry,Daylight,,7053031,,11,From same direction - both going straight - both moving - sideswipe,0,0,N
1269732.776,227270.9951,2508,187000,187080,E404249,Matched,Intersection,29554,6TH AVE AND OLIVE WAY, ,,1,Property Damage Only Collision,Sideswipe,0,0,0,2,0,0,0,2015/02/25 00:00:00+00,2/25/2015 8:42,At Intersection (intersection related),11,"MOTOR VEHICLE STRUCK MOTOR VEHICLE, FRONT END AT ANGLE",,N,Overcast,Dry,Daylight,,,,11,From same direction - both going straight - both moving - sideswipe,0,0,N
1263342.153,212193.7262,2509,66900,66900,2792726,Matched,Block,,WEST SEATTLE BR EB BETWEEN DELRIDGE-W SEATTLE BR EB ON RP AND 26TH AV SW ON RP,,,1,Property Damage Only Collision,Other,2,0,0,2,0,0,0,2007/11/28 00:00:00+00,11/28/2007 13:42,Mid-Block (not related to intersection),14,"MOTOR VEHICLE STRUCK MOTOR VEHICLE, REAR END",,0,Raining,Wet,Daylight,,7332001,,23,From same direction - all others,0,0,N
1276192.629,227985.2651,2510,194000,194080,3735954,Matched,Block,,17TH AVE BETWEEN E PINE ST AND E MADISON ST, ,,1,Property Damage Only Collision,Parked Car,2,0,0,2,0,0,0,2015/05/27 00:00:00+00,5/27/2015 10:00,Mid-Block (not related to intersection),11,"MOTOR VEHICLE STRUCK MOTOR VEHICLE, FRONT END AT ANGLE",Y,N,Unknown,Unknown,Unknown,,,,19,One car entering parked position,0,0,N
1269073.452,193760.5974,2511,155300,155320,3465025,Matched,Intersection,164472,2ND AVE SW AND OLSON PL SW, ,,2,Injury Collision,Rear Ended,7,0,0,5,1,0,0,2013/09/30 00:00:00+00,9/30/2013 8:33,At Intersection (intersection related),14,"MOTOR VEHICLE STRUCK MOTOR VEHICLE, REAR END",,N,Raining,Wet,Daylight,,,,14,From same direction - both going straight - one stopped - rear-end,0,0,N
1286311.633,197913.8361,2512,149600,149620,3615177,Matched,Block,,SEWARD PARK AVE S BETWEEN S FONTANELLE PL AND S KENYON ST, ,,1,Property Damage Only Collision,Parked Car,2,0,0,2,0,0,0,2013/07/03 00:00:00+00,7/3/2013 10:00,Mid-Block (not related to intersection),0,NOT ENOUGH INFORMATION / NOT APPLICABLE,,N,Clear,Dry,Daylight,,,,32,One parked--one moving,0,0,N
1278667.098,220687.4233,2513,280500,281380,3702417,Matched,Block,,S DEARBORN ST BETWEEN 25TH AVE S AND 26TH W AVE S, ,,1,Property Damage Only Collision,Parked Car,3,0,0,3,0,0,0,2018/04/05 00:00:00+00,4/5/2018 12:18,Mid-Block (not related to intersection),11,"MOTOR VEHICLE STRUCK MOTOR VEHICLE, FRONT END AT ANGLE",,N,Raining,Wet,Daylight,,,,32,One parked--one moving,0,0,N
1273585.546,230261.4066,2514,174900,174920,3701840,Matched,Block,,BROADWAY E BETWEEN E THOMAS ST AND E HARRISON ST, ,,1,Property Damage Only Collision,Other,1,0,0,1,0,0,0,2014/08/18 00:00:00+00,8/18/2014 12:08,Mid-Block (not related to intersection),28,MOTOR VEHICLE RAN OFF ROAD - HIT FIXED OBJECT,Y,N,Clear,Dry,Daylight,,,,50,Fixed object,0,0,N
1265382.265,228637.9885,2515,229600,229960,E596429,Matched,Block,,WESTERN AVE BETWEEN BROAD ST AND EAGLE ST, ,,1,Property Damage Only Collision,Parked Car,2,0,0,2,0,0,0,2016/10/02 00:00:00+00,10/2/2016 18:51,Mid-Block (not related to intersection),14,"MOTOR VEHICLE STRUCK MOTOR VEHICLE, REAR END",,N,Clear,Dry,Dusk,,,,32,One parked--one moving,0,0,N
1270393.304,224259.3102,2516,125400,125400,3373312,Matched,Intersection,29967,3RD AVE AND MARION ST, ,,2,Injury Collision,Pedestrian,2,1,0,1,1,0,0,2011/03/09 00:00:00+00,3/9/2011 13:15,At Intersection (intersection related),24,MOTOR VEHCILE STRUCK PEDESTRIAN,,N,Clear,Dry,Daylight,Y,11068011,,2,Vehicle turning left hits pedestrian,0,521562,N
1274316.824,223982.053,2517,96300,96300,3274625,Matched,Block,,E ALDER ST BETWEEN 11TH AVE AND 12TH AVE,,,1,Property Damage Only Collision,Parked Car,2,0,0,2,0,0,0,2009/02/23 00:00:00+00,2/23/2009 21:30,,0,NOT ENOUGH INFORMATION / NOT APPLICABLE,,0,Unknown,Unknown,Unknown,,9054015,,32,One parked--one moving,0,0,N
1275186.574,228376.7733,2518,216800,217080,E530264,Matched,Intersection,29727,14TH AVE AND E OLIVE ST, ,,1,Property Damage Only Collision,Parked Car,2,0,0,2,0,0,0,2016/04/01 00:00:00+00,4/1/2016 9:53,At Intersection (but not related to intersection),14,"MOTOR VEHICLE STRUCK MOTOR VEHICLE, REAR END",,N,Clear,Dry,Daylight,,,,32,One parked--one moving,0,0,N
1269575.387,247008.4274,2519,85000,85000,2803457,Matched,Intersection,25512,WOODLAWN AVE N AND N 53RD ST,,,2,Injury Collision,Angles,4,0,0,2,2,0,0,2008/04/15 00:00:00+00,4/15/2008 17:36,At Intersection (intersection related),11,"MOTOR VEHICLE STRUCK MOTOR VEHICLE, FRONT END AT ANGLE",,0,Overcast,Wet,Daylight,,8106019,,10,Entering at angle,0,0,N
1257183.849,207552.6746,2520,172000,172020,3570930,Matched,Block,,42ND AVE SW BETWEEN SW EDMUNDS ST AND SW HUDSON ST, ,,2,Injury Collision,Pedestrian,2,1,0,1,1,0,0,2014/07/15 00:00:00+00,7/15/2014 14:27,Mid-Block (not related to intersection),24,MOTOR VEHCILE STRUCK PEDESTRIAN,,N,Clear,Dry,Daylight,,,,0,Vehicle going straight hits pedestrian,0,0,N
1274696.775,226601.8871,2521,147900,147920,3552403,Matched,Block,,E SPRING ST BETWEEN 12TH AVE AND 13TH AVE, ,,1,Property Damage Only Collision,Other,2,0,0,2,0,0,0,2013/06/09 00:00:00+00,6/9/2013 19:37,Mid-Block (not related to intersection),11,"MOTOR VEHICLE STRUCK MOTOR VEHICLE, FRONT END AT ANGLE",,N,Clear,Dry,Daylight,,,,23,From same direction - all others,0,0,N
1282247.877,199943.121,2522,130500,130500,3566667,Matched,Block,,S MYRTLE ST BETWEEN 38TH AVE S AND M L KING JR WR WAY S,,,2,Injury Collision,Angles,5,0,0,2,1,0,0,2011/08/20 00:00:00+00,8/20/2011 18:43,Driveway Junction,11,"MOTOR VEHICLE STRUCK MOTOR VEHICLE, FRONT END AT ANGLE",,0,Clear,Dry,Daylight,,11232023,,10,Entering at angle,0,0,N
1274215.031,227746.8835,2523,211700,211940,3776025,Unmatched,Block,,11TH AVE BETWEEN E PIKE ST AND E PINE ST,NEI,"Not Enough Information, or Insufficient Location Information",0,Unknown,,0,0,0,0,0,0,0,2016/01/14 00:00:00+00,1/14/2016,Mid-Block (not related to intersection),13,"MOTOR VEHICLE STRUCK MOTOR VEHICLE, LEFT SIDE AT ANGLE",,,,,,,,, ,,0,0,Y
1271457.794,224356.1829,2524,180400,180460,3585338,Matched,Block,,6TH AVE BETWEEN CHERRY ST AND COLUMBIA ST, ,,2,Injury Collision,Sideswipe,3,0,0,2,2,0,0,2014/12/08 00:00:00+00,12/8/2014 12:04,Mid-Block (but intersection related),11,"MOTOR VEHICLE STRUCK MOTOR VEHICLE, FRONT END AT ANGLE",Y,N,Clear,Dry,Daylight,,,,11,From same direction - both going straight - both moving - sideswipe,0,0,N
1278920.969,247837.1698,2525,268300,269080,E762772,Matched,Intersection,25916,25TH AVE NE AND NE 57TH ST, ,,2,Injury Collision,Angles,2,0,0,2,2,0,0,2018/01/26 00:00:00+00,1/26/2018 13:21,At Intersection (intersection related),11,"MOTOR VEHICLE STRUCK MOTOR VEHICLE, FRONT END AT ANGLE",,N,Clear,Dry,Daylight,,,,10,Entering at angle,0,0,N
1278036.215,222248.3155,2526,237600,238040,E594046,Unmatched,Block,,23RD AVE S BETWEEN S MAIN ST AND S JACKSON ST,NEI,"Not Enough Information, or Insufficient Location Information",0,Unknown,,2,0,0,0,0,0,0,2016/10/05 00:00:00+00,10/5/2016,Mid-Block (not related to intersection),0,NOT ENOUGH INFORMATION / NOT APPLICABLE,,,,,,,,, ,,0,0,N
1267960.038,227599.7539,2527,93400,93400,2826196,Matched,Intersection,29547,3RD AVE AND BLANCHARD ST,,,2,Injury Collision,Angles,4,0,0,3,1,0,0,2008/11/07 00:00:00+00,11/7/2008,At Intersection (intersection related),11,"MOTOR VEHICLE STRUCK MOTOR VEHICLE, FRONT END AT ANGLE",,0,Overcast,Dry,Dark - Street Lights On,,8312036,,10,Entering at angle,0,0,N
1270401.889,225508.8862,2528,190300,190380,3590990,Matched,Block,,5TH AVE BETWEEN SENECA ST AND UNIVERSITY ST, ,,1,Property Damage Only Collision,Sideswipe,8,0,0,2,0,0,0,2015/04/04 00:00:00+00,4/4/2015 18:03,Mid-Block (not related to intersection),11,"MOTOR VEHICLE STRUCK MOTOR VEHICLE, FRONT END AT ANGLE",Y,N,Clear,Dry,Daylight,,,,11,From same direction - both going straight - both moving - sideswipe,0,0,N
1269137.794,223871.8634,2529,226600,226940,3785156,Matched,Intersection,29631,ALASKAN WAY AND MADISON ST, ,,2,Injury Collision,Pedestrian,3,2,0,1,2,0,0,2016/08/13 00:00:00+00,8/13/2016 18:00,At Intersection (intersection related),24,MOTOR VEHCILE STRUCK PEDESTRIAN,,N,Clear,Dry,Daylight,,,,2,Vehicle turning left hits pedestrian,0,0,N
1274468.189,223368.6972,2530,136500,136500,3476128,Matched,Intersection,30403,12TH AVE AND E FIR ST,,,1,Property Damage Only Collision,Angles,3,0,0,2,0,0,0,2012/10/31 00:00:00+00,10/31/2012 22:56,At Intersection (intersection related),11,"MOTOR VEHICLE STRUCK MOTOR VEHICLE, FRONT END AT ANGLE",,N,Raining,Wet,Dark - Street Lights On,,12305001,,10,Entering at angle,0,0,N
1259315.751,202173.3882,2531,109400,109400,3287878,Matched,Block,,35TH AVE SW BETWEEN SW MORGAN ST AND SW HOLLY ST,,,1,Property Damage Only Collision,Sideswipe,3,0,0,3,0,0,0,2010/05/21 00:00:00+00,5/21/2010 21:36,Mid-Block (not related to intersection),11,"MOTOR VEHICLE STRUCK MOTOR VEHICLE, FRONT END AT ANGLE",,N,Overcast,Wet,Dark - Street Lights On,,10141004,,11,From same direction - both going straight - both moving - sideswipe,0,0,N
1257081.072,194868.8896,2532,234400,234800,3386090,Matched,Block,,41ST AVE SW BETWEEN SW TRENTON ST AND SW CONCORD ST, ,,1,Property Damage Only Collision,Parked Car,2,0,0,2,0,0,0,2016/11/26 00:00:00+00,11/26/2016 21:53,Mid-Block (not related to intersection),11,"MOTOR VEHICLE STRUCK MOTOR VEHICLE, FRONT END AT ANGLE",Y,N,Raining,Wet,,,,,32,One parked--one moving,0,0,N
1278322.778,222054.0632,2533,70900,70900,C688710,Matched,Block,,S JACKSON ST BETWEEN 23RD AVE S AND 25TH AVE S,,,1,Property Damage Only Collision,Other,2,0,0,2,0,0,0,2007/06/26 00:00:00+00,6/26/2007 13:30,Mid-Block (but intersection related),16,"MOTOR VEHICLE STRUCK MOTOR VEHICLE, LEFT SIDE SIDESWIPE",,0,Clear,Dry,Daylight,,7177040,,23,From same direction - all others,0,0,N
1285419.73,191955.289,2534,150800,150820,E213705,Matched,Intersection,35485,51ST AVE S AND RENTON AVE S, ,,1,Property Damage Only Collision,Angles,0,0,0,2,0,0,0,2012/12/16 00:00:00+00,12/16/2012 0:40,At Intersection (intersection related),11,"MOTOR VEHICLE STRUCK MOTOR VEHICLE, FRONT END AT ANGLE",,N,Overcast,Dry,Dark - Street Lights On,,,,10,Entering at angle,0,0,N
1276280.644,225283.0571,2535,87600,87600,2899385,Matched,Block,,E CHERRY ST BETWEEN 17TH AVE AND 18TH AVE,,,2,Injury Collision,Head On,3,0,0,2,3,0,0,2008/09/14 00:00:00+00,9/14/2008 20:52,Mid-Block (but intersection related),11,"MOTOR VEHICLE STRUCK MOTOR VEHICLE, FRONT END AT ANGLE",,1,Clear,Dry,Dark - Street Lights On,,8258027,Y,24,From opposite direction - both moving - head-on,0,0,N
1271565.309,255105.773,2536,143300,143300,3502975,Matched,Block,,CORLISS AVE N BETWEEN N 82ND ST AND N 85TH ST, ,,1,Property Damage Only Collision,Parked Car,2,0,0,2,0,0,0,2013/01/02 00:00:00+00,1/2/2013 2:15,Driveway Junction,14,"MOTOR VEHICLE STRUCK MOTOR VEHICLE, REAR END",,N,Clear,Dry,Dark - Street Lights On,,13002016,,32,One parked--one moving,0,0,N
1269287.14,226760.0164,2537,135900,135900,3560746,Matched,Block,,4TH AVE BETWEEN PINE ST AND OLIVE WAY,,,2,Injury Collision,Parked Car,3,0,0,2,1,0,0,2012/05/24 00:00:00+00,5/24/2012 12:41,Mid-Block (not related to intersection),11,"MOTOR VEHICLE STRUCK MOTOR VEHICLE, FRONT END AT ANGLE",,N,Clear,Dry,Daylight,,12145013,,20,One car leaving parked position,0,0,N
1270635.753,225114.0574,2538,188300,188380,3739631,Matched,Intersection,29933,5TH AVE AND SPRING ST, ,,2,Injury Collision,Angles,3,0,0,2,1,0,0,2015/03/18 00:00:00+00,3/18/2015 23:40,At Intersection (intersection related),11,"MOTOR VEHICLE STRUCK MOTOR VEHICLE, FRONT END AT ANGLE",,N,Clear,Dry,Dark - Street Lights On,,,,10,Entering at angle,0,0,N
1270204.311,223099.7533,2539,130600,130600,3550964,Unmatched,Block,,YESLER WAY BETWEEN 1ST AVE AND JAMES ST,,,0,Unknown,,0,0,0,0,0,0,0,2011/04/08 00:00:00+00,4/8/2011,Mid-Block (not related to intersection),0,NOT ENOUGH INFORMATION / NOT APPLICABLE,,,,,,,11098025,,,,0,0,N