X,Y,OBJECTID,INCKEY,COLDETKEY,REPORTNO,STATUS,ADDRTYPE,INTKEY,LOCATION,EXCEPTRSNCODE,EXCEPTRSNDESC,SEVERITYCODE,SEVERITYDESC,COLLISIONTYPE,PERSONCOUNT,PEDCOUNT,PEDCYLCOUNT,VEHCOUNT,INJURIES,SERIOUSINJURIES,FATALITIES,INCDATE,INCDTTM,JUNCTIONTYPE,SDOT_COLCODE,SDOT_COLDESC,INATTENTIONIND,UNDERINFL,WEATHER,ROADCOND,LIGHTCOND,PEDROWNOTGRNT,SDOTCOLNUM,SPEEDING,ST_COLCODE,ST_COLDESC,SEGLANEKEY,CROSSWALKKEY,HITPARKEDCAR
1266620.78,227076.3294,2540,211200,211440,C807818,Unmatched,Block,,ELLIOTT AVE BETWEEN BELL ST AND BATTERY ST,NEI,"Not Enough Information, or Insufficient Location Information",0,Unknown,,0,0,0,0,0,0,0,2015/10/22 00:00:00+00,10/22/2015,,0,NOT ENOUGH INFORMATION / NOT APPLICABLE,,,,,,,,, ,,0,0,N
1278273.729,229491.3796,2541,176000,176020,3642854,Matched,Block,,E MADISON ST BETWEEN 23RD AVE E AND 24TH AVE E, ,,1,Property Damage Only Collision,Parked Car,2,0,0,2,0,0,0,2014/09/23 00:00:00+00,9/23/2014 21:23,Mid-Block (not related to intersection),11,"MOTOR VEHICLE STRUCK MOTOR VEHICLE, FRONT END AT ANGLE",Y,N,Raining,Wet,Dark - Street Lights On,,,,32,One parked--one moving,0,0,N
1268618.584,210120.2024,2542,263900,264680,E754951,Matched,Block,,EAST MARGINAL WAY S BETWEEN ALASKAN WY VI NB AND S NEVADA ST, ,,1,Property Damage Only Collision,Rear Ended,4,0,0,2,0,0,0,2017/12/19 00:00:00+00,12/19/2017 12:01,Mid-Block (but intersection related),14,"MOTOR VEHICLE STRUCK MOTOR VEHICLE, REAR END",,N,Raining,Wet,Daylight,,,,14,From same direction - both going straight - one stopped - rear-end,0,0,N
1274615.235,261995.6508,2543,65900,65900,2881033,Matched,Block,,NE NORTHGATE WAY BETWEEN 8TH AVE NE AND ROOSEVELT WAY NE, ,,2,Injury Collision,Sideswipe,4,0,0,2,1,0,0,2007/12/12 00:00:00+00,12/12/2007 16:00,Mid-Block (not related to intersection),16,"MOTOR VEHICLE STRUCK MOTOR VEHICLE, LEFT SIDE SIDESWIPE",,0,Clear,Dry,Daylight,,7346026,,11,From same direction - both going straight - both moving - sideswipe,0,0,N
,,2544,131600,131600,3546146,Matched,Block,,BROAD ST EB OFF RP BETWEEN BROAD ST AND MERCER SR ST,,,1,Property Damage Only Collision,Other,1,0,0,1,0,0,0,2012/07/28 00:00:00+00,7/28/2012 16:18,Mid-Block (not related to intersection),0,NOT ENOUGH INFORMATION / NOT APPLICABLE,,N,Clear,Dry,Daylight,,12210032,,50,Fixed object,0,0,N
1263770.309,234391.0322,2545,122800,122800,3513821,Unmatched,Intersection,28551,3RD AVE W AND W GALER W ST, ,,0,Unknown,,0,0,0,0,0,0,0,2011/10/11 00:00:00+00,10/11/2011,At Intersection (intersection related),0,NOT ENOUGH INFORMATION / NOT APPLICABLE,,,,,,,11284026,, ,,0,0,N
1268221.186,253436.536,2546,81800,81800,2905456,Matched,Intersection,24297,AURORA AVE N AND N 77TH ST,,,2,Injury Collision,Left Turn,2,0,0,2,2,0,0,2008/06/03 00:00:00+00,6/3/2008,At Intersection (intersection related),11,"MOTOR VEHICLE STRUCK MOTOR VEHICLE, FRONT END AT ANGLE",,0,Raining,Wet,Dusk,,8155039,,28,From opposite direction - one left turn - one straight,0,0,N
1272678.76,220043.3743,2547,255300,255940,3589822,Matched,Block,,7TH AVE S BETWEEN S PLUMMER ST AND AIRPORT NB WAY S, ,,1,Property Damage Only Collision,Sideswipe,2,0,0,2,0,0,0,2017/11/20 00:00:00+00,11/20/2017 15:43,Mid-Block (not related to intersection),11,"MOTOR VEHICLE STRUCK MOTOR VEHICLE, FRONT END AT ANGLE",,N,Clear,Dry,Daylight,,,,11,From same direction - both going straight - both moving - sideswipe,0,0,N
1287588.547,204301.6603,2548,97600,97600,3296413,Matched,Intersection,33711,SEWARD PARK AVE S AND S ORCAS ST,,,1,Property Damage Only Collision,Angles,2,0,0,2,0,0,0,2009/06/30 00:00:00+00,6/30/2009 18:19,At Intersection (intersection related),11,"MOTOR VEHICLE STRUCK MOTOR VEHICLE, FRONT END AT ANGLE",,0,Clear,Dry,Daylight,,9181021,,10,Entering at angle,0,0,N
1268151.208,260838.826,2549,163600,163620,3501629,Matched,Block,,N 105TH ST BETWEEN WHITMAN AVE N AND AURORA AVE N, ,,1,Property Damage Only Collision,Angles,2,0,0,2,0,0,0,2013/03/18 00:00:00+00,3/18/2013 11:00,Mid-Block (not related to intersection),14,"MOTOR VEHICLE STRUCK MOTOR VEHICLE, REAR END",,N,Clear,Dry,Daylight,,,,10,Entering at angle,0,0,N
1259230.223,199514.9512,2550,151400,151420,3505465,Matched,Block,,35TH AVE SW BETWEEN SW OTHELLO ST AND SW WEBSTER ST, ,,1,Property Damage Only Collision,Sideswipe,6,0,0,5,0,0,0,2013/07/28 00:00:00+00,7/28/2013 18:17,Mid-Block (not related to intersection),11,"MOTOR VEHICLE STRUCK MOTOR VEHICLE, FRONT END AT ANGLE",,N,Clear,Dry,Daylight,,,,11,From same direction - both going straight - both moving - sideswipe,0,0,N
,,2551,74400,74400,2807560,Matched,Block,,BROAD ST BETWEEN TAYLOR AVE N AND HARRISON ST,,,2,Injury Collision,Sideswipe,2,0,0,2,1,0,0,2007/05/11 00:00:00+00,5/11/2007 16:01,Mid-Block (but intersection related),16,"MOTOR VEHICLE STRUCK MOTOR VEHICLE, LEFT SIDE SIDESWIPE",,0,Clear,Dry,Daylight,,7131034,,11,From same direction - both going straight - both moving - sideswipe,0,0,N
1270736.87,226387.4071,2552,143500,143500,3330562,Matched,Block,,UNION ST BETWEEN 7TH AVE AND CONVENTION PL, ,,1,Property Damage Only Collision,Sideswipe,2,0,0,2,0,0,0,2013/01/30 00:00:00+00,1/30/2013 10:00,Mid-Block (not related to intersection),11,"MOTOR VEHICLE STRUCK MOTOR VEHICLE, FRONT END AT ANGLE",,N,Raining,Wet,Daylight,,13030014,,11,From same direction - both going straight - both moving - sideswipe,0,0,N
1273613.926,263682.2493,2553,180500,180560,3588436,Matched,Block,,5TH AVE NE BETWEEN NE 115TH ST AND NE 117TH ST,NEI,"Not Enough Information, or Insufficient Location Information",1,Property Damage Only Collision,Parked Car,2,0,0,2,0,0,0,2014/11/25 00:00:00+00,11/25/2014 19:00,Mid-Block (not related to intersection),0,NOT ENOUGH INFORMATION / NOT APPLICABLE,,N,Unknown,Unknown,Unknown,,,,32,One parked--one moving,0,0,N
1267191.4,231457.7414,2554,262300,263060,E750706,Matched,Block,,MERCER ST BETWEEN 5TH AVE N AND TAYLOR AVE N, ,,2,Injury Collision,Cycles,2,0,1,1,1,0,0,2017/12/20 00:00:00+00,12/20/2017 18:15,Mid-Block (not related to intersection),18,"MOTOR VEHICLE STRUCK PEDALCYCLIST, FRONT END AT ANGLE",,N,Unknown,Unknown,Unknown,Y,,,45,Vehicle - Pedalcyclist,0,0,N
1281678.57,255159.1105,2555,120900,120900,3568241,Unmatched,Block,,NE 85TH ST BETWEEN 35TH AVE NE AND 36TH AVE NE,,,0,Unknown,,0,0,0,0,0,0,0,2011/05/13 00:00:00+00,5/13/2011,,0,NOT ENOUGH INFORMATION / NOT APPLICABLE,,,,,,,11133033,,,,0,0,N
1270679.385,202172.5041,2556,240400,240840,E648446,Matched,Block,,EAST MARGINAL WAY S BETWEEN S MICHIGAN ST AND 4TH AVE S, ,,2,Injury Collision,Rear Ended,3,0,0,2,5,0,0,2017/03/03 00:00:00+00,3/3/2017 13:45,Mid-Block (not related to intersection),14,"MOTOR VEHICLE STRUCK MOTOR VEHICLE, REAR END",,N,Overcast,Dry,Daylight,,,,14,From same direction - both going straight - one stopped - rear-end,0,0,N
1271714.697,194229.7918,2557,168400,168420,3570951,Matched,Block,,7TH AVE S BETWEEN S HENDERSON ST AND S DIRECTOR W ST, ,,1,Property Damage Only Collision,Left Turn,2,0,0,2,0,0,0,2014/05/10 00:00:00+00,5/10/2014 19:27,Mid-Block (not related to intersection),11,"MOTOR VEHICLE STRUCK MOTOR VEHICLE, FRONT END AT ANGLE",,N,Clear,Dry,Dusk,,,,15,From same direction - one left turn - one straight,0,0,N
1284330.128,261589.8858,2558,101100,101100,3328303,Matched,Block,,SAND POINT WAY NE BETWEEN NE 107TH ST AND NE 110TH ST,,,1,Property Damage Only Collision,Rear Ended,2,0,0,2,0,0,0,2009/11/25 00:00:00+00,11/25/2009 8:15,Mid-Block (but intersection related),14,"MOTOR VEHICLE STRUCK MOTOR VEHICLE, REAR END",Y,0,Clear,Dry,Daylight,,9329034,,14,From same direction - both going straight - one stopped - rear-end,0,0,N
1263061.166,230971.8093,2559,165200,165220,3577704,Matched,Block,,ELLIOTT AVE W BETWEEN W HARRISON ST AND 6TH AVE W, ,,1,Property Damage Only Collision,Sideswipe,2,0,0,2,0,0,0,2014/03/18 00:00:00+00,3/18/2014 17:35,Mid-Block (not related to intersection),11,"MOTOR VEHICLE STRUCK MOTOR VEHICLE, FRONT END AT ANGLE",Y,N,Clear,Unknown,Daylight,,,,11,From same direction - both going straight - both moving - sideswipe,0,0,N
1275591.494,229651.8891,2560,67900,67900,2621563,Matched,Intersection,29059,15TH AVE E AND E JOHN ST, ,,2,Injury Collision,Pedestrian,2,1,0,1,1,0,0,2007/02/16 00:00:00+00,2/16/2007 10:00,At Intersection (intersection related),24,MOTOR VEHCILE STRUCK PEDESTRIAN,,0,Clear,Dry,Daylight,,7047006,,1,Vehicle turning right hits pedestrian,0,524178,N
1278171.842,231646.9527,2561,252800,253400,E730744,Matched,Block,,23RD AVE E BETWEEN E ROY ST AND E VALLEY ST, ,,1,Property Damage Only Collision,Rear Ended,3,0,0,2,0,0,0,2017/11/03 00:00:00+00,11/3/2017 14:58,Mid-Block (not related to intersection),14,"MOTOR VEHICLE STRUCK MOTOR VEHICLE, REAR END",,N,Overcast,Wet,Daylight,,,,14,From same direction - both going straight - one stopped - rear-end,0,0,N
1266903.654,254254.6564,2562,110500,110500,3568829,Matched,Intersection,24284,FREMONT AVE N AND N 80TH ST,,,1,Property Damage Only Collision,Left Turn,3,0,0,2,0,0,0,2010/12/04 00:00:00+00,12/4/2010 15:24,At Intersection (intersection related),11,"MOTOR VEHICLE STRUCK MOTOR VEHICLE, FRONT END AT ANGLE",,N,Clear,Dry,Daylight,,10338004,,28,From opposite direction - one left turn - one straight,0,0,N
1258540.202,198423.9763,2563,228900,229260,3588175,Matched,Intersection,33828,37TH AVE SW AND SW HOLDEN ST, ,,2,Injury Collision,Angles,4,0,0,2,3,0,0,2016/10/11 00:00:00+00,10/11/2016 21:06,At Intersection (intersection related),11,"MOTOR VEHICLE STRUCK MOTOR VEHICLE, FRONT END AT ANGLE",,N,Clear,Dry,Daylight,,,,10,Entering at angle,0,0,N
1260100.141,237512.4768,2564,137200,137200,3581656,Matched,Intersection,27915,15TH AVE W AND W WHEELER ST,,,2,Injury Collision,Pedestrian,2,1,0,1,1,0,0,2012/12/10 00:00:00+00,12/10/2012 7:26,At Intersection (intersection related),24,MOTOR VEHCILE STRUCK PEDESTRIAN,,N,Overcast,Dry,Dark - Street Lights On,,12345003,,0,Vehicle going straight hits pedestrian,0,0,N
1270036.303,202154.2992,2565,161700,161720,3643128,Matched,Block,,1ST AV S NB OFF RP BETWEEN 1ST AV S BR NB AND EAST MARGINAL WAY S, ,,1,Property Damage Only Collision,Rear Ended,6,0,0,4,0,0,0,2014/02/01 00:00:00+00,2/1/2014 12:03,Mid-Block (but intersection related),14,"MOTOR VEHICLE STRUCK MOTOR VEHICLE, REAR END",Y,N,Overcast,Wet,Daylight,,,,14,From same direction - both going straight - one stopped - rear-end,0,0,N
1277518.932,252628.4362,2566,140700,140700,3504261,Matched,Intersection,24760,20TH AVE NE AND NE 75TH ST, ,,2,Injury Collision,Cycles,2,0,1,1,1,0,0,2012/07/24 00:00:00+00,7/24/2012 17:34,At Intersection (intersection related),51,PEDALCYCLIST STRUCK MOTOR VEHICLE FRONT END AT ANGLE,,N,Clear,Dry,Daylight,Y,12206022,,45,Vehicle - Pedalcyclist,0,524374,N
1272385.868,221368.7167,2567,199600,199740,3732630,Matched,Block,,MAYNARD AVE S BETWEEN S WELLER ST AND S LANE ST, ,,1,Property Damage Only Collision,Parked Car,2,0,0,2,0,0,0,2015/08/10 00:00:00+00,8/10/2015 12:29,Mid-Block (but intersection related),14,"MOTOR VEHICLE STRUCK MOTOR VEHICLE, REAR END",,N,Clear,Dry,Daylight,,,,32,One parked--one moving,0,0,Y
1267867.142,237686.7125,2568,72500,72500,2607098,Matched,Block,,DEXTER AVE N BETWEEN WHEELER ST AND HALLADAY ST,,,1,Property Damage Only Collision,Parked Car,4,0,0,4,0,0,0,2007/10/01 00:00:00+00,10/1/2007,Mid-Block (not related to intersection),13,"MOTOR VEHICLE STRUCK MOTOR VEHICLE, LEFT SIDE AT ANGLE",,0,Raining,Wet,Dark - Street Lights On,,7274022,,32,One parked--one moving,0,0,N
1269303.789,228734.019,2569,202200,202340,E450988,Matched,Block,,WESTLAKE AVE BETWEEN LENORA ST AND BLANCHARD ST, ,,1,Property Damage Only Collision,Left Turn,0,0,0,2,0,0,0,2015/07/28 00:00:00+00,7/28/2015 12:50,Mid-Block (not related to intersection),14,"MOTOR VEHICLE STRUCK MOTOR VEHICLE, REAR END",,N,Clear,Dry,Daylight,,,,15,From same direction - one left turn - one straight,0,0,N
1273625.422,251277.2264,2570,86100,86100,2829340,Matched,Block,,WEEDIN PL NE BETWEEN NE 69TH ST AND 5TH AVE NE,,,1,Property Damage Only Collision,Sideswipe,2,0,0,2,0,0,0,2008/05/08 00:00:00+00,5/8/2008,Mid-Block (not related to intersection),16,"MOTOR VEHICLE STRUCK MOTOR VEHICLE, LEFT SIDE SIDESWIPE",,0,Clear,Dry,Daylight,,8129014,,12,From same direction - both going straight - one stopped - sideswipe,0,0,N
1269993.564,263447.2435,2571,165100,165120,3572665,Matched,Block,,N 115TH ST BETWEEN STONE AVE N AND MERIDIAN AVE N, ,,1,Property Damage Only Collision,Rear Ended,2,0,0,2,0,0,0,2014/03/28 00:00:00+00,3/28/2014 7:40,Mid-Block (not related to intersection),14,"MOTOR VEHICLE STRUCK MOTOR VEHICLE, REAR END",Y,N,Overcast,Wet,Daylight,,,,14,From same direction - both going straight - one stopped - rear-end,0,0,N
1274971.164,224407.1194,2572,94200,94200,3275097,Matched,Block,,E REMINGTON CT BETWEEN 13TH AVE AND 14TH AVE,,,1,Property Damage Only Collision,Parked Car,2,0,0,2,0,0,0,2009/04/22 00:00:00+00,4/22/2009 18:00,Mid-Block (not related to intersection),14,"MOTOR VEHICLE STRUCK MOTOR VEHICLE, REAR END",,0,Unknown,Unknown,Unknown,,9112031,,32,One parked--one moving,0,0,N
1275727.637,222081.6598,2573,193900,193980,E426879,Matched,Intersection,30748,16TH AVE S AND S JACKSON ST, ,,1,Property Damage Only Collision,Angles,0,0,0,2,0,0,0,2015/05/21 00:00:00+00,5/21/2015 13:11,At Intersection (intersection related),11,"MOTOR VEHICLE STRUCK MOTOR VEHICLE, FRONT END AT ANGLE",,N,Clear,Dry,Daylight,,,,10,Entering at angle,0,0,N
1268072.986,236951.9376,2574,124200,124200,3477463,Matched,Block,,MCGRAW ST BETWEEN DEXTER AVE N AND WAVERLY PL N,,,1,Property Damage Only Collision,Parked Car,2,0,0,2,0,0,0,2011/07/14 00:00:00+00,7/14/2011 9:00,Mid-Block (not related to intersection),0,NOT ENOUGH INFORMATION / NOT APPLICABLE,,N,Unknown,Unknown,Unknown,,11195018,,32,One parked--one moving,0,0,N
1283510.493,196569.36,2575,133400,133400,3387650,Matched,Intersection,35216,RENTON AVE S AND S ROSE CT,,,2,Injury Collision,Other,1,0,0,1,1,0,0,2012/07/13 00:00:00+00,7/13/2012 18:43,At Intersection (intersection related),26,MOTOR VEHICLE STRUCK OBJECT IN ROAD,,N,Clear,Dry,Daylight,,12195015,,50,Fixed object,0,0,N
1280875.452,229152.3703,2576,207700,207900,E486332,Matched,Intersection,29492,32ND AVE AND E DENNY N WAY, ,,1,Property Damage Only Collision,Other,0,0,0,1,0,0,0,2015/11/20 00:00:00+00,11/20/2015 15:55,At Intersection (intersection related),26,MOTOR VEHICLE STRUCK OBJECT IN ROAD,,N,Clear,Dry,Dusk,,,,50,Fixed object,0,0,N
1271380.893,229461.1344,2577,122200,122200,3562484,Matched,Block,,STEWART ST BETWEEN YALE AVE N AND EASTLAKE AVE E,,,1,Property Damage Only Collision,Rear Ended,2,0,0,2,0,0,0,2011/06/18 00:00:00+00,6/18/2011 15:53,Mid-Block (not related to intersection),14,"MOTOR VEHICLE STRUCK MOTOR VEHICLE, REAR END",Y,N,Raining,Wet,Daylight,,11169004,,13,From same direction - both going straight - both moving - rear-end,0,0,N
1274990.409,208734.6582,2578,230700,231100,3783066,Matched,Block,,15TH AVE S BETWEEN S OREGON ST AND S SNOQUALMIE ST, ,,2,Injury Collision,Parked Car,3,0,0,2,1,0,0,2016/10/13 00:00:00+00,10/13/2016 20:43,Mid-Block (not related to intersection),14,"MOTOR VEHICLE STRUCK MOTOR VEHICLE, REAR END",,N,Raining,Wet,Dark - Street Lights On,,,,32,One parked--one moving,0,0,N
1272095.511,228530.2983,2579,96600,96600,3207411,Matched,Block,,BELLEVUE AVE BETWEEN E OLIVE ST AND E OLIVE WAY,,,2,Injury Collision,Pedestrian,2,1,0,1,1,0,0,2009/09/30 00:00:00+00,9/30/2009 18:41,Mid-Block (but intersection related),24,MOTOR VEHCILE STRUCK PEDESTRIAN,Y,0,Clear,Dry,Dusk,,9273020,,0,Vehicle going straight hits pedestrian,0,0,N
1278374.858,237666.955,2580,257400,258060,E730762,Matched,Block,,24TH AVE E BETWEEN E MILLER ST AND EAST MONTLAKE PL E, ,,1,Property Damage Only Collision,Head On,3,0,0,2,0,0,0,2017/09/17 00:00:00+00,9/17/2017 18:43,Mid-Block (not related to intersection),11,"MOTOR VEHICLE STRUCK MOTOR VEHICLE, FRONT END AT ANGLE",,N,Raining,Wet,Dusk,,,,30,From opposite direction - all others,0,0,N
1275676.968,253764.0038,2581,71200,71200,2895059,Matched,Block,,LAKE CITY WAY NE BETWEEN 12TH AVE NE AND NE 80TH ST,,,2,Injury Collision,Rear Ended,2,0,0,2,1,0,0,2007/11/28 00:00:00+00,11/28/2007 18:51,Mid-Block (not related to intersection),14,"MOTOR VEHICLE STRUCK MOTOR VEHICLE, REAR END",,0,Raining,Wet,Dark - Street Lights On,,7332021,,14,From same direction - both going straight - one stopped - rear-end,0,0,N
1275312.383,243655.2719,2582,121500,121500,3505587,Matched,Block,,NE 42ND ST BETWEEN 12TH AVE NE AND BROOKLYN AVE NE,,,1,Property Damage Only Collision,Parked Car,2,0,0,2,0,0,0,2011/11/29 00:00:00+00,11/29/2011 16:30,,0,NOT ENOUGH INFORMATION / NOT APPLICABLE,,N,Unknown,Unknown,Unknown,,11333013,,32,One parked--one moving,0,0,N
1260250.118,210809.3201,2583,116700,116700,3295863,Matched,Block,,WEST SEATTLE BR EB BETWEEN POINT A AND FAUNTLEROY WAY SW,,,1,Property Damage Only Collision,Sideswipe,2,0,0,2,0,0,0,2010/10/25 00:00:00+00,10/25/2010 14:50,Mid-Block (not related to intersection),11,"MOTOR VEHICLE STRUCK MOTOR VEHICLE, FRONT END AT ANGLE",,N,Raining,Wet,Daylight,,10298036,,11,From same direction - both going straight - both moving - sideswipe,0,0,N
1271216.726,218915.8691,2584,184200,184280,3732256,Matched,Block,,EDGAR MARTINEZ DR S BETWEEN S ATLANTIC ST OFF RP AND 4TH AVE SB OFF RP, ,,2,Injury Collision,Other,1,0,0,1,1,0,0,2015/01/05 00:00:00+00,1/5/2015 5:23,Mid-Block (not related to intersection),26,MOTOR VEHICLE STRUCK OBJECT IN ROAD,Y,N,Raining,Wet,Dark - Street Lights On,,,,50,Fixed object,0,0,N
1270635.753,225114.0574,2585,250500,251100,E723732,Matched,Intersection,29933,5TH AVE AND SPRING ST, ,,1,Property Damage Only Collision,Other,2,0,0,2,0,0,0,2017/10/17 00:00:00+00,10/17/2017 12:40,At Intersection (intersection related),11,"MOTOR VEHICLE STRUCK MOTOR VEHICLE, FRONT END AT ANGLE",,N,Overcast,Wet,Daylight,,,,23,From same direction - all others,0,0,N
1270756.56,225541.2072,2586,142100,142100,3562246,Matched,Intersection,29928,6TH AVE AND SENECA ST,,,1,Property Damage Only Collision,Angles,2,0,0,2,0,0,0,2012/08/03 00:00:00+00,8/3/2012 7:15,At Intersection (intersection related),11,"MOTOR VEHICLE STRUCK MOTOR VEHICLE, FRONT END AT ANGLE",,N,Clear,Dry,Daylight,,12216009,,10,Entering at angle,0,0,N
1268378.85,193018.7051,2587,261500,262240,3744138,Matched,Block,,OLSON PL SW BETWEEN 3RD AVE SW AND SW CAMBRIDGE PL, ,,1,Property Damage Only Collision,Other,1,0,0,1,0,0,0,2017/12/18 00:00:00+00,12/18/2017 12:50,Mid-Block (not related to intersection),28,MOTOR VEHICLE RAN OFF ROAD - HIT FIXED OBJECT,,N,Raining,Wet,Daylight,,,,50,Fixed object,0,0,N
1275703.881,227754.2321,2588,106400,106400,3283434,Matched,Block,,E MADISON ST BETWEEN 15TH AVE AND 16TH AVE,,,1,Property Damage Only Collision,Rear Ended,2,0,0,2,0,0,0,2009/03/30 00:00:00+00,3/30/2009 15:59,Mid-Block (but intersection related),14,"MOTOR VEHICLE STRUCK MOTOR VEHICLE, REAR END",,0,Clear,Dry,Daylight,,9089009,,14,From same direction - both going straight - one stopped - rear-end,0,0,N
1278606.456,229671.989,2589,189800,189880,C793883,Unmatched,Block,,E JOHN ST BETWEEN 24TH AVE E AND 25TH AVE E, ,,0,Unknown,,0,0,0,0,0,0,0,2014/08/29 00:00:00+00,8/29/2014,Mid-Block (not related to intersection),14,"MOTOR VEHICLE STRUCK MOTOR VEHICLE, REAR END",,,,,,,,, ,,0,0,N
1259436.572,215641.9943,2590,226900,227240,E581228,Matched,Block,,SW ADMIRAL WAY BETWEEN SW OLGA ST AND 37TH E AVE SW, ,,1,Property Damage Only Collision,Other,5,0,0,2,0,0,0,2016/09/02 00:00:00+00,9/2/2016 21:21,Mid-Block (not related to intersection),14,"MOTOR VEHICLE STRUCK MOTOR VEHICLE, REAR END",,N,Clear,Dry,Dark - Street Lights On,,,,23,From same direction - all others,0,0,N
1283897.786,203722.0095,2591,68400,68400,2806976,Matched,Block,,RAINIER AVE S BETWEEN S JUNEAU ST AND S KENNY ST,,,1,Property Damage Only Collision,Sideswipe,2,0,0,2,0,0,0,2007/04/29 00:00:00+00,4/29/2007 6:41,Mid-Block (not related to intersection),11,"MOTOR VEHICLE STRUCK MOTOR VEHICLE, FRONT END AT ANGLE",,0,Overcast,Dry,Daylight,,7119006,,11,From same direction - both going straight - both moving - sideswipe,0,0,N
1268965.238,227120.8087,2592,215600,215860,3737612,Matched,Block,,4TH AVE BETWEEN STEWART ST AND VIRGINIA ST, ,,1,Property Damage Only Collision,Parked Car,3,0,0,2,0,0,0,2016/03/12 00:00:00+00,3/12/2016 15:10,Mid-Block (not related to intersection),14,"MOTOR VEHICLE STRUCK MOTOR VEHICLE, REAR END",,N,Clear,Dry,Daylight,,,,32,One parked--one moving,0,0,N
1269733.828,242299.3233,2593,84400,84400,2897432,Matched,Intersection,26858,DENSMORE AVE N AND N 39TH ST,,,1,Property Damage Only Collision,Angles,2,0,0,2,0,0,0,2008/10/20 00:00:00+00,10/20/2008 10:20,At Intersection (intersection related),14,"MOTOR VEHICLE STRUCK MOTOR VEHICLE, REAR END",,0,Raining,Wet,Daylight,,8294011,,10,Entering at angle,0,0,N
1278654.949,214892.7841,2594,248300,248880,3756156,Matched,Block,,RAINIER AVE S BETWEEN S BAYVIEW ST AND S MCCLELLAN ST, ,,1,Property Damage Only Collision,Sideswipe,0,0,0,2,0,0,0,2017/09/17 00:00:00+00,9/17/2017 17:12,Mid-Block (not related to intersection),11,"MOTOR VEHICLE STRUCK MOTOR VEHICLE, FRONT END AT ANGLE",,N,Raining,Wet,Daylight,,,,11,From same direction - both going straight - both moving - sideswipe,0,0,N
1276191.318,252653.5057,2595,134200,134200,3609206,Matched,Intersection,24426,15TH AVE NE AND NE 75TH ST,,,1,Property Damage Only Collision,Left Turn,2,0,0,2,0,0,0,2012/12/19 00:00:00+00,12/19/2012 14:50,At Intersection (intersection related),11,"MOTOR VEHICLE STRUCK MOTOR VEHICLE, FRONT END AT ANGLE",,N,Raining,Wet,Unknown,,12354015,,28,From opposite direction - one left turn - one straight,0,0,N
1257229.715,208855.2873,2596,115900,115900,2560315,Unmatched,Block,,42ND AVE SW BETWEEN SW OREGON ST AND SW ALASKA ST,,,0,Unknown,,0,0,0,0,0,0,0,2010/09/13 00:00:00+00,9/13/2010,Mid-Block (not related to intersection),11,"MOTOR VEHICLE STRUCK MOTOR VEHICLE, FRONT END AT ANGLE",,,,,,,10256031,,,,0,0,N
,,2597,143100,143100,3611421,Unmatched,,,,NEI,"Not Enough Information, or Insufficient Location Information",0,Unknown,,1,0,0,0,0,0,0,2013/01/09 00:00:00+00,1/9/2013,,0,NOT ENOUGH INFORMATION / NOT APPLICABLE,,,,,,,13009013,, ,,0,0,N
1273894.706,227961.786,2598,158800,158820,C779807,Unmatched,Intersection,29738,10TH AVE AND E PINE ST, ,,0,Unknown,,0,0,0,0,0,0,0,2013/07/11 00:00:00+00,7/11/2013,At Intersection (intersection related),14,"MOTOR VEHICLE STRUCK MOTOR VEHICLE, REAR END",,,,,,,,, ,,0,0,N
1269672.542,226740.2001,2599,260200,260900,3753720,Matched,Intersection,29577,5TH AVE AND PINE ST, ,,1,Property Damage Only Collision,Angles,2,0,0,2,0,0,0,2017/12/16 00:00:00+00,12/16/2017 4:26,At Intersection (intersection related),11,"MOTOR VEHICLE STRUCK MOTOR VEHICLE, FRONT END AT ANGLE",,N,Clear,Dry,Dark - Street Lights On,,,,10,Entering at angle,0,0,N
1269952.253,212153.9806,2600,72700,72700,2793172,Matched,Intersection,32354,1ST AVE S AND S SPOKANE NR ST,,,1,Property Damage Only Collision,Right Turn,2,0,0,2,0,0,0,2007/05/01 00:00:00+00,5/1/2007,At Intersection (intersection related),11,"MOTOR VEHICLE STRUCK MOTOR VEHICLE, FRONT END AT ANGLE",Y,0,Clear,Dry,Daylight,,7121018,,16,From same direction - one right turn - one straight,0,0,N
1272591.982,225916.3104,2601,239400,239840,3756294,Matched,Block,,MADISON ST BETWEEN BOREN AVE AND MINOR AVE,NEI,"Not Enough Information, or Insufficient Location Information",1,Property Damage Only Collision,Parked Car,2,0,0,2,0,0,0,2017/04/10 00:00:00+00,4/10/2017 17:30,Mid-Block (not related to intersection),14,"MOTOR VEHICLE STRUCK MOTOR VEHICLE, REAR END",,N,Unknown,Unknown,Unknown,,,,32,One parked--one moving,0,0,Y