X,Y,OBJECTID,INCKEY,COLDETKEY,REPORTNO,STATUS,ADDRTYPE,INTKEY,LOCATION,EXCEPTRSNCODE,EXCEPTRSNDESC,SEVERITYCODE,SEVERITYDESC,COLLISIONTYPE,PERSONCOUNT,PEDCOUNT,PEDCYLCOUNT,VEHCOUNT,INJURIES,SERIOUSINJURIES,FATALITIES,INCDATE,INCDTTM,JUNCTIONTYPE,SDOT_COLCODE,SDOT_COLDESC,INATTENTIONIND,UNDERINFL,WEATHER,ROADCOND,LIGHTCOND,PEDROWNOTGRNT,SDOTCOLNUM,SPEEDING,ST_COLCODE,ST_COLDESC,SEGLANEKEY,CROSSWALKKEY,HITPARKEDCAR
1268319.028,261106.9446,2602,148100,148120,3641690,Matched,Block,,AURORA AVE N BETWEEN N NORTHGATE WAY AND N 107TH S ST, ,,1,Property Damage Only Collision,Other,1,0,0,1,0,0,0,2013/06/13 00:00:00+00,6/13/2013 14:25,Mid-Block (but intersection related),28,MOTOR VEHICLE RAN OFF ROAD - HIT FIXED OBJECT,,N,Clear,Dry,Daylight,,,,50,Fixed object,0,0,N
1259160.448,196525.7432,2603,114000,114000,10075025,Unmatched,Intersection,34685,35TH AVE SW AND SW THISTLE ST,,,0,Unknown,,0,0,0,0,0,0,0,2010/03/16 00:00:00+00,3/16/2010,At Intersection (intersection related),11,"MOTOR VEHICLE STRUCK MOTOR VEHICLE, FRONT END AT ANGLE",,,,,,,10075025,,,,0,0,N
,,2604,145400,145400,C776071,Unmatched,,,,NEI,"Not Enough Information, or Insufficient Location Information",0,Unknown,,0,0,0,0,0,0,0,2013/03/16 00:00:00+00,3/16/2013,,0,NOT ENOUGH INFORMATION / NOT APPLICABLE,,,,,,,,, ,,0,0,N
1269960.271,224358.5271,2605,81100,81100,2908455,Matched,Intersection,29614,2ND AVE AND MADISON ST,,,2,Injury Collision,Angles,2,0,0,2,1,0,0,2008/04/04 00:00:00+00,4/4/2008,At Intersection (intersection related),11,"MOTOR VEHICLE STRUCK MOTOR VEHICLE, FRONT END AT ANGLE",,0,Raining,Wet,Dark - Street Lights On,,8095030,,10,Entering at angle,0,0,N
1268044.396,232576.0591,2606,214800,215060,3777775,Unmatched,Block,,AURORA AVE N BETWEEN ALOHA ST AND WARD ST,NEI,"Not Enough Information, or Insufficient Location Information",1,Property Damage Only Collision,,1,0,0,0,0,0,0,2016/02/26 00:00:00+00,2/26/2016,Mid-Block (not related to intersection),0,NOT ENOUGH INFORMATION / NOT APPLICABLE,,,,,,,,, ,,0,0,N
1272693.823,217352.3196,2607,97400,97400,3287172,Matched,Intersection,31242,S HOLGATE BR AND S HOLGATE ST,,,1,Property Damage Only Collision,Parked Car,4,0,0,2,0,0,0,2009/02/10 00:00:00+00,2/10/2009 14:35,At Intersection (intersection related),11,"MOTOR VEHICLE STRUCK MOTOR VEHICLE, FRONT END AT ANGLE",,N,Snowing,Wet,Daylight,,9041016,,19,One car entering parked position,0,0,N
1277776.145,239328.7498,2608,156800,156820,3672410,Matched,Block,,MONTLAKE BLVD E BETWEEN E SHELBY ST AND MONTLAKE BR, ,,2,Injury Collision,Rear Ended,4,0,0,2,1,0,0,2013/11/11 00:00:00+00,11/11/2013 18:05,Mid-Block (but intersection related),14,"MOTOR VEHICLE STRUCK MOTOR VEHICLE, REAR END",Y,Y,Clear,Dry,Dark - Street Lights Off,,,,14,From same direction - both going straight - one stopped - rear-end,0,0,N
1259412.411,193886.1385,2609,287900,288760,3742067,Matched,Intersection,34946,34TH AVE SW AND SW BARTON ST, ,,2,Injury Collision,Angles,4,0,0,2,3,0,0,2018/05/18 00:00:00+00,5/18/2018 13:31,At Intersection (intersection related),11,"MOTOR VEHICLE STRUCK MOTOR VEHICLE, FRONT END AT ANGLE",,N,Clear,Dry,Daylight,,,,10,Entering at angle,0,0,N
1271234.841,242931.7721,2610,175500,175520,3591812,Matched,Block,,CORLISS AVE N BETWEEN N 40TH ST AND N 41ST ST, ,,1,Property Damage Only Collision,Parked Car,2,0,0,2,0,0,0,2014/09/16 00:00:00+00,9/16/2014 15:30,Mid-Block (not related to intersection),12,"MOTOR VEHICLE STRUCK MOTOR VEHICLE, RIGHT SIDE AT ANGLE",,N,Clear,Dry,Daylight,,,,32,One parked--one moving,0,0,N
1285309.249,187738.821,2611,161500,161520,3583060,Matched,Block,,51ST AVE S BETWEEN S BANGOR ST AND S 109TH ST, ,,1,Property Damage Only Collision,Other,2,0,0,2,0,0,0,2014/02/06 00:00:00+00,2/6/2014 5:07,Mid-Block (not related to intersection),13,"MOTOR VEHICLE STRUCK MOTOR VEHICLE, LEFT SIDE AT ANGLE",,N,Clear,Ice,Dark - Street Lights On,,,Y,50,Fixed object,0,0,N
1273011.184,254072.9778,2612,139700,139700,3545070,Matched,Intersection,24537,BANNER WAY NE AND NE 80TH ST,,,2b,Serious Injury Collision,Angles,3,0,0,2,3,1,0,2012/06/16 00:00:00+00,6/16/2012 13:53,At Intersection (intersection related),11,"MOTOR VEHICLE STRUCK MOTOR VEHICLE, FRONT END AT ANGLE",,N,Clear,Dry,Daylight,,12168004,,10,Entering at angle,0,0,N
1274287.021,203635.4991,2613,235600,236040,3782586,Matched,Intersection,33127,13TH AVE S AND AIRPORT WAY S, ,,1,Property Damage Only Collision,Left Turn,2,0,0,2,0,0,0,2017/02/03 00:00:00+00,2/3/2017 14:00,At Intersection (intersection related),11,"MOTOR VEHICLE STRUCK MOTOR VEHICLE, FRONT END AT ANGLE",,N,Raining,Wet,Daylight,,,,28,From opposite direction - one left turn - one straight,0,0,N
1268932.723,235912.0014,2614,84900,84900,2900067,Unmatched,Block,,WESTLAKE EAST RDWY AVE N BETWEEN NEWTON ST AND WESTLAKE SHORE RDWY 3 AVE N,,,0,Unknown,,0,0,0,0,0,0,0,2008/10/22 00:00:00+00,10/22/2008,Mid-Block (not related to intersection),11,"MOTOR VEHICLE STRUCK MOTOR VEHICLE, FRONT END AT ANGLE",,,,,,,8296010,,,,0,0,N
1269150.793,261489.6608,2615,144900,144900,3642126,Matched,Block,,N 107TH ST BETWEEN STONE AVE N AND INTERLAKE AVE N, ,,1,Property Damage Only Collision,Other,1,0,0,1,0,0,0,2013/04/22 00:00:00+00,4/22/2013 21:20,Mid-Block (but intersection related),28,MOTOR VEHICLE RAN OFF ROAD - HIT FIXED OBJECT,,N,Clear,Dry,Dark - Street Lights On,,,,50,Fixed object,0,0,N
1262165.91,247680.1617,2616,16949,16949,1780214,Matched,Intersection,25420,9TH AVE NW AND NW MARKET ST,,,2b,Serious Injury Collision,Pedestrian,2,1,0,1,1,1,0,2004/01/24 00:00:00+00,1/24/2004 17:19,At Intersection (intersection related),24,MOTOR VEHCILE STRUCK PEDESTRIAN,,0,Clear,Dry,Dark - Street Lights On,,4024026,,0,Vehicle going straight hits pedestrian,0,0,N
,,2617,17321,17321,2482734,Unmatched,Block,,ALASKAN WY VI NB BETWEEN S ROYAL BROUGHAM WAY ON RP AND SENECA ST OFF RP,,,0,Unknown,,0,0,0,0,0,0,0,2004/12/06 00:00:00+00,12/6/2004,Mid-Block (not related to intersection),14,"MOTOR VEHICLE STRUCK MOTOR VEHICLE, REAR END",,,,,,,4341039,,,,0,0,N
1270904.055,224028.4447,2618,17254,17254,1216971,Matched,Block,,4TH AVE BETWEEN CHERRY ST AND COLUMBIA ST,,,1,Property Damage Only Collision,Other,2,0,0,2,0,0,0,2004/08/31 00:00:00+00,8/31/2004 18:21,Driveway Junction,14,"MOTOR VEHICLE STRUCK MOTOR VEHICLE, REAR END",,0,Clear,Dry,Daylight,,4244016,,21,One car entering driveway access,0,0,N
1262741.627,252332.8244,2619,17187,17187,1220415,Matched,Block,,NW 73RD ST BETWEEN 8TH S AVE NW AND DIBBLE AVE NW,,,1,Property Damage Only Collision,Parked Car,2,0,0,2,0,0,0,2004/09/12 00:00:00+00,9/12/2004 0:30,Mid-Block (not related to intersection),15,"MOTOR VEHICLE STRUCK MOTOR VEHICLE, RIGHT SIDE SIDESWIPE",,0,Unknown,Unknown,Dark - Street Lights On,,4256001,,32,One parked--one moving,0,0,N
1283413.402,199924.4687,2620,16442,16442,3672291,Matched,Block,,S MYRTLE ST BETWEEN 43RD AVE S AND 44TH AVE S, ,,1,Property Damage Only Collision,Other,2,0,0,2,0,0,0,2013/03/27 00:00:00+00,3/27/2013 17:30,Mid-Block (but intersection related),28,MOTOR VEHICLE RAN OFF ROAD - HIT FIXED OBJECT,Y,N,Clear,Dry,Dusk,,,,50,Fixed object,0,0,N
1276181.212,250744.9441,2621,16778,16778,3608776,Matched,Block,,15TH AVE NE BETWEEN NE 68TH S ST AND NE 68TH N ST, ,,2,Injury Collision,Rear Ended,2,0,0,2,1,0,0,2013/04/11 00:00:00+00,4/11/2013 8:40,Mid-Block (not related to intersection),14,"MOTOR VEHICLE STRUCK MOTOR VEHICLE, REAR END",Y,N,Raining,Wet,Daylight,,,,14,From same direction - both going straight - one stopped - rear-end,0,0,N
1278023.573,222928.8662,2622,16718,16718,3615384,Matched,Intersection,30733,23RD AVE AND E YESLER WAY,NEI,"Not Enough Information, or Insufficient Location Information",1,Property Damage Only Collision,Sideswipe,2,0,0,2,0,0,0,2013/04/10 00:00:00+00,4/10/2013 17:12,At Intersection (intersection related),0,NOT ENOUGH INFORMATION / NOT APPLICABLE,,N,Unknown,Unknown,Unknown,,,,11,From same direction - both going straight - both moving - sideswipe,0,0,N
1276837.414,202424.6103,2623,17734,17734,4006067,Unmatched,Block,,S EDDY ST BETWEEN SWIFT AVE S AND 22ND AVE S,,,0,Unknown,,0,0,0,0,0,0,0,2004/01/06 00:00:00+00,1/6/2004,Mid-Block (but intersection related),14,"MOTOR VEHICLE STRUCK MOTOR VEHICLE, REAR END",,,,,,,4006067,,,,0,0,N
1265673.291,248023.9531,2624,16885,16885,3608726,Matched,Intersection,25632,PHINNEY AVE N AND N 56TH ST, ,,2,Injury Collision,Angles,2,0,0,2,1,0,0,2013/04/13 00:00:00+00,4/13/2013 15:20,At Intersection (intersection related),11,"MOTOR VEHICLE STRUCK MOTOR VEHICLE, FRONT END AT ANGLE",,N,Unknown,Snow/Slush,Daylight,,,,10,Entering at angle,0,0,N
1281023.7,270404.7866,2625,16471,16471,3608882,Matched,Intersection,36002,32ND AVE NE AND NE 143RD ST, ,,1,Property Damage Only Collision,Angles,5,0,0,2,0,0,0,2013/04/04 00:00:00+00,4/4/2013 20:56,At Intersection (intersection related),11,"MOTOR VEHICLE STRUCK MOTOR VEHICLE, FRONT END AT ANGLE",,N,Clear,Wet,Dark - Street Lights On,,,,10,Entering at angle,0,0,N
1270603.344,230268.2969,2626,328600,330100,EA05950,Unmatched,Block,,MINOR AVE N BETWEEN THOMAS ST AND HARRISON ST, ,,1,Property Damage Only Collision,,2,0,0,0,0,0,0,2020/01/21 00:00:00+00,1/21/2020,Mid-Block (not related to intersection),13,"MOTOR VEHICLE STRUCK MOTOR VEHICLE, LEFT SIDE AT ANGLE",,,,,,,,, ,,0,0,Y
1270232.255,254507.9583,2627,17698,17698,1782575,Matched,Block,,WALLINGFORD AVE N BETWEEN N 80TH ST AND N 82ND ST,,,1,Property Damage Only Collision,Parked Car,2,0,0,2,0,0,0,2004/01/15 00:00:00+00,1/15/2004 14:20,Mid-Block (not related to intersection),16,"MOTOR VEHICLE STRUCK MOTOR VEHICLE, LEFT SIDE SIDESWIPE",Y,0,Raining,Wet,Daylight,,4015027,,32,One parked--one moving,0,0,N
1258508.579,207860.1464,2628,17785,17785,1790417,Matched,Block,,38TH WR AVE SW BETWEEN SW ALASKA ST AND SW HUDSON ST,,,1,Property Damage Only Collision,Parked Car,2,0,0,2,0,0,0,2004/09/08 00:00:00+00,9/8/2004,Mid-Block (not related to intersection),31,DRIVERLESS VEHICLE STRUCK MOTOR VEHICLE FRONT END AT ANGLE,,0,Clear,Dry,Daylight,,4252010,,32,One parked--one moving,0,0,N
1277438.125,226517.9725,2629,17569,17569,1477845,Matched,Block,,21ST AVE BETWEEN E MARION ST AND E UNION ST,,,1,Property Damage Only Collision,Head On,2,0,0,2,0,0,0,2004/09/03 00:00:00+00,9/3/2004,Mid-Block (but intersection related),11,"MOTOR VEHICLE STRUCK MOTOR VEHICLE, FRONT END AT ANGLE",,0,Clear,Dry,Daylight,,4247017,,30,From opposite direction - all others,0,0,N
1263535.516,230361.6763,2630,17521,17521,4212051,Unmatched,Block,,ELLIOTT AVE W BETWEEN W THOMAS N ST AND 4TH AVE W,,,0,Unknown,,0,0,0,0,0,0,0,2004/07/30 00:00:00+00,7/30/2004,Mid-Block (but intersection related),16,"MOTOR VEHICLE STRUCK MOTOR VEHICLE, LEFT SIDE SIDESWIPE",,,,,,,4212051,,,,0,0,N
1266674.117,240632.7659,2631,16738,16738,3645775,Matched,Intersection,27039,FREMONT AVE N AND N 34TH ST,NEI,"Not Enough Information, or Insufficient Location Information",1,Property Damage Only Collision,Parked Car,2,0,0,2,0,0,0,2013/04/10 00:00:00+00,4/10/2013 13:00,At Intersection (intersection related),0,NOT ENOUGH INFORMATION / NOT APPLICABLE,,N,Clear,Dry,Daylight,,,,32,One parked--one moving,0,0,N
1282089.963,199273.7553,2632,223200,223480,E561552,Matched,Block,,S OTHELLO ST BETWEEN 38TH AVE S AND 39TH AVE S, ,,2,Injury Collision,Rear Ended,2,0,0,2,2,0,0,2016/07/08 00:00:00+00,7/8/2016 16:23,Mid-Block (not related to intersection),14,"MOTOR VEHICLE STRUCK MOTOR VEHICLE, REAR END",Y,N,Overcast,Dry,Daylight,,,,14,From same direction - both going straight - one stopped - rear-end,0,0,N
1251427.779,214384.9409,2633,17212,17212,1481314,Matched,Block,,60TH AVE SW BETWEEN SW STEVENS ST AND SW ADMIRAL WAY,,,1,Property Damage Only Collision,Parked Car,2,0,0,2,0,0,0,2004/01/14 00:00:00+00,1/14/2004 9:00,Mid-Block (not related to intersection),16,"MOTOR VEHICLE STRUCK MOTOR VEHICLE, LEFT SIDE SIDESWIPE",,0,Raining,Wet,Daylight,,4014023,,32,One parked--one moving,0,0,N
1282335.523,203897.5228,2634,17748,17748,1787987,Matched,Intersection,33631,39TH AVE S AND S JUNEAU ST,,,1,Property Damage Only Collision,Angles,4,0,0,2,0,0,0,2004/06/05 00:00:00+00,6/5/2004,At Intersection (intersection related),11,"MOTOR VEHICLE STRUCK MOTOR VEHICLE, FRONT END AT ANGLE",,0,Overcast,Dry,Daylight,,4157007,,10,Entering at angle,0,0,N
1269737.724,202642.5869,2635,17097,17097,1788792,Matched,Block,,1ST S AVE S BETWEEN 1ST N AVE S AND S FRONT ST,,,1,Property Damage Only Collision,Rear Ended,6,0,0,2,0,0,0,2004/05/10 00:00:00+00,5/10/2004 11:42,Mid-Block (but intersection related),14,"MOTOR VEHICLE STRUCK MOTOR VEHICLE, REAR END",,0,Raining,Wet,Daylight,,4131002,,14,From same direction - both going straight - one stopped - rear-end,0,0,N
1264527.729,198057.0458,2636,17042,17042,1790232,Matched,Block,,16TH AVE SW BETWEEN SW HOLDEN ST AND SW KENYON ST,,,2,Injury Collision,Other,4,0,0,2,1,0,0,2004/05/12 00:00:00+00,5/12/2004 17:30,Driveway Junction,16,"MOTOR VEHICLE STRUCK MOTOR VEHICLE, LEFT SIDE SIDESWIPE",,0,Clear,Dry,Daylight,,4133011,,21,One car entering driveway access,0,0,N
1272835.115,223926.4017,2637,16433,16433,3645755,Matched,Block,,9TH AVE BETWEEN ALDER ST AND JEFFERSON ST, ,,1,Property Damage Only Collision,Parked Car,2,0,0,2,0,0,0,2013/03/27 00:00:00+00,3/27/2013 13:00,Mid-Block (not related to intersection),0,NOT ENOUGH INFORMATION / NOT APPLICABLE,,N,Clear,Dry,Daylight,,,,32,One parked--one moving,0,0,N
1281294.261,208926.3086,2638,333900,335400,3834627,Matched,Block,,RAINIER AVE S BETWEEN S GENESEE S ST AND S OREGON ST, ,,1,Property Damage Only Collision,Parked Car,2,0,0,2,0,0,0,2020/09/01 00:00:00+00,9/1/2020 18:45,Mid-Block (not related to intersection),11,"MOTOR VEHICLE STRUCK MOTOR VEHICLE, FRONT END AT ANGLE",,N,Clear,Dry,Dusk,,,,32,One parked--one moving,0,0,Y
1274871.113,217256.1102,2639,17666,17666,1771453,Unmatched,Block,,14TH AVE S BETWEEN S HOLGATE ST AND S PLUM ST,,,0,Unknown,,0,0,0,0,0,0,0,2004/11/04 00:00:00+00,11/4/2004,Mid-Block (but intersection related),16,"MOTOR VEHICLE STRUCK MOTOR VEHICLE, LEFT SIDE SIDESWIPE",,,,,,,4309020,,,,0,0,N
1274869.28,254023.8294,2640,17223,17223,1780157,Matched,Intersection,24395,ROOSEVELT WAY NE AND NE 80TH ST,,,3,Fatality Collision,Left Turn,3,0,0,2,1,0,1,2004/02/29 00:00:00+00,2/29/2004 0:23,At Intersection (intersection related),11,"MOTOR VEHICLE STRUCK MOTOR VEHICLE, FRONT END AT ANGLE",,1,Overcast,Dry,Dark - Street Lights On,,4060029,,28,From opposite direction - one left turn - one straight,0,0,N
1270240.721,255161.8212,2641,17297,17297,1778644,Matched,Block,,WALLINGFORD AVE N BETWEEN N 82ND ST AND N 85TH ST,,,1,Property Damage Only Collision,Parked Car,2,0,0,2,0,0,0,2004/06/03 00:00:00+00,6/3/2004,Mid-Block (but intersection related),14,"MOTOR VEHICLE STRUCK MOTOR VEHICLE, REAR END",,0,Clear,Dry,Daylight,,4155020,Y,32,One parked--one moving,0,0,N
1262718.387,231598.9957,2642,16463,16463,3549369,Matched,Block,,W MERCER ST BETWEEN 6TH AVE W AND ELLIOTT AVE W, ,,1,Property Damage Only Collision,Sideswipe,2,0,0,2,0,0,0,2013/04/04 00:00:00+00,4/4/2013 16:44,Mid-Block (but intersection related),14,"MOTOR VEHICLE STRUCK MOTOR VEHICLE, REAR END",,N,Raining,Wet,Daylight,,,,11,From same direction - both going straight - both moving - sideswipe,0,0,N
1281529.647,265054.7847,2643,17539,17539,1773753,Matched,Intersection,36608,35TH AVE NE AND NE 123RD ST,,,2,Injury Collision,Angles,8,0,0,5,1,0,0,2004/01/11 00:00:00+00,1/11/2004 12:57,At Intersection (intersection related),11,"MOTOR VEHICLE STRUCK MOTOR VEHICLE, FRONT END AT ANGLE",,0,Clear,Dry,Daylight,,4011004,,10,Entering at angle,0,0,N
1281145.919,209820.1395,2644,17778,17778,1771689,Matched,Block,,RAINIER AVE S BETWEEN S DAKOTA ST AND S ADAMS ST,,,1,Property Damage Only Collision,Rear Ended,2,0,0,2,0,0,0,2004/02/23 00:00:00+00,2/23/2004 14:45,Mid-Block (not related to intersection),14,"MOTOR VEHICLE STRUCK MOTOR VEHICLE, REAR END",Y,0,Clear,Dry,Daylight,,4054028,,14,From same direction - both going straight - one stopped - rear-end,0,0,N
1266785.481,200373.8348,2645,17272,17272,1775474,Matched,Block,,HIGHLAND PARK WAY SW BETWEEN WEST MARGINAL WAY SW AND SW OTHELLO ST,,,1,Property Damage Only Collision,Other,1,0,0,1,0,0,0,2004/08/06 00:00:00+00,8/6/2004,Mid-Block (not related to intersection),28,MOTOR VEHICLE RAN OFF ROAD - HIT FIXED OBJECT,,0,Raining,Wet,Daylight,,4219062,,50,Fixed object,0,0,N
1270248.909,255820.4066,2646,16992,16992,1780894,Matched,Block,,WALLINGFORD AVE N BETWEEN N 85TH ST AND N 88TH ST,,,2,Injury Collision,Rear Ended,3,0,0,2,1,0,0,2004/10/15 00:00:00+00,10/15/2004 22:16,Mid-Block (but intersection related),14,"MOTOR VEHICLE STRUCK MOTOR VEHICLE, REAR END",Y,0,Clear,Dry,Dark - Street Lights On,,4289013,,14,From same direction - both going straight - one stopped - rear-end,0,0,N
1277413.782,225624.4894,2647,16862,16862,2617497,Matched,Intersection,30171,21ST AVE AND E COLUMBIA ST, ,,1,Property Damage Only Collision,Angles,3,0,0,2,0,0,0,2013/04/12 00:00:00+00,4/12/2013 8:29,At Intersection (intersection related),14,"MOTOR VEHICLE STRUCK MOTOR VEHICLE, REAR END",,N,Overcast,Dry,Daylight,,,,10,Entering at angle,0,0,N
1283642.549,197240.1249,2648,16616,16616,3211137,Matched,Block,,S KENYON ST BETWEEN RENTON AVE S AND 44TH PL S, ,,1,Property Damage Only Collision,Angles,5,0,0,2,0,0,0,2013/04/08 00:00:00+00,4/8/2013 18:40,Driveway Junction,11,"MOTOR VEHICLE STRUCK MOTOR VEHICLE, FRONT END AT ANGLE",,N,Clear,Dry,Dusk,,,,10,Entering at angle,0,0,N
1258414.466,253715.5535,2649,17417,17417,1774442,Unmatched,Intersection,23886,22ND AVE NW AND NW 77TH ST,,,0,Unknown,,0,0,0,0,0,0,0,2004/12/15 00:00:00+00,12/15/2004,At Intersection (intersection related),11,"MOTOR VEHICLE STRUCK MOTOR VEHICLE, FRONT END AT ANGLE",,,,,,,4350018,,,,0,0,N
1270448.303,230488.217,2650,17206,17206,1777236,Matched,Block,,HARRISON ST BETWEEN FAIRVIEW AVE N AND MINOR AVE N,,,1,Property Damage Only Collision,Parked Car,3,0,0,3,0,0,0,2004/07/21 00:00:00+00,7/21/2004 9:26,Mid-Block (not related to intersection),14,"MOTOR VEHICLE STRUCK MOTOR VEHICLE, REAR END",,0,Clear,Dry,Daylight,,4203017,Y,32,One parked--one moving,0,0,N
1270954.001,222164.9003,2651,16732,16732,3562711,Matched,Block,,S JACKSON ST BETWEEN 2ND AVE S AND 3RD AVE S, ,,1,Property Damage Only Collision,Sideswipe,3,0,0,2,0,0,0,2013/04/08 00:00:00+00,4/8/2013 10:32,Mid-Block (not related to intersection),11,"MOTOR VEHICLE STRUCK MOTOR VEHICLE, FRONT END AT ANGLE",,N,Clear,Dry,Daylight,,,,11,From same direction - both going straight - both moving - sideswipe,0,0,N
1275848.927,227071.6351,2652,299900,301100,3814118,Matched,Intersection,30142,16TH AVE AND E UNION ST, ,,2,Injury Collision,Angles,2,0,0,2,1,0,0,2018/07/30 00:00:00+00,7/30/2018 9:41,At Intersection (intersection related),14,"MOTOR VEHICLE STRUCK MOTOR VEHICLE, REAR END",,N,Overcast,Dry,Daylight,,,,10,Entering at angle,0,0,N
,,2653,17239,17239,1317269,Unmatched,Alley,,,,,0,Unknown,,0,0,0,0,0,0,0,2004/05/03 00:00:00+00,5/3/2004,Mid-Block (not related to intersection),0,NOT ENOUGH INFORMATION / NOT APPLICABLE,,,,,,,4124002,,,,0,0,N
1272657.415,251955.1977,2654,17176,17176,1782396,Matched,Block,,EAST GREEN LAKE DR N BETWEEN NE MAPLE LEAF PL AND 4TH AVE NE,,,1,Property Damage Only Collision,Parked Car,2,0,0,2,0,0,0,2004/09/25 00:00:00+00,9/25/2004 4:20,Mid-Block (not related to intersection),13,"MOTOR VEHICLE STRUCK MOTOR VEHICLE, LEFT SIDE AT ANGLE",Y,0,Overcast,Dry,Dark - Street Lights On,,4269026,,32,One parked--one moving,0,0,N
1257050.191,214762.0561,2655,16501,16501,3380694,Matched,Block,,CALIFORNIA AVE SW BETWEEN SW LANDER ST AND SW STEVENS ST, ,,1,Property Damage Only Collision,Parked Car,2,0,0,2,0,0,0,2013/04/06 00:00:00+00,4/6/2013 23:44,Mid-Block (not related to intersection),16,"MOTOR VEHICLE STRUCK MOTOR VEHICLE, LEFT SIDE SIDESWIPE",,N,Raining,Wet,Dark - Street Lights On,,,,32,One parked--one moving,0,0,N
1275020.972,219267.8528,2656,16588,16588,3615275,Matched,Block,,15TH AVE S BETWEEN GOLF DR S AND S ATLANTIC ST,NEI,"Not Enough Information, or Insufficient Location Information",1,Property Damage Only Collision,Parked Car,2,0,0,2,0,0,0,2013/04/05 00:00:00+00,4/5/2013 10:00,Mid-Block (not related to intersection),0,NOT ENOUGH INFORMATION / NOT APPLICABLE,,N,Unknown,Unknown,Unknown,,,,32,One parked--one moving,0,0,N
1274119.042,263337.1923,2657,276900,277760,3575699,Matched,Block,,NE 115TH ST BETWEEN 7TH AVE NE AND 8TH AVE NE, ,,1,Property Damage Only Collision,Other,3,0,0,1,0,0,0,2018/03/01 00:00:00+00,3/1/2018 22:46,Mid-Block (not related to intersection),28,MOTOR VEHICLE RAN OFF ROAD - HIT FIXED OBJECT,,N,Clear,Dry,Dark - Street Lights On,,,Y,50,Fixed object,0,0,N
1277977.628,225978.1626,2658,17653,17653,1856645,Matched,Intersection,30051,23RD AVE AND E MARION ST,,,1,Property Damage Only Collision,Angles,3,0,0,2,0,0,0,2004/03/27 00:00:00+00,3/27/2004 22:10,At Intersection (intersection related),11,"MOTOR VEHICLE STRUCK MOTOR VEHICLE, FRONT END AT ANGLE",,0,Raining,Wet,Dark - Street Lights On,,4087025,,10,Entering at angle,0,0,N
1270689.005,202435.9503,2659,17581,17581,1798392,Matched,Block,,S MICHIGAN ST BETWEEN EAST MARGINAL WAY S AND 4TH AVE S,,,1,Property Damage Only Collision,Sideswipe,4,0,0,2,0,0,0,2004/10/26 00:00:00+00,10/26/2004 15:29,Mid-Block (not related to intersection),16,"MOTOR VEHICLE STRUCK MOTOR VEHICLE, LEFT SIDE SIDESWIPE",,0,Clear,Dry,Daylight,,4300027,,11,From same direction - both going straight - both moving - sideswipe,0,0,N
,,2660,17685,17685,1785201,Matched,Alley,,,,,2,Injury Collision,Pedestrian,2,1,0,1,1,0,0,2004/10/09 00:00:00+00,10/9/2004,Mid-Block (not related to intersection),24,MOTOR VEHCILE STRUCK PEDESTRIAN,,0,Clear,Dry,Daylight,,4283015,,0,Vehicle going straight hits pedestrian,0,0,N
1272702.002,239389.2467,2661,17764,17764,1788148,Matched,Block,,EASTLAKE AVE E BETWEEN E HAMLIN ST AND E SHELBY ST,,,1,Property Damage Only Collision,Rear Ended,2,0,0,2,0,0,0,2004/07/16 00:00:00+00,7/16/2004 18:20,Mid-Block (not related to intersection),14,"MOTOR VEHICLE STRUCK MOTOR VEHICLE, REAR END",Y,0,Clear,Dry,Daylight,,4198015,,14,From same direction - both going straight - one stopped - rear-end,0,0,N
1269318.218,255849.071,2662,16845,16845,3501994,Matched,Block,,INTERLAKE AVE N BETWEEN N 85TH E ST AND N 88TH ST, ,,1,Property Damage Only Collision,Parked Car,2,0,0,2,0,0,0,2013/04/12 00:00:00+00,4/12/2013 6:28,Mid-Block (not related to intersection),13,"MOTOR VEHICLE STRUCK MOTOR VEHICLE, LEFT SIDE AT ANGLE",,N,Overcast,Dry,Dark - Street Lights On,,,,32,One parked--one moving,0,0,N
1258435.044,243366.4553,2663,313500,314940,3750384,Matched,Block,,21ST AVE W BETWEEN W EMERSON PL AND W ELMORE ST, ,,1,Property Damage Only Collision,Head On,5,0,0,4,0,0,0,2019/02/06 00:00:00+00,2/6/2019 15:01,Mid-Block (not related to intersection),11,"MOTOR VEHICLE STRUCK MOTOR VEHICLE, FRONT END AT ANGLE",,N,Clear,Dry,Daylight,,,,30,From opposite direction - all others,0,0,N
1280170.781,214616.9724,2664,17281,17281,1771619_1,Unmatched,Block,,31ST AVE S BETWEEN S LANDER ST AND S MCCLELLAN ST,,,0,Unknown,,0,0,0,0,0,0,0,2004/07/15 00:00:00+00,7/15/2004,Mid-Block (not related to intersection),14,"MOTOR VEHICLE STRUCK MOTOR VEHICLE, REAR END",,,,,,,4197005,,,,0,0,N
1272125.534,195397.9832,2665,323600,325100,E934450,Matched,Block,,WEST MARGINAL SB WAY S BETWEEN KENYON ON RP AND SR99 SB OFF RP, ,,1,Property Damage Only Collision,Other,2,0,0,2,0,0,0,2019/06/21 00:00:00+00,6/21/2019 2:55,Mid-Block (not related to intersection),26,MOTOR VEHICLE STRUCK OBJECT IN ROAD,Y,Y,Clear,Dry,Dark - Street Lights On,,,,17,Strikes or Was Struck by Object from the Load of Another Vehicle,0,0,N
,,2666,16774,16774,3553742,Unmatched,Alley,,, ,,2,Injury Collision,,2,0,0,0,1,0,0,2013/04/10 00:00:00+00,4/10/2013,,0,NOT ENOUGH INFORMATION / NOT APPLICABLE,,,,,,,,, ,,0,0,N