X,Y,OBJECTID,INCKEY,COLDETKEY,REPORTNO,STATUS,ADDRTYPE,INTKEY,LOCATION,EXCEPTRSNCODE,EXCEPTRSNDESC,SEVERITYCODE,SEVERITYDESC,COLLISIONTYPE,PERSONCOUNT,PEDCOUNT,PEDCYLCOUNT,VEHCOUNT,INJURIES,SERIOUSINJURIES,FATALITIES,INCDATE,INCDTTM,JUNCTIONTYPE,SDOT_COLCODE,SDOT_COLDESC,INATTENTIONIND,UNDERINFL,WEATHER,ROADCOND,LIGHTCOND,PEDROWNOTGRNT,SDOTCOLNUM,SPEEDING,ST_COLCODE,ST_COLDESC,SEGLANEKEY,CROSSWALKKEY,HITPARKEDCAR
1285274.217,200384.9245,2667,16557,16557,3672157,Unmatched,Block,,RAINIER AVE S BETWEEN S WILLOW ST AND S FRONTENAC ST, ,,1,Property Damage Only Collision,,1,0,0,0,0,0,0,2013/04/04 00:00:00+00,4/4/2013,Mid-Block (not related to intersection),28,MOTOR VEHICLE RAN OFF ROAD - HIT FIXED OBJECT,,,,,,,,, ,,0,0,N
1283520.023,246240.6795,2668,17166,17166,1778888,Matched,Block,,SAND POINT WAY NE BETWEEN NE 50TH ST AND NE 52ND ST,,,1,Property Damage Only Collision,Rear Ended,2,0,0,2,0,0,0,2004/03/27 00:00:00+00,3/27/2004 20:02,Mid-Block (not related to intersection),14,"MOTOR VEHICLE STRUCK MOTOR VEHICLE, REAR END",,0,Raining,Wet,Dark - Street Lights On,,4087014,,14,From same direction - both going straight - one stopped - rear-end,0,0,N
1273711.098,242794.229,2669,327400,328900,3803251,Matched,Block,,NE 40 UPPER ST BETWEEN PASADENA PL NE AND 7TH AVE NE, ,,1,Property Damage Only Collision,Parked Car,3,0,0,3,0,0,0,2019/12/23 00:00:00+00,12/23/2019 9:33,Mid-Block (not related to intersection),14,"MOTOR VEHICLE STRUCK MOTOR VEHICLE, REAR END",,N,Clear,Dry,Daylight,,,,32,One parked--one moving,0,0,Y
1272482.366,203099.9441,2670,16517,16517,3502346,Matched,Block,,S MICHIGAN ST BETWEEN 7TH AVE S AND CORSON AVE S, ,,1,Property Damage Only Collision,Rear Ended,2,0,0,2,0,0,0,2013/04/06 00:00:00+00,4/6/2013 13:29,Mid-Block (not related to intersection),14,"MOTOR VEHICLE STRUCK MOTOR VEHICLE, REAR END",Y,N,Raining,Wet,Daylight,,,,13,From same direction - both going straight - both moving - rear-end,0,0,N
1264780.935,235032.1604,2671,17855,17855,1777346,Matched,Block,,QUEEN ANNE AVE N BETWEEN GARFIELD ST AND BLAINE ST,,,1,Property Damage Only Collision,Parked Car,2,0,0,2,0,0,0,2004/05/22 00:00:00+00,5/22/2004 12:54,Mid-Block (not related to intersection),11,"MOTOR VEHICLE STRUCK MOTOR VEHICLE, FRONT END AT ANGLE",,0,Unknown,Unknown,Unknown,,4143034,,32,One parked--one moving,0,0,N
1264403.572,193105.1219,2672,17796,17796,1481222,Matched,Intersection,35051,16TH AVE SW AND SW CAMBRIDGE ST,,,1,Property Damage Only Collision,Angles,2,0,0,2,0,0,0,2004/06/18 00:00:00+00,6/18/2004 13:16,At Intersection (intersection related),11,"MOTOR VEHICLE STRUCK MOTOR VEHICLE, FRONT END AT ANGLE",,0,Clear,Dry,Daylight,,4170014,,10,Entering at angle,0,0,N
1265088.5,192416.0024,2673,17866,17866,1197798,Unmatched,Block,,SW ROXBURY ST BETWEEN 13TH AVE SW AND 14TH AVE SW,,,0,Unknown,,0,0,0,0,0,0,0,2004/12/09 00:00:00+00,12/9/2004,Mid-Block (not related to intersection),14,"MOTOR VEHICLE STRUCK MOTOR VEHICLE, REAR END",,,,,,,4344026,,,,0,0,N
1277822.433,224575.1879,2674,17523,17523,1217169,Matched,Block,,E JEFFERSON ST BETWEEN 22ND AVE AND 23RD AVE,,,2,Injury Collision,Pedestrian,2,1,0,1,1,0,0,2004/11/22 00:00:00+00,11/22/2004 12:00,Mid-Block (not related to intersection),24,MOTOR VEHCILE STRUCK PEDESTRIAN,,0,Unknown,Dry,Daylight,,4327034,Y,1,Vehicle turning right hits pedestrian,0,0,N
1261490.37,234058.2807,2675,320700,322200,3751013,Matched,Block,,OLYMPIC WAY W BETWEEN W LEE ST AND 10TH AVE W, ,,2,Injury Collision,Rear Ended,2,0,0,2,1,0,0,2019/06/28 00:00:00+00,6/28/2019 20:56,Mid-Block (but intersection related),14,"MOTOR VEHICLE STRUCK MOTOR VEHICLE, REAR END",,Y,Clear,Dry,Dusk,,,,14,From same direction - both going straight - one stopped - rear-end,0,0,N
1256322.147,203302.2729,2676,272600,273440,3745551,Matched,Intersection,32922,44TH AVE SW AND SW GRAHAM ST, ,,1,Property Damage Only Collision,Parked Car,4,0,0,3,0,0,0,2018/02/23 00:00:00+00,2/23/2018 19:29,At Intersection (but not related to intersection),14,"MOTOR VEHICLE STRUCK MOTOR VEHICLE, REAR END",,N,Clear,Dry,Dark - No Street Lights,,,Y,32,One parked--one moving,0,0,Y
1275651.826,231284.4192,2677,16813,16813,3593816,Matched,Intersection,28990,15TH AVE E AND E MERCER N ST, ,,1,Property Damage Only Collision,Other,1,0,0,1,0,0,0,2013/04/11 00:00:00+00,4/11/2013 20:00,At Intersection (intersection related),28,MOTOR VEHICLE RAN OFF ROAD - HIT FIXED OBJECT,,Y,Clear,Dry,Dusk,,,,50,Fixed object,0,0,N
1264349.682,260143.4083,2678,17320,17320,1931362,Unmatched,Block,,3RD AVE NW BETWEEN HOLMAN RD NW AND NW 103RD S ST,,,0,Unknown,,0,0,0,0,0,0,0,2004/12/22 00:00:00+00,12/22/2004,Mid-Block (but intersection related),14,"MOTOR VEHICLE STRUCK MOTOR VEHICLE, REAR END",,,,,,,4357018,,,,0,0,N
1274374.186,227534.4201,2679,16836,16836,3605993,Matched,Block,,E PIKE ST BETWEEN 11TH AVE AND 12TH AVE, ,,1,Property Damage Only Collision,Other,3,0,0,2,0,0,0,2013/04/13 00:00:00+00,4/13/2013 3:06,Mid-Block (not related to intersection),11,"MOTOR VEHICLE STRUCK MOTOR VEHICLE, FRONT END AT ANGLE",Y,N,Unknown,Unknown,Dark - Street Lights On,,,,23,From same direction - all others,0,0,N
1282216.686,233291.0303,2680,16914,16914,3593818,Matched,Block,,E MADISON ST BETWEEN 36TH AVE E AND 37TH AVE E, ,,2,Injury Collision,Rear Ended,3,0,0,3,1,0,0,2013/04/12 00:00:00+00,4/12/2013 12:21,Mid-Block (but intersection related),14,"MOTOR VEHICLE STRUCK MOTOR VEHICLE, REAR END",,N,Overcast,Dry,Daylight,,,,13,From same direction - both going straight - both moving - rear-end,0,0,N
1273046.698,222119.3194,2681,322600,324100,3750467,Matched,Intersection,30425,8TH AVE S AND S JACKSON ST, ,,1,Property Damage Only Collision,Sideswipe,3,0,0,2,0,0,0,2019/08/18 00:00:00+00,8/18/2019 20:07,At Intersection (intersection related),11,"MOTOR VEHICLE STRUCK MOTOR VEHICLE, FRONT END AT ANGLE",Y,N,Clear,Dry,Dark - Street Lights On,,,,11,From same direction - both going straight - both moving - sideswipe,0,0,N
1268309.796,260239.945,2682,335200,336700,EA74490,Matched,Block,,AURORA AVE N BETWEEN N 103RD S ST AND N 103RD N ST, ,,2,Injury Collision,Left Turn,2,0,0,2,1,0,0,2020/10/20 00:00:00+00,10/20/2020 23:22,Mid-Block (not related to intersection),11,"MOTOR VEHICLE STRUCK MOTOR VEHICLE, FRONT END AT ANGLE",,N,Clear,Dry,Dark - Street Lights On,,,,28,From opposite direction - one left turn - one straight,0,0,N
1273784.705,231940.3861,2683,17738,17738,1216861,Matched,Block,,10TH AVE E BETWEEN E ROY W ST AND E ALOHA ST,,,1,Property Damage Only Collision,Parked Car,2,0,0,2,0,0,0,2004/07/09 00:00:00+00,7/9/2004,Mid-Block (not related to intersection),16,"MOTOR VEHICLE STRUCK MOTOR VEHICLE, LEFT SIDE SIDESWIPE",,0,Clear,Dry,Daylight,,4191031,,32,One parked--one moving,0,0,N
1270733.974,246188.4303,2684,16942,16942,1069484,Unmatched,Intersection,25525,MERIDIAN AVE N AND N 50TH ST,,,0,Unknown,,0,0,0,0,0,0,0,2004/12/26 00:00:00+00,12/26/2004,At Intersection (intersection related),11,"MOTOR VEHICLE STRUCK MOTOR VEHICLE, FRONT END AT ANGLE",,,,,,,4361008,,,,0,0,N
1277852.553,240587.497,2685,17021,17021,1774494,Matched,Block,,MONTLAKE BLVD NE BETWEEN NE PACIFIC ST AND NE PACIFIC PL,,,2,Injury Collision,Rear Ended,2,0,0,2,1,0,0,2004/05/27 00:00:00+00,5/27/2004 11:32,Mid-Block (but intersection related),14,"MOTOR VEHICLE STRUCK MOTOR VEHICLE, REAR END",,0,Raining,Wet,Daylight,,4148002,,14,From same direction - both going straight - one stopped - rear-end,0,0,N
1269721.417,226026.2,2686,326300,327800,E986066,Matched,Block,,4TH AVE BETWEEN UNION ST AND PIKE ST, ,,1,Property Damage Only Collision,Rear Ended,3,0,0,2,0,0,0,2019/11/15 00:00:00+00,11/15/2019 8:15,Mid-Block (not related to intersection),14,"MOTOR VEHICLE STRUCK MOTOR VEHICLE, REAR END",,N,Overcast,Wet,Daylight,,,,14,From same direction - both going straight - one stopped - rear-end,0,0,N
1274036.344,222100.3491,2687,17410,17410,1772674,Matched,Block,,S JACKSON ST BETWEEN 10TH AVE S AND 12TH AVE S,,,1,Property Damage Only Collision,Other,3,0,0,2,0,0,0,2004/06/11 00:00:00+00,6/11/2004 15:14,Driveway Junction,11,"MOTOR VEHICLE STRUCK MOTOR VEHICLE, FRONT END AT ANGLE",,0,Overcast,Dry,Daylight,,4163036,,21,One car entering driveway access,0,0,N
1267969.373,259521.9357,2688,17343,17343,1080351,Matched,Block,,N 100TH ST BETWEEN LINDEN AVE N AND AURORA AVE N,,,1,Property Damage Only Collision,Other,2,0,0,2,0,0,0,2004/06/18 00:00:00+00,6/18/2004 17:00,Mid-Block (not related to intersection),11,"MOTOR VEHICLE STRUCK MOTOR VEHICLE, FRONT END AT ANGLE",,0,Clear,Dry,Daylight,,4170030,,22,One car leaving driveway access,0,0,N
1277792.907,239925.001,2689,16988,16988,1634940,Matched,Block,,MONTLAKE BR BETWEEN POINT A AND NE PACIFIC ST,,,1,Property Damage Only Collision,Rear Ended,5,0,0,2,0,0,0,2004/03/24 00:00:00+00,3/24/2004 11:58,Mid-Block (not related to intersection),14,"MOTOR VEHICLE STRUCK MOTOR VEHICLE, REAR END",,0,Raining,Wet,Daylight,,4084036,,14,From same direction - both going straight - one stopped - rear-end,0,0,N
1255320.333,238526.7012,2690,17135,17135,1182136,Matched,Intersection,27642,30TH AVE W AND W RAYE ST,,,2,Injury Collision,Angles,3,0,0,3,2,0,0,2004/01/19 00:00:00+00,1/19/2004 14:39,At Intersection (intersection related),11,"MOTOR VEHICLE STRUCK MOTOR VEHICLE, FRONT END AT ANGLE",,0,Clear,Dry,Daylight,,4019020,,10,Entering at angle,0,0,N
1267368.977,227266.4868,2691,17515,17515,1482401,Matched,Block,,1ST AVE BETWEEN BLANCHARD ST AND BELL ST,,,1,Property Damage Only Collision,Parked Car,2,0,0,2,0,0,0,2004/03/01 00:00:00+00,3/1/2004,Mid-Block (not related to intersection),16,"MOTOR VEHICLE STRUCK MOTOR VEHICLE, LEFT SIDE SIDESWIPE",,0,Clear,Dry,Dark - Street Lights On,,4061009,,32,One parked--one moving,0,0,N
1280983.165,251568.7601,2692,338600,340100,3880410,Unmatched,Block,,33RD AVE NE BETWEEN NE 70TH ST AND NE 73RD ST,NEI,"Not Enough Information, or Insufficient Location Information",0,Unknown,,2,0,0,0,0,0,0,2021/03/01 00:00:00+00,3/1/2021,Mid-Block (not related to intersection),11,"MOTOR VEHICLE STRUCK MOTOR VEHICLE, FRONT END AT ANGLE",,,,,,,,, ,,0,0,Y
1273788.741,251790.8452,2693,241700,242140,3748220,Matched,Block,,6TH AVE NE BETWEEN NE 70TH N ST AND NE 72ND ST, ,,1,Property Damage Only Collision,Parked Car,4,0,0,4,0,0,0,2017/05/21 00:00:00+00,5/21/2017 15:00,Mid-Block (not related to intersection),14,"MOTOR VEHICLE STRUCK MOTOR VEHICLE, REAR END",,N,Clear,Dry,Daylight,,,,32,One parked--one moving,0,0,N
1267264.004,270802.1074,2694,17458,17458,1211447,Matched,Block,,N 143RD ST BETWEEN EVANSTON AVE N AND LINDEN AVE N,,,1,Property Damage Only Collision,Parked Car,2,0,0,2,0,0,0,2004/02/20 00:00:00+00,2/20/2004 21:12,Mid-Block (but intersection related),14,"MOTOR VEHICLE STRUCK MOTOR VEHICLE, REAR END",Y,1,Clear,Dry,Dark - Street Lights On,,4051014,,32,One parked--one moving,0,0,N
1280317.169,252575.49,2695,17245,17245,1773764,Matched,Block,,NE 75TH ST BETWEEN 30TH AVE NE AND 31ST AVE NE,,,1,Property Damage Only Collision,Other,1,0,0,1,0,0,0,2004/01/28 00:00:00+00,1/28/2004 8:40,Mid-Block (but intersection related),28,MOTOR VEHICLE RAN OFF ROAD - HIT FIXED OBJECT,,0,Raining,Wet,Daylight,,4028049,,50,Fixed object,0,0,N
1254041.61,239876.4041,2696,17180,17180,1482504,Matched,Intersection,27438,34TH AVE W AND W BARRETT ST,,,1,Property Damage Only Collision,Angles,2,0,0,2,0,0,0,2004/05/27 00:00:00+00,5/27/2004 13:02,At Intersection (intersection related),11,"MOTOR VEHICLE STRUCK MOTOR VEHICLE, FRONT END AT ANGLE",,0,Raining,Wet,Daylight,,4148019,,10,Entering at angle,0,0,N
1272579.253,250122.1667,2697,16418,16418,3615287,Unmatched,Block,,NE 65TH ST BETWEEN 2ND AVE NE AND LATONA W AVE NE,NEI,"Not Enough Information, or Insufficient Location Information",0,Unknown,,0,0,0,0,0,0,0,2013/04/02 00:00:00+00,4/2/2013,,0,NOT ENOUGH INFORMATION / NOT APPLICABLE,,,,,,,,, ,,0,0,N
1274625.279,246078.2972,2698,16701,16701,3504771,Matched,Block,,NE 50TH ST BETWEEN 9TH AVE NE AND ROOSEVELT WAY NE, ,,2,Injury Collision,Rear Ended,3,0,0,2,1,0,0,2013/04/07 00:00:00+00,4/7/2013 13:45,Mid-Block (but intersection related),14,"MOTOR VEHICLE STRUCK MOTOR VEHICLE, REAR END",,N,Raining,Wet,Daylight,,,,13,From same direction - both going straight - both moving - rear-end,0,0,N
1271995.745,205426.7091,2699,17510,17510,1795683,Unmatched,Intersection,33164,MAYNARD AVE S AND S LUCILE ST,,,0,Unknown,,0,0,0,0,0,0,0,2004/10/08 00:00:00+00,10/8/2004,At Intersection (intersection related),11,"MOTOR VEHICLE STRUCK MOTOR VEHICLE, FRONT END AT ANGLE",,,,,,,4282071,,,,0,0,N
1276712.26,248359.9567,2700,17218,17218,1079892,Matched,Intersection,25998,17TH AVE NE AND NE 58TH ST,,,1,Property Damage Only Collision,Other,1,0,0,1,0,0,0,2004/10/22 00:00:00+00,10/22/2004 2:49,At Intersection (intersection related),28,MOTOR VEHICLE RAN OFF ROAD - HIT FIXED OBJECT,,0,Clear,Dry,Dark - Street Lights On,,4296017,,50,Fixed object,0,0,N
1262979.954,245037.288,2701,305400,306680,E848172,Matched,Block,,NW 45TH ST BETWEEN 6TH AVE NW AND 8TH AVE NW, ,,1,Property Damage Only Collision,Parked Car,2,0,0,2,0,0,0,2018/10/08 00:00:00+00,10/8/2018 4:19,Mid-Block (not related to intersection),11,"MOTOR VEHICLE STRUCK MOTOR VEHICLE, FRONT END AT ANGLE",,N,Raining,Wet,Dark - Street Lights On,,,,32,One parked--one moving,0,0,N
1265617.979,256935.247,2702,17694,17694,1782305,Matched,Intersection,37438,GREENWOOD AVE N AND N 90TH ST,,,1,Property Damage Only Collision,Angles,5,0,0,3,0,0,0,2004/03/07 00:00:00+00,3/7/2004,At Intersection (intersection related),11,"MOTOR VEHICLE STRUCK MOTOR VEHICLE, FRONT END AT ANGLE",,0,Clear,Dry,Daylight,,4067004,,10,Entering at angle,0,0,N
1269615.908,231891.8624,2703,17775,17775,1213376,Matched,Intersection,28745,TERRY AVE N AND VALLEY ST,,,2,Injury Collision,Left Turn,3,0,0,2,1,0,0,2004/01/20 00:00:00+00,1/20/2004 15:05,At Intersection (intersection related),11,"MOTOR VEHICLE STRUCK MOTOR VEHICLE, FRONT END AT ANGLE",,0,Clear,Dry,Daylight,,4020007,,28,From opposite direction - one left turn - one straight,0,0,N
1268270.674,256871.5821,2704,16974,16974,1079630,Matched,Intersection,37340,AURORA AVE N AND N 90TH ST,,,2,Injury Collision,Left Turn,6,0,0,2,2,0,0,2004/07/15 00:00:00+00,7/15/2004 18:00,At Intersection (intersection related),11,"MOTOR VEHICLE STRUCK MOTOR VEHICLE, FRONT END AT ANGLE",,0,Clear,Dry,Daylight,,4197007,,28,From opposite direction - one left turn - one straight,0,0,N
1255917.494,219829.8734,2705,331600,333100,3838259,Matched,Block,,ALKI AVE SW BETWEEN SW JERSEY ST AND SW ARKANSAS ST, ,,2,Injury Collision,Rear Ended,3,0,0,2,2,0,0,2020/05/23 00:00:00+00,5/23/2020 17:33,Mid-Block (not related to intersection),14,"MOTOR VEHICLE STRUCK MOTOR VEHICLE, REAR END",,N,Clear,Dry,Daylight,,,,14,From same direction - both going straight - one stopped - rear-end,0,0,N
1265770.247,267186.8612,2706,17015,17015,1778923,Matched,Block,,GREENWOOD AVE N BETWEEN N 127TH ST AND N 130TH ST,,,2,Injury Collision,Rear Ended,3,0,0,3,3,0,0,2004/02/13 00:00:00+00,2/13/2004 13:20,Mid-Block (not related to intersection),14,"MOTOR VEHICLE STRUCK MOTOR VEHICLE, REAR END",Y,0,Clear,Dry,Daylight,,4044023,,14,From same direction - both going straight - one stopped - rear-end,0,0,N
1275238.56,248962.909,2707,16452,16452,3501512,Matched,Block,,12TH AVE NE BETWEEN NE 61ST ST AND NE 62ND ST, ,,1,Property Damage Only Collision,Parked Car,2,0,0,2,0,0,0,2013/04/04 00:00:00+00,4/4/2013 17:42,Mid-Block (not related to intersection),31,DRIVERLESS VEHICLE STRUCK MOTOR VEHICLE FRONT END AT ANGLE,,N,Raining,Wet,Daylight,,,,32,One parked--one moving,0,0,N
1268377.211,267459.1997,2708,18276,18276,1080188,Unmatched,Intersection,35828,AURORA AVE N AND N 130TH ST,,,0,Unknown,,0,0,0,0,0,0,0,2004/09/09 00:00:00+00,9/9/2004,At Intersection (intersection related),11,"MOTOR VEHICLE STRUCK MOTOR VEHICLE, FRONT END AT ANGLE",,,,,,,4253016,,,,0,0,N
1272295.528,262062.2952,2709,16564,16564,3615274,Matched,Intersection,36586,1ST AVE NE AND NE NORTHGATE WAY,NEI,"Not Enough Information, or Insufficient Location Information",1,Property Damage Only Collision,Other,2,0,0,2,0,0,0,2013/04/04 00:00:00+00,4/4/2013 16:00,At Intersection (intersection related),0,NOT ENOUGH INFORMATION / NOT APPLICABLE,,N,Unknown,Unknown,Unknown,,,,23,From same direction - all others,0,0,N
1257508.967,248729.3425,2710,16410,16410,3501331,Matched,Block,,24TH AVE NW BETWEEN NW 58TH ST AND NW 59TH ST, ,,2,Injury Collision,Pedestrian,2,1,0,1,1,0,0,2013/04/02 00:00:00+00,4/2/2013 15:05,Mid-Block (not related to intersection),24,MOTOR VEHCILE STRUCK PEDESTRIAN,,N,Clear,Dry,Daylight,,,,0,Vehicle going straight hits pedestrian,0,0,N
1272508.911,238184.0703,2711,17095,17095,1788694,Matched,Intersection,28300,EASTLAKE AVE E AND E ROANOKE ST,,,1,Property Damage Only Collision,Angles,3,0,0,2,0,0,0,2004/02/17 00:00:00+00,2/17/2004 16:30,At Intersection (intersection related),11,"MOTOR VEHICLE STRUCK MOTOR VEHICLE, FRONT END AT ANGLE",,0,Overcast,Dry,Daylight,,4048028,,10,Entering at angle,0,0,N
1268377.211,267459.1997,2712,17174,17174,1782378,Matched,Intersection,35828,AURORA AVE N AND N 130TH ST,,,2,Injury Collision,Angles,2,0,0,2,2,0,0,2004/03/22 00:00:00+00,3/22/2004 6:39,At Intersection (intersection related),11,"MOTOR VEHICLE STRUCK MOTOR VEHICLE, FRONT END AT ANGLE",,0,Clear,Dry,Daylight,,4082008,,10,Entering at angle,0,0,N
1277678.226,222936.1837,2713,327900,329400,EA01215,Unmatched,Intersection,30732,22ND AVE AND E YESLER WAY, ,,1,Property Damage Only Collision,,2,0,0,0,0,0,0,2019/12/29 00:00:00+00,12/29/2019,At Intersection (intersection related),11,"MOTOR VEHICLE STRUCK MOTOR VEHICLE, FRONT END AT ANGLE",,,,,,,,, ,,0,0,N
1268098.107,226167.5792,2714,311900,313260,E886787,Unmatched,Block,,PIKE PL BETWEEN STEWART ST AND VIRGINIA ST,NEI,"Not Enough Information, or Insufficient Location Information",0,Unknown,,2,0,0,0,0,0,0,2019/01/26 00:00:00+00,1/26/2019,Mid-Block (not related to intersection),13,"MOTOR VEHICLE STRUCK MOTOR VEHICLE, LEFT SIDE AT ANGLE",,,,,,,,, ,,0,0,Y
1256204.805,248624.5516,2715,225600,225937,E575126,Matched,Intersection,25218,28TH AVE NW AND NW 58TH ST, ,,2,Injury Collision,Cycles,2,0,1,1,1,0,0,2016/08/17 00:00:00+00,8/17/2016 6:25,At Intersection (intersection related),18,"MOTOR VEHICLE STRUCK PEDALCYCLIST, FRONT END AT ANGLE",,N,Clear,Dry,Daylight,,,,45,Vehicle - Pedalcyclist,0,0,N
1274614.512,245414.6642,2716,17650,17650,4072042,Unmatched,Block,,NE 47TH ST BETWEEN 9TH AVE NE AND ROOSEVELT WAY NE,,,0,Unknown,,0,0,0,0,0,0,0,2004/03/12 00:00:00+00,3/12/2004,Mid-Block (not related to intersection),16,"MOTOR VEHICLE STRUCK MOTOR VEHICLE, LEFT SIDE SIDESWIPE",,,,,,,4072042,,,,0,0,N
1261219.28,210568.3633,2717,17579,17579,1798227,Matched,Block,,SW DAKOTA ST BETWEEN 28TH AVE SW AND 30TH AVE SW,,,1,Property Damage Only Collision,Parked Car,2,0,0,2,0,0,0,2004/07/08 00:00:00+00,7/8/2004,Mid-Block (not related to intersection),16,"MOTOR VEHICLE STRUCK MOTOR VEHICLE, LEFT SIDE SIDESWIPE",,0,Clear,Dry,Daylight,,4190008,,32,One parked--one moving,0,0,N
1276017.82,220248.0958,2718,17833,17833,1216929,Matched,Block,,RAINIER AVE S BETWEEN S CHARLES N ST AND S CHARLES S ST,,,2,Injury Collision,Rear Ended,2,0,0,2,1,0,0,2004/08/28 00:00:00+00,8/28/2004 17:30,Mid-Block (but intersection related),14,"MOTOR VEHICLE STRUCK MOTOR VEHICLE, REAR END",,0,Clear,Dry,Daylight,,4241037,,14,From same direction - both going straight - one stopped - rear-end,0,0,N
1271040.744,254160.2091,2719,242700,243180,3694044,Matched,Intersection,24236,MERIDIAN AVE N AND N 80TH ST, ,,2,Injury Collision,Angles,3,0,0,2,3,0,0,2017/06/03 00:00:00+00,6/3/2017 19:49,At Intersection (intersection related),11,"MOTOR VEHICLE STRUCK MOTOR VEHICLE, FRONT END AT ANGLE",,Y,Clear,Dry,Daylight,,,Y,10,Entering at angle,0,0,N
1275827.33,246320.5698,2720,17888,17888,1793701,Matched,Block,,UNIVERSITY WAY NE BETWEEN NE 50TH ST AND NE 52ND ST,,,1,Property Damage Only Collision,Parked Car,2,0,0,2,0,0,0,2004/05/18 00:00:00+00,5/18/2004 21:11,Mid-Block (not related to intersection),11,"MOTOR VEHICLE STRUCK MOTOR VEHICLE, FRONT END AT ANGLE",,0,Clear,Dry,Dusk,,4139011,,32,One parked--one moving,0,0,N
1259596.918,246015.2386,2721,17763,17763,1317774,Matched,Intersection,25181,LEARY AVE NW AND NW LEARY WAY,,,2,Injury Collision,Other,3,0,0,2,1,0,0,2004/03/29 00:00:00+00,3/29/2004 16:11,At Intersection (intersection related),11,"MOTOR VEHICLE STRUCK MOTOR VEHICLE, FRONT END AT ANGLE",,0,Clear,Dry,Daylight,,4089013,,23,From same direction - all others,0,0,N
1269371.488,224721.1583,2722,17259,17259,1777642,Unmatched,Intersection,29611,1ST AVE AND SENECA ST,,,0,Unknown,,0,0,0,0,0,0,0,2004/02/29 00:00:00+00,2/29/2004,At Intersection (intersection related),11,"MOTOR VEHICLE STRUCK MOTOR VEHICLE, FRONT END AT ANGLE",,,,,,,4060025,,,,0,0,N
1256485.671,202585.1607,2723,16521,16521,3505354,Unmatched,Block,,FAUNTLEROY WAY SW BETWEEN CALIFORNIA AVE SW AND 44TH AVE SW, ,,1,Property Damage Only Collision,,2,0,0,0,0,0,0,2013/04/05 00:00:00+00,4/5/2013,Mid-Block (not related to intersection),11,"MOTOR VEHICLE STRUCK MOTOR VEHICLE, FRONT END AT ANGLE",,,,,,,,, ,,0,0,N
1275297.205,229654.5102,2724,17003,17003,4366034,Unmatched,Block,,E JOHN ST BETWEEN 14TH AVE E AND E JOHN SR ST,,,0,Unknown,,0,0,0,0,0,0,0,2004/12/31 00:00:00+00,12/31/2004,Mid-Block (but intersection related),14,"MOTOR VEHICLE STRUCK MOTOR VEHICLE, REAR END",,,,,,,4366034,,,,0,0,N
1265542.318,228492.6596,2725,16607,16607,3582018,Matched,Intersection,29678,BROAD ST AND WESTERN AVE, ,,1,Property Damage Only Collision,Angles,3,0,0,2,0,0,0,2013/04/06 00:00:00+00,4/6/2013 21:01,At Intersection (intersection related),11,"MOTOR VEHICLE STRUCK MOTOR VEHICLE, FRONT END AT ANGLE",,N,Overcast,Dry,Dark - Street Lights On,,,,10,Entering at angle,0,0,N
1283623.479,203172.2221,2726,305800,307080,E850978,Matched,Block,,44TH AVE S BETWEEN S RAYMOND ST AND S SPENCER ST,NEI,"Not Enough Information, or Insufficient Location Information",1,Property Damage Only Collision,Parked Car,2,0,0,2,0,0,0,2018/10/13 00:00:00+00,10/13/2018 8:00,Mid-Block (not related to intersection),13,"MOTOR VEHICLE STRUCK MOTOR VEHICLE, LEFT SIDE AT ANGLE",,N,Unknown,Unknown,Unknown,,,,32,One parked--one moving,0,0,Y
1275250.434,249578.1839,2727,17836,17836,1220304,Matched,Block,,12TH AVE NE BETWEEN NE 63RD ST AND NE 64TH ST,,,1,Property Damage Only Collision,Other,4,0,0,2,0,0,0,2004/08/22 00:00:00+00,8/22/2004 19:01,Driveway Junction,11,"MOTOR VEHICLE STRUCK MOTOR VEHICLE, FRONT END AT ANGLE",,0,Overcast,Dry,Daylight,,4235021,,21,One car entering driveway access,0,0,N
1285456.735,193599.0534,2728,17777,17777,1771519,Matched,Block,,RAINIER AVE S BETWEEN S DIRECTOR S ST AND S FISHER PL,,,1,Property Damage Only Collision,Other,2,0,0,2,0,0,0,2004/08/02 00:00:00+00,8/2/2004,Driveway Junction,11,"MOTOR VEHICLE STRUCK MOTOR VEHICLE, FRONT END AT ANGLE",Y,0,Clear,Dry,Daylight,,4215010,,22,One car leaving driveway access,0,0,N
1272893.634,250465.0193,2729,16990,16990,1780715,Matched,Block,,4TH AVE NE BETWEEN NE 65TH ST AND WOODLAWN S AVE NE,,,1,Property Damage Only Collision,Parked Car,2,0,0,2,0,0,0,2004/02/11 00:00:00+00,2/11/2004 9:30,Mid-Block (not related to intersection),16,"MOTOR VEHICLE STRUCK MOTOR VEHICLE, LEFT SIDE SIDESWIPE",,0,Unknown,Unknown,Unknown,,4042008,,32,One parked--one moving,0,0,N
1263222.863,192459.6887,2730,332800,334300,EA48596,Matched,Block,,SW ROXBURY ST BETWEEN 20TH AVE SW AND 21ST AVE SW, ,,2,Injury Collision,Rear Ended,5,0,0,3,1,0,0,2020/06/25 00:00:00+00,6/25/2020 15:32,Mid-Block (not related to intersection),14,"MOTOR VEHICLE STRUCK MOTOR VEHICLE, REAR END",,N,Clear,Dry,Daylight,,,,14,From same direction - both going straight - one stopped - rear-end,0,0,N