X,Y,OBJECTID,INCKEY,COLDETKEY,REPORTNO,STATUS,ADDRTYPE,INTKEY,LOCATION,EXCEPTRSNCODE,EXCEPTRSNDESC,SEVERITYCODE,SEVERITYDESC,COLLISIONTYPE,PERSONCOUNT,PEDCOUNT,PEDCYLCOUNT,VEHCOUNT,INJURIES,SERIOUSINJURIES,FATALITIES,INCDATE,INCDTTM,JUNCTIONTYPE,SDOT_COLCODE,SDOT_COLDESC,INATTENTIONIND,UNDERINFL,WEATHER,ROADCOND,LIGHTCOND,PEDROWNOTGRNT,SDOTCOLNUM,SPEEDING,ST_COLCODE,ST_COLDESC,SEGLANEKEY,CROSSWALKKEY,HITPARKEDCAR
1278415.822,236437.0219,2731,17289,17289,C649718,Matched,Intersection,28370,24TH AVE E AND E BOSTON ST,,,2,Injury Collision,Rear Ended,2,0,0,2,1,0,0,2004/12/04 00:00:00+00,12/4/2004,At Intersection (intersection related),14,"MOTOR VEHICLE STRUCK MOTOR VEHICLE, REAR END",,0,Overcast,Wet,Daylight,,4339077,,14,From same direction - both going straight - one stopped - rear-end,0,0,N
1259208.039,198641.5105,2732,324800,326300,3746885,Matched,Intersection,34053,35TH AVE SW AND SW IDA ST, ,,1,Property Damage Only Collision,Angles,2,0,0,2,0,0,0,2019/10/21 00:00:00+00,10/21/2019 22:31,At Intersection (intersection related),11,"MOTOR VEHICLE STRUCK MOTOR VEHICLE, FRONT END AT ANGLE",,N,Raining,Wet,Dark - Street Lights On,,,,10,Entering at angle,0,0,N
1260383.781,259245.6411,2733,16923,16923,1779684,Matched,Block,,15TH AVE NW BETWEEN NW 96TH ST AND NW 100TH ST,,,1,Property Damage Only Collision,Other,1,0,0,1,0,0,0,2004/07/28 00:00:00+00,7/28/2004 1:51,Mid-Block (not related to intersection),28,MOTOR VEHICLE RAN OFF ROAD - HIT FIXED OBJECT,Y,0,Clear,Dry,Dark - Street Lights Off,,4210036,,50,Fixed object,0,0,N
1272741.627,195592.8572,2734,319100,320600,3752679,Matched,Block,,S CLOVERDALE ST BETWEEN 8TH AVE S AND 10TH AVE S, ,,1,Property Damage Only Collision,Parked Car,3,0,0,3,0,0,0,2019/05/18 00:00:00+00,5/18/2019 2:28,Mid-Block (not related to intersection),14,"MOTOR VEHICLE STRUCK MOTOR VEHICLE, REAR END",,N,Clear,Dry,Dark - Street Lights On,,,,32,One parked--one moving,0,0,Y
1273872.942,244302.7989,2735,16576,16576,3613508,Matched,Block,,7TH AVE NE BETWEEN NE 43RD ST AND NE 45TH ST OFF RP, ,,1,Property Damage Only Collision,Sideswipe,3,0,0,2,0,0,0,2013/04/05 00:00:00+00,4/5/2013 23:04,Mid-Block (not related to intersection),11,"MOTOR VEHICLE STRUCK MOTOR VEHICLE, FRONT END AT ANGLE",,N,Raining,Wet,Dark - Street Lights On,,,,11,From same direction - both going straight - both moving - sideswipe,0,0,N
1282771.252,199261.7089,2736,16824,16824,3372968,Matched,Intersection,34562,M L KING JR WR WAY S AND S OTHELLO ST, ,,2,Injury Collision,Angles,3,0,0,2,2,0,0,2013/04/14 00:00:00+00,4/14/2013 19:55,At Intersection (intersection related),11,"MOTOR VEHICLE STRUCK MOTOR VEHICLE, FRONT END AT ANGLE",Y,N,Clear,Dry,Dusk,,,,10,Entering at angle,0,0,N
1271170.432,228596.6279,2737,16892,16892,3549516,Matched,Intersection,29850,HOWELL ST AND MINOR AVE, ,,1,Property Damage Only Collision,Sideswipe,2,0,0,2,0,0,0,2013/04/12 00:00:00+00,4/12/2013 12:38,At Intersection (intersection related),11,"MOTOR VEHICLE STRUCK MOTOR VEHICLE, FRONT END AT ANGLE",,N,Overcast,Dry,Daylight,,,,11,From same direction - both going straight - both moving - sideswipe,0,0,N
1269846.154,222649.5576,2738,16475,16475,3581769,Matched,Block,,ALASKAN E RDWY WAY S BETWEEN S WASHINGTON ST AND S MAIN ST, ,,2,Injury Collision,Rear Ended,3,0,0,3,1,0,0,2013/04/03 00:00:00+00,4/3/2013 8:33,Mid-Block (not related to intersection),14,"MOTOR VEHICLE STRUCK MOTOR VEHICLE, REAR END",,N,Clear,Dry,Daylight,,,,13,From same direction - both going straight - both moving - rear-end,0,0,N
1286187.313,208614.9787,2739,330300,331800,EA25882,Matched,Intersection,35573,LAKE WASHINGTON BLVD S AND S GENESEE WAY, ,,2,Injury Collision,Rear Ended,3,0,0,2,2,0,0,2020/03/20 00:00:00+00,3/20/2020 18:18,At Intersection (intersection related),14,"MOTOR VEHICLE STRUCK MOTOR VEHICLE, REAR END",,N,Clear,Dry,Daylight,,,,13,From same direction - both going straight - both moving - rear-end,0,0,N
1271141.684,229199.6351,2740,278000,278900,E780521,Matched,Intersection,29168,DENNY WAY AND STEWART ST, ,,1,Property Damage Only Collision,Sideswipe,2,0,0,2,0,0,0,2018/03/16 00:00:00+00,3/16/2018 7:54,At Intersection (intersection related),11,"MOTOR VEHICLE STRUCK MOTOR VEHICLE, FRONT END AT ANGLE",Y,N,Clear,Dry,Daylight,,,,11,From same direction - both going straight - both moving - sideswipe,0,0,N
1289234.62,186780.1409,2741,17358,17358,4275051,Unmatched,Block,,S FOUNTAIN ST BETWEEN 62ND AVE S AND 63RD AVE S,,,0,Unknown,,0,0,0,0,0,0,0,2004/10/01 00:00:00+00,10/1/2004,Driveway Junction,13,"MOTOR VEHICLE STRUCK MOTOR VEHICLE, LEFT SIDE AT ANGLE",,,,,,,4275051,,,,0,0,N
1274805.592,212029.8625,2742,17874,17874,1793585,Unmatched,Intersection,32247,S COLUMBIAN WAY AND S SPOKANE ST,,,0,Unknown,,0,0,0,0,0,0,0,2004/11/03 00:00:00+00,11/3/2004,At Intersection (intersection related),11,"MOTOR VEHICLE STRUCK MOTOR VEHICLE, FRONT END AT ANGLE",,,,,,,4308011,,,,0,0,N
1266315.744,228877.9263,2743,17391,17391,1213969,Matched,Block,,CLAY ST BETWEEN 2ND AVE AND 3RD AVE,,,1,Property Damage Only Collision,Parked Car,2,0,0,2,0,0,0,2004/11/01 00:00:00+00,11/1/2004,Mid-Block (not related to intersection),13,"MOTOR VEHICLE STRUCK MOTOR VEHICLE, LEFT SIDE AT ANGLE",Y,0,Clear,Dry,Dark - Street Lights On,,4306006,,32,One parked--one moving,0,0,N
1283811.835,204262.8322,2744,17597,17597,1227117,Matched,Block,,RAINIER AVE S BETWEEN S ORCAS ST AND S MEAD ST,,,1,Property Damage Only Collision,Rear Ended,5,0,0,2,0,0,0,2004/04/24 00:00:00+00,4/24/2004 9:05,Mid-Block (not related to intersection),14,"MOTOR VEHICLE STRUCK MOTOR VEHICLE, REAR END",,0,Clear,Dry,Daylight,,4115025,,14,From same direction - both going straight - one stopped - rear-end,0,0,N
1273627.599,223024.9898,2745,17765,17765,1788303,Matched,Block,,E YESLER WAY BETWEEN BROADWAY AND 10TH AVE,,,1,Property Damage Only Collision,Rear Ended,4,0,0,2,0,0,0,2004/07/06 00:00:00+00,7/6/2004,Mid-Block (but intersection related),14,"MOTOR VEHICLE STRUCK MOTOR VEHICLE, REAR END",,0,Raining,Wet,Daylight,,4188027,,14,From same direction - both going straight - one stopped - rear-end,0,0,N
1271024.021,229165.1067,2746,17252,17252,1214004,Matched,Block,,YALE AVE BETWEEN STEWART ST AND DENNY WAY,,,2,Injury Collision,Rear Ended,2,0,0,2,1,0,0,2004/06/21 00:00:00+00,6/21/2004 17:31,Mid-Block (but intersection related),14,"MOTOR VEHICLE STRUCK MOTOR VEHICLE, REAR END",,0,Clear,Dry,Daylight,,4173008,,14,From same direction - both going straight - one stopped - rear-end,0,0,N
1268452.743,228457.6103,2747,331500,333000,EA23269,Matched,Block,,6TH AVE BETWEEN BLANCHARD ST AND BELL ST, ,,1,Property Damage Only Collision,Rear Ended,2,0,0,2,0,0,0,2020/03/07 00:00:00+00,3/7/2020 12:02,Mid-Block (not related to intersection),14,"MOTOR VEHICLE STRUCK MOTOR VEHICLE, REAR END",,N,Clear,Dry,Daylight,,,,13,From same direction - both going straight - both moving - rear-end,0,0,N
1278273.729,229491.3796,2748,17008,17008,1795837,Matched,Block,,E MADISON ST BETWEEN 23RD AVE E AND 24TH AVE E,,,2,Injury Collision,Rear Ended,2,0,0,2,1,0,0,2004/09/29 00:00:00+00,9/29/2004 8:36,Mid-Block (but intersection related),14,"MOTOR VEHICLE STRUCK MOTOR VEHICLE, REAR END",,0,Clear,Dry,Daylight,,4273015,,14,From same direction - both going straight - one stopped - rear-end,0,0,N
1258269.115,208627.5913,2749,304200,305440,3745474,Matched,Intersection,606534,39TH AVE SW AND FAUNTLEROY WAY SW, ,,1,Property Damage Only Collision,Angles,2,0,0,2,0,0,0,2018/10/05 00:00:00+00,10/5/2018 14:38,At Intersection (intersection related),11,"MOTOR VEHICLE STRUCK MOTOR VEHICLE, FRONT END AT ANGLE",,N,Raining,Wet,Daylight,,,,10,Entering at angle,0,0,N
1259180.116,245673.6704,2750,17199,17199,1794730,Matched,Block,,SHILSHOLE AVE NW BETWEEN 17TH AVE NW AND NW DOCK PL,,,2,Injury Collision,Rear Ended,2,0,0,2,2,0,0,2004/11/03 00:00:00+00,11/3/2004,Mid-Block (but intersection related),14,"MOTOR VEHICLE STRUCK MOTOR VEHICLE, REAR END",,0,Clear,Dry,Daylight,,4308027,,14,From same direction - both going straight - one stopped - rear-end,0,0,N
1255504.938,247807.6472,2751,335800,337300,EA80800,Matched,Intersection,25224,30TH AVE NW AND NW MARKET ST, ,,1,Property Damage Only Collision,Angles,2,0,0,2,0,0,0,2020/11/10 00:00:00+00,11/10/2020 18:00,At Intersection (intersection related),11,"MOTOR VEHICLE STRUCK MOTOR VEHICLE, FRONT END AT ANGLE",,N,Overcast,Wet,Dark - Street Lights On,,,,10,Entering at angle,0,0,N
1279075.057,218391.0341,2752,16884,16884,3549243,Matched,Block,,M L KING JR WAY S BETWEEN MOUNTAINS TO SOUND TRL AND S MASSACHUSETTS ST, ,,2,Injury Collision,Rear Ended,3,0,0,2,1,0,0,2013/04/12 00:00:00+00,4/12/2013 9:07,Mid-Block (not related to intersection),14,"MOTOR VEHICLE STRUCK MOTOR VEHICLE, REAR END",,N,Overcast,Dry,Daylight,,,,14,From same direction - both going straight - one stopped - rear-end,0,0,N
1261067.137,212275.6402,2753,327100,328600,3824403,Matched,Block,,WEST SEATTLE BR WB BETWEEN SW ADMIRAL WY OFF RP AND POINT A, ,,1,Property Damage Only Collision,Other,1,0,0,1,0,0,0,2019/12/21 00:00:00+00,12/21/2019 14:12,Mid-Block (not related to intersection),26,MOTOR VEHICLE STRUCK OBJECT IN ROAD,,N,Raining,Wet,Daylight,,,,50,Fixed object,0,0,N
1275750.818,223159.2365,2754,16511,16511,3476770,Matched,Block,,16TH AVE BETWEEN E YESLER WAY AND E FIR W ST, ,,1,Property Damage Only Collision,Angles,5,0,0,2,0,0,0,2013/04/06 00:00:00+00,4/6/2013 13:19,Driveway Junction,11,"MOTOR VEHICLE STRUCK MOTOR VEHICLE, FRONT END AT ANGLE",,N,Raining,Wet,Daylight,,,,10,Entering at angle,0,0,N
1259404.55,204826.964,2755,17558,17558,1781498,Matched,Block,,35TH AVE SW BETWEEN SW FINDLAY ST AND SW JUNEAU ST,,,1,Property Damage Only Collision,Sideswipe,2,0,0,2,0,0,0,2004/04/15 00:00:00+00,4/15/2004 21:00,Mid-Block (not related to intersection),11,"MOTOR VEHICLE STRUCK MOTOR VEHICLE, FRONT END AT ANGLE",,0,Clear,Dry,Dark - Street Lights On,,4106026,,26,From opposite direction - both going straight - sideswipe,0,0,N
1268590.538,227026.244,2756,17793,17793,1060102,Unmatched,Intersection,29563,3RD AVE AND VIRGINIA ST,,,0,Unknown,,0,0,0,0,0,0,0,2004/12/27 00:00:00+00,12/27/2004,At Intersection (intersection related),11,"MOTOR VEHICLE STRUCK MOTOR VEHICLE, FRONT END AT ANGLE",,,,,,,4362016,,,,0,0,N
1268324.19,261711.345,2757,17719,17719,1080151,Matched,Block,,AURORA AVE N BETWEEN N 107TH N ST AND N 109TH ST,,,1,Property Damage Only Collision,Rear Ended,2,0,0,2,0,0,0,2004/06/22 00:00:00+00,6/22/2004 15:00,Mid-Block (but intersection related),14,"MOTOR VEHICLE STRUCK MOTOR VEHICLE, REAR END",,0,Clear,Dry,Daylight,,4174022,,14,From same direction - both going straight - one stopped - rear-end,0,0,N
1268029.664,244629.6736,2758,17530,17530,1080235,Unmatched,Intersection,26799,WOODLAND PARK AVE N AND N ALLEN PL,,,0,Unknown,,0,0,0,0,0,0,0,2004/12/21 00:00:00+00,12/21/2004,At Intersection (intersection related),11,"MOTOR VEHICLE STRUCK MOTOR VEHICLE, FRONT END AT ANGLE",,,,,,,4356017,,,,0,0,N
1268279.887,257664.7111,2759,320500,322000,3753844,Matched,Intersection,37328,AURORA AVE N AND N 93RD ST, ,,2,Injury Collision,Left Turn,3,0,0,2,2,0,0,2019/06/21 00:00:00+00,6/21/2019 16:11,At Intersection (intersection related),11,"MOTOR VEHICLE STRUCK MOTOR VEHICLE, FRONT END AT ANGLE",,N,Clear,Dry,Daylight,,,,28,From opposite direction - one left turn - one straight,0,0,N
1271598.164,222150.9747,2760,274000,274837,3811945,Matched,Block,,S JACKSON ST BETWEEN 4TH AVE S AND 5TH AVE S, ,,1,Property Damage Only Collision,Rear Ended,2,0,0,2,0,0,0,2018/03/01 00:00:00+00,3/1/2018 21:31,Mid-Block (not related to intersection),14,"MOTOR VEHICLE STRUCK MOTOR VEHICLE, REAR END",,N,Clear,Dry,Dark - Street Lights On,,,,13,From same direction - both going straight - both moving - rear-end,0,0,N
1272835.115,223926.4017,2761,17226,17226,1799008,Unmatched,Block,,9TH AVE BETWEEN ALDER ST AND JEFFERSON ST,,,0,Unknown,,0,0,0,0,0,0,0,2004/10/29 00:00:00+00,10/29/2004,Mid-Block (not related to intersection),14,"MOTOR VEHICLE STRUCK MOTOR VEHICLE, REAR END",,,,,,,4303014,,,,0,0,N
1285959.144,201188.0331,2762,17609,17609,1771958,Matched,Block,,S HOLLY ST BETWEEN 51ST AVE S AND 52ND AVE S,,,1,Property Damage Only Collision,Other,1,0,0,1,0,0,0,2004/03/17 00:00:00+00,3/17/2004 7:37,Mid-Block (but intersection related),28,MOTOR VEHICLE RAN OFF ROAD - HIT FIXED OBJECT,,0,Overcast,Wet,Daylight,,4077028,Y,50,Fixed object,0,0,N
1268308.262,260107.8588,2763,17246,17246,1773944,Matched,Block,,AURORA AVE N BETWEEN N 102ND ST AND N 103RD S ST,,,2,Injury Collision,Rear Ended,4,0,0,2,3,0,0,2004/05/14 00:00:00+00,5/14/2004 16:16,Mid-Block (not related to intersection),14,"MOTOR VEHICLE STRUCK MOTOR VEHICLE, REAR END",,0,Clear,Dry,Daylight,,4135032,,14,From same direction - both going straight - one stopped - rear-end,0,0,N
1267261.305,239739.3068,2764,17189,17189,664803,Unmatched,Block,,AURORA BR BETWEEN RAYE ST AND BRIDGE WAY N,,,0,Unknown,,0,0,0,0,0,0,0,2004/08/02 00:00:00+00,8/2/2004,Mid-Block (not related to intersection),14,"MOTOR VEHICLE STRUCK MOTOR VEHICLE, REAR END",,,,,,,4215039,,,,0,0,N
1274714.951,222091.9929,2765,302700,303940,E839676,Matched,Block,,S JACKSON ST BETWEEN 12TH AVE S AND 14TH AVE S, ,,1,Property Damage Only Collision,Other,2,0,0,2,0,0,0,2018/09/18 00:00:00+00,9/18/2018 13:26,Mid-Block (not related to intersection),11,"MOTOR VEHICLE STRUCK MOTOR VEHICLE, FRONT END AT ANGLE",,N,Clear,Dry,Daylight,,,,41,Vehicle Strikes Railway Vehicle,0,0,N
1270725.823,218926.2777,2766,16541,16541,3643754,Matched,Block,,EDGAR MARTINEZ DR S BETWEEN OCCIDENTAL AVE S AND S ATLANTIC ST OFF RP, ,,2,Injury Collision,Rear Ended,4,0,0,3,2,0,0,2013/04/06 00:00:00+00,4/6/2013 23:37,Mid-Block (but intersection related),14,"MOTOR VEHICLE STRUCK MOTOR VEHICLE, REAR END",,N,Raining,Wet,Dark - Street Lights On,,,,14,From same direction - both going straight - one stopped - rear-end,0,0,N
1259112.598,212888.1038,2767,17662,17662,1790690,Matched,Intersection,31834,37TH AVE SW AND SW HINDS ST,,,2,Injury Collision,Angles,3,0,0,2,2,0,0,2004/10/30 00:00:00+00,10/30/2004 9:50,At Intersection (intersection related),11,"MOTOR VEHICLE STRUCK MOTOR VEHICLE, FRONT END AT ANGLE",,0,Clear,Dry,Daylight,,4304035,,10,Entering at angle,0,0,N
1259524.967,209204.1069,2768,17086,17086,1481322,Matched,Block,,35TH AVE SW BETWEEN SW AVALON WAY AND SW SNOQUALMIE ST,,,1,Property Damage Only Collision,Rear Ended,5,0,0,2,0,0,0,2004/04/06 00:00:00+00,4/6/2004,Driveway Junction,14,"MOTOR VEHICLE STRUCK MOTOR VEHICLE, REAR END",,0,Clear,Dry,Daylight,,4097017,,13,From same direction - both going straight - both moving - rear-end,0,0,N
,,2769,17022,17022,C649283,Matched,Intersection,273882,SOUTH AND UNKNOWN,,,1,Property Damage Only Collision,Rear Ended,2,0,0,2,0,0,0,2004/10/13 00:00:00+00,10/13/2004 15:45,At Intersection (but not related to intersection),0,NOT ENOUGH INFORMATION / NOT APPLICABLE,,0,Unknown,Unknown,Unknown,,4287044,,14,From same direction - both going straight - one stopped - rear-end,0,0,N
1270436.732,224817.7136,2770,325700,327200,E979051,Unmatched,Block,,4TH AVE BETWEEN MADISON ST AND SPRING ST,NEI,"Not Enough Information, or Insufficient Location Information",0,Unknown,,2,0,0,0,0,0,0,2019/11/05 00:00:00+00,11/5/2019,Mid-Block (not related to intersection),11,"MOTOR VEHICLE STRUCK MOTOR VEHICLE, FRONT END AT ANGLE",,,,,,,,, ,,0,0,Y
1285196.572,256872.7411,2771,17702,17702,1930682,Unmatched,Block,,SAND POINT WAY NE BETWEEN MATTHEWS PL NE AND NE 93RD ST,,,0,Unknown,,0,0,0,0,0,0,0,2004/12/18 00:00:00+00,12/18/2004,Mid-Block (not related to intersection),16,"MOTOR VEHICLE STRUCK MOTOR VEHICLE, LEFT SIDE SIDESWIPE",,,,,,,4353049,,,,0,0,N
1273088.638,203230.5176,2772,17780,17780,1781285,Matched,Block,,S BAILEY ST BETWEEN CORSON AVE S AND CARLETON AVE S,,,1,Property Damage Only Collision,Other,1,0,0,1,0,0,0,2004/03/23 00:00:00+00,3/23/2004 1:01,Mid-Block (not related to intersection),28,MOTOR VEHICLE RAN OFF ROAD - HIT FIXED OBJECT,,1,Clear,Dry,Dark - Street Lights On,,4083011,Y,50,Fixed object,0,0,N
1278493.283,208135.3424,2773,16982,16982,1784458,Unmatched,Block,,S COLUMBIAN WAY BETWEEN S AMERICUS ST AND S ALASKA ST,,,0,Unknown,,0,0,0,0,0,0,0,2004/11/03 00:00:00+00,11/3/2004,Mid-Block (not related to intersection),28,MOTOR VEHICLE RAN OFF ROAD - HIT FIXED OBJECT,,,,,,,4308006,,,,0,0,N
1262726.435,250663.3941,2774,17139,17139,1220080,Unmatched,Block,,DIVISION AVE NW BETWEEN NW 65TH ST AND NW 67TH ST,,,0,Unknown,,0,0,0,0,0,0,0,2004/11/04 00:00:00+00,11/4/2004,Mid-Block (not related to intersection),16,"MOTOR VEHICLE STRUCK MOTOR VEHICLE, LEFT SIDE SIDESWIPE",,,,,,,4309031,,,,0,0,N
1264216.712,234197.7774,2775,17372,17372,1781219,Matched,Block,,2ND AVE W BETWEEN W LEE ST AND W GALER E ST,,,1,Property Damage Only Collision,Parked Car,2,0,0,2,0,0,0,2004/10/16 00:00:00+00,10/16/2004 15:00,Mid-Block (not related to intersection),16,"MOTOR VEHICLE STRUCK MOTOR VEHICLE, LEFT SIDE SIDESWIPE",,0,Unknown,Unknown,Daylight,,4290003,,32,One parked--one moving,0,0,N
1271552.335,227358.0149,2776,296500,297620,E816339,Matched,Intersection,29878,BOREN AVE AND PIKE ST, ,,1,Property Damage Only Collision,Angles,3,0,0,2,0,0,0,2018/07/06 00:00:00+00,7/6/2018 9:48,At Intersection (intersection related),11,"MOTOR VEHICLE STRUCK MOTOR VEHICLE, FRONT END AT ANGLE",Y,N,Clear,Dry,Daylight,,,Y,10,Entering at angle,0,0,N
1283365.392,265039.1457,2777,271000,271840,E769151,Matched,Intersection,36802,SAND POINT WAY NE AND NE 123RD ST, ,,1,Property Damage Only Collision,Angles,3,0,0,2,0,0,0,2018/02/14 00:00:00+00,2/14/2018 8:10,At Intersection (intersection related),11,"MOTOR VEHICLE STRUCK MOTOR VEHICLE, FRONT END AT ANGLE",,N,Raining,Wet,Daylight,,,,10,Entering at angle,0,0,N
1274004.262,224662.3586,2778,17894,17894,1316767,Matched,Block,,E JEFFERSON ST BETWEEN 10TH AVE AND 11TH AVE,,,1,Property Damage Only Collision,Other,2,0,0,2,0,0,0,2004/02/04 00:00:00+00,2/4/2004,Driveway Junction,11,"MOTOR VEHICLE STRUCK MOTOR VEHICLE, FRONT END AT ANGLE",,0,Raining,Wet,Daylight,,4035015,,22,One car leaving driveway access,0,0,N
1280297.665,231438.7772,2779,16821,16821,3287448,Matched,Block,,E MADISON ST BETWEEN 29TH E AVE E AND LAKE WASHINGTON BLVD E, ,,1,Property Damage Only Collision,Rear Ended,2,0,0,2,0,0,0,2013/04/14 00:00:00+00,4/14/2013 18:13,Mid-Block (not related to intersection),14,"MOTOR VEHICLE STRUCK MOTOR VEHICLE, REAR END",,N,Clear,Dry,Daylight,,,,14,From same direction - both going straight - one stopped - rear-end,0,0,N
1254851.678,256722.9679,2780,16903,16903,3609019,Matched,Block,,GOLDEN GARDENS DR NW BETWEEN 32ND AVE NW AND LOYAL AVE NW, ,,1,Property Damage Only Collision,Other,1,0,0,1,0,0,0,2013/04/14 00:00:00+00,4/14/2013 18:00,Mid-Block (not related to intersection),28,MOTOR VEHICLE RAN OFF ROAD - HIT FIXED OBJECT,,N,Clear,Dry,Daylight,,,,50,Fixed object,0,0,N
1260216.284,250695.9725,2781,16591,16591,3501429,Matched,Block,,15TH AVE NW BETWEEN NW 65TH ST AND NW 67TH ST, ,,2,Injury Collision,Rear Ended,4,0,0,3,2,0,0,2013/04/03 00:00:00+00,4/3/2013 13:22,Mid-Block (not related to intersection),14,"MOTOR VEHICLE STRUCK MOTOR VEHICLE, REAR END",Y,N,Clear,Dry,Daylight,,,,14,From same direction - both going straight - one stopped - rear-end,0,0,N
1254861.195,245045.3711,2782,16530,16530,3546292,Matched,Block,,W GOVERNMENT WAY BETWEEN W FORT ST AND 32ND N AVE W, ,,1,Property Damage Only Collision,Parked Car,2,0,0,2,0,0,0,2013/04/06 00:00:00+00,4/6/2013 0:01,Mid-Block (not related to intersection),14,"MOTOR VEHICLE STRUCK MOTOR VEHICLE, REAR END",,N,Unknown,Unknown,Unknown,,,,32,One parked--one moving,0,0,N
1273223.434,271325.8708,2783,17503,17503,1804834,Matched,Intersection,166204,145TH ST ON RP AND NE 145TH ST,,,2,Injury Collision,Left Turn,2,0,0,2,1,0,0,2004/03/02 00:00:00+00,3/2/2004,At Intersection (intersection related),11,"MOTOR VEHICLE STRUCK MOTOR VEHICLE, FRONT END AT ANGLE",,0,Clear,Dry,Daylight,,4062034,,28,From opposite direction - one left turn - one straight,0,0,N
1265590.643,255073.8628,2784,17073,17073,1775718,Matched,Intersection,24268,GREENWOOD AVE N AND N 83RD ST,,,2,Injury Collision,Angles,2,0,0,2,1,0,0,2004/01/28 00:00:00+00,1/28/2004 17:52,At Intersection (intersection related),11,"MOTOR VEHICLE STRUCK MOTOR VEHICLE, FRONT END AT ANGLE",,0,Raining,Wet,Dark - Street Lights On,,4028025,,10,Entering at angle,0,0,N
1260961.675,248786.9429,2785,17682,17682,1774071,Matched,Intersection,25401,14TH AVE NW AND NW 59TH ST,,,1,Property Damage Only Collision,Angles,2,0,0,2,0,0,0,2004/11/19 00:00:00+00,11/19/2004 9:50,At Intersection (intersection related),11,"MOTOR VEHICLE STRUCK MOTOR VEHICLE, FRONT END AT ANGLE",,0,Clear,Dry,Daylight,,4324039,,10,Entering at angle,0,0,N
1265577.923,200341.5632,2786,16929,16929,1795459,Matched,Block,,SW MYRTLE ST BETWEEN 12TH AVE SW AND 13TH AVE SW,,,1,Property Damage Only Collision,Other,1,0,0,1,0,0,0,2004/11/19 00:00:00+00,11/19/2004 7:58,Mid-Block (not related to intersection),13,"MOTOR VEHICLE STRUCK MOTOR VEHICLE, LEFT SIDE AT ANGLE",,0,Clear,Dry,Daylight,,4324043,,51,Other object,0,0,N
1266110.728,256267.1483,2787,17340,17340,1220796,Matched,Block,,N 87TH ST BETWEEN PHINNEY AVE N AND DAYTON AVE N,,,1,Property Damage Only Collision,Parked Car,2,0,0,2,0,0,0,2004/03/01 00:00:00+00,3/1/2004,Mid-Block (not related to intersection),26,MOTOR VEHICLE STRUCK OBJECT IN ROAD,,0,Clear,Dry,Dark - Street Lights On,,4061014,,32,One parked--one moving,0,0,N
1284748.508,195241.7028,2788,17262,17262,1779385,Matched,Block,,S CLOVERDALE ST BETWEEN 47TH AVE S AND 48TH AVE S,,,2,Injury Collision,Other,2,0,0,1,2,0,0,2004/02/23 00:00:00+00,2/23/2004 13:11,Mid-Block (but intersection related),28,MOTOR VEHICLE RAN OFF ROAD - HIT FIXED OBJECT,,0,Overcast,Wet,Daylight,,4054012,Y,50,Fixed object,0,0,N
1278987.996,222617.8812,2789,315000,316480,3814628,Matched,Block,,S WASHINGTON ST BETWEEN 26TH AVE S AND 27TH AVE S, ,,1,Property Damage Only Collision,Angles,4,0,0,2,0,0,0,2019/02/08 00:00:00+00,2/8/2019 14:18,Mid-Block (but intersection related),11,"MOTOR VEHICLE STRUCK MOTOR VEHICLE, FRONT END AT ANGLE",,N,Snowing,Ice,Daylight,,,,10,Entering at angle,0,0,N
1274266.032,258855.5568,2790,17295,17295,1476107,Matched,Block,,8TH AVE NE BETWEEN NE 97TH ST AND NE 98TH ST,,,1,Property Damage Only Collision,Parked Car,2,0,0,2,0,0,0,2004/05/18 00:00:00+00,5/18/2004 16:35,Mid-Block (not related to intersection),12,"MOTOR VEHICLE STRUCK MOTOR VEHICLE, RIGHT SIDE AT ANGLE",,0,Clear,Dry,Daylight,,4139033,,32,One parked--one moving,0,0,N
1271379.841,224487.7536,2791,305300,306580,3546323,Matched,Intersection,29955,6TH AVE AND COLUMBIA ST, ,,2b,Serious Injury Collision,Rear Ended,13,0,0,5,7,1,0,2018/10/07 00:00:00+00,10/7/2018 17:22,At Intersection (but not related to intersection),14,"MOTOR VEHICLE STRUCK MOTOR VEHICLE, REAR END",,Y,Raining,Wet,Daylight,,,Y,14,From same direction - both going straight - one stopped - rear-end,0,0,N
1271730.542,244830.2743,2792,18130,18130,1782456,Matched,Block,,N 45TH ST BETWEEN SUNNYSIDE AVE N AND EASTERN AVE N,,,2,Injury Collision,Rear Ended,6,0,0,2,1,0,0,2004/03/26 00:00:00+00,3/26/2004 13:25,Mid-Block (not related to intersection),14,"MOTOR VEHICLE STRUCK MOTOR VEHICLE, REAR END",,0,Overcast,Dry,Daylight,,4086041,,13,From same direction - both going straight - both moving - rear-end,0,0,N
1264590.179,241958.21,2793,318800,320300,E912004,Matched,Block,,NW 36TH ST BETWEEN 1ST AVE NW AND LEARY WAY NW, ,,1,Property Damage Only Collision,Parked Car,3,0,0,2,0,0,0,2019/03/11 00:00:00+00,3/11/2019 5:34,Mid-Block (not related to intersection),16,"MOTOR VEHICLE STRUCK MOTOR VEHICLE, LEFT SIDE SIDESWIPE",Y,N,Clear,Dry,Dark - Street Lights On,,,,32,One parked--one moving,0,0,N
1272858.62,220899.3478,2794,299000,300180,3812073,Matched,Block,,S DEARBORN ST BETWEEN 7TH AVE S AND 8TH AVE S, ,,2,Injury Collision,Cycles,2,0,1,1,1,0,0,2018/07/12 00:00:00+00,7/12/2018 15:42,Mid-Block (not related to intersection),18,"MOTOR VEHICLE STRUCK PEDALCYCLIST, FRONT END AT ANGLE",Y,N,Clear,Dry,Daylight,Y,,,6,Pedalcyclist Strikes Moving Vehicle,0,0,N