X,Y,OBJECTID,INCKEY,COLDETKEY,REPORTNO,STATUS,ADDRTYPE,INTKEY,LOCATION,EXCEPTRSNCODE,EXCEPTRSNDESC,SEVERITYCODE,SEVERITYDESC,COLLISIONTYPE,PERSONCOUNT,PEDCOUNT,PEDCYLCOUNT,VEHCOUNT,INJURIES,SERIOUSINJURIES,FATALITIES,INCDATE,INCDTTM,JUNCTIONTYPE,SDOT_COLCODE,SDOT_COLDESC,INATTENTIONIND,UNDERINFL,WEATHER,ROADCOND,LIGHTCOND,PEDROWNOTGRNT,SDOTCOLNUM,SPEEDING,ST_COLCODE,ST_COLDESC,SEGLANEKEY,CROSSWALKKEY,HITPARKEDCAR
1267159.16,260862.7996,2795,17175,17175,1782379,Matched,Block,,N 105TH ST BETWEEN FREMONT AVE N AND NORTH PARK AVE N,,,1,Property Damage Only Collision,Rear Ended,5,0,0,3,0,0,0,2004/04/16 00:00:00+00,4/16/2004 9:49,Mid-Block (but intersection related),14,"MOTOR VEHICLE STRUCK MOTOR VEHICLE, REAR END",Y,0,Raining,Wet,Daylight,,4107018,,14,From same direction - both going straight - one stopped - rear-end,0,0,N
1266928.211,255582.1426,2796,328200,329700,EA06797,Matched,Intersection,37464,FREMONT AVE N AND N 85TH ST, ,,2,Injury Collision,Left Turn,3,0,0,2,1,0,0,2020/01/22 00:00:00+00,1/22/2020 18:48,At Intersection (intersection related),11,"MOTOR VEHICLE STRUCK MOTOR VEHICLE, FRONT END AT ANGLE",,N,Overcast,Wet,Dark - Street Lights On,,,,28,From opposite direction - one left turn - one straight,0,0,N
1271864.985,223669.1807,2797,16680,16680,3476500,Unmatched,Block,,6TH AVE BETWEEN 6TH AV ON RP AND JEFFERSON ST, ,,1,Property Damage Only Collision,,1,0,0,0,0,0,0,2013/04/09 00:00:00+00,4/9/2013,Mid-Block (not related to intersection),28,MOTOR VEHICLE RAN OFF ROAD - HIT FIXED OBJECT,,,,,,,,, ,,0,0,N
1275021.384,227951.8375,2798,277900,278800,3702350,Matched,Block,,E PINE ST BETWEEN 13TH AVE AND 14TH AVE, ,,2,Injury Collision,Rear Ended,2,0,0,2,1,0,0,2018/03/20 00:00:00+00,3/20/2018 14:58,Mid-Block (not related to intersection),14,"MOTOR VEHICLE STRUCK MOTOR VEHICLE, REAR END",,N,Clear,Dry,Daylight,,,,14,From same direction - both going straight - one stopped - rear-end,0,0,N
1286612.03,249795.2161,2799,17647,17647,1782053,Matched,Intersection,24878,54TH AVE NE AND NE 65TH ST,,,2,Injury Collision,Angles,2,0,0,2,1,0,0,2004/04/22 00:00:00+00,4/22/2004 10:12,At Intersection (intersection related),11,"MOTOR VEHICLE STRUCK MOTOR VEHICLE, FRONT END AT ANGLE",,0,Clear,Dry,Daylight,,4113026,,10,Entering at angle,0,0,N
1272202.003,231444.8366,2800,17875,17875,1789738,Matched,Block,,BELLEVUE AVE E BETWEEN E MERCER ST AND E ROY ST,,,1,Property Damage Only Collision,Other,2,0,0,1,0,0,0,2004/01/18 00:00:00+00,1/18/2004 0:25,Mid-Block (but intersection related),28,MOTOR VEHICLE RAN OFF ROAD - HIT FIXED OBJECT,,0,Clear,Dry,Dark - Street Lights On,,4018007,,50,Fixed object,0,0,N
1275547.013,227945.2318,2801,17386,17386,1198430,Unmatched,Intersection,30135,15TH AVE AND E PINE ST,,,0,Unknown,,0,0,0,0,0,0,0,2004/11/24 00:00:00+00,11/24/2004,At Intersection (intersection related),24,MOTOR VEHCILE STRUCK PEDESTRIAN,,,,,,,4329011,,,,0,0,N
1268552.622,224840.8195,2802,224800,225100,3784876,Matched,Block,,ALASKAN WAY BETWEEN UNIVERSITY ST AND UNION ST, ,,2,Injury Collision,Rear Ended,7,0,0,2,6,0,0,2016/07/22 00:00:00+00,7/22/2016 12:46,Mid-Block (not related to intersection),14,"MOTOR VEHICLE STRUCK MOTOR VEHICLE, REAR END",Y,N,Clear,Dry,Daylight,,,,14,From same direction - both going straight - one stopped - rear-end,0,0,N
1274884.321,246070.3024,2803,17889,17889,1793889,Matched,Block,,NE 50TH ST BETWEEN ROOSEVELT WAY NE AND 11TH AVE NE,,,1,Property Damage Only Collision,Other,3,0,0,1,0,0,0,2004/11/18 00:00:00+00,11/18/2004 0:11,Mid-Block (not related to intersection),28,MOTOR VEHICLE RAN OFF ROAD - HIT FIXED OBJECT,,1,Raining,Wet,Dark - Street Lights On,,4323004,,50,Fixed object,0,0,N
1278334.391,223104.3772,2804,17767,17767,1788738,Matched,Block,,24TH AVE BETWEEN E YESLER WAY AND E FIR ST,,,1,Property Damage Only Collision,Parked Car,3,0,0,2,0,0,0,2004/05/05 00:00:00+00,5/5/2004,Mid-Block (not related to intersection),11,"MOTOR VEHICLE STRUCK MOTOR VEHICLE, FRONT END AT ANGLE",Y,0,Clear,Dry,Daylight,,4126035,,32,One parked--one moving,0,0,N
1278908.753,259926.3852,2805,16972,16972,1795002,Matched,Block,,LAKE CITY WAY NE BETWEEN FISCHER PL NE AND NE 104TH WAY,,,1,Property Damage Only Collision,Sideswipe,2,0,0,2,0,0,0,2004/09/16 00:00:00+00,9/16/2004 17:30,Mid-Block (but intersection related),11,"MOTOR VEHICLE STRUCK MOTOR VEHICLE, FRONT END AT ANGLE",,0,Raining,Wet,Daylight,,4260050,,26,From opposite direction - both going straight - sideswipe,0,0,N
1263156.181,196445.445,2806,330500,332000,EA26388,Matched,Intersection,34843,DELRIDGE WAY SW AND SW THISTLE ST, ,,2,Injury Collision,Left Turn,5,0,0,3,1,0,0,2020/01/06 00:00:00+00,1/6/2020 18:56,At Intersection (intersection related),11,"MOTOR VEHICLE STRUCK MOTOR VEHICLE, FRONT END AT ANGLE",,N,Raining,Wet,Dark - Street Lights On,,,,28,From opposite direction - one left turn - one straight,0,0,N
1275141.232,214420.4998,2807,17001,17001,1793378,Matched,Block,,15TH AVE S BETWEEN S MCCLELLAN ST AND S FOREST ST,,,2,Injury Collision,Rear Ended,4,0,0,2,2,0,0,2004/09/06 00:00:00+00,9/6/2004,Mid-Block (but intersection related),14,"MOTOR VEHICLE STRUCK MOTOR VEHICLE, REAR END",,0,Overcast,Dry,Daylight,,4250006,,14,From same direction - both going straight - one stopped - rear-end,0,0,N
1268319.054,231486.3152,2808,303600,304860,E842992,Matched,Block,,DEXTER AVE N BETWEEN MERCER ST AND BROAD ST, ,,2,Injury Collision,Rear Ended,7,0,0,3,1,0,0,2018/09/25 00:00:00+00,9/25/2018 16:12,Mid-Block (not related to intersection),14,"MOTOR VEHICLE STRUCK MOTOR VEHICLE, REAR END",,N,Clear,Dry,Daylight,,,,14,From same direction - both going straight - one stopped - rear-end,0,0,N
1263940.345,241139.0466,2809,16769,16769,3643801,Matched,Intersection,26688,3RD AVE W AND W NICKERSON ST, ,,1,Property Damage Only Collision,Left Turn,2,0,0,2,0,0,0,2013/04/11 00:00:00+00,4/11/2013 22:08,At Intersection (intersection related),11,"MOTOR VEHICLE STRUCK MOTOR VEHICLE, FRONT END AT ANGLE",,N,Clear,Dry,Dark - Street Lights On,,,,28,From opposite direction - one left turn - one straight,0,0,N
1265495.345,240189.2264,2810,318300,319800,E915899,Matched,Intersection,27046,NICKERSON ST AND WARREN AVE N, ,,2,Injury Collision,Angles,2,0,0,2,1,0,0,2019/04/24 00:00:00+00,4/24/2019 9:25,At Intersection (intersection related),11,"MOTOR VEHICLE STRUCK MOTOR VEHICLE, FRONT END AT ANGLE",Y,N,Clear,Dry,Daylight,,,,10,Entering at angle,0,0,N
1265204.957,229355.4211,2811,17588,17588,4109027,Unmatched,Block,,DENNY WAY BETWEEN 1ST AVE AND WARREN AVE N,,,0,Unknown,,0,0,0,0,0,0,0,2004/04/18 00:00:00+00,4/18/2004,Driveway Junction,11,"MOTOR VEHICLE STRUCK MOTOR VEHICLE, FRONT END AT ANGLE",,,,,,,4109027,,,,0,0,N
1279241.992,213594.9536,2812,17026,17026,1771478,Matched,Block,,M L KING JR WAY S BETWEEN RAINIER AVE S AND S WINTHROP ST,,,2,Injury Collision,Angles,4,0,0,2,4,0,0,2004/03/19 00:00:00+00,3/19/2004 21:37,Mid-Block (but intersection related),11,"MOTOR VEHICLE STRUCK MOTOR VEHICLE, FRONT END AT ANGLE",,0,Clear,Dry,Dark - Street Lights On,,4079008,Y,10,Entering at angle,0,0,N
1264801.646,232498.3812,2813,307000,308280,E862332,Matched,Intersection,28605,ALOHA ST AND QUEEN ANNE AVE N, ,,1,Property Damage Only Collision,Angles,2,0,0,2,0,0,0,2018/11/08 00:00:00+00,11/8/2018 16:26,At Intersection (intersection related),11,"MOTOR VEHICLE STRUCK MOTOR VEHICLE, FRONT END AT ANGLE",,N,Clear,Dry,Dusk,,,,10,Entering at angle,0,0,N
1260287.967,254700.255,2814,309400,310680,E880852,Matched,Block,,15TH AVE NW BETWEEN NW 80TH ST AND NW 83RD ST, ,,2,Injury Collision,Left Turn,2,0,0,2,1,0,0,2019/01/09 00:00:00+00,1/9/2019 15:11,Mid-Block (not related to intersection),11,"MOTOR VEHICLE STRUCK MOTOR VEHICLE, FRONT END AT ANGLE",,N,Raining,Wet,Daylight,,,,28,From opposite direction - one left turn - one straight,0,0,N
1261137.254,255713.4686,2815,17697,17697,1782492,Matched,Block,,NW 85TH ST BETWEEN 13TH AVE NW AND 14TH AVE NW,,,1,Property Damage Only Collision,Angles,2,0,0,2,0,0,0,2004/04/05 00:00:00+00,4/5/2004,Driveway Junction,11,"MOTOR VEHICLE STRUCK MOTOR VEHICLE, FRONT END AT ANGLE",,0,Clear,Dry,Daylight,,4096023,,10,Entering at angle,0,0,N
1275676.968,253764.0038,2816,17476,17476,1780236,Matched,Block,,LAKE CITY WAY NE BETWEEN 12TH AVE NE AND NE 80TH ST,,,2,Injury Collision,Other,2,0,0,2,1,0,0,2004/01/08 00:00:00+00,1/8/2004,Mid-Block (not related to intersection),11,"MOTOR VEHICLE STRUCK MOTOR VEHICLE, FRONT END AT ANGLE",Y,0,Raining,Wet,Daylight,,4008010,,21,One car entering driveway access,0,0,N
1282056.947,209904.4515,2817,17575,17575,4024033,Unmatched,Intersection,32699,38TH AVE S AND S DAKOTA ST,,,0,Unknown,,0,0,0,0,0,0,0,2004/01/24 00:00:00+00,1/24/2004,At Intersection (intersection related),11,"MOTOR VEHICLE STRUCK MOTOR VEHICLE, FRONT END AT ANGLE",,,,,,,4024033,,,,0,0,N
1281202.818,209477.3009,2818,17371,17371,1771690,Matched,Block,,RAINIER AVE S BETWEEN S ADAMS ST AND S GENESEE N ST,,,1,Property Damage Only Collision,Parked Car,2,0,0,2,0,0,0,2004/02/29 00:00:00+00,2/29/2004 16:30,Mid-Block (not related to intersection),16,"MOTOR VEHICLE STRUCK MOTOR VEHICLE, LEFT SIDE SIDESWIPE",,0,Clear,Dry,Daylight,,4060017,,32,One parked--one moving,0,0,N
1265674.408,192399.4346,2819,319400,320900,3752755,Matched,Block,,SW ROXBURY ST BETWEEN 11TH AVE SW AND 12TH AVE SW, ,,1,Property Damage Only Collision,Rear Ended,4,0,0,3,0,0,0,2019/05/25 00:00:00+00,5/25/2019 17:01,Mid-Block (not related to intersection),14,"MOTOR VEHICLE STRUCK MOTOR VEHICLE, REAR END",,N,Raining,Wet,Daylight,,,,14,From same direction - both going straight - one stopped - rear-end,0,0,N
1276363.09,269223.9318,2820,223600,223880,E563166,Matched,Intersection,35860,15TH AVE NE AND NE 137TH ST, ,,2,Injury Collision,Angles,2,0,0,2,1,0,0,2016/06/28 00:00:00+00,6/28/2016 18:13,At Intersection (but not related to intersection),11,"MOTOR VEHICLE STRUCK MOTOR VEHICLE, FRONT END AT ANGLE",,N,Clear,Dry,Daylight,,,,10,Entering at angle,0,0,N
1280874.105,197843.908,2821,17756,17756,1784178,Matched,Intersection,268932,BEACON ER AVE S AND S PORTLAND ST,,,1,Property Damage Only Collision,Angles,3,0,0,2,0,0,0,2004/12/12 00:00:00+00,12/12/2004 8:42,At Intersection (intersection related),11,"MOTOR VEHICLE STRUCK MOTOR VEHICLE, FRONT END AT ANGLE",Y,0,Clear,Dry,Daylight,,4347014,,10,Entering at angle,0,0,N
1272593.756,200473.8036,2822,17098,17098,1788802,Matched,Intersection,34188,CARLETON AVE S AND EAST MARGINAL WAY S,,,2,Injury Collision,Left Turn,2,0,0,2,1,0,0,2004/02/28 00:00:00+00,2/28/2004 1:55,At Intersection (intersection related),11,"MOTOR VEHICLE STRUCK MOTOR VEHICLE, FRONT END AT ANGLE",,0,Clear,Dry,Dark - Street Lights On,,4059006,,28,From opposite direction - one left turn - one straight,0,0,N
1266797.034,192702.3357,2823,17049,17049,1798085,Matched,Block,,8TH AVE SW BETWEEN SW CAMBRIDGE ST AND SW ROXBURY ST,,,2,Injury Collision,Other,3,0,0,2,3,0,0,2004/06/27 00:00:00+00,6/27/2004 13:15,Driveway Junction,14,"MOTOR VEHICLE STRUCK MOTOR VEHICLE, REAR END",Y,0,Clear,Dry,Daylight,,4179023,,21,One car entering driveway access,0,0,N
1281694.206,266375.3066,2824,16592,16592,3501852,Matched,Block,,35TH AVE NE BETWEEN NE 125TH ST AND NE 130TH S ST, ,,2,Injury Collision,Angles,3,0,0,3,1,0,0,2013/04/06 00:00:00+00,4/6/2013 17:22,Mid-Block (not related to intersection),11,"MOTOR VEHICLE STRUCK MOTOR VEHICLE, FRONT END AT ANGLE",,N,Raining,Wet,Daylight,,,,10,Entering at angle,0,0,N
1257271.756,215865.7252,2825,16709,16709,3505036,Matched,Block,,SW ADMIRAL WAY BETWEEN 42ND AVE SW AND CALIFORNIA AVE SW, ,,1,Property Damage Only Collision,Rear Ended,3,0,0,2,0,0,0,2013/04/09 00:00:00+00,4/9/2013 6:28,Mid-Block (but intersection related),15,"MOTOR VEHICLE STRUCK MOTOR VEHICLE, RIGHT SIDE SIDESWIPE",Y,N,Clear,Dry,Daylight,,,,14,From same direction - both going straight - one stopped - rear-end,0,0,N
1278927.012,248231.5029,2826,17805,17805,4343059,Unmatched,Block,,25TH AVE NE BETWEEN NE 57TH ST AND NE 60TH ST,,,0,Unknown,,0,0,0,0,0,0,0,2004/12/08 00:00:00+00,12/8/2004,Mid-Block (not related to intersection),16,"MOTOR VEHICLE STRUCK MOTOR VEHICLE, LEFT SIDE SIDESWIPE",,,,,,,4343059,,,,0,0,N
1274218.621,228171.4754,2827,17232,17232,1786949,Matched,Block,,11TH AVE BETWEEN E PINE ST AND E OLIVE ST,,,1,Property Damage Only Collision,Other,2,0,0,2,0,0,0,2004/01/14 00:00:00+00,1/14/2004 17:30,Mid-Block (but intersection related),11,"MOTOR VEHICLE STRUCK MOTOR VEHICLE, FRONT END AT ANGLE",,0,Raining,Wet,Dark - Street Lights On,,4014042,,23,From same direction - all others,0,0,N
,,2828,17160,17160,4219073,Unmatched,,,,NEI,"Not Enough Information, or Insufficient Location Information",0,Unknown,,0,0,0,0,0,0,0,2004/08/06 00:00:00+00,8/6/2004,,0,NOT ENOUGH INFORMATION / NOT APPLICABLE,,,,,,,4219073,,,,0,0,N
1262990.05,257003.1969,2829,16462,16462,3508186,Matched,Intersection,37158,8TH AVE NW AND NW 90TH ST, ,,1,Property Damage Only Collision,Angles,2,0,0,2,0,0,0,2013/04/04 00:00:00+00,4/4/2013 15:50,At Intersection (intersection related),11,"MOTOR VEHICLE STRUCK MOTOR VEHICLE, FRONT END AT ANGLE",,N,Raining,Wet,Daylight,,,,10,Entering at angle,0,0,N
1270493.2,225988.3225,2830,17405,17405,1482353,Matched,Block,,6TH AVE BETWEEN UNIVERSITY ST AND UNION ST,,,1,Property Damage Only Collision,Sideswipe,4,0,0,2,0,0,0,2004/03/10 00:00:00+00,3/10/2004 15:51,Mid-Block (not related to intersection),16,"MOTOR VEHICLE STRUCK MOTOR VEHICLE, LEFT SIDE SIDESWIPE",,0,Clear,Dry,Daylight,,4070008,,11,From same direction - both going straight - both moving - sideswipe,0,0,N
1283764.281,204399.4415,2831,16921,16921,1779564,Matched,Intersection,33512,RAINIER AVE S AND S ORCAS ST,,,1,Property Damage Only Collision,Left Turn,5,0,0,2,0,0,0,2004/04/03 00:00:00+00,4/3/2004,At Intersection (intersection related),11,"MOTOR VEHICLE STRUCK MOTOR VEHICLE, FRONT END AT ANGLE",,0,Clear,Dry,Daylight,,4094023,,28,From opposite direction - one left turn - one straight,0,0,N
1270626.944,223864.3779,2832,16548,16548,3643916,Matched,Block,,3RD AVE BETWEEN CHERRY ST AND COLUMBIA ST, ,,1,Property Damage Only Collision,Sideswipe,2,0,0,2,0,0,0,2013/04/06 00:00:00+00,4/6/2013 7:39,Mid-Block (not related to intersection),16,"MOTOR VEHICLE STRUCK MOTOR VEHICLE, LEFT SIDE SIDESWIPE",,N,Unknown,Unknown,Unknown,,,,12,From same direction - both going straight - one stopped - sideswipe,0,0,N
1274181.556,226856.0059,2833,17591,17591,4125044,Unmatched,Block,,E MADISON ST BETWEEN E SENECA ST AND 11TH AVE,,,0,Unknown,,0,0,0,0,0,0,0,2004/05/04 00:00:00+00,5/4/2004,Mid-Block (but intersection related),11,"MOTOR VEHICLE STRUCK MOTOR VEHICLE, FRONT END AT ANGLE",,,,,,,4125044,,,,0,0,N
1263446.243,248465.9788,2834,17165,17165,1778838,Matched,Block,,NW 58TH ST BETWEEN 5TH AVE NW AND 6TH AVE NW,,,1,Property Damage Only Collision,Parked Car,2,0,0,2,0,0,0,2004/05/28 00:00:00+00,5/28/2004 9:17,Mid-Block (but intersection related),15,"MOTOR VEHICLE STRUCK MOTOR VEHICLE, RIGHT SIDE SIDESWIPE",,0,Raining,Wet,Daylight,,4149017,,32,One parked--one moving,0,0,N
1261730.055,192489.6324,2835,328800,330300,3856326,Matched,Intersection,34902,26TH AVE SW AND SW ROXBURY ST, ,,2,Injury Collision,Left Turn,3,0,0,2,2,0,0,2020/01/31 00:00:00+00,1/31/2020 20:25,At Intersection (intersection related),11,"MOTOR VEHICLE STRUCK MOTOR VEHICLE, FRONT END AT ANGLE",,N,Raining,Wet,Dark - Street Lights On,,,,28,From opposite direction - one left turn - one straight,0,0,N
1271226.869,227907.149,2836,17542,17542,1776434,Matched,Block,,BOREN AVE BETWEEN PINE ST AND OLIVE WAY,,,2,Injury Collision,Rear Ended,6,0,0,3,3,0,0,2004/03/07 00:00:00+00,3/7/2004,Mid-Block (not related to intersection),14,"MOTOR VEHICLE STRUCK MOTOR VEHICLE, REAR END",,1,Raining,Wet,Dark - Street Lights On,,4067025,,13,From same direction - both going straight - both moving - rear-end,0,0,N
1287393.72,191791.5211,2837,17487,17487,1784078,Unmatched,Intersection,35480,57TH AVE S AND S ROXBURY W ST,,,0,Unknown,,0,0,0,0,0,0,0,2004/12/06 00:00:00+00,12/6/2004,At Intersection (intersection related),11,"MOTOR VEHICLE STRUCK MOTOR VEHICLE, FRONT END AT ANGLE",,,,,,,4341032,,,,0,0,N
1276592.332,253308.832,2838,17430,17430,1780086,Matched,Block,,NE 77TH ST BETWEEN 16TH AVE NE AND 17TH W AVE NE,,,1,Property Damage Only Collision,Parked Car,2,0,0,2,0,0,0,2004/03/01 00:00:00+00,3/1/2004,Mid-Block (not related to intersection),11,"MOTOR VEHICLE STRUCK MOTOR VEHICLE, FRONT END AT ANGLE",,0,Unknown,Unknown,Unknown,,4061006,,32,One parked--one moving,0,0,N
1277952.387,234265.7319,2839,17527,17527,1198261,Matched,Block,,22ND AVE E BETWEEN E GALER ST AND E CRESCENT DR,,,1,Property Damage Only Collision,Parked Car,3,0,0,2,0,0,0,2004/10/28 00:00:00+00,10/28/2004 10:05,Mid-Block (not related to intersection),11,"MOTOR VEHICLE STRUCK MOTOR VEHICLE, FRONT END AT ANGLE",,0,Overcast,Wet,Daylight,,4302039,,20,One car leaving parked position,0,0,N
1271068.623,225014.6129,2840,337400,338900,EA98235,Matched,Intersection,29947,6TH AVE AND MADISON ST, ,,1,Property Damage Only Collision,Sideswipe,2,0,0,2,0,0,0,2021/01/11 00:00:00+00,1/11/2021 17:37,At Intersection (intersection related),11,"MOTOR VEHICLE STRUCK MOTOR VEHICLE, FRONT END AT ANGLE",,N,Raining,Wet,Dark - Street Lights On,,,,71,Same direction -- both turning right -- both moving -- sideswipe,0,0,N
1269665.989,224539.8074,2841,241500,241940,E673157,Matched,Block,,SPRING ST BETWEEN 1ST AVE AND 2ND AVE,NEI,"Not Enough Information, or Insufficient Location Information",1,Property Damage Only Collision,Parked Car,3,0,0,3,0,0,0,2017/05/20 00:00:00+00,5/20/2017 21:00,Mid-Block (not related to intersection),11,"MOTOR VEHICLE STRUCK MOTOR VEHICLE, FRONT END AT ANGLE",,N,Clear,Dry,Dark - Street Lights On,,,,32,One parked--one moving,0,0,Y
1265364.001,245238.4109,2842,17608,17608,1773515,Matched,Intersection,25685,GREENWOOD AVE N AND N 46TH S ST,,,2b,Serious Injury Collision,Angles,2,0,0,2,2,2,0,2004/05/23 00:00:00+00,5/23/2004 7:35,At Intersection (intersection related),11,"MOTOR VEHICLE STRUCK MOTOR VEHICLE, FRONT END AT ANGLE",,0,Clear,Dry,Daylight,,4144016,,10,Entering at angle,0,0,N
1260306.069,255724.8099,2843,16963,16963,1199641,Matched,Intersection,37265,15TH AVE NW AND NW 85TH ST,,,2,Injury Collision,Pedestrian,2,1,0,1,1,0,0,2004/02/24 00:00:00+00,2/24/2004 11:00,At Intersection (intersection related),24,MOTOR VEHCILE STRUCK PEDESTRIAN,,0,Clear,Dry,Daylight,Y,4055003,,1,Vehicle turning right hits pedestrian,0,0,N
1271506.38,246166.7002,2844,17195,17195,1931184,Matched,Intersection,25873,SUNNYSIDE AVE N AND N 50TH ST,,,1,Property Damage Only Collision,Angles,2,0,0,2,0,0,0,2004/11/23 00:00:00+00,11/23/2004 15:06,At Intersection (intersection related),11,"MOTOR VEHICLE STRUCK MOTOR VEHICLE, FRONT END AT ANGLE",,0,Raining,Wet,Daylight,,4328032,,10,Entering at angle,0,0,N
1269318.218,255849.071,2845,16595,16595,3508244,Matched,Block,,INTERLAKE AVE N BETWEEN N 85TH E ST AND N 88TH ST, ,,1,Property Damage Only Collision,Parked Car,2,0,0,2,0,0,0,2013/04/06 00:00:00+00,4/6/2013 13:43,Mid-Block (not related to intersection),11,"MOTOR VEHICLE STRUCK MOTOR VEHICLE, FRONT END AT ANGLE",,N,Raining,Wet,Daylight,,,,32,One parked--one moving,0,0,N
1271216.233,223501.1303,2846,334600,336100,EA68177,Matched,Block,,4TH AVE BETWEEN JEFFERSON ST AND JAMES ST, ,,1,Property Damage Only Collision,Sideswipe,2,0,0,2,0,0,0,2020/10/01 00:00:00+00,10/1/2020 8:54,Mid-Block (not related to intersection),11,"MOTOR VEHICLE STRUCK MOTOR VEHICLE, FRONT END AT ANGLE",,N,Clear,Dry,Daylight,,,,11,From same direction - both going straight - both moving - sideswipe,0,0,N
1266814.36,260610.073,2847,17370,17370,1771669,Matched,Intersection,37383,EVANSTON AVE N AND N 104TH ST,,,1,Property Damage Only Collision,Angles,2,0,0,2,0,0,0,2004/05/30 00:00:00+00,5/30/2004 8:00,At Intersection (intersection related),11,"MOTOR VEHICLE STRUCK MOTOR VEHICLE, FRONT END AT ANGLE",,0,Unknown,Unknown,Daylight,,4151005,,10,Entering at angle,0,0,N
1270038.146,224226.9701,2848,16939,16939,4281036,Unmatched,Block,,2ND AVE BETWEEN MARION ST AND MADISON ST,,,0,Unknown,,0,0,0,0,0,0,0,2004/10/07 00:00:00+00,10/7/2004,Mid-Block (not related to intersection),18,"MOTOR VEHICLE STRUCK PEDALCYCLIST, FRONT END AT ANGLE",,,,,,,4281036,,,,0,0,N
1281647.009,207698.0268,2849,17301,17301,1779113,Matched,Block,,RAINIER AVE S BETWEEN S ALASKA ST AND S ANGELINE ST,,,1,Property Damage Only Collision,Sideswipe,2,0,0,2,0,0,0,2004/08/04 00:00:00+00,8/4/2004,Mid-Block (not related to intersection),16,"MOTOR VEHICLE STRUCK MOTOR VEHICLE, LEFT SIDE SIDESWIPE",,0,Clear,Dry,Daylight,,4217037,,11,From same direction - both going straight - both moving - sideswipe,0,0,N
1260203.912,243460.9929,2850,16466,16466,3581416,Matched,Block,,BALLARD BR BETWEEN 15TH AVE W AND POINT A, ,,1,Property Damage Only Collision,Head On,2,0,0,2,0,0,0,2013/04/04 00:00:00+00,4/4/2013 8:05,Mid-Block (not related to intersection),11,"MOTOR VEHICLE STRUCK MOTOR VEHICLE, FRONT END AT ANGLE",,N,Clear,Wet,Daylight,,,,30,From opposite direction - all others,0,0,N
1258400.372,234923.0055,2851,17407,17407,1482479,Matched,Block,,MAGNOLIA BR BETWEEN MAGNOLIA EB W BR AND W GARFIELD ST OFF RP,,,2,Injury Collision,Other,2,0,0,2,1,0,0,2004/07/17 00:00:00+00,7/17/2004 2:40,Mid-Block (not related to intersection),11,"MOTOR VEHICLE STRUCK MOTOR VEHICLE, FRONT END AT ANGLE",,0,Clear,Dry,Dark - Street Lights On,,4199039,,23,From same direction - all others,0,0,N
1274625.279,246078.2972,2852,17630,17630,4284038,Unmatched,Block,,NE 50TH ST BETWEEN 9TH AVE NE AND ROOSEVELT WAY NE,,,0,Unknown,,0,0,0,0,0,0,0,2004/10/10 00:00:00+00,10/10/2004,Mid-Block (not related to intersection),14,"MOTOR VEHICLE STRUCK MOTOR VEHICLE, REAR END",,,,,,,4284038,,,,0,0,N
1277019.906,218111.9448,2853,17277,17277,1788774,Unmatched,Block,,S MASSACHUSETTS ST BETWEEN 20TH AVE S AND RAINIER AVE S,,,0,Unknown,,0,0,0,0,0,0,0,2004/10/29 00:00:00+00,10/29/2004,Mid-Block (not related to intersection),28,MOTOR VEHICLE RAN OFF ROAD - HIT FIXED OBJECT,,,,,,,4303034,,,,0,0,N
1264342.056,259613.0004,2854,16690,16690,3501551,Matched,Intersection,37122,3RD AVE NW AND NW 100TH ST, ,,2,Injury Collision,Angles,2,0,0,2,2,0,0,2013/04/07 00:00:00+00,4/7/2013 9:12,At Intersection (intersection related),11,"MOTOR VEHICLE STRUCK MOTOR VEHICLE, FRONT END AT ANGLE",,N,Raining,Wet,Daylight,,,,10,Entering at angle,0,0,N
1278920.969,247837.1698,2855,17513,17513,4052033,Unmatched,Intersection,25916,25TH AVE NE AND NE 57TH ST,,,0,Unknown,,0,0,0,0,0,0,0,2004/02/21 00:00:00+00,2/21/2004,At Intersection (intersection related),11,"MOTOR VEHICLE STRUCK MOTOR VEHICLE, FRONT END AT ANGLE",,,,,,,4052033,,,,0,0,N
1281092.763,204456.7034,2856,319200,320700,E922167,Matched,Block,,S ORCAS ST BETWEEN 35TH E AVE S AND M L KING JR WR WAY S, ,,1,Property Damage Only Collision,Parked Car,2,0,0,2,0,0,0,2019/05/19 00:00:00+00,5/19/2019 17:53,Mid-Block (not related to intersection),13,"MOTOR VEHICLE STRUCK MOTOR VEHICLE, LEFT SIDE AT ANGLE",,N,Clear,Dry,Daylight,,,,32,One parked--one moving,0,0,Y
1257757.85,215850.5023,2857,16579,16579,3553739,Matched,Intersection,31064,41ST AVE SW AND SW ADMIRAL WAY, ,,1,Property Damage Only Collision,Angles,2,0,0,2,0,0,0,2013/04/06 00:00:00+00,4/6/2013 13:51,At Intersection (intersection related),11,"MOTOR VEHICLE STRUCK MOTOR VEHICLE, FRONT END AT ANGLE",,N,Clear,Wet,Daylight,,,,10,Entering at angle,0,0,N
1264782.969,240694.7896,2858,17456,17456,1482687,Matched,Block,,NICKERSON ST BETWEEN QUEEN ANNE AVE N AND CREMONA ST,,,2,Injury Collision,Other,2,0,0,2,1,0,0,2004/10/15 00:00:00+00,10/15/2004 6:10,Driveway Junction,11,"MOTOR VEHICLE STRUCK MOTOR VEHICLE, FRONT END AT ANGLE",,0,Overcast,Dry,Dark - Street Lights On,,4289023,,22,One car leaving driveway access,0,0,N