X,Y,OBJECTID,INCKEY,COLDETKEY,REPORTNO,STATUS,ADDRTYPE,INTKEY,LOCATION,EXCEPTRSNCODE,EXCEPTRSNDESC,SEVERITYCODE,SEVERITYDESC,COLLISIONTYPE,PERSONCOUNT,PEDCOUNT,PEDCYLCOUNT,VEHCOUNT,INJURIES,SERIOUSINJURIES,FATALITIES,INCDATE,INCDTTM,JUNCTIONTYPE,SDOT_COLCODE,SDOT_COLDESC,INATTENTIONIND,UNDERINFL,WEATHER,ROADCOND,LIGHTCOND,PEDROWNOTGRNT,SDOTCOLNUM,SPEEDING,ST_COLCODE,ST_COLDESC,SEGLANEKEY,CROSSWALKKEY,HITPARKEDCAR
1268316.704,260834.8269,2859,16960,16960,1794615,Matched,Intersection,36360,AURORA AVE N AND N NORTHGATE WAY,,,1,Property Damage Only Collision,Angles,3,0,0,2,0,0,0,2004/11/13 00:00:00+00,11/13/2004 1:38,At Intersection (intersection related),11,"MOTOR VEHICLE STRUCK MOTOR VEHICLE, FRONT END AT ANGLE",,0,Overcast,Wet,Dark - Street Lights On,,4318005,,10,Entering at angle,0,0,N
1270275.262,226354.0821,2860,17179,17179,1482453,Matched,Block,,6TH AVE BETWEEN UNION ST AND PIKE ST,,,1,Property Damage Only Collision,Sideswipe,2,0,0,2,0,0,0,2004/04/21 00:00:00+00,4/21/2004 0:30,Mid-Block (not related to intersection),11,"MOTOR VEHICLE STRUCK MOTOR VEHICLE, FRONT END AT ANGLE",,1,Clear,Dry,Dark - Street Lights On,,4112001,,11,From same direction - both going straight - both moving - sideswipe,0,0,N
1277551.329,212086.0727,2861,16665,16665,3671972,Matched,Intersection,32541,23RD AVE S AND S SPOKANE ST, ,,2,Injury Collision,Other,2,0,0,1,1,0,0,2013/04/08 00:00:00+00,4/8/2013 5:32,At Intersection (intersection related),28,MOTOR VEHICLE RAN OFF ROAD - HIT FIXED OBJECT,,N,Raining,Wet,Dark - Street Lights On,,,,50,Fixed object,0,0,N
1264767.933,234581.9165,2862,16417,16417,3582066,Matched,Block,,QUEEN ANNE AVE N BETWEEN W GALER ST AND GARFIELD ST, ,,1,Property Damage Only Collision,Parked Car,2,0,0,2,0,0,0,2013/03/28 00:00:00+00,3/28/2013 12:00,Mid-Block (not related to intersection),11,"MOTOR VEHICLE STRUCK MOTOR VEHICLE, FRONT END AT ANGLE",,N,Clear,Dry,Daylight,,,,32,One parked--one moving,0,0,N
1262399.207,206027.5292,2863,316800,318300,3692633,Matched,Block,,25TH AVE SW BETWEEN PUGET BLVD SW AND SW BRANDON ST, ,,1,Property Damage Only Collision,Parked Car,3,0,0,2,0,0,0,2019/03/28 00:00:00+00,3/28/2019 18:10,Mid-Block (not related to intersection),11,"MOTOR VEHICLE STRUCK MOTOR VEHICLE, FRONT END AT ANGLE",,N,Clear,Dry,Daylight,,,,32,One parked--one moving,0,0,Y
1259032.581,192417.3952,2864,17798,17798,1798380,Matched,Block,,35TH AVE SW BETWEEN SW ROXBURY ST AND SW 97TH ST,,,1,Property Damage Only Collision,Sideswipe,2,0,0,2,0,0,0,2004/07/09 00:00:00+00,7/9/2004,Mid-Block (not related to intersection),16,"MOTOR VEHICLE STRUCK MOTOR VEHICLE, LEFT SIDE SIDESWIPE",,0,Clear,Dry,Daylight,,4191010,,11,From same direction - both going straight - both moving - sideswipe,0,0,N
1269622.259,244878.8404,2865,17076,17076,1931330,Unmatched,Block,,N 45TH ST BETWEEN WOODLAWN E AVE N AND DENSMORE W AVE N,,,0,Unknown,,0,0,0,0,0,0,0,2004/11/26 00:00:00+00,11/26/2004,Mid-Block (but intersection related),18,"MOTOR VEHICLE STRUCK PEDALCYCLIST, FRONT END AT ANGLE",,,,,,,4331003,,,,0,0,N
1259540.148,203827.4436,2866,16796,16796,3505063,Matched,Block,,SW RAYMOND ST BETWEEN 34TH AVE SW AND 35TH AVE SW, ,,1,Property Damage Only Collision,Parked Car,2,0,0,2,0,0,0,2013/04/11 00:00:00+00,4/11/2013 10:43,Mid-Block (not related to intersection),11,"MOTOR VEHICLE STRUCK MOTOR VEHICLE, FRONT END AT ANGLE",Y,N,Raining,Wet,Daylight,,,,20,One car leaving parked position,0,0,N
1271531.655,252608.8153,2867,17683,17683,1774122,Matched,Block,,EAST GREEN LAKE DR N BETWEEN CORLISS AVE N AND BAGLEY AVE N,,,2,Injury Collision,Rear Ended,2,0,0,2,1,0,0,2004/07/25 00:00:00+00,7/25/2004 15:02,Mid-Block (but intersection related),14,"MOTOR VEHICLE STRUCK MOTOR VEHICLE, REAR END",,0,Clear,Dry,Daylight,,4207004,,14,From same direction - both going straight - one stopped - rear-end,0,0,N
1264613.161,255642.0998,2868,17618,17618,1774639,Matched,Block,,NW 85TH ST BETWEEN 1ST AVE NW AND 3RD AVE NW,,,1,Property Damage Only Collision,Rear Ended,2,0,0,2,0,0,0,2004/03/26 00:00:00+00,3/26/2004 22:00,Mid-Block (but intersection related),14,"MOTOR VEHICLE STRUCK MOTOR VEHICLE, REAR END",,0,Raining,Wet,Dark - Street Lights On,,4086013,Y,14,From same direction - both going straight - one stopped - rear-end,0,0,N
1268766.584,226374.9471,2869,16977,16977,1482733,Matched,Block,,2ND AVE BETWEEN PINE ST AND STEWART ST,,,2b,Serious Injury Collision,Cycles,2,0,1,1,1,1,0,2004/12/02 00:00:00+00,12/2/2004,Mid-Block (not related to intersection),54,PEDALCYCLIST STRUCK MOTOR VEHICLE REAR END,,0,Clear,Dry,Daylight,,4337020,,45,Vehicle - Pedalcyclist,0,0,N
1271413.155,227275.7424,2870,330600,332100,EA23292,Matched,Block,,PIKE ST BETWEEN TERRY AVE AND BOREN AVE, ,,1,Property Damage Only Collision,Sideswipe,2,0,0,2,0,0,0,2020/01/23 00:00:00+00,1/23/2020 8:54,Mid-Block (not related to intersection),11,"MOTOR VEHICLE STRUCK MOTOR VEHICLE, FRONT END AT ANGLE",,N,Raining,Wet,Daylight,,,,11,From same direction - both going straight - both moving - sideswipe,0,0,N
1273057.905,223236.9826,2871,17280,17280,1856429,Matched,Block,,8TH AVE BETWEEN YESLER WAY AND E FIR ST,,,1,Property Damage Only Collision,Parked Car,3,0,0,2,0,0,0,2004/07/01 00:00:00+00,7/1/2004,Mid-Block (not related to intersection),14,"MOTOR VEHICLE STRUCK MOTOR VEHICLE, REAR END",,0,Clear,Dry,Daylight,,4183003,Y,32,One parked--one moving,0,0,N
1268492.103,227551.0404,2872,325100,326600,3793478,Matched,Intersection,29548,4TH AVE AND LENORA ST, ,,1,Property Damage Only Collision,Sideswipe,3,0,0,2,0,0,0,2019/10/26 00:00:00+00,10/26/2019 22:18,At Intersection (intersection related),11,"MOTOR VEHICLE STRUCK MOTOR VEHICLE, FRONT END AT ANGLE",,N,Clear,Dry,Dark - Street Lights On,,,,11,From same direction - both going straight - both moving - sideswipe,0,0,N
1275588.365,248031.5245,2873,18135,18135,1780443,Matched,Block,,BROOKLYN AVE NE BETWEEN NE 56TH ST AND NE RAVENNA EB BV,,,1,Property Damage Only Collision,Parked Car,2,0,0,2,0,0,0,2004/07/05 00:00:00+00,7/5/2004,Mid-Block (not related to intersection),13,"MOTOR VEHICLE STRUCK MOTOR VEHICLE, LEFT SIDE AT ANGLE",,0,Unknown,Unknown,Unknown,,4187003,,32,One parked--one moving,0,0,N
1260038.23,234930.5189,2874,17064,17064,1324743,Unmatched,Block,,MAGNOLIA BR WB BETWEEN W GALER ST FLYOVER AND MAGNOLIA E BR,,,0,Unknown,,0,0,0,0,0,0,0,2004/12/16 00:00:00+00,12/16/2004,Mid-Block (not related to intersection),28,MOTOR VEHICLE RAN OFF ROAD - HIT FIXED OBJECT,,,,,,,4351004,,,,0,0,N
1274853.156,251502.7609,2875,16553,16553,3645766,Unmatched,Block,,ROOSEVELT WAY NE BETWEEN NE 70TH ST AND NE 71ST ST,NEI,"Not Enough Information, or Insufficient Location Information",0,Unknown,,0,0,0,0,0,0,0,2013/03/18 00:00:00+00,3/18/2013,Mid-Block (not related to intersection),0,NOT ENOUGH INFORMATION / NOT APPLICABLE,,,,,,,,, ,,0,0,N
1268393.417,228076.0747,2876,16890,16890,3546236,Matched,Intersection,29534,5TH AVE AND BLANCHARD ST, ,,2,Injury Collision,Sideswipe,4,0,0,2,1,0,0,2013/04/13 00:00:00+00,4/13/2013 14:41,At Intersection (intersection related),11,"MOTOR VEHICLE STRUCK MOTOR VEHICLE, FRONT END AT ANGLE",,N,Raining,Wet,Daylight,,,,11,From same direction - both going straight - both moving - sideswipe,0,0,N
1268316.704,260834.8269,2877,327600,329100,E975808,Matched,Intersection,36360,AURORA AVE N AND N NORTHGATE WAY, ,,1,Property Damage Only Collision,Sideswipe,3,0,0,2,0,0,0,2019/10/15 00:00:00+00,10/15/2019 11:52,At Intersection (intersection related),11,"MOTOR VEHICLE STRUCK MOTOR VEHICLE, FRONT END AT ANGLE",,N,Overcast,Dry,Daylight,,,,12,From same direction - both going straight - one stopped - sideswipe,0,0,N
1287377.076,193027.576,2878,329700,331200,EA20352,Unmatched,Block,,RAINIER AVE S BETWEEN SEWARD PARK AVE S AND 57TH AVE S, ,,2,Injury Collision,,3,0,0,0,1,0,0,2020/03/01 00:00:00+00,3/1/2020,Mid-Block (not related to intersection),11,"MOTOR VEHICLE STRUCK MOTOR VEHICLE, FRONT END AT ANGLE",,,,,,,,, ,,0,0,N
1274080.981,223196.7473,2879,17862,17862,1799132,Unmatched,Block,,BOREN AVE BETWEEN E YESLER WAY AND E FIR ST,,,0,Unknown,,0,0,0,0,0,0,0,2004/10/05 00:00:00+00,10/5/2004,Mid-Block (not related to intersection),11,"MOTOR VEHICLE STRUCK MOTOR VEHICLE, FRONT END AT ANGLE",,,,,,,4279047,,,,0,0,N
1256243.355,209231.0509,2880,225900,226240,3780871,Matched,Intersection,31996,GLENN WAY SW AND SW OREGON ST, ,,2,Injury Collision,Angles,2,0,0,2,1,0,0,2016/08/07 00:00:00+00,8/7/2016 16:03,At Intersection (intersection related),11,"MOTOR VEHICLE STRUCK MOTOR VEHICLE, FRONT END AT ANGLE",Y,N,Clear,Dry,Daylight,,,,10,Entering at angle,0,0,N
1274399.336,209736.293,2881,17485,17485,1783923,Unmatched,Intersection,32296,13TH AVE S AND S NEVADA ST,,,0,Unknown,,0,0,0,0,0,0,0,2004/12/10 00:00:00+00,12/10/2004,At Intersection (intersection related),11,"MOTOR VEHICLE STRUCK MOTOR VEHICLE, FRONT END AT ANGLE",,,,,,,4345031,,,,0,0,N
1269088.362,230109.7477,2882,17730,17730,1783602,Matched,Block,,THOMAS ST BETWEEN 9TH AVE N AND WESTLAKE AVE N,,,1,Property Damage Only Collision,Other,1,0,0,1,0,0,0,2004/08/05 00:00:00+00,8/5/2004,Mid-Block (but intersection related),48,DRIVERLESS VEHICLE RAN OFF ROAD - HIT FIXED OBJECT,,0,Clear,Dry,Daylight,,4218025,,50,Fixed object,0,0,N
1283888.368,236480.3796,2883,17818,17818,1772084,Matched,Intersection,28482,41ST AVE E AND E LYNN ST,,,1,Property Damage Only Collision,Angles,2,0,0,2,0,0,0,2004/04/11 00:00:00+00,4/11/2004 23:56,At Intersection (intersection related),11,"MOTOR VEHICLE STRUCK MOTOR VEHICLE, FRONT END AT ANGLE",,0,Clear,Dry,Dark - No Street Lights,,4102004,,10,Entering at angle,0,0,N
1282715.118,199601.2161,2884,224000,224280,E562550,Unmatched,Block,,M L KING JR ER WAY S BETWEEN S MYRTLE ST AND S OTHELLO ST,NEI,"Not Enough Information, or Insufficient Location Information",0,Unknown,,0,0,0,0,0,0,0,2016/07/07 00:00:00+00,7/7/2016,,0,NOT ENOUGH INFORMATION / NOT APPLICABLE,,,,,,,,, ,,0,0,N
1274272.116,260014.9841,2885,17595,17595,1220549,Matched,Intersection,37476,8TH AVE NE AND NE 103RD ST,,,1,Property Damage Only Collision,Angles,3,0,0,2,0,0,0,2004/12/11 00:00:00+00,12/11/2004 16:09,At Intersection (intersection related),11,"MOTOR VEHICLE STRUCK MOTOR VEHICLE, FRONT END AT ANGLE",,0,Clear,Dry,Dusk,,4346019,,10,Entering at angle,0,0,N
,,2886,17607,17607,1212057,Matched,Alley,,,,,1,Property Damage Only Collision,Parked Car,2,0,0,2,0,0,0,2004/07/05 00:00:00+00,7/5/2004,,0,NOT ENOUGH INFORMATION / NOT APPLICABLE,,0,Clear,Dry,Daylight,,4187015,,32,One parked--one moving,0,0,N
1264651.322,260664.8746,2887,17113,17113,1779816,Matched,Block,,NW 104TH ST BETWEEN N 104TH ST AND 3RD AVE NW,,,1,Property Damage Only Collision,Parked Car,2,0,0,2,0,0,0,2004/04/03 00:00:00+00,4/3/2004,Mid-Block (not related to intersection),14,"MOTOR VEHICLE STRUCK MOTOR VEHICLE, REAR END",,0,Unknown,Unknown,Dark - Street Lights On,,4094041,,32,One parked--one moving,0,0,N
1280034.44,207722.8366,2888,16764,16764,3672333,Matched,Block,,M L KING JR WR WAY S BETWEEN S ALASKA ST AND S ANGELINE ST, ,,2,Injury Collision,Rear Ended,4,0,0,2,3,0,0,2013/04/11 00:00:00+00,4/11/2013 15:04,Mid-Block (not related to intersection),14,"MOTOR VEHICLE STRUCK MOTOR VEHICLE, REAR END",Y,N,Clear,Dry,Daylight,,,,14,From same direction - both going straight - one stopped - rear-end,0,0,N
,,2889,16609,16609,3582019,Matched,Block,,BATTERY ST TUNNEL SB BETWEEN AURORA AVE N AND ALASKAN WY VI SB, ,,1,Property Damage Only Collision,Sideswipe,2,0,0,2,0,0,0,2013/04/07 00:00:00+00,4/7/2013 1:07,Mid-Block (not related to intersection),11,"MOTOR VEHICLE STRUCK MOTOR VEHICLE, FRONT END AT ANGLE",,N,Raining,Wet,Dark - Street Lights On,,,,11,From same direction - both going straight - both moving - sideswipe,0,0,N
1275114.975,265292.9047,2890,17204,17204,1220557,Unmatched,Block,,NE 123RD ST BETWEEN ROOSEVELT WAY NE AND 10TH PL NE,,,0,Unknown,,0,0,0,0,0,0,0,2004/08/14 00:00:00+00,8/14/2004,Driveway Junction,11,"MOTOR VEHICLE STRUCK MOTOR VEHICLE, FRONT END AT ANGLE",,,,,,,4227016,,,,0,0,N
1276260.578,203011.2836,2891,16719,16719,3671766,Matched,Intersection,33396,SWIFT AVE S AND S GRAHAM ST, ,,1,Property Damage Only Collision,Angles,2,0,0,2,0,0,0,2013/04/10 00:00:00+00,4/10/2013 12:20,At Intersection (intersection related),11,"MOTOR VEHICLE STRUCK MOTOR VEHICLE, FRONT END AT ANGLE",,N,Clear,Dry,Daylight,,,,10,Entering at angle,0,0,N
1280375.395,271085.1174,2892,17884,17884,1728162,Matched,Intersection,35990,30TH AVE NE AND NE 145TH ST,,,1,Property Damage Only Collision,Angles,3,0,0,2,0,0,0,2004/04/15 00:00:00+00,4/15/2004 17:41,At Intersection (intersection related),11,"MOTOR VEHICLE STRUCK MOTOR VEHICLE, FRONT END AT ANGLE",,0,Clear,Dry,Daylight,,4106025,,10,Entering at angle,0,0,N
1277262.182,240621.6367,2893,17315,17315,1326835,Matched,Block,,NE PACIFIC ST BETWEEN NE PACIFIC PL AND UNIV HOSPITAL DR,,,1,Property Damage Only Collision,Rear Ended,2,0,0,2,0,0,0,2004/06/15 00:00:00+00,6/15/2004 19:12,Mid-Block (but intersection related),14,"MOTOR VEHICLE STRUCK MOTOR VEHICLE, REAR END",,0,Clear,Dry,Daylight,,4167003,,14,From same direction - both going straight - one stopped - rear-end,0,0,N
1272101.019,223058.4263,2894,16468,16468,3599121,Matched,Intersection,30486,6TH AVE AND YESLER WAY, ,,2,Injury Collision,Left Turn,2,0,0,2,2,0,0,2013/04/04 00:00:00+00,4/4/2013 13:21,At Intersection (intersection related),11,"MOTOR VEHICLE STRUCK MOTOR VEHICLE, FRONT END AT ANGLE",,N,Raining,Wet,Daylight,,,,28,From opposite direction - one left turn - one straight,0,0,N
1254093.982,217469.9723,2895,16669,16669,3505267,Matched,Block,,ALKI AVE SW BETWEEN SW ILLINOIS ST AND BONAIR DR SW, ,,2,Injury Collision,Angles,2,0,0,2,1,0,0,2013/04/07 00:00:00+00,4/7/2013 22:30,Driveway Junction,11,"MOTOR VEHICLE STRUCK MOTOR VEHICLE, FRONT END AT ANGLE",,Y,Overcast,Dry,Dark - Street Lights On,,,,10,Entering at angle,0,0,N
1266670.258,227902.276,2896,17853,17853,1777142,Matched,Intersection,29691,1ST AVE AND WALL ST,,,2,Injury Collision,Left Turn,2,0,0,2,1,0,0,2004/03/28 00:00:00+00,3/28/2004 0:30,At Intersection (intersection related),11,"MOTOR VEHICLE STRUCK MOTOR VEHICLE, FRONT END AT ANGLE",,0,Clear,Dry,Dark - Street Lights On,,4088005,,28,From opposite direction - one left turn - one straight,0,0,N
1275397.946,229653.8014,2897,17633,17633,1783793,Matched,Intersection,29058,E JOHN ST AND E JOHN SR ST,,,1,Property Damage Only Collision,Other,2,0,0,2,0,0,0,2004/08/19 00:00:00+00,8/19/2004 8:20,At Intersection (intersection related),11,"MOTOR VEHICLE STRUCK MOTOR VEHICLE, FRONT END AT ANGLE",,0,Clear,Dry,Daylight,,4232002,,21,One car entering driveway access,0,0,N
1277154.094,227478.644,2898,17864,17864,1799163,Matched,Block,,20TH AVE BETWEEN E UNION ST AND E PINE ST,,,1,Property Damage Only Collision,Other,2,0,0,2,0,0,0,2004/11/30 00:00:00+00,11/30/2004 15:00,Mid-Block (not related to intersection),11,"MOTOR VEHICLE STRUCK MOTOR VEHICLE, FRONT END AT ANGLE",,0,Other,Unknown,Daylight,,4335006,,22,One car leaving driveway access,0,0,N
1260288.313,247578.3099,2899,17376,17376,1794071,Matched,Block,,15TH AVE NW BETWEEN NW 54TH ST AND NW MARKET ST,,,2,Injury Collision,Rear Ended,3,0,0,3,1,0,0,2004/08/18 00:00:00+00,8/18/2004 17:07,Mid-Block (but intersection related),14,"MOTOR VEHICLE STRUCK MOTOR VEHICLE, REAR END",,1,Clear,Dry,Daylight,,4231013,,14,From same direction - both going straight - one stopped - rear-end,0,0,N
1265366.413,229351.3056,2900,16571,16571,3643855,Matched,Intersection,29662,DENNY WAY AND WARREN AVE N, ,,1,Property Damage Only Collision,Angles,2,0,0,2,0,0,0,2013/04/05 00:00:00+00,4/5/2013 13:02,At Intersection (intersection related),11,"MOTOR VEHICLE STRUCK MOTOR VEHICLE, FRONT END AT ANGLE",,N,Clear,Dry,Daylight,,,,10,Entering at angle,0,0,N
1265633.941,198107.9696,2901,223300,223580,3780929,Matched,Block,,12TH AVE SW BETWEEN SW HOLDEN ST AND SW KENYON ST, ,,1,Property Damage Only Collision,Parked Car,2,0,0,2,0,0,0,2016/07/11 00:00:00+00,7/11/2016 23:24,Mid-Block (not related to intersection),14,"MOTOR VEHICLE STRUCK MOTOR VEHICLE, REAR END",,N,Overcast,Dry,Dark - Street Lights On,,,,32,One parked--one moving,0,0,N
1284487.67,247893.6972,2902,16781,16781,3615318,Unmatched,Block,,PURDUE AVE NE BETWEEN 45TH AVE NE AND PRINCETON AVE NE,NEI,"Not Enough Information, or Insufficient Location Information",0,Unknown,,0,0,0,0,0,0,0,2013/04/10 00:00:00+00,4/10/2013,Mid-Block (not related to intersection),0,NOT ENOUGH INFORMATION / NOT APPLICABLE,,,,,,,,, ,,0,0,N
1277531.077,255445.2526,2903,17892,17892,1068842,Matched,Block,,20TH AVE NE BETWEEN NE 85TH ST AND LAKE CITY WAY NE,,,2,Injury Collision,Sideswipe,3,0,0,2,1,0,0,2004/06/16 00:00:00+00,6/16/2004 6:45,Mid-Block (but intersection related),11,"MOTOR VEHICLE STRUCK MOTOR VEHICLE, FRONT END AT ANGLE",,0,Clear,Dry,Daylight,,4168022,,26,From opposite direction - both going straight - sideswipe,0,0,N
1269604.613,231439.0443,2904,17248,17248,1784754,Matched,Intersection,28763,MERCER SR ST AND TERRY AVE N,,,1,Property Damage Only Collision,Left Turn,2,0,0,2,0,0,0,2004/09/06 00:00:00+00,9/6/2004,At Intersection (intersection related),11,"MOTOR VEHICLE STRUCK MOTOR VEHICLE, FRONT END AT ANGLE",,0,Clear,Dry,Daylight,,4250008,,15,From same direction - one left turn - one straight,0,0,N
1274176.865,250067.7923,2905,17183,17183,1780242,Matched,Intersection,24495,8TH AVE NE AND NE 65TH ST,,,1,Property Damage Only Collision,Angles,2,0,0,2,0,0,0,2004/02/11 00:00:00+00,2/11/2004 14:51,At Intersection (intersection related),11,"MOTOR VEHICLE STRUCK MOTOR VEHICLE, FRONT END AT ANGLE",,0,Clear,Dry,Daylight,,4042007,,10,Entering at angle,0,0,N
1281023.7,270404.7866,2906,16593,16593,3501902,Matched,Intersection,36002,32ND AVE NE AND NE 143RD ST, ,,1,Property Damage Only Collision,Angles,2,0,0,2,0,0,0,2013/04/09 00:00:00+00,4/9/2013 0:36,At Intersection (intersection related),11,"MOTOR VEHICLE STRUCK MOTOR VEHICLE, FRONT END AT ANGLE",,N,Overcast,Dry,Dark - Street Lights On,,,,10,Entering at angle,0,0,N
1254066.689,205504.4003,2907,16534,16534,3553737,Matched,Block,,BEACH DR SW BETWEEN SW SHORE PL AND SW JUNEAU ST, ,,1,Property Damage Only Collision,Parked Car,0,0,0,2,0,0,0,2013/04/06 00:00:00+00,4/6/2013 0:35,Mid-Block (not related to intersection),11,"MOTOR VEHICLE STRUCK MOTOR VEHICLE, FRONT END AT ANGLE",,N,Raining,Wet,Dark - Street Lights On,,,,32,One parked--one moving,0,0,N
1271457.794,224356.1829,2908,17661,17661,1795853,Matched,Block,,6TH AVE BETWEEN CHERRY ST AND COLUMBIA ST,,,1,Property Damage Only Collision,Rear Ended,5,0,0,2,0,0,0,2004/09/24 00:00:00+00,9/24/2004 19:58,Mid-Block (but intersection related),14,"MOTOR VEHICLE STRUCK MOTOR VEHICLE, REAR END",,0,Clear,Dry,Dark - Street Lights On,,4268029,,14,From same direction - both going straight - one stopped - rear-end,0,0,N
1274287.021,203635.4991,2909,17230,17230,1188116,Matched,Intersection,33127,13TH AVE S AND AIRPORT WAY S,,,1,Property Damage Only Collision,Other,2,0,0,2,0,0,0,2004/01/15 00:00:00+00,1/15/2004 15:10,At Intersection (intersection related),11,"MOTOR VEHICLE STRUCK MOTOR VEHICLE, FRONT END AT ANGLE",,0,Overcast,Wet,Daylight,,4015035,,22,One car leaving driveway access,0,0,N
1271636.107,262081.398,2910,17299,17299,1778891,Matched,Intersection,36585,CORLISS AVE N AND N NORTHGATE WAY,,,2,Injury Collision,Left Turn,2,0,0,2,1,0,0,2004/05/25 00:00:00+00,5/25/2004 1:30,At Intersection (intersection related),11,"MOTOR VEHICLE STRUCK MOTOR VEHICLE, FRONT END AT ANGLE",,0,Clear,Dry,Dark - Street Lights On,,4146004,,28,From opposite direction - one left turn - one straight,0,0,N
1268574.343,214736.7721,2911,16459,16459,3504155,Matched,Block,,EAST MARGINAL WAY S BETWEEN S STACY ST AND S HANFORD ST, ,,1,Property Damage Only Collision,Rear Ended,7,0,0,4,0,0,0,2013/04/04 00:00:00+00,4/4/2013 9:56,Mid-Block (not related to intersection),14,"MOTOR VEHICLE STRUCK MOTOR VEHICLE, REAR END",,N,Raining,Wet,Daylight,,,,13,From same direction - both going straight - both moving - rear-end,0,0,N
1270410.057,223913.7507,2912,17541,17541,1776234,Matched,Block,,COLUMBIA ST BETWEEN 2ND AVE AND 3RD AVE,,,1,Property Damage Only Collision,Sideswipe,2,0,0,2,0,0,0,2004/02/03 00:00:00+00,2/3/2004,Mid-Block (not related to intersection),16,"MOTOR VEHICLE STRUCK MOTOR VEHICLE, LEFT SIDE SIDESWIPE",,0,Clear,Dry,Daylight,,4034012,,12,From same direction - both going straight - one stopped - sideswipe,0,0,N
1271018.873,228031.1162,2913,17474,17474,1772604,Matched,Block,,OLIVE WAY BETWEEN TERRY AVE AND BOREN AVE,,,1,Property Damage Only Collision,Sideswipe,2,0,0,2,0,0,0,2004/05/27 00:00:00+00,5/27/2004 17:45,Mid-Block (not related to intersection),11,"MOTOR VEHICLE STRUCK MOTOR VEHICLE, FRONT END AT ANGLE",,0,Overcast,Dry,Daylight,,4148012,,11,From same direction - both going straight - both moving - sideswipe,0,0,N
1271466.343,225605.6644,2914,17275,17275,1788620,Matched,Intersection,29926,8TH AVE AND SPRING ST,,,2,Injury Collision,Angles,2,0,0,2,1,0,0,2004/03/02 00:00:00+00,3/2/2004,At Intersection (intersection related),11,"MOTOR VEHICLE STRUCK MOTOR VEHICLE, FRONT END AT ANGLE",,0,Clear,Dry,Daylight,,4062027,,10,Entering at angle,0,0,N
1269213.974,223738.4659,2915,315500,316980,3578804,Matched,Block,,ALASKAN WAY BETWEEN MARION ST AND MADISON ST, ,,1,Property Damage Only Collision,Sideswipe,2,0,0,2,0,0,0,2018/12/14 00:00:00+00,12/14/2018 17:22,Mid-Block (not related to intersection),11,"MOTOR VEHICLE STRUCK MOTOR VEHICLE, FRONT END AT ANGLE",,N,Raining,Wet,Dark - Street Lights On,,,,11,From same direction - both going straight - both moving - sideswipe,0,0,N
1277961.39,225243.6924,2916,17012,17012,538774,Matched,Intersection,30173,23RD AVE AND E CHERRY ST,,,1,Property Damage Only Collision,Left Turn,0,0,0,2,0,0,0,2004/03/15 00:00:00+00,3/15/2004 11:43,At Intersection (intersection related),11,"MOTOR VEHICLE STRUCK MOTOR VEHICLE, FRONT END AT ANGLE",,0,Clear,Dry,Daylight,,4075014,,28,From opposite direction - one left turn - one straight,0,0,N
1268997.751,232398.9666,2917,17562,17562,1784826,Matched,Intersection,28734,WESTLAKE AVE N AND ALOHA ST,,,1,Property Damage Only Collision,Left Turn,4,0,0,2,0,0,0,2004/09/08 00:00:00+00,9/8/2004,Ramp Junction,11,"MOTOR VEHICLE STRUCK MOTOR VEHICLE, FRONT END AT ANGLE",,1,Clear,Dry,Dark - Street Lights On,,4252006,,15,From same direction - one left turn - one straight,0,0,N
1272601.176,224321.274,2918,17209,17209,1477837,Matched,Block,,9TH AVE BETWEEN JEFFERSON ST AND JAMES ST,,,1,Property Damage Only Collision,Parked Car,2,0,0,2,0,0,0,2004/08/18 00:00:00+00,8/18/2004 15:15,Driveway Junction,11,"MOTOR VEHICLE STRUCK MOTOR VEHICLE, FRONT END AT ANGLE",,0,Clear,Dry,Daylight,,4231030,,20,One car leaving parked position,0,0,N
1276142.542,214600.0867,2919,16558,16558,3672158,Matched,Intersection,31625,18TH AVE S AND S MCCLELLAN ST, ,,2,Injury Collision,Angles,2,0,0,2,1,0,0,2013/04/04 00:00:00+00,4/4/2013 15:23,At Intersection (intersection related),11,"MOTOR VEHICLE STRUCK MOTOR VEHICLE, FRONT END AT ANGLE",,N,Raining,Wet,Daylight,,,,10,Entering at angle,0,0,N
1285199.712,199183.9195,2920,16397,16397,3672156,Matched,Block,,S OTHELLO ST BETWEEN 48TH AVE S AND RAINIER AVE S, ,,1,Property Damage Only Collision,Rear Ended,2,0,0,2,0,0,0,2013/04/03 00:00:00+00,4/3/2013 15:08,Mid-Block (not related to intersection),14,"MOTOR VEHICLE STRUCK MOTOR VEHICLE, REAR END",,N,Clear,Dry,Daylight,,,,13,From same direction - both going straight - both moving - rear-end,0,0,N
1285492.091,199179.9031,2921,17091,17091,1779611,Matched,Intersection,34470,RAINIER AVE S AND S OTHELLO ST,,,1,Property Damage Only Collision,Left Turn,2,0,0,2,0,0,0,2004/09/08 00:00:00+00,9/8/2004,At Intersection (intersection related),11,"MOTOR VEHICLE STRUCK MOTOR VEHICLE, FRONT END AT ANGLE",,0,Raining,Wet,Daylight,,4252004,,28,From opposite direction - one left turn - one straight,0,0,N