X,Y,OBJECTID,INCKEY,COLDETKEY,REPORTNO,STATUS,ADDRTYPE,INTKEY,LOCATION,EXCEPTRSNCODE,EXCEPTRSNDESC,SEVERITYCODE,SEVERITYDESC,COLLISIONTYPE,PERSONCOUNT,PEDCOUNT,PEDCYLCOUNT,VEHCOUNT,INJURIES,SERIOUSINJURIES,FATALITIES,INCDATE,INCDTTM,JUNCTIONTYPE,SDOT_COLCODE,SDOT_COLDESC,INATTENTIONIND,UNDERINFL,WEATHER,ROADCOND,LIGHTCOND,PEDROWNOTGRNT,SDOTCOLNUM,SPEEDING,ST_COLCODE,ST_COLDESC,SEGLANEKEY,CROSSWALKKEY,HITPARKEDCAR
1272406.12,222287.0126,2922,16901,16901,3573652,Matched,Block,,MAYNARD AVE S BETWEEN S MAIN ST AND S JACKSON ST, ,,1,Property Damage Only Collision,Parked Car,2,0,0,2,0,0,0,2013/04/14 00:00:00+00,4/14/2013 13:19,Mid-Block (not related to intersection),11,"MOTOR VEHICLE STRUCK MOTOR VEHICLE, FRONT END AT ANGLE",,N,Clear,Dry,Daylight,,,,19,One car entering parked position,0,0,N
1272678.76,220043.3743,2923,308800,310080,E877929,Unmatched,Block,,7TH AVE S BETWEEN S PLUMMER ST AND AIRPORT NB WAY S,NEI,"Not Enough Information, or Insufficient Location Information",0,Unknown,,0,0,0,0,0,0,0,2018/12/27 00:00:00+00,12/27/2018,,0,NOT ENOUGH INFORMATION / NOT APPLICABLE,,,,,,,,, ,,0,0,Y
1270202.906,225213.2251,2924,16415,16415,3645764,Matched,Intersection,29932,4TH AVE AND SENECA ST,NEI,"Not Enough Information, or Insufficient Location Information",1,Property Damage Only Collision,Sideswipe,2,0,0,2,0,0,0,2013/04/02 00:00:00+00,4/2/2013 8:30,At Intersection (intersection related),0,NOT ENOUGH INFORMATION / NOT APPLICABLE,,N,Unknown,Unknown,Daylight,,,,71,Same direction -- both turning right -- both moving -- sideswipe,0,0,N
1253731.605,206192.616,2925,225800,226140,3780640,Matched,Block,,BEACH DR SW BETWEEN SW CANADA DR AND SW SHORE PL, ,,2,Injury Collision,Left Turn,2,0,0,2,1,0,0,2016/08/05 00:00:00+00,8/5/2016 16:35,Mid-Block (not related to intersection),11,"MOTOR VEHICLE STRUCK MOTOR VEHICLE, FRONT END AT ANGLE",,N,Clear,Dry,Daylight,,,,15,From same direction - one left turn - one straight,0,0,N
1272952.217,237751.934,2926,17498,17498,4182038,Unmatched,Block,,E LOUISA ST BETWEEN FRANKLIN AVE E AND BOYLSTON AVE E,,,0,Unknown,,0,0,0,0,0,0,0,2004/06/30 00:00:00+00,6/30/2004,Mid-Block (not related to intersection),11,"MOTOR VEHICLE STRUCK MOTOR VEHICLE, FRONT END AT ANGLE",,,,,,,4182038,,,,0,0,N
1259642.958,193233.8814,2927,16797,16797,3380714,Matched,Block,,32ND AVE SW BETWEEN SW BARTON ST AND SW ROXBURY ST, ,,2,Injury Collision,Head On,3,0,0,2,1,0,0,2013/04/11 00:00:00+00,4/11/2013 14:30,Mid-Block (not related to intersection),11,"MOTOR VEHICLE STRUCK MOTOR VEHICLE, FRONT END AT ANGLE",Y,N,Clear,Dry,Daylight,,,Y,25,From opposite direction - one stopped - head-on,0,0,N
1280047.013,202975.1212,2928,17534,17534,1771595,Unmatched,Block,,31ST AVE S BETWEEN S RAYMOND ST AND S GRAHAM ST,,,0,Unknown,,0,0,0,0,0,0,0,2004/09/10 00:00:00+00,9/10/2004,Driveway Junction,11,"MOTOR VEHICLE STRUCK MOTOR VEHICLE, FRONT END AT ANGLE",,,,,,,4254015,,,,0,0,N
1262687.881,203162.139,2929,17619,17619,1774846,Matched,Intersection,32968,24TH AVE SW AND DELRIDGE WAY SW,,,2,Injury Collision,Pedestrian,2,1,0,1,1,0,0,2004/04/29 00:00:00+00,4/29/2004 7:13,At Intersection (intersection related),24,MOTOR VEHCILE STRUCK PEDESTRIAN,,0,Clear,Dry,Daylight,Y,4120012,,1,Vehicle turning right hits pedestrian,0,0,N
1274025.333,244767.4183,2930,16846,16846,3503107,Matched,Block,,NE 45TH ST BETWEEN 7TH AVE NE AND 8TH W AVE NE, ,,1,Property Damage Only Collision,Sideswipe,3,0,0,2,0,0,0,2013/04/12 00:00:00+00,4/12/2013 10:34,Mid-Block (but intersection related),11,"MOTOR VEHICLE STRUCK MOTOR VEHICLE, FRONT END AT ANGLE",,N,Overcast,Dry,Daylight,,,,71,Same direction -- both turning right -- both moving -- sideswipe,0,0,N
1259221.636,209582.7913,2931,330900,332400,EA30090,Matched,Intersection,31929,36TH AVE SW AND SW AVALON WAY, ,,1,Property Damage Only Collision,Left Turn,3,0,0,2,0,0,0,2020/04/16 00:00:00+00,4/16/2020 11:21,At Intersection (intersection related),11,"MOTOR VEHICLE STRUCK MOTOR VEHICLE, FRONT END AT ANGLE",,N,Clear,Dry,Daylight,,,,28,From opposite direction - one left turn - one straight,0,0,N
1268262.309,229277.1954,2932,16857,16857,3503733,Matched,Intersection,29515,DENNY WAY AND DEXTER AVE, ,,2,Injury Collision,Left Turn,6,0,0,2,6,0,0,2013/04/13 00:00:00+00,4/13/2013 0:22,At Intersection (intersection related),11,"MOTOR VEHICLE STRUCK MOTOR VEHICLE, FRONT END AT ANGLE",,Y,Raining,Wet,Dark - Street Lights On,,,,28,From opposite direction - one left turn - one straight,0,0,N
1279880.029,212405.1063,2933,16438,16438,3672123,Matched,Intersection,32416,RAINIER AVE S AND S WALDEN ST, ,,2,Injury Collision,Left Turn,2,0,0,2,1,0,0,2013/03/28 00:00:00+00,3/28/2013 16:00,At Intersection (intersection related),11,"MOTOR VEHICLE STRUCK MOTOR VEHICLE, FRONT END AT ANGLE",,N,Clear,Dry,Daylight,,,Y,28,From opposite direction - one left turn - one straight,0,0,N
1283811.835,204262.8322,2934,16556,16556,3672050,Matched,Block,,RAINIER AVE S BETWEEN S ORCAS ST AND S MEAD ST, ,,2,Injury Collision,Rear Ended,3,0,0,2,2,0,0,2013/04/04 00:00:00+00,4/4/2013 19:04,Mid-Block (but intersection related),14,"MOTOR VEHICLE STRUCK MOTOR VEHICLE, REAR END",,N,Overcast,Wet,Daylight,,,,14,From same direction - both going straight - one stopped - rear-end,0,0,N
1272547.672,204732.4507,2935,17336,17336,4240031,Unmatched,Block,,S HOMER ST BETWEEN 7TH AVE S AND PADILLA PL S,,,0,Unknown,,0,0,0,0,0,0,0,2004/08/27 00:00:00+00,8/27/2004,Mid-Block (not related to intersection),11,"MOTOR VEHICLE STRUCK MOTOR VEHICLE, FRONT END AT ANGLE",,,,,,,4240031,,,,0,0,N
1269661.494,225495.4873,2936,17134,17134,1182068,Matched,Block,,3RD AVE BETWEEN UNIVERSITY ST AND UNION ST,,,1,Property Damage Only Collision,Parked Car,4,0,0,2,0,0,0,2004/07/17 00:00:00+00,7/17/2004 22:55,Mid-Block (not related to intersection),16,"MOTOR VEHICLE STRUCK MOTOR VEHICLE, LEFT SIDE SIDESWIPE",,0,Clear,Dry,Dark - Street Lights On,,4199014,,32,One parked--one moving,0,0,N
1272931.104,230052.5746,2937,314800,316300,3814551,Unmatched,Block,,E THOMAS ST BETWEEN BELMONT AVE E AND BOYLSTON AVE E, ,,1,Property Damage Only Collision,,3,0,0,0,0,0,0,2019/02/05 00:00:00+00,2/5/2019,Mid-Block (not related to intersection),14,"MOTOR VEHICLE STRUCK MOTOR VEHICLE, REAR END",,,,,,,,, ,,0,0,N
1272347.617,268028.5273,2938,16866,16866,3608781,Matched,Intersection,35958,1ST AVE NE AND NE 133RD ST, ,,2,Injury Collision,Angles,2,0,0,2,1,0,0,2013/04/12 00:00:00+00,4/12/2013 9:28,At Intersection (intersection related),11,"MOTOR VEHICLE STRUCK MOTOR VEHICLE, FRONT END AT ANGLE",,N,Overcast,Dry,Daylight,,,,10,Entering at angle,0,0,N
1285368.227,189709.0702,2939,17421,17421,1771913,Matched,Block,,51ST AVE S BETWEEN S GAZELLE ST AND S RYAN WAY,,,2,Injury Collision,Parked Car,2,0,0,2,1,0,0,2004/07/08 00:00:00+00,7/8/2004,Mid-Block (not related to intersection),14,"MOTOR VEHICLE STRUCK MOTOR VEHICLE, REAR END",,0,Clear,Dry,Daylight,,4190021,,32,One parked--one moving,0,0,N
1283041.811,206327.0539,2940,17210,17210,1478723,Matched,Block,,42ND AVE S BETWEEN S HUDSON ST AND S FARRAR ST,,,1,Property Damage Only Collision,Parked Car,3,0,0,2,0,0,0,2004/01/24 00:00:00+00,1/24/2004 17:47,Mid-Block (not related to intersection),12,"MOTOR VEHICLE STRUCK MOTOR VEHICLE, RIGHT SIDE AT ANGLE",,0,Clear,Dry,Dark - Street Lights On,,4024006,,32,One parked--one moving,0,0,N
1271432.297,223451.4236,2941,319000,320500,3578821,Matched,Block,,JEFFERSON ST BETWEEN 4TH AVE AND 5TH AVE, ,,2,Injury Collision,Sideswipe,2,0,0,2,1,0,0,2019/05/12 00:00:00+00,5/12/2019 11:31,Mid-Block (not related to intersection),11,"MOTOR VEHICLE STRUCK MOTOR VEHICLE, FRONT END AT ANGLE",,N,Clear,Dry,Daylight,,,,11,From same direction - both going straight - both moving - sideswipe,0,0,N
1267180.484,212139.6475,2942,338800,340300,3881620,Unmatched,Block,,SW SPOKANE ST BETWEEN S SPOKANE ST AND SW KLICKITAT SR WAY, ,,1,Property Damage Only Collision,,1,0,0,0,0,0,0,2021/03/15 00:00:00+00,3/15/2021,Mid-Block (not related to intersection),14,"MOTOR VEHICLE STRUCK MOTOR VEHICLE, REAR END",,,,,,,,, ,,0,0,N
1265084.876,245006.2781,2943,16782,16782,3615026,Matched,Intersection,26593,PALATINE AVE N AND N 45TH W ST,NEI,"Not Enough Information, or Insufficient Location Information",1,Property Damage Only Collision,Other,1,0,0,1,0,0,0,2013/04/10 00:00:00+00,4/10/2013 14:00,At Intersection (intersection related),0,NOT ENOUGH INFORMATION / NOT APPLICABLE,,N,Unknown,Unknown,Unknown,,,,50,Fixed object,0,0,N
1278298.956,201487.1413,2944,17749,17749,1788073,Matched,Intersection,34306,BEACON WR AVE S AND S HOLLY N ST,,,1,Property Damage Only Collision,Angles,2,0,0,2,0,0,0,2004/04/13 00:00:00+00,4/13/2004 7:50,At Intersection (intersection related),11,"MOTOR VEHICLE STRUCK MOTOR VEHICLE, FRONT END AT ANGLE",Y,0,Clear,Dry,Daylight,,4104023,,10,Entering at angle,0,0,N
1269964.464,240004.6686,2945,16823,16823,3612890,Matched,Intersection,26906,WALLINGFORD AVE N AND N 34TH ST, ,,2,Injury Collision,Left Turn,2,0,0,2,1,0,0,2013/04/02 00:00:00+00,4/2/2013 9:35,At Intersection (intersection related),11,"MOTOR VEHICLE STRUCK MOTOR VEHICLE, FRONT END AT ANGLE",,N,Clear,Dry,Daylight,,,,28,From opposite direction - one left turn - one straight,0,0,N
1275403.415,252683.3999,2946,17181,17181,1780085,Matched,Intersection,24429,12TH AVE NE AND NE 75TH ST,,,1,Property Damage Only Collision,Angles,2,0,0,2,0,0,0,2004/01/30 00:00:00+00,1/30/2004 12:55,At Intersection (intersection related),11,"MOTOR VEHICLE STRUCK MOTOR VEHICLE, FRONT END AT ANGLE",,0,Clear,Dry,Daylight,,4030028,,10,Entering at angle,0,0,N
1277342.351,217557.8999,2947,16666,16666,3671973,Matched,Intersection,31533,RAINIER AVE S AND S GRAND ST, ,,1,Property Damage Only Collision,Angles,2,0,0,2,0,0,0,2013/04/08 00:00:00+00,4/8/2013 7:44,At Intersection (intersection related),11,"MOTOR VEHICLE STRUCK MOTOR VEHICLE, FRONT END AT ANGLE",,N,Overcast,Wet,Daylight,,,,10,Entering at angle,0,0,N
1264637.619,245911.1913,2948,322300,323800,E928790,Matched,Block,,NW MARKET ST BETWEEN NW 48TH ST AND NW 49TH ST, ,,1,Property Damage Only Collision,Rear Ended,3,0,0,2,0,0,0,2019/05/25 00:00:00+00,5/25/2019 12:50,Mid-Block (not related to intersection),14,"MOTOR VEHICLE STRUCK MOTOR VEHICLE, REAR END",,N,Raining,Wet,Daylight,,,,13,From same direction - both going straight - both moving - rear-end,0,0,N
1272396.765,229174.1669,2949,225500,225820,E573072,Matched,Intersection,29162,E DENNY WAY AND E OLIVE WAY, ,,1,Property Damage Only Collision,Rear Ended,2,0,0,2,0,0,0,2016/07/21 00:00:00+00,7/21/2016 16:22,At Intersection (intersection related),14,"MOTOR VEHICLE STRUCK MOTOR VEHICLE, REAR END",,N,Clear,Dry,Daylight,,,,14,From same direction - both going straight - one stopped - rear-end,0,0,N
1270133.372,223750.0333,2950,17803,17803,C649667,Matched,Block,,COLUMBIA ST BETWEEN 1ST AVE AND 2ND AVE,,,1,Property Damage Only Collision,Sideswipe,2,0,0,2,0,0,0,2004/12/01 00:00:00+00,12/1/2004,Mid-Block (but intersection related),14,"MOTOR VEHICLE STRUCK MOTOR VEHICLE, REAR END",,0,Overcast,Dry,Daylight,,4336035,,11,From same direction - both going straight - both moving - sideswipe,0,0,N
1262160.52,208767.9149,2951,16799,16799,3465382,Matched,Block,,26TH AVE SW BETWEEN SW OREGON ST AND SW ALASKA ST, ,,1,Property Damage Only Collision,Parked Car,2,0,0,2,0,0,0,2013/04/11 00:00:00+00,4/11/2013 11:33,Mid-Block (not related to intersection),16,"MOTOR VEHICLE STRUCK MOTOR VEHICLE, LEFT SIDE SIDESWIPE",,N,Overcast,Dry,Daylight,,,,32,One parked--one moving,0,0,N
1270227.933,254181.85,2952,17394,17394,1774143,Matched,Intersection,24233,WALLINGFORD AVE N AND N 80TH ST,,,2,Injury Collision,Left Turn,3,0,0,2,2,0,0,2004/06/21 00:00:00+00,6/21/2004 16:52,At Intersection (intersection related),11,"MOTOR VEHICLE STRUCK MOTOR VEHICLE, FRONT END AT ANGLE",,0,Clear,Dry,Daylight,,4173011,,28,From opposite direction - one left turn - one straight,0,0,N
,,2953,17465,17465,1775993,Unmatched,,,,NEI,"Not Enough Information, or Insufficient Location Information",0,Unknown,,0,0,0,0,0,0,0,2004/02/01 00:00:00+00,2/1/2004,Mid-Block (not related to intersection),14,"MOTOR VEHICLE STRUCK MOTOR VEHICLE, REAR END",,,,,,,4032014,,,,0,0,N
1254864.934,248920.7664,2954,17124,17124,1781898,Unmatched,Intersection,25041,32ND AVE NW AND NW 59TH N ST,,,0,Unknown,,0,0,0,0,0,0,0,2004/12/23 00:00:00+00,12/23/2004,At Intersection (intersection related),11,"MOTOR VEHICLE STRUCK MOTOR VEHICLE, FRONT END AT ANGLE",,,,,,,4358026,,,,0,0,N
1258377.51,240042.2512,2955,17009,17009,1097211,Matched,Block,,21ST AVE W BETWEEN W BARRETT ST AND W DRAVUS ST,,,1,Property Damage Only Collision,Parked Car,2,0,0,2,0,0,0,2004/09/06 00:00:00+00,9/6/2004,Mid-Block (not related to intersection),13,"MOTOR VEHICLE STRUCK MOTOR VEHICLE, LEFT SIDE AT ANGLE",,0,Clear,Dry,Dark - No Street Lights,,4250019,,32,One parked--one moving,0,0,N
1268096.878,192890.9143,2956,16638,16638,3465380,Matched,Block,,4TH AVE SW BETWEEN SW CAMBRIDGE ST AND SW CAMBRIDGE PL, ,,1,Property Damage Only Collision,Other,2,0,0,1,0,0,0,2013/04/07 00:00:00+00,4/7/2013 19:32,Mid-Block (not related to intersection),28,MOTOR VEHICLE RAN OFF ROAD - HIT FIXED OBJECT,,N,Overcast,Wet,Daylight,,,,50,Fixed object,0,0,N
,,2957,17715,17715,4139045,Unmatched,,,,NEI,"Not Enough Information, or Insufficient Location Information",0,Unknown,,0,0,0,0,0,0,0,2004/05/18 00:00:00+00,5/18/2004,,0,NOT ENOUGH INFORMATION / NOT APPLICABLE,,,,,,,4139045,,,,0,0,N
,,2958,17062,17062,C649661,Matched,,,,NEI,"Not Enough Information, or Insufficient Location Information",1,Property Damage Only Collision,Parked Car,2,0,0,2,0,0,0,2004/11/27 00:00:00+00,11/27/2004 23:45,,0,NOT ENOUGH INFORMATION / NOT APPLICABLE,,0,Other,Other,Unknown,,4332046,,32,One parked--one moving,0,0,N
1264475.139,235923.5744,2959,317800,319300,E909927,Unmatched,Block,,1ST AVE W BETWEEN W HOWE ST AND W CROCKETT ST,NEI,"Not Enough Information, or Insufficient Location Information",0,Unknown,,2,0,0,0,0,0,0,2019/04/11 00:00:00+00,4/11/2019,Mid-Block (not related to intersection),12,"MOTOR VEHICLE STRUCK MOTOR VEHICLE, RIGHT SIDE AT ANGLE",,,,,,,,, ,,0,0,Y
1263464.652,235279.3479,2960,16881,16881,3549175,Matched,Intersection,27846,4TH AVE W AND W BLAINE ST, ,,2,Injury Collision,Angles,5,0,0,2,3,0,0,2013/04/13 00:00:00+00,4/13/2013 14:57,At Intersection (intersection related),11,"MOTOR VEHICLE STRUCK MOTOR VEHICLE, FRONT END AT ANGLE",,N,Raining,Wet,Daylight,,,,10,Entering at angle,0,0,N
1281597.667,257808.6694,2961,16494,16494,3597407,Matched,Intersection,37899,35TH AVE NE AND NE 95TH ST, ,,2,Injury Collision,Cycles,2,0,1,1,1,0,0,2013/04/03 00:00:00+00,4/3/2013 13:40,At Intersection (intersection related),18,"MOTOR VEHICLE STRUCK PEDALCYCLIST, FRONT END AT ANGLE",,N,Clear,Dry,Daylight,Y,,,45,Vehicle - Pedalcyclist,0,524610,N
1271205.581,211379.1203,2962,330100,331600,3857187,Matched,Intersection,531030,4TH AVE S AND W SEA BR EB 4 AV OFF RP, ,,2,Injury Collision,Angles,2,0,0,2,1,0,0,2020/02/17 00:00:00+00,2/17/2020 19:53,At Intersection (intersection related),11,"MOTOR VEHICLE STRUCK MOTOR VEHICLE, FRONT END AT ANGLE",,N,Clear,Dry,Dark - Street Lights On,,,,10,Entering at angle,0,0,N
1263642.014,212312.6449,2963,17557,17557,1781398,Unmatched,Block,,SW SPOKANE ST BETWEEN WEST MARGINAL TURN RD AND WEST MARGINAL WAY SW,,,0,Unknown,,0,0,0,0,0,0,0,2004/10/05 00:00:00+00,10/5/2004,Mid-Block (not related to intersection),11,"MOTOR VEHICLE STRUCK MOTOR VEHICLE, FRONT END AT ANGLE",,,,,,,4279055,,,,0,0,N
1267644.908,253047.2922,2964,17648,17648,1782090,Matched,Block,,LINDEN AVE N BETWEEN N 75TH ST AND N 76TH ST,,,1,Property Damage Only Collision,Sideswipe,2,0,0,2,0,0,0,2004/09/18 00:00:00+00,9/18/2004 12:50,Mid-Block (not related to intersection),11,"MOTOR VEHICLE STRUCK MOTOR VEHICLE, FRONT END AT ANGLE",,0,Raining,Wet,Daylight,,4262019,,26,From opposite direction - both going straight - sideswipe,0,0,N
1260723.47,237914.2788,2965,17726,17726,1783376,Matched,Block,,13TH AVE W BETWEEN W WHEELER ST AND W RAYE ST,,,1,Property Damage Only Collision,Other,5,0,0,2,0,0,0,2004/07/08 00:00:00+00,7/8/2004,Driveway Junction,11,"MOTOR VEHICLE STRUCK MOTOR VEHICLE, FRONT END AT ANGLE",,0,Clear,Dry,Daylight,,4190011,,22,One car leaving driveway access,0,0,N
1264089.471,193781.3152,2966,17674,17674,1197901,Matched,Intersection,34888,17TH AVE SW AND SW BARTON ST,,,1,Property Damage Only Collision,Other,2,0,0,2,0,0,0,2004/11/29 00:00:00+00,11/29/2004 23:18,At Intersection (intersection related),26,MOTOR VEHICLE STRUCK OBJECT IN ROAD,,0,Raining,Wet,Dark - Street Lights On,,4334007,Y,50,Fixed object,0,0,N
,,2967,242800,243280,3708199,Unmatched,,,,NEI,"Not Enough Information, or Insufficient Location Information",0,Unknown,,0,0,0,0,0,0,0,2017/06/07 00:00:00+00,6/7/2017,,0,NOT ENOUGH INFORMATION / NOT APPLICABLE,,,,,,,,, ,,0,0,N
1271379.841,224487.7536,2968,16811,16811,3613347,Matched,Intersection,29955,6TH AVE AND COLUMBIA ST,NEI,"Not Enough Information, or Insufficient Location Information",1,Property Damage Only Collision,Right Turn,2,0,0,2,0,0,0,2013/04/11 00:00:00+00,4/11/2013 15:00,At Intersection (intersection related),0,NOT ENOUGH INFORMATION / NOT APPLICABLE,,N,Unknown,Unknown,Daylight,,,,16,From same direction - one right turn - one straight,0,0,N
1260040.888,234810.4643,2969,17760,17760,1316780,Matched,Block,,15TH AVE W BETWEEN MAGNOLIA BR OFF RP AND MAGNOLIA BR,,,2,Injury Collision,Rear Ended,4,0,0,3,2,0,0,2004/05/07 00:00:00+00,5/7/2004,Mid-Block (but intersection related),14,"MOTOR VEHICLE STRUCK MOTOR VEHICLE, REAR END",,0,Clear,Dry,Dark - Street Lights On,,4128008,,14,From same direction - both going straight - one stopped - rear-end,0,0,N
1265540.363,252544.5901,2970,17109,17109,1782086,Matched,Block,,GREENWOOD AVE N BETWEEN N 73RD ST AND N 74TH ST,,,1,Property Damage Only Collision,Parked Car,2,0,0,2,0,0,0,2004/08/24 00:00:00+00,8/24/2004 12:57,Mid-Block (not related to intersection),11,"MOTOR VEHICLE STRUCK MOTOR VEHICLE, FRONT END AT ANGLE",,0,Overcast,Dry,Daylight,,4237028,,20,One car leaving parked position,0,0,N
1268709.015,267452.5347,2971,17194,17194,1930884,Matched,Block,,N 130TH ST BETWEEN AURORA AVE N AND STONE AVE N,,,1,Property Damage Only Collision,Rear Ended,2,0,0,2,0,0,0,2004/12/25 00:00:00+00,12/25/2004 13:20,Mid-Block (but intersection related),14,"MOTOR VEHICLE STRUCK MOTOR VEHICLE, REAR END",,0,Raining,Wet,Daylight,,4360010,,14,From same direction - both going straight - one stopped - rear-end,0,0,N
1277882.605,256592.3038,2972,324200,325700,E948699,Matched,Intersection,37751,LAKE CITY WAY NE AND NE 90TH ST, ,,1,Property Damage Only Collision,Parked Car,2,0,0,2,0,0,0,2019/07/19 00:00:00+00,7/19/2019 1:54,At Intersection (intersection related),14,"MOTOR VEHICLE STRUCK MOTOR VEHICLE, REAR END",,N,Raining,Wet,Dark - Street Lights On,,,,32,One parked--one moving,0,0,Y
1268417.745,270777.7341,2973,17052,17052,1793797,Matched,Intersection,35721,AURORA AVE N AND N 143RD ST,,,2,Injury Collision,Left Turn,4,0,0,2,2,0,0,2004/10/23 00:00:00+00,10/23/2004 14:23,At Intersection (intersection related),11,"MOTOR VEHICLE STRUCK MOTOR VEHICLE, FRONT END AT ANGLE",,0,Clear,Dry,Daylight,,4297026,,28,From opposite direction - one left turn - one straight,0,0,N
1260025.261,209566.1212,2974,16712,16712,3505268,Matched,Block,,SW AVALON WAY BETWEEN SW GENESEE ST AND 35TH AVE SW, ,,2,Injury Collision,Angles,2,0,0,2,1,0,0,2013/04/08 00:00:00+00,4/8/2013 15:23,Driveway Junction,14,"MOTOR VEHICLE STRUCK MOTOR VEHICLE, REAR END",,N,Clear,Dry,Daylight,,,,10,Entering at angle,0,0,N
1270423.548,240412.11,2975,17737,17737,1774283,Matched,Block,,N 35TH ST BETWEEN BURKE AVE N AND MERIDIAN AVE N,,,2,Injury Collision,Parked Car,3,0,0,3,1,0,0,2004/05/28 00:00:00+00,5/28/2004 11:59,Mid-Block (not related to intersection),11,"MOTOR VEHICLE STRUCK MOTOR VEHICLE, FRONT END AT ANGLE",Y,0,Overcast,Wet,Daylight,,4149047,,32,One parked--one moving,0,0,N
1268717.396,234274.2061,2976,17019,17019,1214113,Matched,Intersection,28709,GALER ST AND WESTLAKE S AVE N,,,2,Injury Collision,Rear Ended,2,0,0,2,1,0,0,2004/09/14 00:00:00+00,9/14/2004 10:32,At Intersection (intersection related),14,"MOTOR VEHICLE STRUCK MOTOR VEHICLE, REAR END",Y,0,Clear,Dry,Daylight,,4258013,,14,From same direction - both going straight - one stopped - rear-end,0,0,N
1260169.671,240352.921,2977,306600,307880,E844764,Matched,Intersection,26774,15TH AV W NB OFF RP AND W DRAVUS ST, ,,1,Property Damage Only Collision,Sideswipe,2,0,0,2,0,0,0,2018/09/28 00:00:00+00,9/28/2018 14:45,At Intersection (intersection related),14,"MOTOR VEHICLE STRUCK MOTOR VEHICLE, REAR END",,N,Clear,Dry,Daylight,,,,11,From same direction - both going straight - both moving - sideswipe,0,0,N
1265770.247,267186.8612,2978,309500,310780,E881920,Matched,Block,,GREENWOOD AVE N BETWEEN N 127TH ST AND N 130TH ST, ,,1,Property Damage Only Collision,Rear Ended,2,0,0,2,0,0,0,2019/01/10 00:00:00+00,1/10/2019 16:22,Mid-Block (but intersection related),14,"MOTOR VEHICLE STRUCK MOTOR VEHICLE, REAR END",Y,N,Clear,Wet,Daylight,,,,14,From same direction - both going straight - one stopped - rear-end,0,0,N
1279632.099,263512.2692,2979,17544,17544,1776685,Matched,Intersection,36638,27TH AVE NE AND LAKE CITY WAY NE,,,2,Injury Collision,Rear Ended,4,0,0,3,1,0,0,2004/11/29 00:00:00+00,11/29/2004 16:45,At Intersection (but not related to intersection),14,"MOTOR VEHICLE STRUCK MOTOR VEHICLE, REAR END",Y,0,Clear,Dry,Dark - Street Lights On,,4334026,,14,From same direction - both going straight - one stopped - rear-end,0,0,N
1268694.799,271436.1617,2980,17477,17477,1762909,Matched,Intersection,35702,MIDVALE AVE N AND N 145TH ST,,,2,Injury Collision,Other,4,0,0,2,1,0,0,2004/12/30 00:00:00+00,12/30/2004 13:17,At Intersection (intersection related),11,"MOTOR VEHICLE STRUCK MOTOR VEHICLE, FRONT END AT ANGLE",,0,Raining,Wet,Daylight,,4365035,,21,One car entering driveway access,0,0,N
1293052.154,189388.2873,2981,17723,17723,1772987,Matched,Block,,RAINIER AVE S BETWEEN 75TH AVE S AND CITY LIMITS,,,1,Property Damage Only Collision,Parked Car,2,0,0,2,0,0,0,2004/04/25 00:00:00+00,4/25/2004 12:00,Mid-Block (not related to intersection),14,"MOTOR VEHICLE STRUCK MOTOR VEHICLE, REAR END",,0,Unknown,Unknown,Unknown,,4116025,,32,One parked--one moving,0,0,N
1280364.815,211473.6241,2982,17668,17668,1793647,Matched,Block,,RAINIER AVE S BETWEEN S COURT ST AND 33RD AVE S,,,2,Injury Collision,Rear Ended,2,0,0,2,1,0,0,2004/09/28 00:00:00+00,9/28/2004 15:48,Mid-Block (not related to intersection),14,"MOTOR VEHICLE STRUCK MOTOR VEHICLE, REAR END",,0,Clear,Dry,Daylight,,4272031,,14,From same direction - both going straight - one stopped - rear-end,0,0,N
1279381.064,214946.4181,2983,338400,339900,3881609,Unmatched,Block,,M L KING JR WAY S BETWEEN S BAYVIEW S ST AND S MCCLELLAN ST, ,,2,Injury Collision,,2,0,0,0,1,0,0,2021/02/13 00:00:00+00,2/13/2021,Mid-Block (not related to intersection),11,"MOTOR VEHICLE STRUCK MOTOR VEHICLE, FRONT END AT ANGLE",,,,,,,,, ,,0,0,N
1259383.53,204163.7055,2984,205000,205140,3731442,Matched,Block,,35TH AVE SW BETWEEN SW JUNEAU ST AND SW RAYMOND ST, ,,1,Property Damage Only Collision,Rear Ended,3,0,0,2,0,0,0,2015/10/18 00:00:00+00,10/18/2015 20:10,Mid-Block (not related to intersection),14,"MOTOR VEHICLE STRUCK MOTOR VEHICLE, REAR END",Y,N,Raining,Wet,Dark - Street Lights On,,,,14,From same direction - both going straight - one stopped - rear-end,0,0,N