X,Y,OBJECTID,INCKEY,COLDETKEY,REPORTNO,STATUS,ADDRTYPE,INTKEY,LOCATION,EXCEPTRSNCODE,EXCEPTRSNDESC,SEVERITYCODE,SEVERITYDESC,COLLISIONTYPE,PERSONCOUNT,PEDCOUNT,PEDCYLCOUNT,VEHCOUNT,INJURIES,SERIOUSINJURIES,FATALITIES,INCDATE,INCDTTM,JUNCTIONTYPE,SDOT_COLCODE,SDOT_COLDESC,INATTENTIONIND,UNDERINFL,WEATHER,ROADCOND,LIGHTCOND,PEDROWNOTGRNT,SDOTCOLNUM,SPEEDING,ST_COLCODE,ST_COLDESC,SEGLANEKEY,CROSSWALKKEY,HITPARKEDCAR
1268533.886,243038.4888,2985,17606,17606,1212045,Matched,Block,,STONE WAY N BETWEEN N LUCAS PL AND N 41ST S ST,,,1,Property Damage Only Collision,Rear Ended,5,0,0,2,0,0,0,2004/07/04 00:00:00+00,7/4/2004,Mid-Block (not related to intersection),14,"MOTOR VEHICLE STRUCK MOTOR VEHICLE, REAR END",,0,Clear,Dry,Dark - Street Lights On,,4186007,,13,From same direction - both going straight - both moving - rear-end,0,0,N
1274982.434,214891.2757,2986,16966,16966,1773176,Matched,Block,,S LANDER ST BETWEEN 14TH AVE S AND 15TH AVE S,,,1,Property Damage Only Collision,Parked Car,2,0,0,2,0,0,0,2004/12/11 00:00:00+00,12/11/2004 2:15,Mid-Block (not related to intersection),12,"MOTOR VEHICLE STRUCK MOTOR VEHICLE, RIGHT SIDE AT ANGLE",,0,Raining,Wet,Dark - Street Lights On,,4346008,,32,One parked--one moving,0,0,N
1264090.142,229810.0482,2987,16910,16910,3582020,Unmatched,Intersection,28663,2ND AVE W AND WESTERN AVE W, ,,1,Property Damage Only Collision,,2,0,0,0,0,0,0,2013/04/13 00:00:00+00,4/13/2013,At Intersection (intersection related),11,"MOTOR VEHICLE STRUCK MOTOR VEHICLE, FRONT END AT ANGLE",,,,,,,,, ,,0,0,N
1271369.509,219673.9911,2988,16597,16597,3550126,Matched,Intersection,30553,4TH AVE S AND S ROYAL BROUGHAM WAY, ,,2,Injury Collision,Rear Ended,5,0,0,2,1,0,0,2013/04/02 00:00:00+00,4/2/2013 17:55,At Intersection (intersection related),14,"MOTOR VEHICLE STRUCK MOTOR VEHICLE, REAR END",,N,Clear,Dry,Dusk,,,,13,From same direction - both going straight - both moving - rear-end,0,0,N
1279919.294,227011.3042,2989,316600,318100,3585875,Matched,Block,,E UNION ST BETWEEN M L KING JR WAY AND 30TH AVE, ,,1,Property Damage Only Collision,Sideswipe,2,0,0,2,0,0,0,2019/03/26 00:00:00+00,3/26/2019 8:15,Mid-Block (not related to intersection),11,"MOTOR VEHICLE STRUCK MOTOR VEHICLE, FRONT END AT ANGLE",,N,Clear,Dry,Daylight,,,,11,From same direction - both going straight - both moving - sideswipe,0,0,Y
1267756.66,271122.9419,2990,17659,17659,1773806,Matched,Block,,LINDEN AVE N BETWEEN N 143RD ST AND N 145TH ST,,,1,Property Damage Only Collision,Other,1,0,0,1,0,0,0,2004/01/14 00:00:00+00,1/14/2004 8:20,Mid-Block (not related to intersection),28,MOTOR VEHICLE RAN OFF ROAD - HIT FIXED OBJECT,Y,0,Raining,Wet,Daylight,,4014061,,50,Fixed object,0,0,N
1250563.565,239167.6934,2991,17221,17221,1784653,Matched,Block,,MAGNOLIA LN W BETWEEN DEAD END AND W ARMOUR ST,,,1,Property Damage Only Collision,Parked Car,2,0,0,2,0,0,0,2004/10/20 00:00:00+00,10/20/2004 13:00,Mid-Block (not related to intersection),12,"MOTOR VEHICLE STRUCK MOTOR VEHICLE, RIGHT SIDE AT ANGLE",,0,Unknown,Unknown,Daylight,,4294011,,32,One parked--one moving,0,0,N
1259221.671,199181.5274,2992,17290,17290,1326655,Unmatched,Intersection,34043,35TH AVE SW AND SW WEBSTER ST,,,0,Unknown,,0,0,0,0,0,0,0,2004/09/28 00:00:00+00,9/28/2004,At Intersection (intersection related),11,"MOTOR VEHICLE STRUCK MOTOR VEHICLE, FRONT END AT ANGLE",,,,,,,4272015,,,,0,0,N
1277825.276,228239.6317,2993,16648,16648,3476794,Matched,Block,,22ND AVE BETWEEN E PINE ST AND E OLIVE ST, ,,1,Property Damage Only Collision,Parked Car,2,0,0,2,0,0,0,2013/04/08 00:00:00+00,4/8/2013 15:15,Mid-Block (not related to intersection),16,"MOTOR VEHICLE STRUCK MOTOR VEHICLE, LEFT SIDE SIDESWIPE",Y,N,Clear,Dry,Daylight,,,,32,One parked--one moving,0,0,N
1278001.528,226795.3196,2994,17686,17686,1786838,Matched,Block,,23RD AVE BETWEEN E SPRING ST AND E UNION ST,,,2,Injury Collision,Other,3,0,0,2,1,0,0,2004/04/19 00:00:00+00,4/19/2004 9:19,Mid-Block (but intersection related),14,"MOTOR VEHICLE STRUCK MOTOR VEHICLE, REAR END",,0,Raining,Wet,Daylight,,4110013,,21,One car entering driveway access,0,0,N
1254136.905,244132.7943,2995,17773,17773,4063033,Unmatched,Block,,34TH AVE W BETWEEN W ELMORE ST AND W GOVERNMENT WAY,,,0,Unknown,,0,0,0,0,0,0,0,2004/03/03 00:00:00+00,3/3/2004,Driveway Junction,14,"MOTOR VEHICLE STRUCK MOTOR VEHICLE, REAR END",,,,,,,4063033,,,,0,0,N
1265637.231,240088.1166,2996,17133,17133,1181683,Matched,Block,,NICKERSON ST BETWEEN WARREN AVE N AND ETRURIA ST,,,1,Property Damage Only Collision,Parked Car,2,0,0,2,0,0,0,2004/01/19 00:00:00+00,1/19/2004 9:21,Mid-Block (not related to intersection),14,"MOTOR VEHICLE STRUCK MOTOR VEHICLE, REAR END",,0,Overcast,Wet,Daylight,,4019023,,32,One parked--one moving,0,0,N
1277771.705,239098.5412,2997,16697,16697,3503262,Matched,Block,,MONTLAKE BLVD E BETWEEN E HAMLIN ST AND E SHELBY ST, ,,1,Property Damage Only Collision,Other,2,0,0,2,0,0,0,2013/04/06 00:00:00+00,4/6/2013 17:45,Mid-Block (not related to intersection),11,"MOTOR VEHICLE STRUCK MOTOR VEHICLE, FRONT END AT ANGLE",,N,Raining,Wet,Daylight,,,Y,50,Fixed object,0,0,N
1273794.576,241382.5927,2998,16864,16864,3504322,Matched,Block,,UNIVERSITY BR BETWEEN FUHRMAN AVE E AND POINT A, ,,1,Property Damage Only Collision,Head On,3,0,0,2,0,0,0,2013/04/13 00:00:00+00,4/13/2013 18:00,Mid-Block (not related to intersection),11,"MOTOR VEHICLE STRUCK MOTOR VEHICLE, FRONT END AT ANGLE",,N,Raining,Wet,Daylight,,,Y,30,From opposite direction - all others,0,0,N
1275695.846,241450.8207,2999,16458,16458,3503261,Matched,Block,,15TH AVE NE BETWEEN NE BOAT W ST AND NE PACIFIC ST, ,,1,Property Damage Only Collision,Sideswipe,4,0,0,2,0,0,0,2013/04/04 00:00:00+00,4/4/2013 10:30,Mid-Block (not related to intersection),11,"MOTOR VEHICLE STRUCK MOTOR VEHICLE, FRONT END AT ANGLE",Y,N,Raining,Wet,Daylight,,,,11,From same direction - both going straight - both moving - sideswipe,0,0,N
1270164.565,266095.6085,3000,17560,17560,1774021,Matched,Block,,N 125TH ST BETWEEN DENSMORE AVE N AND DEAD END,,,2,Injury Collision,Other,2,0,0,1,2,0,0,2004/03/27 00:00:00+00,3/27/2004 0:11,Mid-Block (not related to intersection),28,MOTOR VEHICLE RAN OFF ROAD - HIT FIXED OBJECT,,1,Raining,Wet,Dark - Street Lights On,,4087002,Y,50,Fixed object,0,0,N
1271830.52,224042.6365,3001,16928,16928,1783629,Matched,Block,,JAMES ST BETWEEN 6TH AVE AND 7TH AVE,,,1,Property Damage Only Collision,Angles,3,0,0,3,0,0,0,2004/09/17 00:00:00+00,9/17/2004 16:48,Mid-Block (but intersection related),11,"MOTOR VEHICLE STRUCK MOTOR VEHICLE, FRONT END AT ANGLE",,0,Clear,Dry,Daylight,,4261045,,10,Entering at angle,0,0,N
1273586.973,230427.7797,3002,337300,338800,EA90319,Matched,Intersection,29024,BROADWAY E AND E HARRISON ST, ,,2,Injury Collision,Pedestrian,2,1,0,1,1,0,0,2020/11/27 00:00:00+00,11/27/2020 10:29,At Intersection (intersection related),24,MOTOR VEHCILE STRUCK PEDESTRIAN,,N,Clear,Dry,Daylight,,,,2,Vehicle turning left hits pedestrian,0,0,N
1265633.941,198107.9696,3003,16412,16412,3553987,Matched,Block,,12TH AVE SW BETWEEN SW HOLDEN ST AND SW KENYON ST, ,,1,Property Damage Only Collision,Parked Car,2,0,0,2,0,0,0,2013/04/01 00:00:00+00,4/1/2013 15:00,Mid-Block (not related to intersection),11,"MOTOR VEHICLE STRUCK MOTOR VEHICLE, FRONT END AT ANGLE",,N,Clear,Dry,Daylight,,,,32,One parked--one moving,0,0,N
1274036.344,222100.3491,3004,17094,17094,1788092,Matched,Block,,S JACKSON ST BETWEEN 10TH AVE S AND 12TH AVE S,,,1,Property Damage Only Collision,Other,2,0,0,2,0,0,0,2004/07/24 00:00:00+00,7/24/2004 10:47,Driveway Junction,11,"MOTOR VEHICLE STRUCK MOTOR VEHICLE, FRONT END AT ANGLE",,0,Clear,Dry,Daylight,,4206034,,22,One car leaving driveway access,0,0,N
,,3005,16740,16740,3615295,Unmatched,,,,NEI,"Not Enough Information, or Insufficient Location Information",0,Unknown,,0,0,0,0,0,0,0,2013/04/10 00:00:00+00,4/10/2013,,0,NOT ENOUGH INFORMATION / NOT APPLICABLE,,,,,,,,, ,,0,0,N
1274514.629,225754.0602,3006,308100,309380,3814399,Matched,Intersection,29791,12TH AVE AND E COLUMBIA ST, ,,2,Injury Collision,Pedestrian,2,1,0,1,1,0,0,2018/12/10 00:00:00+00,12/10/2018 12:46,At Intersection (intersection related),24,MOTOR VEHCILE STRUCK PEDESTRIAN,Y,N,Clear,Dry,Daylight,Y,,,0,Vehicle going straight hits pedestrian,0,0,N
1272944.379,260054.6055,3007,16512,16512,3501991,Matched,Intersection,504366,3RD AVE NE AND NE 103RD ST,NEI,"Not Enough Information, or Insufficient Location Information",1,Property Damage Only Collision,Left Turn,3,0,0,2,0,0,0,2013/04/05 00:00:00+00,4/5/2013 20:49,At Intersection (intersection related),0,NOT ENOUGH INFORMATION / NOT APPLICABLE,,N,Raining,Wet,Dark - Street Lights On,,,,28,From opposite direction - one left turn - one straight,0,0,N
,,3008,333100,334600,3854884,Unmatched,Alley,,, ,,0,Unknown,,0,0,0,0,0,0,0,2020/08/01 00:00:00+00,8/1/2020,,0,NOT ENOUGH INFORMATION / NOT APPLICABLE,,,,,,,,, ,,0,0,N
1276368.953,245694.1636,3009,17801,17801,1783656,Matched,Block,,16TH AVE NE BETWEEN NE 47TH ST AND NE 50TH ST,,,1,Property Damage Only Collision,Parked Car,2,0,0,2,0,0,0,2004/08/20 00:00:00+00,8/20/2004 19:30,Mid-Block (not related to intersection),15,"MOTOR VEHICLE STRUCK MOTOR VEHICLE, RIGHT SIDE SIDESWIPE",,0,Clear,Dry,Daylight,,4233024,,32,One parked--one moving,0,0,N
1266053.652,229333.8597,3010,17435,17435,1783701,Matched,Intersection,29659,3RD AVE AND DENNY WAY,,,1,Property Damage Only Collision,Angles,2,0,0,2,0,0,0,2004/07/30 00:00:00+00,7/30/2004 19:23,At Intersection (intersection related),11,"MOTOR VEHICLE STRUCK MOTOR VEHICLE, FRONT END AT ANGLE",,0,Clear,Dry,Daylight,,4212018,,10,Entering at angle,0,0,N
1266650.294,228791.1523,3011,17832,17832,4238067,Unmatched,Intersection,29669,3RD AVE AND CEDAR ST,,,0,Unknown,,0,0,0,0,0,0,0,2004/08/25 00:00:00+00,8/25/2004,At Intersection (intersection related),11,"MOTOR VEHICLE STRUCK MOTOR VEHICLE, FRONT END AT ANGLE",,,,,,,4238067,,,,0,0,N
1275265.821,222989.1072,3012,17334,17334,4232039,Unmatched,Block,,E YESLER WAY BETWEEN 14TH AVE AND 15TH AVE,,,0,Unknown,,0,0,0,0,0,0,0,2004/08/19 00:00:00+00,8/19/2004,Mid-Block (not related to intersection),14,"MOTOR VEHICLE STRUCK MOTOR VEHICLE, REAR END",,,,,,,4232039,,,,0,0,N
1262783.944,194808.1371,3013,17264,17264,1790467,Matched,Block,,22ND AVE SW BETWEEN SW TRENTON ST AND SW HENDERSON ST,,,1,Property Damage Only Collision,Other,2,0,0,2,0,0,0,2004/07/06 00:00:00+00,7/6/2004,Driveway Junction,11,"MOTOR VEHICLE STRUCK MOTOR VEHICLE, FRONT END AT ANGLE",,0,Raining,Wet,Daylight,,4188008,,22,One car leaving driveway access,0,0,N
1273640.967,267125.0815,3014,16524,16524,3503145,Matched,Block,,5TH AVE NE BETWEEN 130TH ST OFF RP AND NE 130TH ST, ,,2,Injury Collision,Rear Ended,2,0,0,2,1,0,0,2013/04/07 00:00:00+00,4/7/2013 16:00,Mid-Block (but intersection related),14,"MOTOR VEHICLE STRUCK MOTOR VEHICLE, REAR END",,N,Raining,Wet,Daylight,,,,14,From same direction - both going straight - one stopped - rear-end,0,0,N
1273732.28,199450.662,3015,17144,17144,1197832,Matched,Block,,EAST MARGINAL WAY S BETWEEN ELLIS AVE S AND S WEBSTER ST,,,1,Property Damage Only Collision,Other,1,0,0,1,0,0,0,2004/12/05 00:00:00+00,12/5/2004,Mid-Block (not related to intersection),0,NOT ENOUGH INFORMATION / NOT APPLICABLE,,0,Raining,Wet,Dark - Street Lights On,,4340010,,50,Fixed object,0,0,N
1287525.691,193051.7905,3016,323300,324800,E958662,Matched,Intersection,35452,57TH AVE S AND RAINIER AVE S, ,,1,Property Damage Only Collision,Sideswipe,3,0,0,2,0,0,0,2019/09/07 00:00:00+00,9/7/2019 11:15,At Intersection (intersection related),11,"MOTOR VEHICLE STRUCK MOTOR VEHICLE, FRONT END AT ANGLE",,N,Overcast,Dry,Daylight,,,,11,From same direction - both going straight - both moving - sideswipe,0,0,N
1257186.128,248337.3233,3017,16770,16770,3615027,Matched,Block,,NW 57TH ST BETWEEN 24TH AVE NW AND 26TH AVE NW,NEI,"Not Enough Information, or Insufficient Location Information",1,Property Damage Only Collision,Parked Car,2,0,0,2,0,0,0,2013/04/11 00:00:00+00,4/11/2013 16:00,Mid-Block (not related to intersection),0,NOT ENOUGH INFORMATION / NOT APPLICABLE,,N,Unknown,Unknown,Unknown,,,,32,One parked--one moving,0,0,N
1268353.834,265256.6097,3018,336100,337600,EA84222,Matched,Block,,AURORA AVE N BETWEEN N 117TH PL AND N 125TH ST, ,,2,Injury Collision,Angles,2,0,0,2,1,0,0,2020/11/19 00:00:00+00,11/19/2020 14:51,Mid-Block (not related to intersection),11,"MOTOR VEHICLE STRUCK MOTOR VEHICLE, FRONT END AT ANGLE",,N,Overcast,Dry,Daylight,,,,10,Entering at angle,0,0,N
1288094.33,187881.6422,3019,17030,17030,1779063,Matched,Block,,S BANGOR ST BETWEEN 59TH AVE S AND 60TH AVE S,,,1,Property Damage Only Collision,Rear Ended,2,0,0,2,0,0,0,2004/02/18 00:00:00+00,2/18/2004 8:19,Mid-Block (not related to intersection),14,"MOTOR VEHICLE STRUCK MOTOR VEHICLE, REAR END",,0,Overcast,Wet,Daylight,,4049025,,14,From same direction - both going straight - one stopped - rear-end,0,0,N
1273770.617,223021.8536,3020,326700,328200,E991616,Matched,Intersection,30412,10TH AVE AND E YESLER WAY, ,,2,Injury Collision,Cycles,2,0,1,1,1,0,0,2019/12/09 00:00:00+00,12/9/2019 16:37,At Intersection (intersection related),24,MOTOR VEHCILE STRUCK PEDESTRIAN,,N,Clear,Dry,Dark - Street Lights On,Y,,,5,Vehicle Strikes Pedalcyclist,0,0,N
1274403.078,271287.9109,3021,329000,330500,E984739,Matched,Intersection,35862,NE 145TH ST AND 8TH AVE NE, ,,1,Property Damage Only Collision,Left Turn,2,0,0,2,0,0,0,2019/11/21 00:00:00+00,11/21/2019 10:55,At Intersection (intersection related),11,"MOTOR VEHICLE STRUCK MOTOR VEHICLE, FRONT END AT ANGLE",,N,Clear,Dry,Daylight,,,,28,From opposite direction - one left turn - one straight,0,0,N
1259359.468,212172.6911,3022,17556,17556,1781306,Matched,Intersection,31850,36TH AVE SW AND SW MANNING ST,,,1,Property Damage Only Collision,Angles,3,0,0,2,0,0,0,2004/06/18 00:00:00+00,6/18/2004 4:53,At Intersection (intersection related),11,"MOTOR VEHICLE STRUCK MOTOR VEHICLE, FRONT END AT ANGLE",,0,Clear,Dry,Dawn,,4170013,,10,Entering at angle,0,0,N
1260293.924,255037.4248,3023,17645,17645,1781804,Matched,Intersection,23860,15TH AVE NW AND NW 83RD ST,,,2,Injury Collision,Left Turn,2,0,0,2,2,0,0,2004/05/26 00:00:00+00,5/26/2004 16:35,At Intersection (intersection related),11,"MOTOR VEHICLE STRUCK MOTOR VEHICLE, FRONT END AT ANGLE",,0,Overcast,Dry,Daylight,,4147038,,28,From opposite direction - one left turn - one straight,0,0,N
1275779.9,244716.6202,3024,17718,17718,4158044,Unmatched,Intersection,27062,UNIVERSITY WAY NE AND NE 45TH ST,,,0,Unknown,,0,0,0,0,0,0,0,2004/06/06 00:00:00+00,6/6/2004,At Intersection (intersection related),16,"MOTOR VEHICLE STRUCK MOTOR VEHICLE, LEFT SIDE SIDESWIPE",,,,,,,4158044,,,,0,0,N
1274694.123,203306.8514,3025,17384,17384,1198134,Unmatched,Block,,AIRPORT WAY S BETWEEN 13TH AVE S AND S HARDY ST,,,0,Unknown,,0,0,0,0,0,0,0,2004/12/29 00:00:00+00,12/29/2004,Mid-Block (but intersection related),28,MOTOR VEHICLE RAN OFF ROAD - HIT FIXED OBJECT,,,,,,,4364040,,,,0,0,N
1270646.549,206145.8566,3026,321000,322500,E938669,Matched,Block,,3RD AVE S BETWEEN S DAWSON ST AND S BENNETT ST, ,,1,Property Damage Only Collision,Parked Car,2,0,0,2,0,0,0,2019/07/07 00:00:00+00,7/7/2019,Mid-Block (not related to intersection),11,"MOTOR VEHICLE STRUCK MOTOR VEHICLE, FRONT END AT ANGLE",,N,Unknown,Dry,Unknown,,,,32,One parked--one moving,0,0,Y
1269142.546,228265.8833,3027,225000,225300,E569693,Matched,Intersection,29536,7TH AVE AND LENORA ST, ,,1,Property Damage Only Collision,Sideswipe,5,0,0,2,0,0,0,2016/08/02 00:00:00+00,8/2/2016 13:13,At Intersection (intersection related),11,"MOTOR VEHICLE STRUCK MOTOR VEHICLE, FRONT END AT ANGLE",,N,Clear,Dry,Daylight,,,,11,From same direction - both going straight - both moving - sideswipe,0,0,N
1263062.839,241451.3876,3028,16955,16955,1482608,Matched,Intersection,26684,6TH AVE W AND W NICKERSON ST,,,2,Injury Collision,Angles,2,0,0,2,1,0,0,2004/05/25 00:00:00+00,5/25/2004 21:08,At Intersection (intersection related),11,"MOTOR VEHICLE STRUCK MOTOR VEHICLE, FRONT END AT ANGLE",,0,Raining,Wet,Dark - Street Lights On,,4146045,,10,Entering at angle,0,0,N
1269361.974,248588.8033,3029,17615,17615,1781910,Matched,Block,,EAST GREEN LAKE WAY N BETWEEN N 57TH ST AND KENWOOD PL N,,,2,Injury Collision,Parked Car,3,0,0,2,1,0,0,2004/07/02 00:00:00+00,7/2/2004,Mid-Block (not related to intersection),11,"MOTOR VEHICLE STRUCK MOTOR VEHICLE, FRONT END AT ANGLE",,0,Clear,Dry,Daylight,,4184019,,20,One car leaving parked position,0,0,N
1257191.593,248603.4326,3030,17114,17114,1793987,Unmatched,Block,,NW 58TH ST BETWEEN 24TH AVE NW AND 26TH AVE NW,,,0,Unknown,,0,0,0,0,0,0,0,2004/10/13 00:00:00+00,10/13/2004,Mid-Block (not related to intersection),14,"MOTOR VEHICLE STRUCK MOTOR VEHICLE, REAR END",,,,,,,4287011,,,,0,0,N
1285274.217,200384.9245,3031,16762,16762,3579453,Matched,Block,,RAINIER AVE S BETWEEN S WILLOW ST AND S FRONTENAC ST, ,,1,Property Damage Only Collision,Rear Ended,3,0,0,3,0,0,0,2013/04/11 00:00:00+00,4/11/2013 15:06,Mid-Block (not related to intersection),14,"MOTOR VEHICLE STRUCK MOTOR VEHICLE, REAR END",,N,Clear,Dry,Daylight,,,,14,From same direction - both going straight - one stopped - rear-end,0,0,N
1268576.521,226377.582,3032,16432,16432,3645684,Unmatched,Block,,STEWART ST BETWEEN 1ST AVE AND 2ND AVE, ,,0,Unknown,,1,0,0,0,0,0,0,2013/03/28 00:00:00+00,3/28/2013,Mid-Block (not related to intersection),0,NOT ENOUGH INFORMATION / NOT APPLICABLE,,,,,,,,, ,,0,0,N
1273872.942,244302.7989,3033,16539,16539,3613509,Matched,Block,,7TH AVE NE BETWEEN NE 43RD ST AND NE 45TH ST OFF RP, ,,1,Property Damage Only Collision,Parked Car,3,0,0,2,0,0,0,2013/04/07 00:00:00+00,4/7/2013 1:25,Mid-Block (not related to intersection),11,"MOTOR VEHICLE STRUCK MOTOR VEHICLE, FRONT END AT ANGLE",,N,Raining,Wet,Dark - Street Lights On,,,,32,One parked--one moving,0,0,N
1267001.136,262191.9354,3034,17587,17587,4092051,Unmatched,Intersection,36402,FREMONT AVE N AND N 110TH ST,,,0,Unknown,,0,0,0,0,0,0,0,2004/04/01 00:00:00+00,4/1/2004,At Intersection (intersection related),11,"MOTOR VEHICLE STRUCK MOTOR VEHICLE, FRONT END AT ANGLE",,,,,,,4092051,,,,0,0,N
1263723.41,206577.8031,3035,17084,17084,1781664,Matched,Block,,SW DAWSON ST BETWEEN 18TH AVE SW AND 21ST AVE SW,,,1,Property Damage Only Collision,Other,1,0,0,1,0,0,0,2004/04/06 00:00:00+00,4/6/2004,Mid-Block (not related to intersection),28,MOTOR VEHICLE RAN OFF ROAD - HIT FIXED OBJECT,,0,Clear,Dry,Daylight,,4097015,Y,50,Fixed object,0,0,N
1256407.418,215205.1235,3036,17306,17306,1789119,Matched,Intersection,31165,45TH AVE SW AND SW LANDER ST,,,2,Injury Collision,Angles,4,0,0,2,3,0,0,2004/06/12 00:00:00+00,6/12/2004 12:34,At Intersection (intersection related),11,"MOTOR VEHICLE STRUCK MOTOR VEHICLE, FRONT END AT ANGLE",,0,Clear,Dry,Daylight,,4164027,,10,Entering at angle,0,0,N
1271135.516,210589.0613,3037,305600,306880,E849639,Matched,Block,,4TH AVE S BETWEEN S INDUSTRIAL EB WAY AND DIAGONAL AVE S, ,,1,Property Damage Only Collision,Sideswipe,2,0,0,2,0,0,0,2018/09/28 00:00:00+00,9/28/2018 7:47,Mid-Block (not related to intersection),14,"MOTOR VEHICLE STRUCK MOTOR VEHICLE, REAR END",Y,N,Clear,Dry,Daylight,,,,11,From same direction - both going straight - both moving - sideswipe,0,0,N
1267590.454,255432.1122,3038,17851,17851,1221167,Matched,Block,,LINDEN AVE N BETWEEN N 84TH ST AND N 85TH ST,,,1,Property Damage Only Collision,Parked Car,3,0,0,3,0,0,0,2004/03/08 00:00:00+00,3/8/2004,Mid-Block (not related to intersection),16,"MOTOR VEHICLE STRUCK MOTOR VEHICLE, LEFT SIDE SIDESWIPE",,0,Unknown,Unknown,Dark - No Street Lights,,4068006,,32,One parked--one moving,0,0,N
1274721.707,245075.8127,3039,17344,17344,1080378,Matched,Block,,ROOSEVELT WAY NE BETWEEN NE 45TH ST AND NE 47TH ST,,,2,Injury Collision,Pedestrian,3,1,0,2,1,0,0,2004/06/27 00:00:00+00,6/27/2004 17:14,Mid-Block (not related to intersection),24,MOTOR VEHCILE STRUCK PEDESTRIAN,,0,Clear,Dry,Daylight,,4179008,,0,Vehicle going straight hits pedestrian,0,0,N
,,3040,16983,16983,4048037,Unmatched,Alley,,,,,0,Unknown,,0,0,0,0,0,0,0,2004/02/17 00:00:00+00,2/17/2004,,0,NOT ENOUGH INFORMATION / NOT APPLICABLE,,,,,,,4048037,,,,0,0,N
1278969.213,214254.073,3041,16999,16999,1793162,Matched,Block,,RAINIER AVE S BETWEEN S MCCLELLAN ST AND S FOREST ST,,,2,Injury Collision,Other,1,0,0,1,1,0,0,2004/07/20 00:00:00+00,7/20/2004 11:00,Mid-Block (but intersection related),28,MOTOR VEHICLE RAN OFF ROAD - HIT FIXED OBJECT,,0,Clear,Dry,Daylight,,4202006,,50,Fixed object,0,0,N
1280323.489,265153.0387,3042,17163,17163,1778708,Matched,Block,,LAKE CITY WAY NE BETWEEN NE 123RD ST AND 30TH N AVE NE,,,1,Property Damage Only Collision,Sideswipe,2,0,0,2,0,0,0,2004/04/08 00:00:00+00,4/8/2004,Mid-Block (but intersection related),14,"MOTOR VEHICLE STRUCK MOTOR VEHICLE, REAR END",,0,Clear,Dry,Daylight,,4099002,,12,From same direction - both going straight - one stopped - sideswipe,0,0,N
1281761.967,202569.6477,3043,328100,329600,3851939,Unmatched,Intersection,33645,M L KING JR WR WAY S AND S GRAHAM ST, ,,1,Property Damage Only Collision,,1,0,0,0,0,0,0,2020/01/18 00:00:00+00,1/18/2020,At Intersection (intersection related),11,"MOTOR VEHICLE STRUCK MOTOR VEHICLE, FRONT END AT ANGLE",,,,,,,,, ,,0,0,N
1276058.863,222512.3155,3044,16684,16684,3476772,Matched,Block,,17TH AVE S BETWEEN S WASHINGTON ST AND S MAIN ST, ,,1,Property Damage Only Collision,Parked Car,2,0,0,2,0,0,0,2013/04/06 00:00:00+00,4/6/2013 4:00,Mid-Block (not related to intersection),11,"MOTOR VEHICLE STRUCK MOTOR VEHICLE, FRONT END AT ANGLE",,N,Raining,Wet,Dark - Street Lights On,,,,32,One parked--one moving,0,0,N
1261412.293,251347.9149,3045,17858,17858,1780382,Matched,Block,,12TH AVE NW BETWEEN NW 67TH ST AND NW 70TH W ST,,,1,Property Damage Only Collision,Parked Car,2,0,0,2,0,0,0,2004/03/21 00:00:00+00,3/21/2004 4:00,Mid-Block (not related to intersection),15,"MOTOR VEHICLE STRUCK MOTOR VEHICLE, RIGHT SIDE SIDESWIPE",,0,Clear,Dry,Unknown,,4081023,,32,One parked--one moving,0,0,N
1282121.686,195927.7892,3046,17788,17788,C649455,Matched,Intersection,35339,39TH AVE S AND S THISTLE ST,,,2,Injury Collision,Angles,2,0,0,2,2,0,0,2004/11/02 00:00:00+00,11/2/2004,At Intersection (intersection related),11,"MOTOR VEHICLE STRUCK MOTOR VEHICLE, FRONT END AT ANGLE",,0,Unknown,Unknown,Unknown,,4307058,,10,Entering at angle,0,0,N
1256243.355,209231.0509,3047,17580,17580,1798374,Unmatched,Intersection,31996,GLENN WAY SW AND SW OREGON ST,,,0,Unknown,,0,0,0,0,0,0,0,2004/11/15 00:00:00+00,11/15/2004,At Intersection (intersection related),11,"MOTOR VEHICLE STRUCK MOTOR VEHICLE, FRONT END AT ANGLE",,,,,,,4320015,,,,0,0,N
1262739.523,210740.9372,3048,17388,17388,4120045,Unmatched,Block,,DELRIDGE WAY SW BETWEEN SW ANDOVER ST AND SW DAKOTA ST,,,0,Unknown,,0,0,0,0,0,0,0,2004/04/29 00:00:00+00,4/29/2004,Mid-Block (not related to intersection),14,"MOTOR VEHICLE STRUCK MOTOR VEHICLE, REAR END",,,,,,,4120045,,,,0,0,N
1266288.742,238747.7958,3049,320600,322100,3795894,Matched,Block,,NEWELL ST BETWEEN 3RD AVE N AND NOB HILL AVE N, ,,1,Property Damage Only Collision,Parked Car,2,0,0,2,0,0,0,2019/06/22 00:00:00+00,6/22/2019 17:15,Mid-Block (not related to intersection),11,"MOTOR VEHICLE STRUCK MOTOR VEHICLE, FRONT END AT ANGLE",Y,N,Clear,Dry,Daylight,,,,32,One parked--one moving,0,0,Y
1276191.318,252653.5057,3050,206100,206280,E477559,Matched,Intersection,24426,15TH AVE NE AND NE 75TH ST, ,,1,Property Damage Only Collision,Rear Ended,2,0,0,2,0,0,0,2015/10/28 00:00:00+00,10/28/2015 14:49,At Intersection (intersection related),14,"MOTOR VEHICLE STRUCK MOTOR VEHICLE, REAR END",,N,Overcast,Wet,Daylight,,,,14,From same direction - both going straight - one stopped - rear-end,0,0,N
1283365.392,265039.1457,3051,16816,16816,3333011,Matched,Intersection,36802,SAND POINT WAY NE AND NE 123RD ST, ,,1,Property Damage Only Collision,Angles,2,0,0,2,0,0,0,2013/04/12 00:00:00+00,4/12/2013 19:28,At Intersection (intersection related),11,"MOTOR VEHICLE STRUCK MOTOR VEHICLE, FRONT END AT ANGLE",,N,Raining,Wet,Dark - Street Lights On,,,,10,Entering at angle,0,0,N