X,Y,OBJECTID,INCKEY,COLDETKEY,REPORTNO,STATUS,ADDRTYPE,INTKEY,LOCATION,EXCEPTRSNCODE,EXCEPTRSNDESC,SEVERITYCODE,SEVERITYDESC,COLLISIONTYPE,PERSONCOUNT,PEDCOUNT,PEDCYLCOUNT,VEHCOUNT,INJURIES,SERIOUSINJURIES,FATALITIES,INCDATE,INCDTTM,JUNCTIONTYPE,SDOT_COLCODE,SDOT_COLDESC,INATTENTIONIND,UNDERINFL,WEATHER,ROADCOND,LIGHTCOND,PEDROWNOTGRNT,SDOTCOLNUM,SPEEDING,ST_COLCODE,ST_COLDESC,SEGLANEKEY,CROSSWALKKEY,HITPARKEDCAR
1282117.275,222472.293,3052,17462,17462,1216806,Matched,Block,,LAKESIDE AVE S BETWEEN E YESLER WAY AND S LESCHI PL,,,2,Injury Collision,Rear Ended,2,0,0,2,1,0,0,2004/06/30 00:00:00+00,6/30/2004 18:20,Mid-Block (not related to intersection),14,"MOTOR VEHICLE STRUCK MOTOR VEHICLE, REAR END",Y,0,Clear,Dry,Daylight,,4182003,,14,From same direction - both going straight - one stopped - rear-end,0,0,N
1259343.963,189190.4907,3053,17257,17257,1775304,Matched,Block,,SW 106TH ST BETWEEN 34TH AVE SW AND 35TH AVE SW,,,1,Property Damage Only Collision,Rear Ended,2,0,0,2,0,0,0,2004/03/10 00:00:00+00,3/10/2004 8:29,Mid-Block (not related to intersection),14,"MOTOR VEHICLE STRUCK MOTOR VEHICLE, REAR END",,0,Clear,Dry,Daylight,,4070009,,13,From same direction - both going straight - both moving - rear-end,0,0,N
1280766.358,211239.3303,3054,16917,16917,3672334,Matched,Block,,S CHARLESTOWN ST BETWEEN RAINIER AVE S AND 34TH AVE S, ,,2,Injury Collision,Angles,3,0,0,2,1,0,0,2013/04/12 00:00:00+00,4/12/2013 18:31,Driveway Junction,11,"MOTOR VEHICLE STRUCK MOTOR VEHICLE, FRONT END AT ANGLE",,N,Clear,Dry,Daylight,,,,10,Entering at angle,0,0,N
1268378.85,193018.7051,3055,302300,303520,E838564,Matched,Block,,OLSON PL SW BETWEEN 3RD AVE SW AND SW CAMBRIDGE PL, ,,1,Property Damage Only Collision,Other,1,0,0,1,0,0,0,2018/09/08 00:00:00+00,9/8/2018 3:47,Mid-Block (not related to intersection),26,MOTOR VEHICLE STRUCK OBJECT IN ROAD,,N,Raining,Wet,Dark - Street Lights On,,,,50,Fixed object,0,0,N
1280313.94,228933.6824,3056,17202,17202,1074792,Matched,Block,,30TH AVE BETWEEN E HOWELL ST AND E DENNY WAY,,,1,Property Damage Only Collision,Parked Car,2,0,0,2,0,0,0,2004/11/08 00:00:00+00,11/8/2004,Mid-Block (not related to intersection),13,"MOTOR VEHICLE STRUCK MOTOR VEHICLE, LEFT SIDE AT ANGLE",,0,Unknown,Unknown,Dark - Street Lights On,,4313028,,32,One parked--one moving,0,0,N
1271692.215,223960.6673,3057,16544,16544,3643828,Matched,Intersection,29973,6TH AVE AND JAMES ST, ,,1,Property Damage Only Collision,Angles,5,0,0,2,0,0,0,2013/04/07 00:00:00+00,4/7/2013 8:07,At Intersection (intersection related),11,"MOTOR VEHICLE STRUCK MOTOR VEHICLE, FRONT END AT ANGLE",,N,Raining,Wet,Daylight,,,,10,Entering at angle,0,0,N
1276827.781,227049.1509,3058,17741,17741,1217005,Matched,Intersection,30145,19TH AVE AND E UNION ST,,,2,Injury Collision,Cycles,2,0,1,1,1,0,0,2004/08/18 00:00:00+00,8/18/2004 17:07,At Intersection (intersection related),18,"MOTOR VEHICLE STRUCK PEDALCYCLIST, FRONT END AT ANGLE",,0,Clear,Dry,Daylight,,4231018,,45,Vehicle - Pedalcyclist,0,0,N
1274689.26,223001.7594,3059,16807,16807,3285589,Matched,Block,,E YESLER WAY BETWEEN 12TH AVE AND 13TH AVE, ,,1,Property Damage Only Collision,Parked Car,2,0,0,2,0,0,0,2013/04/12 00:00:00+00,4/12/2013 20:24,Mid-Block (not related to intersection),13,"MOTOR VEHICLE STRUCK MOTOR VEHICLE, LEFT SIDE AT ANGLE",Y,N,Raining,Wet,Dark - Street Lights On,,,,32,One parked--one moving,0,0,N
1268044.396,232576.0591,3060,16880,16880,3549132,Matched,Block,,AURORA AVE N BETWEEN ALOHA ST AND WARD ST, ,,1,Property Damage Only Collision,Other,1,0,0,1,0,0,0,2013/04/13 00:00:00+00,4/13/2013 17:09,Mid-Block (not related to intersection),28,MOTOR VEHICLE RAN OFF ROAD - HIT FIXED OBJECT,,N,Sleet/Hail/Freezing Rain,Snow/Slush,Daylight,,,,50,Fixed object,0,0,N
1273000.125,246124.4689,3061,326900,328400,3824454,Matched,Block,,NE 50TH ST BETWEEN LATONA E AVE NE AND 4TH AVE NE, ,,1,Property Damage Only Collision,Sideswipe,2,0,0,2,0,0,0,2019/11/16 00:00:00+00,11/16/2019 10:24,Mid-Block (not related to intersection),11,"MOTOR VEHICLE STRUCK MOTOR VEHICLE, FRONT END AT ANGLE",,N,Overcast,Dry,Daylight,,,,11,From same direction - both going straight - both moving - sideswipe,0,0,N
1276371.453,222074.5466,3062,16679,16679,3476498,Matched,Intersection,30752,18TH AVE S AND S JACKSON ST, ,,2,Injury Collision,Angles,3,0,0,2,1,0,0,2013/04/07 00:00:00+00,4/7/2013 14:03,At Intersection (intersection related),11,"MOTOR VEHICLE STRUCK MOTOR VEHICLE, FRONT END AT ANGLE",,N,Raining,Wet,Daylight,,,,10,Entering at angle,0,0,N
1275201.742,209343.859,3063,17412,17412,1772981,Matched,Block,,16TH AVE S BETWEEN S NEVADA ST AND S COLUMBIAN WAY,,,2,Injury Collision,Other,1,0,0,1,1,0,0,2004/06/24 00:00:00+00,6/24/2004 10:26,Mid-Block (not related to intersection),28,MOTOR VEHICLE RAN OFF ROAD - HIT FIXED OBJECT,Y,0,Overcast,Dry,Daylight,,4176020,,50,Fixed object,0,0,N
1279378.223,209474.9801,3064,17346,17346,1771426,Matched,Block,,M L KING JR ER WAY S BETWEEN S ADAMS ST AND S NEVADA ST,,,1,Property Damage Only Collision,Rear Ended,3,0,0,2,0,0,0,2004/02/11 00:00:00+00,2/11/2004 11:45,Mid-Block (but intersection related),14,"MOTOR VEHICLE STRUCK MOTOR VEHICLE, REAR END",Y,0,Clear,Dry,Daylight,,4042033,,14,From same direction - both going straight - one stopped - rear-end,0,0,N
,,3065,17130,17130,1799158,Matched,Block,,8TH AVE S BETWEEN YESLER WAY AND DEAD END 1,,,1,Property Damage Only Collision,Parked Car,3,0,0,3,0,0,0,2004/10/21 00:00:00+00,10/21/2004 12:37,Mid-Block (not related to intersection),31,DRIVERLESS VEHICLE STRUCK MOTOR VEHICLE FRONT END AT ANGLE,,0,Overcast,Dry,Daylight,,4295005,,32,One parked--one moving,0,0,N
1264655.4,260168.1535,3066,17137,17137,1794439,Unmatched,Block,,HOLMAN RD NW BETWEEN 3RD AVE NW AND NW 103RD ST,,,0,Unknown,,0,0,0,0,0,0,0,2004/11/16 00:00:00+00,11/16/2004,Mid-Block (but intersection related),14,"MOTOR VEHICLE STRUCK MOTOR VEHICLE, REAR END",,,,,,,4321011,,,,0,0,N
1285051.255,200876.3895,3067,17809,17809,1789426,Matched,Block,,RAINIER AVE S BETWEEN S HOLLY ST AND S WILLOW ST,,,1,Property Damage Only Collision,Rear Ended,3,0,0,3,0,0,0,2004/08/26 00:00:00+00,8/26/2004 18:39,Mid-Block (but intersection related),11,"MOTOR VEHICLE STRUCK MOTOR VEHICLE, FRONT END AT ANGLE",Y,0,Clear,Dry,Dusk,,4239015,,14,From same direction - both going straight - one stopped - rear-end,0,0,N
1262911.025,252992.5849,3068,337600,339100,EB00921,Matched,Intersection,24151,8TH AVE NW AND NW 75TH ST, ,,1,Property Damage Only Collision,Angles,2,0,0,2,0,0,0,2021/01/13 00:00:00+00,1/13/2021 13:22,At Intersection (intersection related),11,"MOTOR VEHICLE STRUCK MOTOR VEHICLE, FRONT END AT ANGLE",,N,Clear,Dry,Daylight,,,,10,Entering at angle,0,0,N
1275616.433,257987.4109,3069,223500,223780,E562350,Matched,Intersection,37511,12TH AVE NE AND NE 95TH ST, ,,1,Property Damage Only Collision,Other,1,0,0,1,0,0,0,2016/07/11 00:00:00+00,7/11/2016 7:49,At Intersection (but not related to intersection),26,MOTOR VEHICLE STRUCK OBJECT IN ROAD,,N,Clear,Dry,Daylight,,,,50,Fixed object,0,0,N
1281083.269,208324.4905,3070,17214,17214,1779343,Matched,Block,,35TH AVE S BETWEEN S OREGON ST AND S ALASKA ST,,,1,Property Damage Only Collision,Parked Car,2,0,0,2,0,0,0,2004/05/29 00:00:00+00,5/29/2004 21:00,Mid-Block (not related to intersection),14,"MOTOR VEHICLE STRUCK MOTOR VEHICLE, REAR END",,0,Unknown,Unknown,Unknown,,4150005,,32,One parked--one moving,0,0,N
1272922.255,251399.1313,3071,17459,17459,1212063,Matched,Block,,NE RAVENNA WB BV BETWEEN NE 71ST ST AND WOODLAWN AVE NE,,,2,Injury Collision,Rear Ended,4,0,0,3,1,0,0,2004/08/21 00:00:00+00,8/21/2004 17:10,Mid-Block (not related to intersection),14,"MOTOR VEHICLE STRUCK MOTOR VEHICLE, REAR END",,0,Raining,Wet,Daylight,,4234021,,14,From same direction - both going straight - one stopped - rear-end,0,0,N
1262789.554,250339.0167,3072,16833,16833,3501801,Matched,Block,,NW 65TH ST BETWEEN 8TH AVE NW AND DIVISION AVE NW, ,,1,Property Damage Only Collision,Other,2,0,0,2,0,0,0,2013/04/13 00:00:00+00,4/13/2013 18:56,Mid-Block (but intersection related),11,"MOTOR VEHICLE STRUCK MOTOR VEHICLE, FRONT END AT ANGLE",,N,Raining,Wet,Daylight,,,,23,From same direction - all others,0,0,N
1279201.229,215463.7577,3073,16906,16906,3579476,Matched,Intersection,31507,M L KING JR WAY S AND S BAYVIEW S ST, ,,2,Injury Collision,Angles,2,0,0,2,1,0,0,2013/04/13 00:00:00+00,4/13/2013 8:22,At Intersection (intersection related),11,"MOTOR VEHICLE STRUCK MOTOR VEHICLE, FRONT END AT ANGLE",,N,Overcast,Dry,Daylight,,,,10,Entering at angle,0,0,N
1270323.679,228931.6855,3074,301600,302821,3811577,Matched,Intersection,29525,BOREN AVE AND VIRGINIA ST, ,,2,Injury Collision,Pedestrian,3,1,0,1,1,0,0,2018/08/28 00:00:00+00,8/28/2018 11:32,At Intersection (intersection related),24,MOTOR VEHCILE STRUCK PEDESTRIAN,Y,N,Clear,Dry,Daylight,Y,,,1,Vehicle turning right hits pedestrian,0,0,N
1274780.947,247133.1616,3075,316300,317800,3706017,Matched,Block,,ROOSEVELT WAY NE BETWEEN NE 53RD ST AND NE 55TH ST, ,,2,Injury Collision,Parked Car,2,0,0,2,1,0,0,2019/03/13 00:00:00+00,3/13/2019 20:58,Mid-Block (not related to intersection),11,"MOTOR VEHICLE STRUCK MOTOR VEHICLE, FRONT END AT ANGLE",,Y,Clear,Dry,Dark - Street Lights On,,,,32,One parked--one moving,0,0,N
1260282.516,247303.9216,3076,17664,17664,1080254,Matched,Block,,15TH AVE NW BETWEEN NW 53RD ST AND NW 54TH ST,,,2,Injury Collision,Other,2,0,0,2,1,0,0,2004/07/01 00:00:00+00,7/1/2004,Driveway Junction,11,"MOTOR VEHICLE STRUCK MOTOR VEHICLE, FRONT END AT ANGLE",,0,Clear,Dry,Daylight,,4183025,,22,One car leaving driveway access,0,0,N
1278988.585,218037.977,3077,17216,17216,1772886,Matched,Intersection,31402,M L KING JR WAY S AND S MASSACHUSETTS ST,,,1,Property Damage Only Collision,Angles,3,0,0,2,0,0,0,2004/05/18 00:00:00+00,5/18/2004 10:58,At Intersection (intersection related),11,"MOTOR VEHICLE STRUCK MOTOR VEHICLE, FRONT END AT ANGLE",Y,0,Clear,Dry,Daylight,,4139015,,10,Entering at angle,0,0,N
1268599.082,212110.2385,3078,326000,327500,E983912,Matched,Block,,EAST MARGINAL WAY S BETWEEN S SPOKANE NR ST AND S SPOKANE SR ST, ,,2,Injury Collision,Sideswipe,2,0,0,2,1,0,0,2019/11/15 00:00:00+00,11/15/2019 20:49,Mid-Block (not related to intersection),11,"MOTOR VEHICLE STRUCK MOTOR VEHICLE, FRONT END AT ANGLE",Y,N,Clear,Dry,Dark - Street Lights On,,,,11,From same direction - both going straight - both moving - sideswipe,0,0,N
1278257.401,237931.5114,3079,17688,17688,1787312,Matched,Block,,EAST MONTLAKE PL E BETWEEN 24TH AVE E AND E ROANOKE ST,,,2,Injury Collision,Head On,2,0,0,2,1,0,0,2004/10/08 00:00:00+00,10/8/2004,Mid-Block (but intersection related),11,"MOTOR VEHICLE STRUCK MOTOR VEHICLE, FRONT END AT ANGLE",,0,Raining,Wet,Daylight,,4282006,,30,From opposite direction - all others,0,0,N
1260216.284,250695.9725,3080,17475,17475,1794001,Matched,Block,,15TH AVE NW BETWEEN NW 65TH ST AND NW 67TH ST,,,1,Property Damage Only Collision,Sideswipe,3,0,0,3,0,0,0,2004/06/11 00:00:00+00,6/11/2004 7:10,Mid-Block (not related to intersection),16,"MOTOR VEHICLE STRUCK MOTOR VEHICLE, LEFT SIDE SIDESWIPE",,0,Raining,Wet,Daylight,,4163030,,11,From same direction - both going straight - both moving - sideswipe,0,0,N
1263011.11,258317.9115,3081,16975,16975,1079911,Matched,Intersection,37149,8TH AVE NW AND NW 95TH ST,,,1,Property Damage Only Collision,Angles,2,0,0,2,0,0,0,2004/07/31 00:00:00+00,7/31/2004 10:43,At Intersection (intersection related),11,"MOTOR VEHICLE STRUCK MOTOR VEHICLE, FRONT END AT ANGLE",,0,Clear,Dry,Daylight,,4213002,,10,Entering at angle,0,0,N
1278586.429,221373.4458,3082,332000,333500,EA39065,Unmatched,Block,,25TH AVE S BETWEEN S KING ST AND S LANE ST, ,,1,Property Damage Only Collision,,2,0,0,0,0,0,0,2020/06/09 00:00:00+00,6/9/2020,Mid-Block (not related to intersection),14,"MOTOR VEHICLE STRUCK MOTOR VEHICLE, REAR END",,,,,,,,, ,,0,0,Y
1269371.488,224721.1583,3083,17152,17152,1482323,Matched,Intersection,29611,1ST AVE AND SENECA ST,,,2,Injury Collision,Angles,3,0,0,2,1,0,0,2004/07/12 00:00:00+00,7/12/2004 9:53,At Intersection (intersection related),11,"MOTOR VEHICLE STRUCK MOTOR VEHICLE, FRONT END AT ANGLE",,0,Clear,Dry,Daylight,,4194025,,10,Entering at angle,0,0,N
1258846.52,255747.4282,3084,16457,16457,3501989,Matched,Block,,NW 85TH ST BETWEEN 20TH AVE NW AND 21ST AVE NW, ,,1,Property Damage Only Collision,Parked Car,2,0,0,2,0,0,0,2013/04/04 00:00:00+00,4/4/2013 22:15,Mid-Block (not related to intersection),14,"MOTOR VEHICLE STRUCK MOTOR VEHICLE, REAR END",,N,Raining,Wet,Dark - Street Lights On,,,,32,One parked--one moving,0,0,N
1275202.511,204348.9553,3085,17423,17423,1771934,Matched,Block,,16TH AVE S BETWEEN S ORCAS ST AND S JUNEAU ST,,,1,Property Damage Only Collision,Rear Ended,2,0,0,2,0,0,0,2004/04/13 00:00:00+00,4/13/2004 19:00,Mid-Block (but intersection related),14,"MOTOR VEHICLE STRUCK MOTOR VEHICLE, REAR END",,0,Clear,Dry,Daylight,,4104027,,14,From same direction - both going straight - one stopped - rear-end,0,0,N
1285470.264,194200.1793,3086,336500,338000,3876458,Matched,Intersection,35443,RAINIER AVE S AND S HENDERSON ST, ,,1,Property Damage Only Collision,Left Turn,2,0,0,2,0,0,0,2020/11/24 00:00:00+00,11/24/2020 8:13,At Intersection (intersection related),11,"MOTOR VEHICLE STRUCK MOTOR VEHICLE, FRONT END AT ANGLE",,N,Overcast,Dry,Daylight,,,,28,From opposite direction - one left turn - one straight,0,0,N
1258172.46,246959.6766,3087,321700,323200,E944419,Unmatched,Intersection,25166,22ND AVE NW AND SHILSHOLE AVE NW,NEI,"Not Enough Information, or Insufficient Location Information",0,Unknown,,0,0,0,0,0,0,0,2019/07/27 00:00:00+00,7/27/2019,At Intersection (intersection related),0,NOT ENOUGH INFORMATION / NOT APPLICABLE,,,,,,,,, ,,0,0,Y
1282388.409,206111.6314,3088,16820,16820,3608498,Matched,Block,,RAINIER AVE S BETWEEN 39TH N AVE S AND 39TH S AVE S, ,,2,Injury Collision,Angles,4,0,0,3,2,0,0,2013/04/06 00:00:00+00,4/6/2013 17:50,Mid-Block (not related to intersection),11,"MOTOR VEHICLE STRUCK MOTOR VEHICLE, FRONT END AT ANGLE",,N,Overcast,Dry,Daylight,,,,10,Entering at angle,0,0,N
1260324.485,249332.334,3089,17170,17170,1793707,Matched,Intersection,25393,15TH AVE NW AND NW 61ST ST,,,2,Injury Collision,Cycles,2,0,1,1,1,0,0,2004/05/27 00:00:00+00,5/27/2004 20:15,At Intersection (intersection related),18,"MOTOR VEHICLE STRUCK PEDALCYCLIST, FRONT END AT ANGLE",,0,Raining,Wet,Dusk,Y,4148045,,45,Vehicle - Pedalcyclist,0,0,N
1280363.409,205965.9974,3090,327800,329300,3857103,Unmatched,Intersection,33583,32ND AVE S AND S DAWSON ST, ,,1,Property Damage Only Collision,,2,0,0,0,0,0,0,2020/01/12 00:00:00+00,1/12/2020,At Intersection (intersection related),11,"MOTOR VEHICLE STRUCK MOTOR VEHICLE, FRONT END AT ANGLE",,,,,,,,, ,,0,0,N
1281635.008,204188.028,3091,329400,330900,EA18376,Matched,Block,,37TH AVE S BETWEEN S ORCAS ST AND S JUNEAU ST, ,,1,Property Damage Only Collision,Other,1,0,0,1,0,0,0,2020/02/26 00:00:00+00,2/26/2020 11:26,Mid-Block (not related to intersection),28,MOTOR VEHICLE RAN OFF ROAD - HIT FIXED OBJECT,,N,Clear,Dry,Daylight,,,,50,Fixed object,0,0,N
1274982.299,211385.0154,3092,275500,276340,E774609,Matched,Intersection,32271,15TH AVS TURN RD AND S COLUMBIAN WAY, ,,1,Property Damage Only Collision,Head On,2,0,0,2,0,0,0,2018/02/28 00:00:00+00,2/28/2018 15:51,At Intersection (intersection related),11,"MOTOR VEHICLE STRUCK MOTOR VEHICLE, FRONT END AT ANGLE",,N,Raining,Wet,Daylight,,,,30,From opposite direction - all others,0,0,N
1261490.428,196477.659,3093,17497,17497,1788784,Matched,Intersection,34928,27TH AVE SW AND SW THISTLE ST,,,2b,Serious Injury Collision,Left Turn,5,0,0,2,5,3,0,2004/01/11 00:00:00+00,1/11/2004 14:27,At Intersection (intersection related),11,"MOTOR VEHICLE STRUCK MOTOR VEHICLE, FRONT END AT ANGLE",,0,Clear,Dry,Daylight,,4011014,,28,From opposite direction - one left turn - one straight,0,0,N
1259255.789,200513.1785,3094,17585,17585,1179570,Unmatched,Intersection,34025,35TH AVE SW AND SW MYRTLE ST,,,0,Unknown,,0,0,0,0,0,0,0,2004/10/28 00:00:00+00,10/28/2004,At Intersection (intersection related),14,"MOTOR VEHICLE STRUCK MOTOR VEHICLE, REAR END",,,,,,,4302035,,,,0,0,N
1270039.11,216629.625,3095,17389,17389,1213811,Matched,Intersection,31350,1ST AVE S AND S WALKER ST,,,1,Property Damage Only Collision,Other,3,0,0,3,0,0,0,2004/07/28 00:00:00+00,7/28/2004 16:21,At Intersection (intersection related),14,"MOTOR VEHICLE STRUCK MOTOR VEHICLE, REAR END",,0,Clear,Dry,Daylight,,4210008,,21,One car entering driveway access,0,0,N
1276330.158,253975.3556,3096,17451,17451,1079805,Matched,Block,,NE 80TH ST BETWEEN 15TH AVE NE AND 16TH AVE NE,,,2,Injury Collision,Angles,2,0,0,2,1,0,0,2004/07/06 00:00:00+00,7/6/2004,Mid-Block (but intersection related),11,"MOTOR VEHICLE STRUCK MOTOR VEHICLE, FRONT END AT ANGLE",,1,Raining,Wet,Daylight,,4188032,Y,10,Entering at angle,0,0,N
1278909.645,247104.3432,3097,17325,17325,1793863,Matched,Intersection,25940,25TH AVE NE AND NE 54TH ST,,,1,Property Damage Only Collision,Angles,3,0,0,2,0,0,0,2004/09/02 00:00:00+00,9/2/2004,At Intersection (intersection related),11,"MOTOR VEHICLE STRUCK MOTOR VEHICLE, FRONT END AT ANGLE",,0,Clear,Dry,Daylight,,4246022,,10,Entering at angle,0,0,N
1277739,225800.0373,3098,17253,17253,1216887,Matched,Block,,22ND AVE BETWEEN E COLUMBIA ST AND E MARION ST,,,1,Property Damage Only Collision,Parked Car,2,0,0,2,0,0,0,2004/12/23 00:00:00+00,12/23/2004 17:09,Mid-Block (not related to intersection),13,"MOTOR VEHICLE STRUCK MOTOR VEHICLE, LEFT SIDE AT ANGLE",,0,Clear,Dry,Dark - Street Lights On,,4358020,,32,One parked--one moving,0,0,N
1264830.191,236801.721,3099,17007,17007,1213597,Matched,Block,,QUEEN ANNE AVE N BETWEEN BOSTON ST AND MCGRAW ST,,,1,Property Damage Only Collision,Parked Car,3,0,0,2,0,0,0,2004/12/14 00:00:00+00,12/14/2004 12:45,Mid-Block (not related to intersection),11,"MOTOR VEHICLE STRUCK MOTOR VEHICLE, FRONT END AT ANGLE",Y,0,Overcast,Wet,Daylight,,4349010,,32,One parked--one moving,0,0,N
1278018.65,227263.5132,3100,16448,16448,3287447,Matched,Block,,23RD AVE BETWEEN E UNION ST AND E PIKE ST, ,,1,Property Damage Only Collision,Rear Ended,4,0,0,2,0,0,0,2013/04/04 00:00:00+00,4/4/2013 11:06,Mid-Block (not related to intersection),14,"MOTOR VEHICLE STRUCK MOTOR VEHICLE, REAR END",Y,N,Overcast,Wet,Daylight,,,,14,From same direction - both going straight - one stopped - rear-end,0,0,N
1275032.584,241939.1849,3101,16919,16919,1634926,Matched,Block,,NE PACIFIC ST BETWEEN NE BOAT ST AND BROOKLYN AVE NE,,,2,Injury Collision,Rear Ended,2,0,0,2,2,0,0,2004/01/31 00:00:00+00,1/31/2004 18:50,Mid-Block (not related to intersection),14,"MOTOR VEHICLE STRUCK MOTOR VEHICLE, REAR END",,0,Overcast,Wet,Dark - Street Lights On,,4031048,,14,From same direction - both going straight - one stopped - rear-end,0,0,N
1274777.869,212126.8506,3102,16555,16555,3671683,Matched,Block,,S COLUMBIAN WAY BETWEEN 14TH AVE S AND S SPOKANE ST, ,,1,Property Damage Only Collision,Other,3,0,0,2,0,0,0,2013/04/04 00:00:00+00,4/4/2013 8:11,Mid-Block (but intersection related),14,"MOTOR VEHICLE STRUCK MOTOR VEHICLE, REAR END",,N,Raining,Wet,Daylight,,,,23,From same direction - all others,0,0,N
1261336.758,257363.8879,3103,17309,17309,1218766,Matched,Block,,13TH AVE NW BETWEEN NW 90TH ST AND NW 92ND ST,,,1,Property Damage Only Collision,Parked Car,2,0,0,2,0,0,0,2004/08/17 00:00:00+00,8/17/2004 19:54,Driveway Junction,28,MOTOR VEHICLE RAN OFF ROAD - HIT FIXED OBJECT,,0,Clear,Dry,Daylight,,4230019,,32,One parked--one moving,0,0,N
1276198.141,253977.9599,3104,328500,330000,EA09897,Unmatched,Intersection,24397,15TH AVE NE AND NE 80TH ST, ,,1,Property Damage Only Collision,,3,0,0,0,0,0,0,2020/01/29 00:00:00+00,1/29/2020,At Intersection (intersection related),11,"MOTOR VEHICLE STRUCK MOTOR VEHICLE, FRONT END AT ANGLE",,,,,,,,, ,,0,0,N
1275188.19,208964.2761,3105,17549,17549,1772808,Matched,Intersection,32546,16TH AVE S AND S COLUMBIAN WAY,,,2,Injury Collision,Left Turn,2,0,0,2,1,0,0,2004/07/07 00:00:00+00,7/7/2004,At Intersection (intersection related),11,"MOTOR VEHICLE STRUCK MOTOR VEHICLE, FRONT END AT ANGLE",,0,Clear,Dry,Daylight,,4189009,,28,From opposite direction - one left turn - one straight,0,0,N
1280726.187,228690.2286,3106,17350,17350,1216654,Matched,Block,,E HOWELL ST BETWEEN 31ST AVE AND 32ND AVE,,,1,Property Damage Only Collision,Parked Car,2,0,0,2,0,0,0,2004/06/16 00:00:00+00,6/16/2004 1:16,Mid-Block (not related to intersection),14,"MOTOR VEHICLE STRUCK MOTOR VEHICLE, REAR END",,0,Clear,Dry,Dark - Street Lights On,,4168008,,32,One parked--one moving,0,0,N
1271413.155,227275.7424,3107,17720,17720,1216679,Matched,Block,,PIKE ST BETWEEN TERRY AVE AND BOREN AVE,,,1,Property Damage Only Collision,Parked Car,2,0,0,2,0,0,0,2004/06/21 00:00:00+00,6/21/2004 22:16,Mid-Block (not related to intersection),13,"MOTOR VEHICLE STRUCK MOTOR VEHICLE, LEFT SIDE AT ANGLE",,0,Clear,Dry,Dark - Street Lights On,,4173022,,32,One parked--one moving,0,0,N
1274510.53,225541.1102,3108,17528,17528,1198555,Unmatched,Block,,12TH AVE BETWEEN E CHERRY ST AND E COLUMBIA ST,,,0,Unknown,,0,0,0,0,0,0,0,2004/12/07 00:00:00+00,12/7/2004,Mid-Block (not related to intersection),14,"MOTOR VEHICLE STRUCK MOTOR VEHICLE, REAR END",,,,,,,4342030,,,,0,0,N
1277120.996,217049.1908,3109,298600,299760,E818629,Matched,Intersection,31549,21ST AVE S AND S PLUM ST, ,,1,Property Damage Only Collision,Angles,2,0,0,2,0,0,0,2018/06/27 00:00:00+00,6/27/2018 16:04,At Intersection (intersection related),11,"MOTOR VEHICLE STRUCK MOTOR VEHICLE, FRONT END AT ANGLE",,N,Clear,Dry,Daylight,,,,10,Entering at angle,0,0,N
1272652.49,219913.0218,3110,273200,274040,E773696,Matched,Block,,AIRPORT NB WAY S BETWEEN AIRPORT WAY S AND 7TH AVE S, ,,1,Property Damage Only Collision,Rear Ended,2,0,0,2,0,0,0,2018/02/26 00:00:00+00,2/26/2018 9:18,Mid-Block (but intersection related),14,"MOTOR VEHICLE STRUCK MOTOR VEHICLE, REAR END",Y,N,Clear,Dry,Daylight,,,,14,From same direction - both going straight - one stopped - rear-end,0,0,N
1281647.009,207698.0268,3111,17087,17087,1779351,Unmatched,Block,,RAINIER AVE S BETWEEN S ALASKA ST AND S ANGELINE ST,,,0,Unknown,,0,0,0,0,0,0,0,2004/01/02 00:00:00+00,1/2/2004,Mid-Block (not related to intersection),11,"MOTOR VEHICLE STRUCK MOTOR VEHICLE, FRONT END AT ANGLE",,,,,,,4002069,,,,0,0,N
1280575.3,264767.4757,3112,17319,17319,1931259,Unmatched,Block,,31ST AVE NE BETWEEN NE 120TH ST AND NE 123RD ST,,,0,Unknown,,0,0,0,0,0,0,0,2004/12/17 00:00:00+00,12/17/2004,Mid-Block (not related to intersection),14,"MOTOR VEHICLE STRUCK MOTOR VEHICLE, REAR END",,,,,,,4352013,,,,0,0,N
1265606.583,255946.2418,3113,16962,16962,1794802,Matched,Block,,GREENWOOD AVE N BETWEEN N 85TH ST AND N 87TH ST,,,1,Property Damage Only Collision,Sideswipe,3,0,0,2,0,0,0,2004/09/23 00:00:00+00,9/23/2004 17:35,Mid-Block (not related to intersection),16,"MOTOR VEHICLE STRUCK MOTOR VEHICLE, LEFT SIDE SIDESWIPE",,0,Clear,Dry,Daylight,,4267015,,12,From same direction - both going straight - one stopped - sideswipe,0,0,N
1249530.572,214604.6693,3114,16767,16767,3465383,Matched,Block,,ALKI AVE SW BETWEEN 64TH PL SW AND POINT PL SW, ,,1,Property Damage Only Collision,Parked Car,5,0,0,4,0,0,0,2013/04/07 00:00:00+00,4/7/2013 23:35,Mid-Block (not related to intersection),11,"MOTOR VEHICLE STRUCK MOTOR VEHICLE, FRONT END AT ANGLE",,N,Overcast,Wet,Dark - Street Lights On,,,,32,One parked--one moving,0,0,N
1259560.342,210731.8417,3115,16601,16601,3615291,Unmatched,Block,,35TH AVE SW BETWEEN SW ANDOVER S ST AND SW DAKOTA ST,NEI,"Not Enough Information, or Insufficient Location Information",0,Unknown,,0,0,0,0,0,0,0,2013/04/06 00:00:00+00,4/6/2013,Mid-Block (not related to intersection),0,NOT ENOUGH INFORMATION / NOT APPLICABLE,,,,,,,,, ,,0,0,N