X,Y,OBJECTID,INCKEY,COLDETKEY,REPORTNO,STATUS,ADDRTYPE,INTKEY,LOCATION,EXCEPTRSNCODE,EXCEPTRSNDESC,SEVERITYCODE,SEVERITYDESC,COLLISIONTYPE,PERSONCOUNT,PEDCOUNT,PEDCYLCOUNT,VEHCOUNT,INJURIES,SERIOUSINJURIES,FATALITIES,INCDATE,INCDTTM,JUNCTIONTYPE,SDOT_COLCODE,SDOT_COLDESC,INATTENTIONIND,UNDERINFL,WEATHER,ROADCOND,LIGHTCOND,PEDROWNOTGRNT,SDOTCOLNUM,SPEEDING,ST_COLCODE,ST_COLDESC,SEGLANEKEY,CROSSWALKKEY,HITPARKEDCAR
1275141.232,214420.4998,3116,16711,16711,3671974,Matched,Block,,15TH AVE S BETWEEN S MCCLELLAN ST AND S FOREST ST, ,,1,Property Damage Only Collision,Rear Ended,3,0,0,2,0,0,0,2013/04/09 00:00:00+00,4/9/2013 9:30,Mid-Block (not related to intersection),14,"MOTOR VEHICLE STRUCK MOTOR VEHICLE, REAR END",Y,N,Clear,Dry,Daylight,,,,14,From same direction - both going straight - one stopped - rear-end,0,0,N
1261264.325,253686.1616,3117,17506,17506,1781042,Matched,Intersection,24147,13TH AVE NW AND NW 77TH ST,,,2,Injury Collision,Angles,5,0,0,2,5,0,0,2004/06/27 00:00:00+00,6/27/2004 17:35,At Intersection (intersection related),11,"MOTOR VEHICLE STRUCK MOTOR VEHICLE, FRONT END AT ANGLE",,0,Clear,Dry,Daylight,,4179006,Y,10,Entering at angle,0,0,N
1265542.19,245234.5274,3118,17224,17224,1212542,Matched,Block,,N 46TH ST BETWEEN GREENWOOD S AVE N AND PHINNEY AVE N,,,2,Injury Collision,Other,1,0,0,1,1,0,0,2004/08/22 00:00:00+00,8/22/2004 2:27,Mid-Block (not related to intersection),28,MOTOR VEHICLE RAN OFF ROAD - HIT FIXED OBJECT,,1,Raining,Standing Water,Dark - Street Lights On,,4235013,,50,Fixed object,0,0,N
1262185.947,209760.059,3119,17158,17158,1789439,Matched,Intersection,32061,26TH AVE SW AND SW GENESEE ST,,,2,Injury Collision,Pedestrian,2,1,0,1,1,0,0,2004/11/22 00:00:00+00,11/22/2004 7:12,At Intersection (intersection related),24,MOTOR VEHCILE STRUCK PEDESTRIAN,,0,Overcast,Dry,Dawn,Y,4327033,,2,Vehicle turning left hits pedestrian,0,0,N
1266493.903,236192.1559,3120,306200,307480,E854788,Matched,Block,,CROCKETT ST BETWEEN NOB HILL AVE N AND 4TH AVE N, ,,1,Property Damage Only Collision,Parked Car,2,0,0,2,0,0,0,2018/10/22 00:00:00+00,10/22/2018 7:00,Mid-Block (not related to intersection),12,"MOTOR VEHICLE STRUCK MOTOR VEHICLE, RIGHT SIDE AT ANGLE",,N,Clear,Dry,Daylight,,,,32,One parked--one moving,0,0,Y
1266979.518,259809.9732,3121,17839,17839,1779883,Matched,Intersection,37404,FREMONT AVE N AND N 101ST ST,,,1,Property Damage Only Collision,Angles,2,0,0,2,0,0,0,2004/01/08 00:00:00+00,1/8/2004,At Intersection (intersection related),11,"MOTOR VEHICLE STRUCK MOTOR VEHICLE, FRONT END AT ANGLE",,0,Raining,Wet,Dark - Street Lights On,,4008015,,10,Entering at angle,0,0,N
1265260.665,231535.0688,3122,17783,17783,1777873,Unmatched,Block,,MERCER ST BETWEEN 1ST AVE N AND WARREN AVE N,,,0,Unknown,,0,0,0,0,0,0,0,2004/11/06 00:00:00+00,11/6/2004,Mid-Block (not related to intersection),11,"MOTOR VEHICLE STRUCK MOTOR VEHICLE, FRONT END AT ANGLE",,,,,,,4311009,,,,0,0,N
1274331.183,221940.253,3123,17273,17273,1788517,Matched,Block,,12TH AVE S BETWEEN S JACKSON ST AND S KING ST,,,1,Property Damage Only Collision,Sideswipe,2,0,0,2,0,0,0,2004/02/24 00:00:00+00,2/24/2004 9:21,Mid-Block (not related to intersection),16,"MOTOR VEHICLE STRUCK MOTOR VEHICLE, LEFT SIDE SIDESWIPE",,0,Clear,Wet,Daylight,,4055010,,11,From same direction - both going straight - both moving - sideswipe,0,0,N
1274066.758,229238.671,3124,17141,17141,1472946,Matched,Block,,E DENNY WAY BETWEEN 10TH AVE E AND 11TH AVE,,,1,Property Damage Only Collision,Parked Car,2,0,0,2,0,0,0,2004/07/05 00:00:00+00,7/5/2004,Mid-Block (not related to intersection),11,"MOTOR VEHICLE STRUCK MOTOR VEHICLE, FRONT END AT ANGLE",,0,Unknown,Unknown,Unknown,,4187027,,32,One parked--one moving,0,0,N
1267536.274,227766.8045,3125,17672,17672,1059926,Unmatched,Block,,BELL ST BETWEEN 2ND AVE AND 3RD AVE,,,0,Unknown,,0,0,0,0,0,0,0,2004/12/16 00:00:00+00,12/16/2004,Mid-Block (not related to intersection),16,"MOTOR VEHICLE STRUCK MOTOR VEHICLE, LEFT SIDE SIDESWIPE",,,,,,,4351021,,,,0,0,N
1268577.04,208026.374,3126,16569,16569,3672296,Unmatched,Intersection,33031,EAST MARGINAL WAY S AND S ALASKA ST, ,,2,Injury Collision,,3,0,0,0,2,0,0,2013/04/06 00:00:00+00,4/6/2013,At Intersection (intersection related),11,"MOTOR VEHICLE STRUCK MOTOR VEHICLE, FRONT END AT ANGLE",,,,,,,,, ,,0,0,N
1282084.839,206570.8008,3127,270600,271420,3764841,Matched,Intersection,33579,RAINIER AVE S AND S HUDSON ST, ,,1,Property Damage Only Collision,Angles,2,0,0,2,0,0,0,2018/02/14 00:00:00+00,2/14/2018 8:18,At Intersection (intersection related),11,"MOTOR VEHICLE STRUCK MOTOR VEHICLE, FRONT END AT ANGLE",,N,Overcast,Wet,Daylight,,,,10,Entering at angle,0,0,N
1262831.485,232701.7977,3128,16784,16784,3562742,Matched,Block,,6TH AVE W BETWEEN W OLYMPIC W PL AND W KINNEAR PL, ,,1,Property Damage Only Collision,Parked Car,3,0,0,3,0,0,0,2013/03/31 00:00:00+00,3/31/2013 9:54,Driveway Junction,0,NOT ENOUGH INFORMATION / NOT APPLICABLE,,N,Clear,Dry,Daylight,,,,32,One parked--one moving,0,0,N
1276221.942,263938.9567,3129,17895,17895,1318112,Matched,Intersection,36469,PINEHURST WAY NE AND NE 117TH ST,,,1,Property Damage Only Collision,Angles,2,0,0,2,0,0,0,2004/02/29 00:00:00+00,2/29/2004 10:23,At Intersection (intersection related),11,"MOTOR VEHICLE STRUCK MOTOR VEHICLE, FRONT END AT ANGLE",,0,Clear,Dry,Daylight,,4060016,,10,Entering at angle,0,0,N
1275485.085,244457.2806,3130,17242,17242,1319625,Matched,Block,,BROOKLYN AVE NE BETWEEN NE 43RD ST AND NE 45TH ST,,,1,Property Damage Only Collision,Angles,4,0,0,2,0,0,0,2004/05/15 00:00:00+00,5/15/2004 0:41,Mid-Block (but intersection related),16,"MOTOR VEHICLE STRUCK MOTOR VEHICLE, LEFT SIDE SIDESWIPE",,0,Clear,Dry,Dark - Street Lights On,,4136004,,10,Entering at angle,0,0,N
1266084.202,229088.5644,3131,17185,17185,4257048,Unmatched,Block,,BROAD ST BETWEEN 2ND AVE AND 3RD AVE,,,0,Unknown,,0,0,0,0,0,0,0,2004/09/13 00:00:00+00,9/13/2004,Mid-Block (but intersection related),14,"MOTOR VEHICLE STRUCK MOTOR VEHICLE, REAR END",,,,,,,4257048,,,,0,0,N
1272482.366,203099.9441,3132,16584,16584,3617429,Matched,Block,,S MICHIGAN ST BETWEEN 7TH AVE S AND CORSON AVE S, ,,1,Property Damage Only Collision,Head On,2,0,0,2,0,0,0,2013/04/05 00:00:00+00,4/5/2013 13:32,Mid-Block (not related to intersection),14,"MOTOR VEHICLE STRUCK MOTOR VEHICLE, REAR END",,N,Overcast,Dry,Daylight,,,,30,From opposite direction - all others,0,0,N
1269916.982,223799.7439,3133,317000,318500,E907126,Unmatched,Block,,1ST AVE BETWEEN COLUMBIA ST AND MARION ST,NEI,"Not Enough Information, or Insufficient Location Information",0,Unknown,,0,0,0,0,0,0,0,2019/03/18 00:00:00+00,3/18/2019,,0,NOT ENOUGH INFORMATION / NOT APPLICABLE,,,,,,,,, ,,0,0,Y
1274209.836,226991.8087,3134,17355,17355,1789979,Matched,Block,,11TH AVE BETWEEN E MADISON ST AND E UNION ST,,,1,Property Damage Only Collision,Parked Car,2,0,0,2,0,0,0,2004/02/21 00:00:00+00,2/21/2004 0:07,Mid-Block (not related to intersection),13,"MOTOR VEHICLE STRUCK MOTOR VEHICLE, LEFT SIDE AT ANGLE",,1,Clear,Dry,Dark - Street Lights On,,4052003,,32,One parked--one moving,0,0,N
1280716.245,224633.3767,3135,16933,16933,1795933,Matched,Block,,32ND AVE BETWEEN E JEFFERSON ST AND E JAMES ST,,,1,Property Damage Only Collision,Parked Car,2,0,0,2,0,0,0,2004/11/02 00:00:00+00,11/2/2004,Driveway Junction,12,"MOTOR VEHICLE STRUCK MOTOR VEHICLE, RIGHT SIDE AT ANGLE",,0,Raining,Wet,Daylight,,4307015,,32,One parked--one moving,0,0,N
1273726.679,227540.1029,3136,17830,17830,4233046,Unmatched,Block,,E PIKE ST BETWEEN BROADWAY AND 10TH AVE,,,0,Unknown,,0,0,0,0,0,0,0,2004/08/20 00:00:00+00,8/20/2004,Mid-Block (but intersection related),14,"MOTOR VEHICLE STRUCK MOTOR VEHICLE, REAR END",,,,,,,4233046,,,,0,0,N
1274334.81,222095.505,3137,17473,17473,1772603,Matched,Intersection,30427,12TH AVE S AND S JACKSON ST,,,2,Injury Collision,Left Turn,4,0,0,2,1,0,0,2004/05/27 00:00:00+00,5/27/2004 14:29,At Intersection (intersection related),11,"MOTOR VEHICLE STRUCK MOTOR VEHICLE, FRONT END AT ANGLE",,0,Raining,Wet,Daylight,,4148034,,28,From opposite direction - one left turn - one straight,0,0,N
1277917.213,201995.8098,3138,16981,16981,1784216,Matched,Block,,S MORGAN ST BETWEEN 24TH AVE S AND BEACON WR S AVE S,,,1,Property Damage Only Collision,Parked Car,5,0,0,4,0,0,0,2004/10/30 00:00:00+00,10/30/2004 19:04,Mid-Block (not related to intersection),28,MOTOR VEHICLE RAN OFF ROAD - HIT FIXED OBJECT,,1,Clear,Dry,Dark - Street Lights On,,4304013,,32,One parked--one moving,0,0,N
1262763.609,247665.3826,3139,16694,16694,3501903,Matched,Intersection,25419,8TH AVE NW AND NW MARKET ST, ,,1,Property Damage Only Collision,Angles,2,0,0,2,0,0,0,2013/04/09 00:00:00+00,4/9/2013 20:57,At Intersection (intersection related),11,"MOTOR VEHICLE STRUCK MOTOR VEHICLE, FRONT END AT ANGLE",,N,Clear,Dry,Dark - Street Lights On,,,,10,Entering at angle,0,0,N
1279691.762,230853.6022,3140,17291,17291,1472875,Matched,Intersection,29253,28TH AVE E AND E MADISON ST,,,2,Injury Collision,Cycles,2,0,1,1,1,0,0,2004/06/10 00:00:00+00,6/10/2004 17:06,At Intersection (intersection related),18,"MOTOR VEHICLE STRUCK PEDALCYCLIST, FRONT END AT ANGLE",,0,Clear,Dry,Daylight,Y,4162021,,45,Vehicle - Pedalcyclist,0,0,N
1275727.637,222081.6598,3141,16615,16615,3605986,Matched,Intersection,30748,16TH AVE S AND S JACKSON ST, ,,1,Property Damage Only Collision,Other,1,0,0,1,0,0,0,2013/04/06 00:00:00+00,4/6/2013 3:04,At Intersection (intersection related),28,MOTOR VEHICLE RAN OFF ROAD - HIT FIXED OBJECT,,N,Raining,Dry,Dark - Street Lights On,,,,50,Fixed object,0,0,N
1281782.95,265052.5795,3142,18137,18137,1794456,Matched,Block,,NE 123RD ST BETWEEN 35TH AVE NE AND 36TH AVE NE,,,1,Property Damage Only Collision,Parked Car,4,0,0,4,0,0,0,2004/10/01 00:00:00+00,10/1/2004,Mid-Block (not related to intersection),16,"MOTOR VEHICLE STRUCK MOTOR VEHICLE, LEFT SIDE SIDESWIPE",,0,Clear,Dry,Dark - Street Lights On,,4275021,,32,One parked--one moving,0,0,N
1271138.341,223632.6568,3143,318000,319500,E911439,Matched,Intersection,30479,4TH AVE AND JAMES ST, ,,1,Property Damage Only Collision,Right Turn,2,0,0,2,0,0,0,2019/04/12 00:00:00+00,4/12/2019 17:56,At Intersection (intersection related),11,"MOTOR VEHICLE STRUCK MOTOR VEHICLE, FRONT END AT ANGLE",,N,Clear,Dry,Daylight,,,,16,From same direction - one right turn - one straight,0,0,N
1272294.303,261731.006,3144,17172,17172,1782227,Matched,Block,,1ST AVE NE BETWEEN I5 NB 1ST AV NE OFF RP AND NE NORTHGATE WAY,,,2,Injury Collision,Rear Ended,6,0,0,3,2,0,0,2004/03/27 00:00:00+00,3/27/2004 14:48,Mid-Block (but intersection related),14,"MOTOR VEHICLE STRUCK MOTOR VEHICLE, REAR END",,0,Overcast,Dry,Daylight,,4087020,,14,From same direction - both going straight - one stopped - rear-end,0,0,N
1255419.065,192243.2822,3145,16497,16497,3380587,Matched,Block,,MARINE VIEW DR SW BETWEEN 45TH AVE SW AND 46TH AVE SW, ,,1,Property Damage Only Collision,Other,1,0,0,1,0,0,0,2013/04/07 00:00:00+00,4/7/2013 3:18,Mid-Block (not related to intersection),28,MOTOR VEHICLE RAN OFF ROAD - HIT FIXED OBJECT,,N,Raining,Wet,Dark - Street Lights On,,,,50,Fixed object,0,0,N
1271306.397,262090.9491,3146,16519,16519,3503143,Matched,Block,,N NORTHGATE WAY BETWEEN MERIDIAN AVE N AND CORLISS AVE N, ,,2,Injury Collision,Rear Ended,3,0,0,2,2,0,0,2013/04/06 00:00:00+00,4/6/2013 6:10,Mid-Block (but intersection related),14,"MOTOR VEHICLE STRUCK MOTOR VEHICLE, REAR END",,N,Raining,Wet,Dawn,,,,14,From same direction - both going straight - one stopped - rear-end,0,0,N
1272687.83,225439.1244,3147,17710,17710,4100042,Unmatched,Block,,BOREN AVE BETWEEN COLUMBIA ST AND MARION ST,,,0,Unknown,,0,0,0,0,0,0,0,2004/04/09 00:00:00+00,4/9/2004,Mid-Block (but intersection related),14,"MOTOR VEHICLE STRUCK MOTOR VEHICLE, REAR END",,,,,,,4100042,,,,0,0,N
1258827.799,207501.7737,3148,17516,17516,4065048,Unmatched,Block,,37TH AVE SW BETWEEN SW EDMUNDS ST AND SW HUDSON ST,,,0,Unknown,,0,0,0,0,0,0,0,2004/03/05 00:00:00+00,3/5/2004,Mid-Block (not related to intersection),11,"MOTOR VEHICLE STRUCK MOTOR VEHICLE, FRONT END AT ANGLE",,,,,,,4065048,,,,0,0,N
1273731.751,221800.2608,3149,320100,321600,E928972,Matched,Intersection,30431,10TH AVE S AND S KING ST, ,,1,Property Damage Only Collision,Sideswipe,2,0,0,2,0,0,0,2019/06/06 00:00:00+00,6/6/2019 7:35,At Intersection (intersection related),11,"MOTOR VEHICLE STRUCK MOTOR VEHICLE, FRONT END AT ANGLE",Y,N,Clear,Dry,Daylight,,,,71,Same direction -- both turning right -- both moving -- sideswipe,0,0,N
1273852.275,243385.6114,3150,241400,241840,E672496,Matched,Intersection,27096,7TH AVE NE AND NE 42ND ST, ,,2,Injury Collision,Angles,3,0,0,2,1,0,0,2017/05/18 00:00:00+00,5/18/2017 6:40,At Intersection (intersection related),11,"MOTOR VEHICLE STRUCK MOTOR VEHICLE, FRONT END AT ANGLE",,N,Clear,Dry,Daylight,,,,10,Entering at angle,0,0,N
1262732.378,246226.974,3151,17744,17744,1775725,Matched,Block,,8TH AVE NW BETWEEN NW 49TH ST AND NW 50TH ST,,,1,Property Damage Only Collision,Parked Car,2,0,0,2,0,0,0,2004/03/27 00:00:00+00,3/27/2004 10:00,Mid-Block (not related to intersection),14,"MOTOR VEHICLE STRUCK MOTOR VEHICLE, REAR END",,0,Unknown,Unknown,Unknown,,4087026,,32,One parked--one moving,0,0,N
1279760.681,201363.4595,3152,17103,17103,1793333,Matched,Intersection,34330,30TH AVE S AND S HOLLY ST,,,1,Property Damage Only Collision,Angles,2,0,0,2,0,0,0,2004/09/22 00:00:00+00,9/22/2004 15:14,At Intersection (intersection related),11,"MOTOR VEHICLE STRUCK MOTOR VEHICLE, FRONT END AT ANGLE",,0,Raining,Wet,Daylight,,4266010,,10,Entering at angle,0,0,N
1274553.346,229660.7164,3153,17038,17038,1787242,Matched,Intersection,29055,12TH AVE E AND E JOHN ST,,,1,Property Damage Only Collision,Angles,2,0,0,2,0,0,0,2004/01/14 00:00:00+00,1/14/2004 18:16,At Intersection (intersection related),11,"MOTOR VEHICLE STRUCK MOTOR VEHICLE, FRONT END AT ANGLE",,0,Raining,Wet,Dark - Street Lights On,,4014039,Y,10,Entering at angle,0,0,N
1274327.555,221785.0009,3154,300800,302020,3753802,Matched,Intersection,30430,12TH AVE S AND S KING ST, ,,2,Injury Collision,Pedestrian,2,1,0,1,1,0,0,2018/08/24 00:00:00+00,8/24/2018 17:38,At Intersection (intersection related),24,MOTOR VEHCILE STRUCK PEDESTRIAN,Y,N,Clear,Dry,Daylight,Y,,,2,Vehicle turning left hits pedestrian,0,0,N
1276299.876,265588.7411,3155,16702,16702,3609134,Matched,Block,,15TH AVE NE BETWEEN NE 123RD ST AND NE 125TH ST, ,,1,Property Damage Only Collision,Angles,4,0,0,2,0,0,0,2013/04/07 00:00:00+00,4/7/2013 13:19,Mid-Block (not related to intersection),11,"MOTOR VEHICLE STRUCK MOTOR VEHICLE, FRONT END AT ANGLE",,N,Raining,Wet,Daylight,,,,10,Entering at angle,0,0,N
1276356.836,228139.3827,3156,17368,17368,4101040,Unmatched,Block,,E MADISON ST BETWEEN 17TH AVE AND 18TH AVE,,,0,Unknown,,0,0,0,0,0,0,0,2004/04/10 00:00:00+00,4/10/2004,Mid-Block (but intersection related),14,"MOTOR VEHICLE STRUCK MOTOR VEHICLE, REAR END",,,,,,,4101040,,,,0,0,N
1266785.481,200373.8348,3157,17077,17077,1795486,Matched,Block,,HIGHLAND PARK WAY SW BETWEEN WEST MARGINAL WAY SW AND SW OTHELLO ST,,,1,Property Damage Only Collision,Sideswipe,2,0,0,2,0,0,0,2004/10/08 00:00:00+00,10/8/2004,Mid-Block (not related to intersection),16,"MOTOR VEHICLE STRUCK MOTOR VEHICLE, LEFT SIDE SIDESWIPE",,0,Raining,Wet,Dark - Street Lights On,,4282054,Y,11,From same direction - both going straight - both moving - sideswipe,0,0,N
1276203.234,254980.445,3158,17540,17540,1773801,Matched,Block,,15TH AVE NE BETWEEN NE 82ND ST AND NE 85TH ST,,,1,Property Damage Only Collision,Parked Car,2,0,0,2,0,0,0,2004/01/11 00:00:00+00,1/11/2004 2:00,Mid-Block (not related to intersection),16,"MOTOR VEHICLE STRUCK MOTOR VEHICLE, LEFT SIDE SIDESWIPE",,0,Unknown,Unknown,Unknown,,4011017,,32,One parked--one moving,0,0,N
1273903.376,236199.9236,3159,17470,17470,1772256,Matched,Block,,10TH AVE E BETWEEN E NEWTON ST AND E BOSTON ST,,,2,Injury Collision,Parked Car,2,0,0,2,1,0,0,2004/04/18 00:00:00+00,4/18/2004 21:41,Mid-Block (not related to intersection),14,"MOTOR VEHICLE STRUCK MOTOR VEHICLE, REAR END",,0,Overcast,Dry,Dark - Street Lights On,,4109011,,32,One parked--one moving,0,0,N
1275703.881,227754.2321,3160,17122,17122,4215042,Unmatched,Block,,E MADISON ST BETWEEN 15TH AVE AND 16TH AVE,,,0,Unknown,,0,0,0,0,0,0,0,2004/08/02 00:00:00+00,8/2/2004,Mid-Block (not related to intersection),16,"MOTOR VEHICLE STRUCK MOTOR VEHICLE, LEFT SIDE SIDESWIPE",,,,,,,4215042,,,,0,0,N
1281365.428,228275.2882,3161,16698,16698,3593849,Matched,Intersection,30234,34TH AVE AND E OLIVE ST, ,,2,Injury Collision,Angles,2,0,0,2,1,0,0,2013/04/09 00:00:00+00,4/9/2013 17:28,At Intersection (intersection related),11,"MOTOR VEHICLE STRUCK MOTOR VEHICLE, FRONT END AT ANGLE",,N,Clear,Dry,Dusk,,,,10,Entering at angle,0,0,N
1269731.107,222497.5246,3162,17010,17010,1213395,Matched,Intersection,30363,ALASKAN WAY S AND S MAIN ST,,,1,Property Damage Only Collision,Angles,2,0,0,2,0,0,0,2004/07/01 00:00:00+00,7/1/2004,At Intersection (intersection related),0,NOT ENOUGH INFORMATION / NOT APPLICABLE,,0,Clear,Dry,Daylight,,4183007,,10,Entering at angle,0,0,N
1268691.852,266125.1756,3163,304500,305760,E835462,Matched,Block,,N 125TH ST BETWEEN AURORA AVE N AND STONE AVE N, ,,1,Property Damage Only Collision,Other,2,0,0,2,0,0,0,2018/08/13 00:00:00+00,8/13/2018 9:13,Mid-Block (not related to intersection),14,"MOTOR VEHICLE STRUCK MOTOR VEHICLE, REAR END",,N,Clear,Dry,Daylight,,,,23,From same direction - all others,0,0,N
1252210.983,214206.8744,3164,17418,17418,1774841,Matched,Block,,SW WINTHROP ST BETWEEN 57TH AVE SW AND SW HANFORD ST,,,1,Property Damage Only Collision,Parked Car,2,0,0,2,0,0,0,2004/04/01 00:00:00+00,4/1/2004,Mid-Block (not related to intersection),14,"MOTOR VEHICLE STRUCK MOTOR VEHICLE, REAR END",,0,Clear,Dry,Dark - Street Lights On,,4092009,,32,One parked--one moving,0,0,N
1268965.238,227120.8087,3165,16926,16926,1783436,Matched,Block,,4TH AVE BETWEEN STEWART ST AND VIRGINIA ST,,,1,Property Damage Only Collision,Right Turn,2,0,0,2,0,0,0,2004/09/27 00:00:00+00,9/27/2004 10:00,Mid-Block (but intersection related),16,"MOTOR VEHICLE STRUCK MOTOR VEHICLE, LEFT SIDE SIDESWIPE",,0,Clear,Dry,Daylight,,4271024,,16,From same direction - one right turn - one straight,0,0,N
1269242.946,231901.4394,3166,336800,338300,3836579,Matched,Intersection,28744,WESTLAKE AVE N AND VALLEY ST, ,,2,Injury Collision,Pedestrian,2,1,0,1,1,0,0,2021/01/04 00:00:00+00,1/4/2021 7:19,At Intersection (intersection related),24,MOTOR VEHCILE STRUCK PEDESTRIAN,,N,Raining,Wet,Dark - No Street Lights,Y,,,2,Vehicle turning left hits pedestrian,0,0,N
1253322.914,251958.9092,3167,300500,301700,3764386,Matched,Block,,SEAVIEW AVE NW BETWEEN NW 67TH ST AND NW 75TH ST, ,,3,Fatality Collision,Left Turn,2,0,0,2,1,1,1,2018/08/14 00:00:00+00,8/14/2018 9:56,Driveway Junction,11,"MOTOR VEHICLE STRUCK MOTOR VEHICLE, FRONT END AT ANGLE",,N,Clear,Dry,Daylight,,,,28,From opposite direction - one left turn - one straight,0,0,N
1274920.276,247397.9854,3168,16898,16898,3613511,Matched,Block,,NE 55TH ST BETWEEN ROOSEVELT WAY NE AND 11TH AVE NE, ,,1,Property Damage Only Collision,Angles,3,0,0,2,0,0,0,2013/04/14 00:00:00+00,4/14/2013 0:36,Mid-Block (not related to intersection),11,"MOTOR VEHICLE STRUCK MOTOR VEHICLE, FRONT END AT ANGLE",,N,Raining,Wet,Dark - Street Lights Off,,,,10,Entering at angle,0,0,N
1275411.865,222085.1415,3169,308500,309780,E871527,Matched,Block,,S JACKSON ST BETWEEN 14TH AVE S AND 16TH AVE S, ,,1,Property Damage Only Collision,Sideswipe,3,0,0,2,0,0,0,2018/12/06 00:00:00+00,12/6/2018 9:50,Mid-Block (but intersection related),11,"MOTOR VEHICLE STRUCK MOTOR VEHICLE, FRONT END AT ANGLE",Y,N,Clear,Dry,Daylight,,,,11,From same direction - both going straight - both moving - sideswipe,0,0,N
1269942.562,224703.6219,3170,16518,16518,3503940,Matched,Block,,SPRING ST BETWEEN 2ND AVE AND 3RD AVE, ,,2,Injury Collision,Other,4,0,0,2,1,0,0,2013/04/05 00:00:00+00,4/5/2013 10:32,Mid-Block (not related to intersection),14,"MOTOR VEHICLE STRUCK MOTOR VEHICLE, REAR END",,N,Clear,Dry,Daylight,,,,23,From same direction - all others,0,0,N
1255634.184,193917.265,3171,244900,245500,3744243,Matched,Block,,SW WILDWOOD PL BETWEEN 45TH AVE SW AND 46TH AVE SW, ,,1,Property Damage Only Collision,Parked Car,3,0,0,3,0,0,0,2017/07/05 00:00:00+00,7/5/2017 16:04,Mid-Block (not related to intersection),14,"MOTOR VEHICLE STRUCK MOTOR VEHICLE, REAR END",,N,Clear,Dry,Daylight,,,,32,One parked--one moving,0,0,N
1267973.502,230563.6779,3172,17789,17789,4215045,Unmatched,Intersection,28784,7TH AVE N AND HARRISON ST,,,0,Unknown,,0,0,0,0,0,0,0,2004/08/02 00:00:00+00,8/2/2004,At Intersection (intersection related),11,"MOTOR VEHICLE STRUCK MOTOR VEHICLE, FRONT END AT ANGLE",,,,,,,4215045,,,,0,0,N
1280633.633,231763.0292,3173,17876,17876,1789884,Matched,Intersection,29238,LAKE WASHINGTON BLVD E AND E MADISON ST,,,1,Property Damage Only Collision,Left Turn,2,0,0,2,0,0,0,2004/04/20 00:00:00+00,4/20/2004 20:58,At Intersection (intersection related),11,"MOTOR VEHICLE STRUCK MOTOR VEHICLE, FRONT END AT ANGLE",,0,Overcast,Dry,Dark - Street Lights On,,4111019,,28,From opposite direction - one left turn - one straight,0,0,N
1271919.187,222143.9877,3174,17826,17826,1334394,Matched,Block,,S JACKSON ST BETWEEN 5TH AVE S AND 6TH AVE S,,,1,Property Damage Only Collision,Parked Car,2,0,0,2,0,0,0,2004/01/03 00:00:00+00,1/3/2004,Mid-Block (not related to intersection),11,"MOTOR VEHICLE STRUCK MOTOR VEHICLE, FRONT END AT ANGLE",,0,Snowing,Wet,Daylight,,4003016,,32,One parked--one moving,0,0,N
1270470.791,253903.1137,3175,243100,243597,E676107,Matched,Block,,STROUD AVE N BETWEEN EAST GREEN LAKE DR N AND N 80TH W ST, ,,2,Injury Collision,Head On,2,0,0,2,1,0,0,2017/05/26 00:00:00+00,5/26/2017 9:28,Mid-Block (but intersection related),11,"MOTOR VEHICLE STRUCK MOTOR VEHICLE, FRONT END AT ANGLE",,N,Clear,Dry,Daylight,,,,30,From opposite direction - all others,0,0,N
1273614.482,261603.5376,3176,17443,17443,1782095,Matched,Block,,5TH AVE NE BETWEEN NE 106TH ST AND NE NORTHGATE WAY,,,1,Property Damage Only Collision,Rear Ended,2,0,0,2,0,0,0,2004/10/12 00:00:00+00,10/12/2004 16:08,Mid-Block (but intersection related),14,"MOTOR VEHICLE STRUCK MOTOR VEHICLE, REAR END",,0,Clear,Dry,Daylight,,4286011,,14,From same direction - both going straight - one stopped - rear-end,0,0,N
1277234.23,229611.7784,3177,17331,17331,1217280,Matched,Block,,20TH AVE E BETWEEN E JOHN S ST AND E JOHN SR ST,,,1,Property Damage Only Collision,Parked Car,2,0,0,2,0,0,0,2004/08/10 00:00:00+00,8/10/2004 18:30,Mid-Block (not related to intersection),16,"MOTOR VEHICLE STRUCK MOTOR VEHICLE, LEFT SIDE SIDESWIPE",,0,Clear,Dry,Daylight,,4223003,,32,One parked--one moving,0,0,N
1265229.691,239674.787,3178,16969,16969,1213255,Matched,Intersection,28050,1ST AVE N AND FLORENTIA ST,,,2b,Serious Injury Collision,Cycles,3,0,1,1,1,1,0,2004/08/11 00:00:00+00,8/11/2004 18:35,At Intersection (intersection related),18,"MOTOR VEHICLE STRUCK PEDALCYCLIST, FRONT END AT ANGLE",,0,Clear,Dry,Daylight,,4224038,,45,Vehicle - Pedalcyclist,0,0,N
1264590.179,241958.21,3179,313200,314640,3810535,Matched,Block,,NW 36TH ST BETWEEN 1ST AVE NW AND LEARY WAY NW, ,,2,Injury Collision,Other,1,0,0,1,1,0,0,2019/02/04 00:00:00+00,2/4/2019 9:52,Mid-Block (not related to intersection),28,MOTOR VEHICLE RAN OFF ROAD - HIT FIXED OBJECT,Y,N,Snowing,Snow/Slush,Daylight,,,Y,50,Fixed object,0,0,N
1276277.439,212536.7221,3180,17002,17002,4356039,Unmatched,Intersection,32525,BEACON AVE S AND S HINDS ST,,,0,Unknown,,0,0,0,0,0,0,0,2004/12/21 00:00:00+00,12/21/2004,At Intersection (intersection related),11,"MOTOR VEHICLE STRUCK MOTOR VEHICLE, FRONT END AT ANGLE",,,,,,,4356039,,,,0,0,N