X,Y,OBJECTID,INCKEY,COLDETKEY,REPORTNO,STATUS,ADDRTYPE,INTKEY,LOCATION,EXCEPTRSNCODE,EXCEPTRSNDESC,SEVERITYCODE,SEVERITYDESC,COLLISIONTYPE,PERSONCOUNT,PEDCOUNT,PEDCYLCOUNT,VEHCOUNT,INJURIES,SERIOUSINJURIES,FATALITIES,INCDATE,INCDTTM,JUNCTIONTYPE,SDOT_COLCODE,SDOT_COLDESC,INATTENTIONIND,UNDERINFL,WEATHER,ROADCOND,LIGHTCOND,PEDROWNOTGRNT,SDOTCOLNUM,SPEEDING,ST_COLCODE,ST_COLDESC,SEGLANEKEY,CROSSWALKKEY,HITPARKEDCAR
1280346.514,217892.5034,3181,16439,16439,3672288,Matched,Intersection,31396,31ST AVE S AND S MASSACHUSETTS ST, ,,2,Injury Collision,Angles,2,0,0,2,1,0,0,2013/03/27 00:00:00+00,3/27/2013 10:20,At Intersection (intersection related),11,"MOTOR VEHICLE STRUCK MOTOR VEHICLE, FRONT END AT ANGLE",,N,Clear,Dry,Daylight,,,,10,Entering at angle,0,0,N
1276872.833,222953.6661,3182,16779,16779,3593861,Matched,Block,,E YESLER WAY BETWEEN 19TH AVE AND 20TH AVE, ,,1,Property Damage Only Collision,Sideswipe,2,0,0,2,0,0,0,2013/04/11 00:00:00+00,4/11/2013 11:26,Mid-Block (not related to intersection),11,"MOTOR VEHICLE STRUCK MOTOR VEHICLE, FRONT END AT ANGLE",,N,Raining,Wet,Daylight,,,,11,From same direction - both going straight - both moving - sideswipe,0,0,N
1272640.279,229168.2553,3183,335900,337400,3847989,Matched,Block,,E DENNY WAY BETWEEN SUMMIT AVE AND BELMONT AVE E, ,,1,Property Damage Only Collision,Angles,2,0,0,2,0,0,0,2020/11/13 00:00:00+00,11/13/2020 18:30,Mid-Block (not related to intersection),11,"MOTOR VEHICLE STRUCK MOTOR VEHICLE, FRONT END AT ANGLE",,N,Overcast,Dry,Dark - Street Lights On,,,,10,Entering at angle,0,0,N
1261801.622,235534.4382,3184,17593,17593,1213711,Matched,Block,,9TH AVE W BETWEEN W BLAINE ST AND W HOWE ST,,,1,Property Damage Only Collision,Parked Car,2,0,0,2,0,0,0,2004/05/21 00:00:00+00,5/21/2004 14:10,Mid-Block (not related to intersection),14,"MOTOR VEHICLE STRUCK MOTOR VEHICLE, REAR END",,0,Clear,Dry,Daylight,,4142019,,32,One parked--one moving,0,0,N
1271297.803,218914.15,3185,17162,17162,4229045,Unmatched,Intersection,163340,4TH AVE SB OFF RP AND EDGAR MARTINEZ DR S,,,0,Unknown,,0,0,0,0,0,0,0,2004/08/16 00:00:00+00,8/16/2004,At Intersection (intersection related),11,"MOTOR VEHICLE STRUCK MOTOR VEHICLE, FRONT END AT ANGLE",,,,,,,4229045,,,,0,0,N
1269766.657,231485.4169,3186,16467,16467,3582038,Matched,Block,,MERCER NR ST BETWEEN TERRY AVE N AND BOREN AVE N, ,,1,Property Damage Only Collision,Sideswipe,2,0,0,2,0,0,0,2013/04/04 00:00:00+00,4/4/2013 19:26,Mid-Block (but intersection related),11,"MOTOR VEHICLE STRUCK MOTOR VEHICLE, FRONT END AT ANGLE",,N,Raining,Wet,Dusk,,,,11,From same direction - both going straight - both moving - sideswipe,0,0,N
1268176.56,229279.5324,3187,328400,329900,3852427,Matched,Block,,DENNY WAY BETWEEN 7TH NB AVE N AND DEXTER AVE, ,,2,Injury Collision,Rear Ended,2,0,0,2,1,0,0,2020/01/27 00:00:00+00,1/27/2020 23:33,Mid-Block (not related to intersection),14,"MOTOR VEHICLE STRUCK MOTOR VEHICLE, REAR END",,N,Clear,Dry,Dark - Street Lights On,,,,13,From same direction - both going straight - both moving - rear-end,0,0,N
1271552.335,227358.0149,3188,17408,17408,1198626,Unmatched,Intersection,29878,BOREN AVE AND PIKE ST,,,0,Unknown,,0,0,0,0,0,0,0,2004/12/09 00:00:00+00,12/9/2004,At Intersection (intersection related),11,"MOTOR VEHICLE STRUCK MOTOR VEHICLE, FRONT END AT ANGLE",,,,,,,4344032,,,,0,0,N
1282211.219,206352.935,3189,17779,17779,1771696,Matched,Block,,RAINIER AVE S BETWEEN S HUDSON ST AND 39TH N AVE S,,,1,Property Damage Only Collision,Rear Ended,2,0,0,2,0,0,0,2004/04/09 00:00:00+00,4/9/2004,Mid-Block (but intersection related),14,"MOTOR VEHICLE STRUCK MOTOR VEHICLE, REAR END",Y,0,Clear,Dry,Daylight,,4100033,,14,From same direction - both going straight - one stopped - rear-end,0,0,N
1263182.791,234403.7469,3190,17428,17428,1482489,Matched,Block,,W GALER ST BETWEEN 5TH E AVE W AND 5TH W AVE W,,,1,Property Damage Only Collision,Parked Car,2,0,0,2,0,0,0,2004/10/03 00:00:00+00,10/3/2004,Mid-Block (not related to intersection),14,"MOTOR VEHICLE STRUCK MOTOR VEHICLE, REAR END",,1,Clear,Dry,Dark - Street Lights On,,4277003,,32,One parked--one moving,0,0,N
1260938.172,247706.2064,3191,17524,17524,1218595,Matched,Intersection,25423,14TH AVE NW AND NW MARKET ST,,,1,Property Damage Only Collision,Sideswipe,2,0,0,2,0,0,0,2004/05/12 00:00:00+00,5/12/2004 14:09,At Intersection (intersection related),11,"MOTOR VEHICLE STRUCK MOTOR VEHICLE, FRONT END AT ANGLE",,0,Clear,Dry,Daylight,,4133025,,11,From same direction - both going straight - both moving - sideswipe,0,0,N
1261900.964,247685.5766,3192,319800,321300,E913550,Matched,Block,,NW MARKET ST BETWEEN 9TH AVE NW AND 11TH AVE NW, ,,1,Property Damage Only Collision,Rear Ended,3,0,0,2,0,0,0,2019/04/12 00:00:00+00,4/12/2019 9:40,Mid-Block (not related to intersection),14,"MOTOR VEHICLE STRUCK MOTOR VEHICLE, REAR END",,N,Clear,Dry,Daylight,,,,13,From same direction - both going straight - both moving - rear-end,0,0,N
1269958.371,203008.9932,3193,242100,242560,E661603,Matched,Block,,EAST MARGINAL WAY S BETWEEN 1ST AV S BR NB AND S FRONT ST, ,,1,Property Damage Only Collision,Rear Ended,2,0,0,2,0,0,0,2017/04/09 00:00:00+00,4/9/2017 15:35,Mid-Block (not related to intersection),14,"MOTOR VEHICLE STRUCK MOTOR VEHICLE, REAR END",,N,Overcast,Dry,Daylight,,,,14,From same direction - both going straight - one stopped - rear-end,0,0,N
1275313.183,203591.5071,3194,17753,17753,1773334,Unmatched,Block,,S ALBRO PL BETWEEN CORGIAT DR S AND SWIFT AVE S,,,0,Unknown,,0,0,0,0,0,0,0,2004/12/07 00:00:00+00,12/7/2004,Mid-Block (but intersection related),14,"MOTOR VEHICLE STRUCK MOTOR VEHICLE, REAR END",,,,,,,4342036,,,,0,0,N
1255987.825,247800.8483,3195,16832,16832,3501552,Matched,Block,,NW MARKET ST BETWEEN 28TH AVE NW AND NW 54TH ST, ,,1,Property Damage Only Collision,Angles,2,0,0,2,0,0,0,2013/04/12 00:00:00+00,4/12/2013 10:14,Driveway Junction,11,"MOTOR VEHICLE STRUCK MOTOR VEHICLE, FRONT END AT ANGLE",,N,Clear,Dry,Daylight,,,,10,Entering at angle,0,0,N
1272090.96,222599.4835,3196,17190,17190,664811,Matched,Block,,6TH AVE S BETWEEN S WASHINGTON ST AND S MAIN ST,,,1,Property Damage Only Collision,Rear Ended,0,0,0,2,0,0,0,2004/08/06 00:00:00+00,8/6/2004,Mid-Block (but intersection related),14,"MOTOR VEHICLE STRUCK MOTOR VEHICLE, REAR END",,0,Raining,Wet,Daylight,,4219010,,14,From same direction - both going straight - one stopped - rear-end,0,0,N
1271111.812,221960.1116,3197,16430,16430,3643898,Matched,Block,,3RD AVE S BETWEEN DEAD END AND S KING ST, ,,1,Property Damage Only Collision,Sideswipe,3,0,0,2,0,0,0,2013/03/27 00:00:00+00,3/27/2013 21:56,Mid-Block (not related to intersection),16,"MOTOR VEHICLE STRUCK MOTOR VEHICLE, LEFT SIDE SIDESWIPE",,N,Clear,Dry,Dark - Street Lights On,,,,12,From same direction - both going straight - one stopped - sideswipe,0,0,N
1283642.549,197240.1249,3198,16713,16713,3672300,Matched,Block,,S KENYON ST BETWEEN RENTON AVE S AND 44TH PL S, ,,1,Property Damage Only Collision,Parked Car,4,0,0,2,0,0,0,2013/04/09 00:00:00+00,4/9/2013 17:05,Mid-Block (not related to intersection),16,"MOTOR VEHICLE STRUCK MOTOR VEHICLE, LEFT SIDE SIDESWIPE",,N,Clear,Dry,Daylight,,,,32,One parked--one moving,0,0,N
1264851.994,211165.9866,3199,17807,17807,1789045,Matched,Block,,WEST MARGINAL WAY SW BETWEEN MARGINAL SB PL SW AND SW ANDOVER ST,,,2,Injury Collision,Other,2,0,0,2,1,0,0,2004/08/24 00:00:00+00,8/24/2004 9:35,Mid-Block (but intersection related),11,"MOTOR VEHICLE STRUCK MOTOR VEHICLE, FRONT END AT ANGLE",,0,Raining,Wet,Daylight,,4237003,,23,From same direction - all others,0,0,N
1269196.973,225963.1713,3200,17079,17079,1777462,Matched,Block,,PIKE ST BETWEEN 2ND AVE AND 3RD AVE,,,2,Injury Collision,Pedestrian,2,1,0,1,1,0,0,2004/02/10 00:00:00+00,2/10/2004 15:54,Driveway Junction,24,MOTOR VEHCILE STRUCK PEDESTRIAN,Y,0,Clear,Dry,Daylight,Y,4041005,,3,Vehicle backing hits pedestrian,0,0,N
1262070.394,192816.8804,3201,17157,17157,1789338,Matched,Block,,25TH AVE SW BETWEEN SW CAMBRIDGE ST AND SW ROXBURY ST,,,1,Property Damage Only Collision,Other,2,0,0,2,0,0,0,2004/08/31 00:00:00+00,8/31/2004 10:14,Driveway Junction,11,"MOTOR VEHICLE STRUCK MOTOR VEHICLE, FRONT END AT ANGLE",,0,Clear,Dry,Daylight,,4244029,,21,One car entering driveway access,0,0,N
1275888.144,222079.8865,3202,16645,16645,3476793,Unmatched,Block,,S JACKSON ST BETWEEN 16TH AVE S AND 17TH AVE S, ,,0,Unknown,,0,0,0,0,0,0,0,2013/04/08 00:00:00+00,4/8/2013,Mid-Block (not related to intersection),0,NOT ENOUGH INFORMATION / NOT APPLICABLE,,,,,,,,, ,,0,0,N
1279215.195,249943.1157,3203,17842,17842,1782119,Matched,Intersection,24696,26TH AVE NE AND NE 65TH ST,,,1,Property Damage Only Collision,Angles,2,0,0,2,0,0,0,2004/07/20 00:00:00+00,7/20/2004 21:16,At Intersection (intersection related),11,"MOTOR VEHICLE STRUCK MOTOR VEHICLE, FRONT END AT ANGLE",,1,Clear,Dry,Dark - Street Lights On,,4202010,,10,Entering at angle,0,0,N
1278489.939,227033.2023,3204,17339,17339,1220239,Matched,Block,,E UNION ST BETWEEN 24TH AVE AND 25TH AVE,,,2,Injury Collision,Rear Ended,2,0,0,2,1,0,0,2004/09/23 00:00:00+00,9/23/2004 8:45,Mid-Block (not related to intersection),14,"MOTOR VEHICLE STRUCK MOTOR VEHICLE, REAR END",Y,0,Raining,Wet,Daylight,,4267025,,14,From same direction - both going straight - one stopped - rear-end,0,0,N
1268747.575,212104.4983,3205,16985,16985,1785774,Matched,Block,,WEST SEATTLE BR EB BETWEEN 1ST AV S OFF RP AND SPOKANE ST - W SEA B RP,,,2,Injury Collision,Sideswipe,6,0,0,2,4,0,0,2004/06/16 00:00:00+00,6/16/2004 21:00,Mid-Block (not related to intersection),11,"MOTOR VEHICLE STRUCK MOTOR VEHICLE, FRONT END AT ANGLE",,0,Clear,Dry,Daylight,,4168032,Y,11,From same direction - both going straight - both moving - sideswipe,0,0,N
1269806.673,204931.878,3206,314600,316080,3815037,Matched,Intersection,33040,1ST AVE S AND S ORCAS ST, ,,1,Property Damage Only Collision,Angles,2,0,0,2,0,0,0,2019/02/22 00:00:00+00,2/22/2019 12:29,At Intersection (intersection related),11,"MOTOR VEHICLE STRUCK MOTOR VEHICLE, FRONT END AT ANGLE",,N,Raining,Wet,Daylight,,,,10,Entering at angle,0,0,N
1272280.151,259743.4143,3207,18134,18134,1780246,Matched,Block,,1ST AVE NE BETWEEN NE 100TH ST AND NE 103RD ST,,,2,Injury Collision,Rear Ended,2,0,0,2,2,0,0,2004/03/09 00:00:00+00,3/9/2004,Mid-Block (not related to intersection),14,"MOTOR VEHICLE STRUCK MOTOR VEHICLE, REAR END",Y,0,Overcast,Dry,Dusk,,4069026,,14,From same direction - both going straight - one stopped - rear-end,0,0,N
1269004.869,263918.2416,3208,16559,16559,3645765,Matched,Block,,STONE AVE N BETWEEN N 115TH ST AND DEAD END 1,NEI,"Not Enough Information, or Insufficient Location Information",1,Property Damage Only Collision,Parked Car,2,0,0,2,0,0,0,2013/04/04 00:00:00+00,4/4/2013 15:00,,0,NOT ENOUGH INFORMATION / NOT APPLICABLE,,N,Raining,Wet,Daylight,,,,32,One parked--one moving,0,0,N
1270092.515,219319.7667,3209,338700,340200,3881314,Unmatched,Block,,1ST AVE S BETWEEN S ROYAL BROUGHAM WAY AND S ATLANTIC ST, ,,1,Property Damage Only Collision,,2,0,0,0,0,0,0,2021/03/04 00:00:00+00,3/4/2021,Mid-Block (not related to intersection),11,"MOTOR VEHICLE STRUCK MOTOR VEHICLE, FRONT END AT ANGLE",,,,,,,,, ,,0,0,N
1271639.067,224996.6197,3210,17898,17898,1319923,Matched,Block,,MARION ST BETWEEN 7TH AVE AND 8TH AVE,,,2,Injury Collision,Other,1,0,0,1,1,0,0,2004/02/03 00:00:00+00,2/3/2004,Mid-Block (not related to intersection),26,MOTOR VEHICLE STRUCK OBJECT IN ROAD,,0,Clear,Dry,Daylight,,4034014,,50,Fixed object,0,0,N
1273390.519,245449.5323,3211,16958,16958,1780438,Matched,Intersection,25796,5TH AVE NE AND NE 47TH ST,,,1,Property Damage Only Collision,Other,1,0,0,1,0,0,0,2004/05/31 00:00:00+00,5/31/2004 5:01,At Intersection (intersection related),0,NOT ENOUGH INFORMATION / NOT APPLICABLE,,0,Raining,Wet,Dark - Street Lights On,,4152005,,50,Fixed object,0,0,N
1267757.459,200758.0125,3212,16758,16758,2824993,Matched,Intersection,34082,HIGHLAND PARK WAY SW AND WEST MARGINAL WAY SW, ,,2,Injury Collision,Angles,3,0,0,3,1,0,0,2013/04/10 00:00:00+00,4/10/2013 9:03,At Intersection (intersection related),11,"MOTOR VEHICLE STRUCK MOTOR VEHICLE, FRONT END AT ANGLE",,N,Raining,Wet,Daylight,,,,10,Entering at angle,0,0,N
1276426.314,224602.147,3213,16663,16663,3645768,Matched,Intersection,30192,18TH AVE AND E JEFFERSON ST,NEI,"Not Enough Information, or Insufficient Location Information",1,Property Damage Only Collision,Cycles,2,0,1,1,0,0,0,2013/04/08 00:00:00+00,4/8/2013 17:40,At Intersection (intersection related),0,NOT ENOUGH INFORMATION / NOT APPLICABLE,,N,Unknown,Unknown,Daylight,,,,45,Vehicle - Pedalcyclist,10022,0,N
1275939.475,245376.9476,3214,16424,16424,3609133,Matched,Block,,NE 47TH ST BETWEEN UNIVERSITY WAY NE AND 15TH AVE NE, ,,1,Property Damage Only Collision,Parked Car,2,0,0,2,0,0,0,2013/03/28 00:00:00+00,3/28/2013 9:15,Mid-Block (not related to intersection),16,"MOTOR VEHICLE STRUCK MOTOR VEHICLE, LEFT SIDE SIDESWIPE",Y,N,Clear,Dry,Daylight,,,,32,One parked--one moving,0,0,N
1275623.775,230373.3477,3215,16533,16533,3549174,Matched,Intersection,29032,15TH AVE E AND E HARRISON S ST, ,,1,Property Damage Only Collision,Left Turn,6,0,0,2,0,0,0,2013/04/07 00:00:00+00,4/7/2013 12:57,At Intersection (intersection related),11,"MOTOR VEHICLE STRUCK MOTOR VEHICLE, FRONT END AT ANGLE",,N,Raining,Wet,Daylight,,,,15,From same direction - one left turn - one straight,0,0,N
1271450.891,222766.5873,3216,17353,17353,1779498,Matched,Intersection,30494,4TH AVE S AND S WASHINGTON ST,,,2,Injury Collision,Angles,7,0,0,2,1,0,0,2004/07/18 00:00:00+00,7/18/2004 1:21,At Intersection (intersection related),11,"MOTOR VEHICLE STRUCK MOTOR VEHICLE, FRONT END AT ANGLE",,0,Clear,Dry,Dark - Street Lights On,,4200017,,10,Entering at angle,0,0,N
1271552.335,227358.0149,3217,17215,17215,1772651,Matched,Intersection,29878,BOREN AVE AND PIKE ST,,,2,Injury Collision,Angles,3,0,0,2,1,0,0,2004/05/07 00:00:00+00,5/7/2004,At Intersection (intersection related),11,"MOTOR VEHICLE STRUCK MOTOR VEHICLE, FRONT END AT ANGLE",,0,Raining,Wet,Dawn,,4128045,,10,Entering at angle,0,0,N
1267763.17,228649.2832,3218,17392,17392,1214109,Matched,Intersection,29532,5TH AVE AND BATTERY ST,,,2,Injury Collision,Angles,3,0,0,2,1,0,0,2004/07/21 00:00:00+00,7/21/2004 9:45,At Intersection (intersection related),11,"MOTOR VEHICLE STRUCK MOTOR VEHICLE, FRONT END AT ANGLE",,0,Clear,Dry,Daylight,,4203014,,10,Entering at angle,0,0,N
1270138.624,215867.779,3219,17768,17768,4181052,Unmatched,Block,,S STACY ST BETWEEN 1ST AVE S AND OCCIDENTAL AVE S,,,0,Unknown,,0,0,0,0,0,0,0,2004/06/29 00:00:00+00,6/29/2004,Mid-Block (but intersection related),11,"MOTOR VEHICLE STRUCK MOTOR VEHICLE, FRONT END AT ANGLE",,,,,,,4181052,,,,0,0,N
1281882.783,246578.2064,3220,17125,17125,C650882,Matched,Block,,NE 52ND ST BETWEEN 36TH AVE NE AND 37TH AVE NE,,,1,Property Damage Only Collision,Sideswipe,2,0,0,2,0,0,0,2004/12/31 00:00:00+00,12/31/2004 12:45,Mid-Block (not related to intersection),11,"MOTOR VEHICLE STRUCK MOTOR VEHICLE, FRONT END AT ANGLE",,0,Unknown,Unknown,Unknown,,4366036,,12,From same direction - both going straight - one stopped - sideswipe,0,0,N
1280415.848,207961.2215,3221,313800,315280,E894863,Unmatched,Intersection,32733,32ND AVE S AND S ALASKA ST,NEI,"Not Enough Information, or Insufficient Location Information",0,Unknown,,0,0,0,0,0,0,0,2019/02/19 00:00:00+00,2/19/2019,At Intersection (intersection related),0,NOT ENOUGH INFORMATION / NOT APPLICABLE,,,,,,,,, ,,0,0,Y
1279084.666,249945.3963,3222,17286,17286,4209046,Unmatched,Block,,NE 65TH ST BETWEEN 25TH AVE NE AND 26TH AVE NE,,,0,Unknown,,0,0,0,0,0,0,0,2004/07/27 00:00:00+00,7/27/2004,Mid-Block (but intersection related),14,"MOTOR VEHICLE STRUCK MOTOR VEHICLE, REAR END",,,,,,,4209046,,,,0,0,N
1265797.713,241921.8017,3223,325200,326700,E975583,Unmatched,Block,,FRANCIS AVE N BETWEEN N 36TH ST AND N 39TH ST,NEI,"Not Enough Information, or Insufficient Location Information",0,Unknown,,2,0,0,0,0,0,0,2019/10/20 00:00:00+00,10/20/2019,Mid-Block (not related to intersection),13,"MOTOR VEHICLE STRUCK MOTOR VEHICLE, LEFT SIDE AT ANGLE",,,,,,,,, ,,0,0,Y
1267467.822,226741.1918,3224,17551,17551,1783188,Matched,Block,,WESTERN AVE BETWEEN LENORA ST AND BLANCHARD ST,,,1,Property Damage Only Collision,Rear Ended,8,0,0,2,0,0,0,2004/06/26 00:00:00+00,6/26/2004 14:49,Mid-Block (but intersection related),14,"MOTOR VEHICLE STRUCK MOTOR VEHICLE, REAR END",,0,Clear,Dry,Daylight,,4178036,,14,From same direction - both going straight - one stopped - rear-end,0,0,N
1267136.339,229305.9892,3225,16726,16726,3548990,Matched,Block,,DENNY WAY BETWEEN 5TH AVE AND TAYLOR AVE N, ,,1,Property Damage Only Collision,Sideswipe,3,0,0,3,0,0,0,2013/04/08 00:00:00+00,4/8/2013 7:44,Mid-Block (but intersection related),14,"MOTOR VEHICLE STRUCK MOTOR VEHICLE, REAR END",,N,Clear,Dry,Daylight,,,,12,From same direction - both going straight - one stopped - sideswipe,0,0,N
1276356.874,212109.4793,3226,16902,16902,3579301,Matched,Intersection,32536,BEACON AVE S AND S SPOKANE ST, ,,2,Injury Collision,Angles,4,0,0,3,1,0,0,2013/04/14 00:00:00+00,4/14/2013 11:34,At Intersection (intersection related),11,"MOTOR VEHICLE STRUCK MOTOR VEHICLE, FRONT END AT ANGLE",,N,Clear,Dry,Daylight,,,,10,Entering at angle,0,0,N
1277776.5,222252.2212,3227,307700,308980,E866199,Matched,Block,,22ND AVE S BETWEEN S MAIN ST AND S JACKSON ST, ,,1,Property Damage Only Collision,Parked Car,2,0,0,2,0,0,0,2018/11/27 00:00:00+00,11/27/2018 18:21,Mid-Block (not related to intersection),14,"MOTOR VEHICLE STRUCK MOTOR VEHICLE, REAR END",,N,Raining,Wet,Dark - Street Lights On,,,,32,One parked--one moving,0,0,Y
1278200.004,202399.5575,3228,329600,331100,E993458,Matched,Intersection,167416,BEACON ER AVE S AND S EDDY ST, ,,1,Property Damage Only Collision,Angles,3,0,0,2,0,0,0,2019/12/06 00:00:00+00,12/6/2019 17:20,At Intersection (intersection related),11,"MOTOR VEHICLE STRUCK MOTOR VEHICLE, FRONT END AT ANGLE",Y,N,Overcast,Wet,Dusk,,,,10,Entering at angle,0,0,N
1271541.903,229638.1503,3229,17553,17553,1783444,Unmatched,Intersection,29154,EASTLAKE AVE E AND STEWART ST,,,0,Unknown,,0,0,0,0,0,0,0,2004/11/13 00:00:00+00,11/13/2004,At Intersection (intersection related),11,"MOTOR VEHICLE STRUCK MOTOR VEHICLE, FRONT END AT ANGLE",,,,,,,4318022,,,,0,0,N
1256395.443,253065.0381,3230,17795,17795,1480703,Matched,Block,,NW 75TH ST BETWEEN EARL AVE NW AND 28TH AVE NW,,,1,Property Damage Only Collision,Parked Car,2,0,0,2,0,0,0,2004/06/15 00:00:00+00,6/15/2004 21:00,Mid-Block (but intersection related),13,"MOTOR VEHICLE STRUCK MOTOR VEHICLE, LEFT SIDE AT ANGLE",,0,Clear,Dry,Dusk,,4167002,,32,One parked--one moving,0,0,N
1254795.996,244693.2868,3231,17727,17727,1783380,Matched,Intersection,26491,32ND AVE W AND W GOVERNMENT S WAY,,,1,Property Damage Only Collision,Angles,9,0,0,2,0,0,0,2004/08/09 00:00:00+00,8/9/2004,At Intersection (intersection related),11,"MOTOR VEHICLE STRUCK MOTOR VEHICLE, FRONT END AT ANGLE",,0,Clear,Dry,Daylight,,4222018,,10,Entering at angle,0,0,N
1259230.223,199514.9512,3232,17820,17820,1781701,Matched,Block,,35TH AVE SW BETWEEN SW OTHELLO ST AND SW WEBSTER ST,,,1,Property Damage Only Collision,Rear Ended,2,0,0,2,0,0,0,2004/01/27 00:00:00+00,1/27/2004 9:19,Mid-Block (not related to intersection),14,"MOTOR VEHICLE STRUCK MOTOR VEHICLE, REAR END",,0,Clear,Dry,Daylight,,4027021,,14,From same direction - both going straight - one stopped - rear-end,0,0,N
1271857.189,229612.1718,3233,244100,244660,E647747,Unmatched,Block,,MELROSE AVE E BETWEEN E DENNY WAY AND E THOMAS ST,NEI,"Not Enough Information, or Insufficient Location Information",0,Unknown,,2,0,0,0,0,0,0,2017/03/02 00:00:00+00,3/2/2017,Mid-Block (not related to intersection),0,NOT ENOUGH INFORMATION / NOT APPLICABLE,,,,,,,,, ,,0,0,N
1257117.221,216198.8737,3234,16950,16950,4036041,Unmatched,Block,,CALIFORNIA AVE SW BETWEEN SW COLLEGE ST AND SW ADMIRAL WAY,,,0,Unknown,,0,0,0,0,0,0,0,2004/02/05 00:00:00+00,2/5/2004,Mid-Block (but intersection related),11,"MOTOR VEHICLE STRUCK MOTOR VEHICLE, FRONT END AT ANGLE",,,,,,,4036041,,,,0,0,N
1257191.593,248603.4326,3235,17324,17324,1793756,Matched,Block,,NW 58TH ST BETWEEN 24TH AVE NW AND 26TH AVE NW,,,1,Property Damage Only Collision,Parked Car,2,0,0,2,0,0,0,2004/07/24 00:00:00+00,7/24/2004 4:30,Mid-Block (not related to intersection),16,"MOTOR VEHICLE STRUCK MOTOR VEHICLE, LEFT SIDE SIDESWIPE",,0,Clear,Dry,Daylight,,4206029,,32,One parked--one moving,0,0,N
1267581.172,250244.8107,3236,17108,17108,1782080,Matched,Intersection,25577,AURORA AVE N AND WEST GREEN LAKE WAY N,,,2,Injury Collision,Rear Ended,2,0,0,2,1,0,0,2004/06/14 00:00:00+00,6/14/2004 17:30,At Intersection (intersection related),14,"MOTOR VEHICLE STRUCK MOTOR VEHICLE, REAR END",,0,Clear,Dry,Daylight,,4166015,,14,From same direction - both going straight - one stopped - rear-end,0,0,N
1269074.427,200405.7251,3237,16763,16763,3465381,Matched,Block,,2ND AV SW TURN RD BETWEEN HIGHLAND PARK WAY SW AND 2ND AVE SW, ,,2,Injury Collision,Rear Ended,4,0,0,2,2,0,0,2013/04/09 00:00:00+00,4/9/2013 14:02,Mid-Block (but intersection related),14,"MOTOR VEHICLE STRUCK MOTOR VEHICLE, REAR END",Y,N,Clear,Dry,Daylight,,,,74,Same direction -- both turning right -- one stopped -- rear end,0,0,N
1273695.431,231617.6009,3238,16449,16449,3476616,Matched,Block,,E ROY ST BETWEEN BROADWAY E  E AND 10TH W AVE E, ,,1,Property Damage Only Collision,Angles,2,0,0,2,0,0,0,2013/04/04 00:00:00+00,4/4/2013 21:49,Driveway Junction,11,"MOTOR VEHICLE STRUCK MOTOR VEHICLE, FRONT END AT ANGLE",,N,Raining,Wet,Dark - Street Lights On,,,,10,Entering at angle,0,0,N
1269804.427,224621.8044,3239,17058,17058,1215894,Matched,Intersection,29613,2ND AVE AND SPRING ST,,,2,Injury Collision,Angles,5,0,0,2,3,0,0,2004/03/21 00:00:00+00,3/21/2004 2:00,At Intersection (intersection related),11,"MOTOR VEHICLE STRUCK MOTOR VEHICLE, FRONT END AT ANGLE",,0,Clear,Dry,Dark - Street Lights On,,4081018,,10,Entering at angle,0,0,N
1271692.215,223960.6673,3240,16546,16546,3599122,Matched,Intersection,29973,6TH AVE AND JAMES ST, ,,1,Property Damage Only Collision,Left Turn,2,0,0,2,0,0,0,2013/04/05 00:00:00+00,4/5/2013 14:45,At Intersection (intersection related),11,"MOTOR VEHICLE STRUCK MOTOR VEHICLE, FRONT END AT ANGLE",,N,Overcast,Dry,Daylight,,,,28,From opposite direction - one left turn - one straight,0,0,N
1272283.643,260074.6567,3241,17882,17882,1079742,Matched,Intersection,37555,1ST AVE NE AND NE 103RD ST,,,2,Injury Collision,Angles,2,0,0,2,1,0,0,2004/08/23 00:00:00+00,8/23/2004 16:00,At Intersection (intersection related),11,"MOTOR VEHICLE STRUCK MOTOR VEHICLE, FRONT END AT ANGLE",,0,Clear,Dry,Daylight,,4236022,,10,Entering at angle,0,0,N
1273035.925,252498.046,3242,16887,16887,3508248,Matched,Block,,4TH AVE NE BETWEEN WOODLAWN N AVE NE AND NE 75TH ST, ,,1,Property Damage Only Collision,Parked Car,2,0,0,2,0,0,0,2013/04/13 00:00:00+00,4/13/2013 22:00,Mid-Block (not related to intersection),13,"MOTOR VEHICLE STRUCK MOTOR VEHICLE, LEFT SIDE AT ANGLE",,N,Overcast,Wet,Unknown,,,,32,One parked--one moving,0,0,N
1275783.668,230420.766,3243,16650,16650,3615292,Matched,Block,,E HARRISON ST BETWEEN 15TH N AVE E AND 16TH AVE E,NEI,"Not Enough Information, or Insufficient Location Information",1,Property Damage Only Collision,Parked Car,2,0,0,2,0,0,0,2013/04/07 00:00:00+00,4/7/2013 18:00,Mid-Block (not related to intersection),0,NOT ENOUGH INFORMATION / NOT APPLICABLE,,N,Unknown,Unknown,Daylight,,,,32,One parked--one moving,0,0,N