X,Y,OBJECTID,INCKEY,COLDETKEY,REPORTNO,STATUS,ADDRTYPE,INTKEY,LOCATION,EXCEPTRSNCODE,EXCEPTRSNDESC,SEVERITYCODE,SEVERITYDESC,COLLISIONTYPE,PERSONCOUNT,PEDCOUNT,PEDCYLCOUNT,VEHCOUNT,INJURIES,SERIOUSINJURIES,FATALITIES,INCDATE,INCDTTM,JUNCTIONTYPE,SDOT_COLCODE,SDOT_COLDESC,INATTENTIONIND,UNDERINFL,WEATHER,ROADCOND,LIGHTCOND,PEDROWNOTGRNT,SDOTCOLNUM,SPEEDING,ST_COLCODE,ST_COLDESC,SEGLANEKEY,CROSSWALKKEY,HITPARKEDCAR
1268186.502,192788.722,3244,16509,16509,3465581,Matched,Block,,SW CAMBRIDGE PL BETWEEN OLSON PL SW AND 4TH AVE SW, ,,2,Injury Collision,Other,1,0,0,1,1,0,0,2013/04/04 00:00:00+00,4/4/2013 13:24,Mid-Block (not related to intersection),28,MOTOR VEHICLE RAN OFF ROAD - HIT FIXED OBJECT,,N,Raining,Wet,Daylight,,,,50,Fixed object,0,0,N
1271297.803,218914.15,3245,17848,17848,1474748,Matched,Intersection,163340,4TH AVE SB OFF RP AND EDGAR MARTINEZ DR S,,,2,Injury Collision,Sideswipe,4,0,0,2,2,0,0,2004/07/25 00:00:00+00,7/25/2004 2:32,At Intersection (intersection related),16,"MOTOR VEHICLE STRUCK MOTOR VEHICLE, LEFT SIDE SIDESWIPE",Y,1,Clear,Dry,Dark - Street Lights On,,4207026,,81,Same direction -- both turning left -- both moving -- sideswipe,0,0,N
1262197.371,198440.7583,3246,17787,17787,1790803,Matched,Block,,SW HOLDEN ST BETWEEN 24TH AVE SW AND 26TH AVE SW,,,1,Property Damage Only Collision,Parked Car,2,0,0,2,0,0,0,2004/08/20 00:00:00+00,8/20/2004 18:00,Mid-Block (not related to intersection),11,"MOTOR VEHICLE STRUCK MOTOR VEHICLE, FRONT END AT ANGLE",,0,Clear,Dry,Daylight,,4233015,,32,One parked--one moving,0,0,N
1269122.479,226977.8313,3247,17576,17576,4026028,Unmatched,Intersection,29565,4TH AVE AND STEWART ST,,,0,Unknown,,0,0,0,0,0,0,0,2004/01/26 00:00:00+00,1/26/2004,At Intersection (intersection related),18,"MOTOR VEHICLE STRUCK PEDALCYCLIST, FRONT END AT ANGLE",,,,,,,4026028,,,,0,0,N
1260316.382,248933.4715,3248,17378,17378,1794406,Unmatched,Block,,15TH AVE NW BETWEEN NW 59TH ST AND NW 60TH ST,,,0,Unknown,,0,0,0,0,0,0,0,2004/11/01 00:00:00+00,11/1/2004,Mid-Block (not related to intersection),13,"MOTOR VEHICLE STRUCK MOTOR VEHICLE, LEFT SIDE AT ANGLE",,,,,,,4306032,,,,0,0,N
1263483.009,196112.4986,3249,319600,321100,3752681,Matched,Block,,20TH AVE SW BETWEEN SW THISTLE ST AND SW CLOVERDALE ST, ,,1,Property Damage Only Collision,Parked Car,2,0,0,2,0,0,0,2019/05/28 00:00:00+00,5/28/2019 15:59,Mid-Block (not related to intersection),15,"MOTOR VEHICLE STRUCK MOTOR VEHICLE, RIGHT SIDE SIDESWIPE",Y,N,Clear,Dry,Daylight,,,,32,One parked--one moving,0,0,N
1255563.681,251229.0352,3250,241600,242040,3762912,Matched,Intersection,24022,30TH AVE NW AND NW 68TH ST, ,,2,Injury Collision,Angles,3,0,0,2,1,0,0,2017/05/21 00:00:00+00,5/21/2017 16:14,At Intersection (intersection related),11,"MOTOR VEHICLE STRUCK MOTOR VEHICLE, FRONT END AT ANGLE",,N,Clear,Dry,Daylight,,,,10,Entering at angle,0,0,N
1270522.223,226252.9795,3251,245100,245700,3581455,Matched,Block,,UNION ST BETWEEN 6TH AVE AND 7TH AVE, ,,1,Property Damage Only Collision,Sideswipe,4,0,0,2,0,0,0,2017/07/27 00:00:00+00,7/27/2017 22:17,Mid-Block (not related to intersection),14,"MOTOR VEHICLE STRUCK MOTOR VEHICLE, REAR END",,N,Clear,Dry,Dark - Street Lights On,,,,12,From same direction - both going straight - one stopped - sideswipe,0,0,N
1279725.123,263733.0282,3252,17644,17644,1778742,Matched,Block,,LAKE CITY WAY NE BETWEEN 27TH AVE NE AND NE 117TH ST,,,1,Property Damage Only Collision,Rear Ended,2,0,0,2,0,0,0,2004/01/02 00:00:00+00,1/2/2004,Mid-Block (not related to intersection),14,"MOTOR VEHICLE STRUCK MOTOR VEHICLE, REAR END",,0,Overcast,Ice,Daylight,,4002062,,13,From same direction - both going straight - both moving - rear-end,0,0,N
1271409.314,231305.1046,3253,17729,17729,1783443,Unmatched,Block,,MERCER ST BETWEEN YALE AVE N AND EASTLAKE AVE E,,,0,Unknown,,0,0,0,0,0,0,0,2004/11/13 00:00:00+00,11/13/2004,Mid-Block (not related to intersection),11,"MOTOR VEHICLE STRUCK MOTOR VEHICLE, FRONT END AT ANGLE",,,,,,,4318027,,,,0,0,N
1274547.319,255359.4466,3254,17381,17381,1930854,Unmatched,Block,,NE 85TH ST BETWEEN 8TH AVE NE AND ROOSEVELT WAY NE,,,0,Unknown,,0,0,0,0,0,0,0,2004/11/28 00:00:00+00,11/28/2004,Mid-Block (not related to intersection),11,"MOTOR VEHICLE STRUCK MOTOR VEHICLE, FRONT END AT ANGLE",,,,,,,4333014,,,,0,0,N
1278795.832,244884.6665,3255,272900,273740,3754455,Unmatched,Block,,25TH AVE NE BETWEEN NE 44TH ST AND NE 47TH ST,NEI,"Not Enough Information, or Insufficient Location Information",1,Property Damage Only Collision,,1,0,0,0,0,0,0,2018/02/27 00:00:00+00,2/27/2018,Mid-Block (not related to intersection),0,NOT ENOUGH INFORMATION / NOT APPLICABLE,,,,,,,,, ,,0,0,N
1271636.107,262081.398,3256,17444,17444,1782105,Matched,Intersection,36585,CORLISS AVE N AND N NORTHGATE WAY,,,1,Property Damage Only Collision,Angles,3,0,0,2,0,0,0,2004/04/18 00:00:00+00,4/18/2004 8:45,At Intersection (intersection related),11,"MOTOR VEHICLE STRUCK MOTOR VEHICLE, FRONT END AT ANGLE",,0,Clear,Dry,Daylight,,4109001,,10,Entering at angle,0,0,N
1271658.4,215076.9504,3257,17761,17761,1316817,Matched,Intersection,31391,5TH AVE S AND S LANDER ST,,,2,Injury Collision,Angles,4,0,0,2,2,0,0,2004/01/25 00:00:00+00,1/25/2004 9:49,At Intersection (intersection related),11,"MOTOR VEHICLE STRUCK MOTOR VEHICLE, FRONT END AT ANGLE",,0,Clear,Dry,Daylight,,4025003,,10,Entering at angle,0,0,N
1256478.75,220578.4482,3258,17110,17110,1798554,Matched,Block,,ALKI AVE SW BETWEEN SW RHODE ISLAND ST AND SW JERSEY ST,,,1,Property Damage Only Collision,Parked Car,2,0,0,2,0,0,0,2004/07/16 00:00:00+00,7/16/2004 14:34,Mid-Block (not related to intersection),14,"MOTOR VEHICLE STRUCK MOTOR VEHICLE, REAR END",,0,Clear,Dry,Daylight,,4198034,,32,One parked--one moving,0,0,N
1269856.985,202516.4567,3259,17283,17283,4198043,Unmatched,Block,,1ST AV S BR NB BETWEEN EAST MARGINAL WAY S AND 1ST AV S NB OFF RP,,,0,Unknown,,0,0,0,0,0,0,0,2004/07/16 00:00:00+00,7/16/2004,Mid-Block (not related to intersection),14,"MOTOR VEHICLE STRUCK MOTOR VEHICLE, REAR END",,,,,,,4198043,,,,0,0,N
1270720.986,226865.1573,3260,16604,16604,3581936,Matched,Intersection,29893,8TH AVE AND PIKE ST, ,,1,Property Damage Only Collision,Angles,4,0,0,2,0,0,0,2013/04/06 00:00:00+00,4/6/2013 11:38,At Intersection (intersection related),11,"MOTOR VEHICLE STRUCK MOTOR VEHICLE, FRONT END AT ANGLE",,N,Raining,Wet,Daylight,,,,10,Entering at angle,0,0,N
1266902.102,260868.2897,3261,17056,17056,4145044,Unmatched,Block,,N 105TH ST BETWEEN EVANSTON E AVE N AND FREMONT AVE N,,,0,Unknown,,0,0,0,0,0,0,0,2004/05/24 00:00:00+00,5/24/2004,Mid-Block (but intersection related),14,"MOTOR VEHICLE STRUCK MOTOR VEHICLE, REAR END",,,,,,,4145044,,,,0,0,N
1272643.953,224880.3319,3262,317200,318700,E907583,Matched,Intersection,29941,CHERRY ST AND TERRY AVE, ,,1,Property Damage Only Collision,Angles,2,0,0,2,0,0,0,2019/03/08 00:00:00+00,3/8/2019 9:45,At Intersection (intersection related),11,"MOTOR VEHICLE STRUCK MOTOR VEHICLE, FRONT END AT ANGLE",,N,Overcast,Wet,Daylight,,,,10,Entering at angle,0,0,N
1281337.266,268075.5291,3263,17886,17886,1782244,Matched,Block,,LAKE CITY WAY NE BETWEEN NE 133RD ST AND NE 135TH ST,,,1,Property Damage Only Collision,Parked Car,3,0,0,3,0,0,0,2004/07/05 00:00:00+00,7/5/2004,Mid-Block (not related to intersection),14,"MOTOR VEHICLE STRUCK MOTOR VEHICLE, REAR END",,0,Clear,Dry,Daylight,,4187012,,32,One parked--one moving,0,0,N
1272504.605,237972.0249,3264,17308,17308,1789658,Matched,Block,,EASTLAKE AVE E BETWEEN E LOUISA ST AND E ROANOKE ST,,,1,Property Damage Only Collision,Sideswipe,2,0,0,2,0,0,0,2004/01/15 00:00:00+00,1/15/2004 17:36,Mid-Block (but intersection related),16,"MOTOR VEHICLE STRUCK MOTOR VEHICLE, LEFT SIDE SIDESWIPE",,0,Clear,Wet,Dark - Street Lights On,,4015004,,11,From same direction - both going straight - both moving - sideswipe,0,0,N
1271899.28,225506.2568,3265,16473,16473,3548986,Matched,Intersection,29925,9TH AVE AND MADISON ST, ,,1,Property Damage Only Collision,Angles,4,0,0,2,0,0,0,2013/04/03 00:00:00+00,4/3/2013 11:20,At Intersection (intersection related),11,"MOTOR VEHICLE STRUCK MOTOR VEHICLE, FRONT END AT ANGLE",,N,Clear,Dry,Daylight,,,,10,Entering at angle,0,0,N
1262739.523,210740.9372,3266,16676,16676,3465558,Matched,Block,,DELRIDGE WAY SW BETWEEN SW ANDOVER ST AND SW DAKOTA ST, ,,2,Injury Collision,Rear Ended,5,0,0,5,1,0,0,2013/04/09 00:00:00+00,4/9/2013 8:09,Mid-Block (not related to intersection),14,"MOTOR VEHICLE STRUCK MOTOR VEHICLE, REAR END",,N,Overcast,Dry,Daylight,,,,13,From same direction - both going straight - both moving - rear-end,0,0,N
1267504.76,251823.1981,3267,17701,17701,1930680,Unmatched,Intersection,24331,LINDEN AVE N AND N 71ST ST,,,0,Unknown,,0,0,0,0,0,0,0,2004/12/09 00:00:00+00,12/9/2004,At Intersection (intersection related),14,"MOTOR VEHICLE STRUCK MOTOR VEHICLE, REAR END",,,,,,,4344039,,,,0,0,N
1281255.487,209159.9431,3268,17634,17634,1783952,Unmatched,Intersection,32715,RAINIER AVE S AND S GENESEE S ST,,,0,Unknown,,0,0,0,0,0,0,0,2004/11/12 00:00:00+00,11/12/2004,At Intersection (intersection related),11,"MOTOR VEHICLE STRUCK MOTOR VEHICLE, FRONT END AT ANGLE",,,,,,,4317013,,,,0,0,N
1275827.33,246320.5698,3269,17870,17870,1778667,Matched,Block,,UNIVERSITY WAY NE BETWEEN NE 50TH ST AND NE 52ND ST,,,1,Property Damage Only Collision,Parked Car,2,0,0,2,0,0,0,2004/04/22 00:00:00+00,4/22/2004 17:40,Mid-Block (not related to intersection),11,"MOTOR VEHICLE STRUCK MOTOR VEHICLE, FRONT END AT ANGLE",,0,Clear,Dry,Daylight,,4113019,,32,One parked--one moving,0,0,N
1269856.935,207470.937,3270,17514,17514,1781282,Matched,Block,,1ST AVE S BETWEEN 1ST AV S VI AND S HUDSON ST,,,3,Fatality Collision,Parked Car,3,0,0,2,1,0,1,2004/02/25 00:00:00+00,2/25/2004 2:35,Mid-Block (not related to intersection),14,"MOTOR VEHICLE STRUCK MOTOR VEHICLE, REAR END",,1,Clear,Dry,Dark - Street Lights On,,4056010,,32,One parked--one moving,0,0,N
1271891.519,220919.7479,3271,296800,297920,3755150,Matched,Block,,S DEARBORN ST BETWEEN SEATTLE BLVD S AND 6TH AVE S, ,,1,Property Damage Only Collision,Sideswipe,2,0,0,2,0,0,0,2018/07/12 00:00:00+00,7/12/2018 14:00,Mid-Block (not related to intersection),16,"MOTOR VEHICLE STRUCK MOTOR VEHICLE, LEFT SIDE SIDESWIPE",,N,Clear,Dry,Daylight,,,,11,From same direction - both going straight - both moving - sideswipe,0,0,N
1275329.41,247704.3409,3272,270100,270900,3767420,Matched,Intersection,25747,12TH AVE NE AND NE 56TH ST, ,,1,Property Damage Only Collision,Parked Car,2,0,0,2,0,0,0,2018/02/11 00:00:00+00,2/11/2018 1:45,At Intersection (but not related to intersection),14,"MOTOR VEHICLE STRUCK MOTOR VEHICLE, REAR END",,N,Clear,Dry,Dark - Street Lights On,,,,32,One parked--one moving,0,0,Y
1274838.712,215970.8454,3273,17747,17747,1787962,Matched,Block,,14TH AVE S BETWEEN S COLLEGE ST AND BEACON AVE S,,,2b,Serious Injury Collision,Cycles,2,0,1,1,1,1,0,2004/07/01 00:00:00+00,7/1/2004,Driveway Junction,18,"MOTOR VEHICLE STRUCK PEDALCYCLIST, FRONT END AT ANGLE",Y,0,Overcast,Dry,Daylight,,4183021,,45,Vehicle - Pedalcyclist,0,0,N
1279691.762,230853.6022,3274,16831,16831,3605990,Matched,Intersection,29253,28TH AVE E AND E MADISON ST, ,,1,Property Damage Only Collision,Rear Ended,2,0,0,2,0,0,0,2013/04/12 00:00:00+00,4/12/2013 22:56,At Intersection (intersection related),14,"MOTOR VEHICLE STRUCK MOTOR VEHICLE, REAR END",,N,Raining,Wet,Dark - Street Lights On,,,,13,From same direction - both going straight - both moving - rear-end,0,0,N
1268591.662,208757.3354,3275,17041,17041,1787920,Matched,Intersection,32192,DIAGONAL AVE S AND EAST MARGINAL WAY S,,,1,Property Damage Only Collision,Sideswipe,2,0,0,2,0,0,0,2004/07/10 00:00:00+00,7/10/2004 7:54,At Intersection (intersection related),16,"MOTOR VEHICLE STRUCK MOTOR VEHICLE, LEFT SIDE SIDESWIPE",,0,Clear,Dry,Daylight,,4192034,,11,From same direction - both going straight - both moving - sideswipe,0,0,N
1271466.343,225605.6644,3276,16602,16602,3581417,Matched,Intersection,29926,8TH AVE AND SPRING ST, ,,1,Property Damage Only Collision,Angles,2,0,0,2,0,0,0,2013/04/07 00:00:00+00,4/7/2013 11:11,At Intersection (intersection related),11,"MOTOR VEHICLE STRUCK MOTOR VEHICLE, FRONT END AT ANGLE",Y,N,Raining,Wet,Daylight,,,,10,Entering at angle,0,0,N
1268928.177,230113.764,3277,16699,16699,3599346,Matched,Intersection,28790,9TH AVE N AND THOMAS ST, ,,1,Property Damage Only Collision,Angles,2,0,0,2,0,0,0,2013/04/09 00:00:00+00,4/9/2013 10:59,At Intersection (intersection related),11,"MOTOR VEHICLE STRUCK MOTOR VEHICLE, FRONT END AT ANGLE",Y,N,Clear,Dry,Daylight,,,,10,Entering at angle,0,0,N
1264349.682,260143.4083,3278,17660,17660,1773818,Matched,Block,,3RD AVE NW BETWEEN HOLMAN RD NW AND NW 103RD S ST,,,1,Property Damage Only Collision,Parked Car,2,0,0,2,0,0,0,2004/05/01 00:00:00+00,5/1/2004,Mid-Block (but intersection related),11,"MOTOR VEHICLE STRUCK MOTOR VEHICLE, FRONT END AT ANGLE",,0,Clear,Dry,Dark - Street Lights On,,4122021,,32,One parked--one moving,0,0,N
1277617.841,214430.1219,3279,17231,17231,1774996,Matched,Intersection,31631,23RD AVE S AND S MCCLELLAN ST,,,1,Property Damage Only Collision,Angles,4,0,0,2,0,0,0,2004/08/25 00:00:00+00,8/25/2004 22:24,At Intersection (intersection related),11,"MOTOR VEHICLE STRUCK MOTOR VEHICLE, FRONT END AT ANGLE",,0,Overcast,Dry,Dark - Street Lights On,,4238035,,10,Entering at angle,0,0,N
1270039.086,195538.9556,3280,16875,16875,3504832,Matched,Block,,CLOVERDALE ST OFF RP BETWEEN SR509 NB CLOVERDALE RP AND S CLOVERDALE ST, ,,1,Property Damage Only Collision,Other,1,0,0,1,0,0,0,2013/04/14 00:00:00+00,4/14/2013 2:07,Mid-Block (not related to intersection),28,MOTOR VEHICLE RAN OFF ROAD - HIT FIXED OBJECT,,Y,Overcast,Wet,Dark - Street Lights On,,,,50,Fixed object,0,0,N
1270077.43,218559.905,3281,306000,307280,E852560,Matched,Block,,1ST AVE S BETWEEN S ATLANTIC ST AND S MASSACHUSETTS ST, ,,2,Injury Collision,Other,2,0,0,2,2,0,0,2018/10/15 00:00:00+00,10/15/2018 18:04,Mid-Block (not related to intersection),11,"MOTOR VEHICLE STRUCK MOTOR VEHICLE, FRONT END AT ANGLE",,N,Clear,Dry,Dusk,,,,23,From same direction - all others,0,0,N
1279536.792,220279.6868,3282,17403,17403,1074637,Matched,Block,,S CHARLES ST BETWEEN 28TH AVE S AND 29TH AVE S,,,1,Property Damage Only Collision,Parked Car,2,0,0,2,0,0,0,2004/04/04 00:00:00+00,4/4/2004,Mid-Block (not related to intersection),11,"MOTOR VEHICLE STRUCK MOTOR VEHICLE, FRONT END AT ANGLE",,0,Clear,Dry,Dark - Street Lights On,,4095007,,32,One parked--one moving,0,0,N
1268624.867,244767.2729,3283,17626,17626,1794526,Matched,Block,,STONE WAY N BETWEEN N ALLEN PL AND N 45TH ST,,,1,Property Damage Only Collision,Other,1,0,0,1,0,0,0,2004/09/29 00:00:00+00,9/29/2004 9:03,Mid-Block (but intersection related),28,MOTOR VEHICLE RAN OFF ROAD - HIT FIXED OBJECT,,0,Overcast,Dry,Daylight,,4273026,,50,Fixed object,0,0,N
1277767.391,238892.5713,3284,17128,17128,1798853,Unmatched,Block,,MONTLAKE BLVD E BETWEEN MONTLAKE BV ON RP AND E HAMLIN ST,,,0,Unknown,,0,0,0,0,0,0,0,2004/08/23 00:00:00+00,8/23/2004,Mid-Block (not related to intersection),14,"MOTOR VEHICLE STRUCK MOTOR VEHICLE, REAR END",,,,,,,4236033,,,,0,0,N
1281670.324,263340.281,3285,16692,16692,3501876,Matched,Block,,35TH AVE NE BETWEEN NE 115TH ST AND 34TH AVE NE, ,,2,Injury Collision,Head On,2,0,0,2,2,0,0,2013/04/07 00:00:00+00,4/7/2013 8:56,Mid-Block (not related to intersection),11,"MOTOR VEHICLE STRUCK MOTOR VEHICLE, FRONT END AT ANGLE",,N,Raining,Wet,Daylight,,,,24,From opposite direction - both moving - head-on,0,0,N
1265180.587,245326.6037,3286,16863,16863,3504321,Matched,Intersection,336874,N 46TH ST AND N MARKET E ST, ,,2,Injury Collision,Other,1,0,0,1,1,0,0,2013/03/13 00:00:00+00,3/13/2013 9:10,At Intersection (intersection related),28,MOTOR VEHICLE RAN OFF ROAD - HIT FIXED OBJECT,Y,N,Clear,Dry,Daylight,,,,50,Fixed object,0,0,N
1277852.641,257256.8972,3287,17564,17564,1794837,Matched,Intersection,37744,LAKE CITY WAY NE AND NE 92ND ST,,,2,Injury Collision,Rear Ended,2,0,0,2,1,0,0,2004/11/16 00:00:00+00,11/16/2004 15:58,At Intersection (but not related to intersection),14,"MOTOR VEHICLE STRUCK MOTOR VEHICLE, REAR END",Y,0,Raining,Wet,Dusk,,4321016,,13,From same direction - both going straight - both moving - rear-end,0,0,N
1255604.642,253742.0886,3288,17065,17065,1780215,Matched,Intersection,23977,30TH AVE NW AND NW 77TH ST,,,2,Injury Collision,Angles,2,0,0,2,1,0,0,2004/01/31 00:00:00+00,1/31/2004 17:10,At Intersection (intersection related),11,"MOTOR VEHICLE STRUCK MOTOR VEHICLE, FRONT END AT ANGLE",,0,Raining,Wet,Dark - Street Lights On,,4031026,,10,Entering at angle,0,0,N
1278922.432,260837.5165,3289,16734,16734,3568638,Matched,Block,,LAKE CITY WAY NE BETWEEN 24TH AVE NE AND NE 107TH ST, ,,1,Property Damage Only Collision,Rear Ended,4,0,0,2,0,0,0,2013/04/07 00:00:00+00,4/7/2013 14:15,Mid-Block (not related to intersection),14,"MOTOR VEHICLE STRUCK MOTOR VEHICLE, REAR END",,N,Raining,Wet,Daylight,,,,13,From same direction - both going straight - both moving - rear-end,0,0,N
1268392.727,234418.6115,3290,321500,323000,3811842,Matched,Block,,DEXTER AVE N BETWEEN GALER ST AND GARFIELD S ST, ,,1,Property Damage Only Collision,Parked Car,2,0,0,2,0,0,0,2019/07/14 00:00:00+00,7/14/2019 15:51,Mid-Block (not related to intersection),14,"MOTOR VEHICLE STRUCK MOTOR VEHICLE, REAR END",,N,Clear,Dry,Daylight,,,,32,One parked--one moving,0,0,Y
1272295.528,262062.2952,3291,17236,17236,4135045,Unmatched,Intersection,36586,1ST AVE NE AND NE NORTHGATE WAY,,,0,Unknown,,0,0,0,0,0,0,0,2004/05/14 00:00:00+00,5/14/2004,At Intersection (intersection related),11,"MOTOR VEHICLE STRUCK MOTOR VEHICLE, FRONT END AT ANGLE",,,,,,,4135045,,,,0,0,N
,,3292,16743,16743,3615004,Matched,,,,NEI,"Not Enough Information, or Insufficient Location Information",1,Property Damage Only Collision,Parked Car,2,0,0,2,0,0,0,2013/04/08 00:00:00+00,4/8/2013 12:30,,0,NOT ENOUGH INFORMATION / NOT APPLICABLE,,N,Overcast,Dry,Daylight,,,,32,One parked--one moving,0,0,N
1277764.087,216859.9187,3293,16664,16664,3671809,Matched,Block,,23RD AVE S BETWEEN S PLUM ST AND RAINIER AVE S, ,,1,Property Damage Only Collision,Rear Ended,0,0,0,2,0,0,0,2013/04/08 00:00:00+00,4/8/2013 7:50,Mid-Block (not related to intersection),14,"MOTOR VEHICLE STRUCK MOTOR VEHICLE, REAR END",,N,Overcast,Dry,Daylight,,,,14,From same direction - both going straight - one stopped - rear-end,0,0,N
1270687.172,224077.7696,3294,16416,16416,3852065,Matched,Block,,COLUMBIA ST BETWEEN 3RD AVE AND 4TH AVE, ,,1,Property Damage Only Collision,Parked Car,2,0,0,2,0,0,0,2020/10/21 00:00:00+00,10/21/2020 12:29,Mid-Block (not related to intersection),14,"MOTOR VEHICLE STRUCK MOTOR VEHICLE, REAR END",,N,Overcast,Wet,Daylight,,,,32,One parked--one moving,0,0,N
1268385.368,268124.5043,3295,206900,207100,3775785,Matched,Block,,AURORA AVE N BETWEEN N 130TH ST AND N 135TH ST,NEI,"Not Enough Information, or Insufficient Location Information",1,Property Damage Only Collision,Other,2,0,0,2,0,0,0,2015/11/13 00:00:00+00,11/13/2015 15:30,Mid-Block (not related to intersection),0,NOT ENOUGH INFORMATION / NOT APPLICABLE,Y,N,Raining,Wet,Dusk,,,,23,From same direction - all others,0,0,N
1276932.083,212098.2077,3296,17799,17799,1474219,Matched,Block,,S SPOKANE ST BETWEEN 19TH AVE S AND 20TH AVE S,,,2,Injury Collision,Rear Ended,5,0,0,2,1,0,0,2004/03/17 00:00:00+00,3/17/2004 8:47,Mid-Block (not related to intersection),14,"MOTOR VEHICLE STRUCK MOTOR VEHICLE, REAR END",,0,Raining,Wet,Daylight,,4077001,,14,From same direction - both going straight - one stopped - rear-end,0,0,N
1270054.452,217404.5662,3297,16802,16802,3615029,Unmatched,Intersection,31345,1ST AVE S AND S HOLGATE ST,NEI,"Not Enough Information, or Insufficient Location Information",0,Unknown,,0,0,0,0,0,0,0,2013/04/11 00:00:00+00,4/11/2013,At Intersection (intersection related),0,NOT ENOUGH INFORMATION / NOT APPLICABLE,,,,,,,,, ,,0,0,N
,,3298,17827,17827,1969463,Unmatched,Block,,S SPOKANE NR ST BETWEEN 1ST AV S ON RP AND 1ST AVE S,,,0,Unknown,,0,0,0,0,0,0,0,2004/12/06 00:00:00+00,12/6/2004,Mid-Block (but intersection related),14,"MOTOR VEHICLE STRUCK MOTOR VEHICLE, REAR END",,,,,,,4341014,,,,0,0,N
1273130.262,197313.2359,3299,17766,17766,1789436,Unmatched,Block,,10TH AVE S BETWEEN S KENYON ST AND S ELMGROVE ST,,,0,Unknown,,0,0,0,0,0,0,0,2004/10/31 00:00:00+00,10/31/2004,Mid-Block (but intersection related),26,MOTOR VEHICLE STRUCK OBJECT IN ROAD,,,,,,,4305003,,,,0,0,N
1269820.322,205622.6678,3300,16979,16979,1783933,Matched,Block,,1ST AVE S BETWEEN S BRANDON ST AND S LUCILE ST,,,2,Injury Collision,Rear Ended,3,0,0,3,2,0,0,2004/12/15 00:00:00+00,12/15/2004 17:09,Mid-Block (but intersection related),14,"MOTOR VEHICLE STRUCK MOTOR VEHICLE, REAR END",,0,Overcast,Dry,Dark - Street Lights On,,4350007,,14,From same direction - both going straight - one stopped - rear-end,0,0,N
1279195.25,221347.4532,3301,16860,16860,3615030,Matched,Block,,M L KING JR WAY S BETWEEN S KING ST AND S LANE ST,NEI,"Not Enough Information, or Insufficient Location Information",2,Injury Collision,Rear Ended,2,0,0,2,1,0,0,2013/04/12 00:00:00+00,4/12/2013 11:10,,0,NOT ENOUGH INFORMATION / NOT APPLICABLE,,N,Clear,Unknown,Daylight,,,,14,From same direction - both going straight - one stopped - rear-end,0,0,N
1268281.414,257796.2546,3302,324300,325800,3641783,Matched,Block,,AURORA AVE N BETWEEN N 93RD ST AND N 94TH ST, ,,1,Property Damage Only Collision,Rear Ended,2,0,0,2,0,0,0,2019/10/04 00:00:00+00,10/4/2019 1:02,Mid-Block (not related to intersection),14,"MOTOR VEHICLE STRUCK MOTOR VEHICLE, REAR END",Y,N,Clear,Dry,Dark - Street Lights On,,,,14,From same direction - both going straight - one stopped - rear-end,0,0,N
1274500.346,244080.0855,3303,17714,17714,1773588,Matched,Block,,NE 43RD ST BETWEEN 9TH AVE NE AND ROOSEVELT S WAY NE,,,1,Property Damage Only Collision,Parked Car,2,0,0,2,0,0,0,2004/05/06 00:00:00+00,5/6/2004,Mid-Block (not related to intersection),14,"MOTOR VEHICLE STRUCK MOTOR VEHICLE, REAR END",Y,0,Clear,Dry,Daylight,,4127015,,32,One parked--one moving,0,0,N
1280945.312,267102.5404,3304,16549,16549,3609043,Matched,Block,,NE 130TH ST BETWEEN 31ST AVE NE AND LAKE CITY WAY NE, ,,2,Injury Collision,Angles,2,0,0,2,1,0,0,2013/04/05 00:00:00+00,4/5/2013 12:24,Mid-Block (not related to intersection),11,"MOTOR VEHICLE STRUCK MOTOR VEHICLE, FRONT END AT ANGLE",,N,Overcast,Dry,Daylight,,,,10,Entering at angle,0,0,N
1270112.278,220298.7505,3305,17311,17311,1776233,Matched,Block,,1ST AVE S BETWEEN RAILROAD S WAY S AND S ROYAL BROUGHAM WAY,,,2,Injury Collision,Rear Ended,3,0,0,2,1,0,0,2004/02/01 00:00:00+00,2/1/2004,Mid-Block (not related to intersection),14,"MOTOR VEHICLE STRUCK MOTOR VEHICLE, REAR END",,0,Clear,Dry,Daylight,,4032022,,14,From same direction - both going straight - one stopped - rear-end,0,0,N
1277597.814,238487.5497,3306,308600,309880,E872656,Matched,Block,,MONTLAKE BV ON RP BETWEEN SR520 WB AND MONTLAKE BLVD E, ,,1,Property Damage Only Collision,Rear Ended,4,0,0,2,0,0,0,2018/12/10 00:00:00+00,12/10/2018 11:55,Mid-Block (but intersection related),14,"MOTOR VEHICLE STRUCK MOTOR VEHICLE, REAR END",Y,N,Clear,Wet,Daylight,,,,14,From same direction - both going straight - one stopped - rear-end,0,0,N
1267536.229,228855.6965,3307,330200,331700,EA24681,Matched,Intersection,29671,5TH AVE AND WALL ST, ,,1,Property Damage Only Collision,Angles,2,0,0,2,0,0,0,2020/03/16 00:00:00+00,3/16/2020 11:59,At Intersection (intersection related),11,"MOTOR VEHICLE STRUCK MOTOR VEHICLE, FRONT END AT ANGLE",,N,Clear,Dry,Daylight,,,,10,Entering at angle,0,0,N
1278937.392,216126.1425,3308,17552,17552,1783954,Matched,Block,,M L KING JR WAY S BETWEEN S WALKER ST AND S BAYVIEW N ST,,,1,Property Damage Only Collision,Rear Ended,5,0,0,2,0,0,0,2004/11/18 00:00:00+00,11/18/2004 8:40,Mid-Block (not related to intersection),14,"MOTOR VEHICLE STRUCK MOTOR VEHICLE, REAR END",,0,Clear,Dry,Daylight,,4323024,,13,From same direction - both going straight - both moving - rear-end,0,0,N