X,Y,OBJECTID,INCKEY,COLDETKEY,REPORTNO,STATUS,ADDRTYPE,INTKEY,LOCATION,EXCEPTRSNCODE,EXCEPTRSNDESC,SEVERITYCODE,SEVERITYDESC,COLLISIONTYPE,PERSONCOUNT,PEDCOUNT,PEDCYLCOUNT,VEHCOUNT,INJURIES,SERIOUSINJURIES,FATALITIES,INCDATE,INCDTTM,JUNCTIONTYPE,SDOT_COLCODE,SDOT_COLDESC,INATTENTIONIND,UNDERINFL,WEATHER,ROADCOND,LIGHTCOND,PEDROWNOTGRNT,SDOTCOLNUM,SPEEDING,ST_COLCODE,ST_COLDESC,SEGLANEKEY,CROSSWALKKEY,HITPARKEDCAR
1284165.076,191817.8378,3309,17486,17486,1784054,Matched,Block,,BEACON AVE S BETWEEN S FLETCHER ST AND S BOND ST,,,2,Injury Collision,Head On,4,0,0,2,2,0,0,2004/12/04 00:00:00+00,12/4/2004,Mid-Block (not related to intersection),11,"MOTOR VEHICLE STRUCK MOTOR VEHICLE, FRONT END AT ANGLE",,0,Raining,Wet,Daylight,,4339017,Y,24,From opposite direction - both moving - head-on,0,0,N
1267884.078,236230.1929,3310,17728,17728,1783440,Unmatched,Block,,AURORA AVE N BETWEEN HOWE ST AND LYNN ST,,,0,Unknown,,0,0,0,0,0,0,0,2004/10/30 00:00:00+00,10/30/2004,Mid-Block (not related to intersection),26,MOTOR VEHICLE STRUCK OBJECT IN ROAD,,,,,,,4304002,,,,0,0,N
1280729.433,266116.4105,3311,17532,17532,1105424,Matched,Block,,LAKE CITY WAY NE BETWEEN NE 125TH ST AND NE 127TH ST,,,2,Injury Collision,Rear Ended,6,0,0,3,1,0,0,2004/11/26 00:00:00+00,11/26/2004 19:13,Mid-Block (not related to intersection),14,"MOTOR VEHICLE STRUCK MOTOR VEHICLE, REAR END",,0,Raining,Wet,Dark - Street Lights On,,4331001,,14,From same direction - both going straight - one stopped - rear-end,0,0,N
1280032.289,264461.9806,3312,320200,321700,E930167,Matched,Intersection,36622,LAKE CITY WAY NE AND NE 120TH ST, ,,1,Property Damage Only Collision,Left Turn,4,0,0,2,0,0,0,2019/06/12 00:00:00+00,6/12/2019 10:00,At Intersection (intersection related),11,"MOTOR VEHICLE STRUCK MOTOR VEHICLE, FRONT END AT ANGLE",,N,Clear,Dry,Daylight,,,,28,From opposite direction - one left turn - one straight,0,0,N
1273000.125,246124.4689,3313,224100,224380,3734043,Matched,Block,,NE 50TH ST BETWEEN LATONA E AVE NE AND 4TH AVE NE, ,,1,Property Damage Only Collision,Sideswipe,2,0,0,2,0,0,0,2016/07/16 00:00:00+00,7/16/2016 16:33,Mid-Block (not related to intersection),11,"MOTOR VEHICLE STRUCK MOTOR VEHICLE, FRONT END AT ANGLE",,N,Clear,Dry,Daylight,,,,11,From same direction - both going straight - both moving - sideswipe,0,0,N
1269450.543,227338.7079,3314,16818,16818,3208661,Matched,Intersection,29555,STEWART ST AND WESTLAKE AVE, ,,2,Injury Collision,Other,1,0,0,1,1,0,0,2013/04/14 00:00:00+00,4/14/2013 1:14,At Intersection (intersection related),28,MOTOR VEHICLE RAN OFF ROAD - HIT FIXED OBJECT,,Y,Raining,Wet,Dark - Street Lights On,,,,50,Fixed object,0,0,N
1281845.894,202435.532,3315,17758,17758,C649428,Matched,Block,,M L KING JR ER WAY S BETWEEN S GRAHAM ST AND S EDDY ST,,,2,Injury Collision,Rear Ended,2,0,0,2,1,0,0,2004/10/20 00:00:00+00,10/20/2004 13:15,Mid-Block (not related to intersection),14,"MOTOR VEHICLE STRUCK MOTOR VEHICLE, REAR END",,0,Clear,Sand/Mud/Dirt,Daylight,,4294038,,14,From same direction - both going straight - one stopped - rear-end,0,0,N
1280323.489,265153.0387,3316,16840,16840,3501853,Matched,Block,,LAKE CITY WAY NE BETWEEN NE 123RD ST AND 30TH N AVE NE, ,,1,Property Damage Only Collision,Sideswipe,3,0,0,3,0,0,0,2013/04/13 00:00:00+00,4/13/2013 15:00,Mid-Block (but intersection related),16,"MOTOR VEHICLE STRUCK MOTOR VEHICLE, LEFT SIDE SIDESWIPE",,N,Raining,Wet,Daylight,,,,12,From same direction - both going straight - one stopped - sideswipe,0,0,N
1274852.494,251374.7632,3317,17188,17188,1793915,Matched,Intersection,24464,ROOSEVELT WAY NE AND NE 70TH ST,,,1,Property Damage Only Collision,Angles,2,0,0,2,0,0,0,2004/10/20 00:00:00+00,10/20/2004 22:20,At Intersection (intersection related),11,"MOTOR VEHICLE STRUCK MOTOR VEHICLE, FRONT END AT ANGLE",,0,Clear,Dry,Dark - Street Lights On,,4294013,,10,Entering at angle,0,0,N
1256093.143,205619.5436,3318,322900,324400,E954477,Unmatched,Block,,45TH AVE SW BETWEEN SW BRANDON ST AND SW FINDLAY ST,NEI,"Not Enough Information, or Insufficient Location Information",0,Unknown,,2,0,0,0,0,0,0,2019/08/28 00:00:00+00,8/28/2019,Mid-Block (not related to intersection),13,"MOTOR VEHICLE STRUCK MOTOR VEHICLE, LEFT SIDE AT ANGLE",,,,,,,,, ,,0,0,Y
,,3319,16777,16777,3501906,Matched,Intersection,157970,35TH AVE SW AND FAUNTLEROY N WAY SW, ,,1,Property Damage Only Collision,Sideswipe,2,0,0,2,0,0,0,2013/04/11 00:00:00+00,4/11/2013 6:27,At Intersection (intersection related),16,"MOTOR VEHICLE STRUCK MOTOR VEHICLE, LEFT SIDE SIDESWIPE",,N,Overcast,Wet,Dawn,,,,11,From same direction - both going straight - both moving - sideswipe,0,0,N
1258921.065,210810.9146,3320,334900,336400,3876557,Matched,Block,,37TH AVE SW BETWEEN SW ANDOVER ST AND SW DAKOTA ST, ,,1,Property Damage Only Collision,Other,1,0,0,1,0,0,0,2020/09/27 00:00:00+00,9/27/2020 3:02,Mid-Block (not related to intersection),26,MOTOR VEHICLE STRUCK OBJECT IN ROAD,,N,Clear,Wet,Dark - Street Lights On,,,,51,Other object,0,0,N
1263206.036,194466.2161,3321,17436,17436,1789105,Matched,Intersection,34871,DELRIDGE WAY SW AND SW HENDERSON ST,,,2,Injury Collision,Left Turn,5,0,0,2,4,0,0,2004/01/13 00:00:00+00,1/13/2004 14:50,At Intersection (intersection related),11,"MOTOR VEHICLE STRUCK MOTOR VEHICLE, FRONT END AT ANGLE",,0,Raining,Wet,Daylight,,4013039,,28,From opposite direction - one left turn - one straight,0,0,N
1261021.643,233392.8375,3322,17018,17018,1214087,Matched,Block,,ELLIOTT AVE W BETWEEN W PROSPECT ST AND W LEE ST,,,1,Property Damage Only Collision,Sideswipe,2,0,0,2,0,0,0,2004/06/23 00:00:00+00,6/23/2004 23:02,Mid-Block (but intersection related),16,"MOTOR VEHICLE STRUCK MOTOR VEHICLE, LEFT SIDE SIDESWIPE",Y,0,Clear,Dry,Dark - Street Lights On,,4175008,,11,From same direction - both going straight - both moving - sideswipe,0,0,N
1261283.027,233077.8772,3323,16472,16472,3643912,Matched,Intersection,28695,ELLIOTT AVE W AND W PROSPECT ST, ,,1,Property Damage Only Collision,Left Turn,2,0,0,2,0,0,0,2013/04/04 00:00:00+00,4/4/2013 9:02,At Intersection (intersection related),11,"MOTOR VEHICLE STRUCK MOTOR VEHICLE, FRONT END AT ANGLE",,N,Raining,Wet,Daylight,,,,28,From opposite direction - one left turn - one straight,0,0,N
1273833.508,227122.5296,3324,16505,16505,3329793,Matched,Block,,E UNION ST BETWEEN BROADWAY CT AND 10TH AVE, ,,1,Property Damage Only Collision,Sideswipe,2,0,0,2,0,0,0,2013/04/05 00:00:00+00,4/5/2013 22:50,Mid-Block (not related to intersection),14,"MOTOR VEHICLE STRUCK MOTOR VEHICLE, REAR END",,N,Raining,Wet,Dark - Street Lights On,,,,11,From same direction - both going straight - both moving - sideswipe,0,0,N
1259180.116,245673.6704,3325,17705,17705,1930862,Unmatched,Block,,SHILSHOLE AVE NW BETWEEN 17TH AVE NW AND NW DOCK PL,,,0,Unknown,,0,0,0,0,0,0,0,2004/12/19 00:00:00+00,12/19/2004,Mid-Block (not related to intersection),28,MOTOR VEHICLE RAN OFF ROAD - HIT FIXED OBJECT,,,,,,,4354010,,,,0,0,N
1266208.81,246270.2749,3326,17640,17640,1475613,Matched,Block,,N 50TH ST BETWEEN DAYTON AVE N AND EVANSTON AVE N,,,1,Property Damage Only Collision,Rear Ended,2,0,0,2,0,0,0,2004/06/05 00:00:00+00,6/5/2004,Mid-Block (not related to intersection),14,"MOTOR VEHICLE STRUCK MOTOR VEHICLE, REAR END",Y,0,Clear,Dry,Daylight,,4157018,,14,From same direction - both going straight - one stopped - rear-end,0,0,N
1269449.773,224589.0554,3327,17570,17570,4247044,Unmatched,Block,,1ST AVE BETWEEN SPRING ST AND SENECA ST,,,0,Unknown,,0,0,0,0,0,0,0,2004/09/03 00:00:00+00,9/3/2004,Mid-Block (but intersection related),14,"MOTOR VEHICLE STRUCK MOTOR VEHICLE, REAR END",,,,,,,4247044,,,,0,0,N
1273892.921,227749.7227,3328,17810,17810,1789518,Matched,Block,,10TH AVE BETWEEN E PIKE ST AND E PINE ST,,,1,Property Damage Only Collision,Parked Car,2,0,0,2,0,0,0,2004/07/31 00:00:00+00,7/31/2004 4:00,Mid-Block (not related to intersection),11,"MOTOR VEHICLE STRUCK MOTOR VEHICLE, FRONT END AT ANGLE",,0,Clear,Dry,Dark - Street Lights On,,4213015,,32,One parked--one moving,0,0,N
1281694.206,266375.3066,3329,338100,339600,EB05542,Unmatched,Block,,35TH AVE NE BETWEEN NE 125TH ST AND NE 130TH S ST, ,,1,Property Damage Only Collision,,2,0,0,0,0,0,0,2021/02/11 00:00:00+00,2/11/2021,Mid-Block (not related to intersection),11,"MOTOR VEHICLE STRUCK MOTOR VEHICLE, FRONT END AT ANGLE",,,,,,,,, ,,0,0,N
1271068.623,225014.6129,3330,272100,272940,E771362,Matched,Intersection,29947,6TH AVE AND MADISON ST, ,,1,Property Damage Only Collision,Sideswipe,2,0,0,2,0,0,0,2018/02/14 00:00:00+00,2/14/2018 12:00,At Intersection (intersection related),11,"MOTOR VEHICLE STRUCK MOTOR VEHICLE, FRONT END AT ANGLE",,N,Overcast,Wet,Daylight,,,,71,Same direction -- both turning right -- both moving -- sideswipe,0,0,N
1276942.941,218370.0709,3331,17454,17454,1793064,Matched,Block,,RAINIER AVE S BETWEEN I90 EB OFF RP AND RAINIER NB I90 EB ON RP,,,2,Injury Collision,Rear Ended,2,0,0,2,1,0,0,2004/09/01 00:00:00+00,9/1/2004,Mid-Block (not related to intersection),14,"MOTOR VEHICLE STRUCK MOTOR VEHICLE, REAR END",,0,Clear,Dry,Daylight,,4245005,,14,From same direction - both going straight - one stopped - rear-end,0,0,N
1273117.82,238170.5832,3332,16834,16834,3605991,Matched,Intersection,28208,BOYLSTON AVE E AND E ROANOKE ST, ,,1,Property Damage Only Collision,Angles,2,0,0,2,0,0,0,2013/04/13 00:00:00+00,4/13/2013 2:17,At Intersection (intersection related),11,"MOTOR VEHICLE STRUCK MOTOR VEHICLE, FRONT END AT ANGLE",,N,Raining,Wet,Dark - Street Lights On,,,,10,Entering at angle,0,0,N
1271725.78,226114.9612,3333,16908,16908,3581419,Matched,Block,,SENECA ST BETWEEN 9TH AVE AND TERRY AVE, ,,1,Property Damage Only Collision,Other,2,0,0,2,0,0,0,2013/04/12 00:00:00+00,4/12/2013 7:40,Mid-Block (but intersection related),11,"MOTOR VEHICLE STRUCK MOTOR VEHICLE, FRONT END AT ANGLE",,N,Clear,Dry,Daylight,,,,23,From same direction - all others,0,0,N
1281540.705,209157.9629,3334,16589,16589,2825049,Matched,Intersection,32714,36TH AVE S AND S GENESEE ST, ,,1,Property Damage Only Collision,Rear Ended,2,0,0,2,0,0,0,2013/04/05 00:00:00+00,4/5/2013 11:48,At Intersection (intersection related),14,"MOTOR VEHICLE STRUCK MOTOR VEHICLE, REAR END",,N,Clear,Dry,Daylight,,,,14,From same direction - both going straight - one stopped - rear-end,0,0,N
1269250.353,255519.3057,3335,333800,335300,EA57161,Matched,Intersection,37379,INTERLAKE AVE N AND N 85TH W ST, ,,1,Property Damage Only Collision,Right Turn,4,0,0,2,0,0,0,2020/08/20 00:00:00+00,8/20/2020 11:45,At Intersection (intersection related),14,"MOTOR VEHICLE STRUCK MOTOR VEHICLE, REAR END",,N,Clear,Dry,Daylight,,,,16,From same direction - one right turn - one straight,0,0,N
1268408.64,235271.5609,3336,17364,17364,1784928,Unmatched,Block,,DEXTER AVE N BETWEEN HAYES ST AND HOWE ST,,,0,Unknown,,0,0,0,0,0,0,0,2004/10/08 00:00:00+00,10/8/2004,Mid-Block (but intersection related),14,"MOTOR VEHICLE STRUCK MOTOR VEHICLE, REAR END",,,,,,,4282074,,,,0,0,N
1274372.086,231242.9214,3337,16936,16936,1799036,Matched,Intersection,29004,11TH AVE E AND E MERCER ST,,,1,Property Damage Only Collision,Left Turn,3,0,0,2,0,0,0,2004/09/11 00:00:00+00,9/11/2004 12:53,At Intersection (intersection related),11,"MOTOR VEHICLE STRUCK MOTOR VEHICLE, FRONT END AT ANGLE",,0,Clear,Dry,Daylight,,4255029,Y,28,From opposite direction - one left turn - one straight,0,0,N
1275905.566,229327.7327,3338,16642,16642,3476557,Matched,Block,,16TH AVE E BETWEEN E DENNY WAY AND E JOHN ST, ,,1,Property Damage Only Collision,Parked Car,2,0,0,2,0,0,0,2013/04/08 00:00:00+00,4/8/2013 12:43,Mid-Block (not related to intersection),14,"MOTOR VEHICLE STRUCK MOTOR VEHICLE, REAR END",Y,N,Overcast,Dry,Daylight,,,,32,One parked--one moving,0,0,N
1275507.385,245057.1253,3339,17841,17841,1782083,Matched,Block,,BROOKLYN AVE NE BETWEEN NE 45TH ST AND NE 47TH ST,,,1,Property Damage Only Collision,Parked Car,3,0,0,2,0,0,0,2004/06/23 00:00:00+00,6/23/2004 21:33,Driveway Junction,14,"MOTOR VEHICLE STRUCK MOTOR VEHICLE, REAR END",,0,Clear,Dry,Dark - Street Lights On,,4175031,,32,One parked--one moving,0,0,N
1272687.83,225439.1244,3340,17629,17629,4281035,Unmatched,Block,,BOREN AVE BETWEEN COLUMBIA ST AND MARION ST,,,0,Unknown,,0,0,0,0,0,0,0,2004/10/07 00:00:00+00,10/7/2004,Mid-Block (but intersection related),14,"MOTOR VEHICLE STRUCK MOTOR VEHICLE, REAR END",,,,,,,4281035,,,,0,0,N
1272101.019,223058.4263,3341,16847,16847,3503574,Matched,Intersection,30486,6TH AVE AND YESLER WAY, ,,1,Property Damage Only Collision,Left Turn,2,0,0,2,0,0,0,2013/04/12 00:00:00+00,4/12/2013 8:13,At Intersection (intersection related),11,"MOTOR VEHICLE STRUCK MOTOR VEHICLE, FRONT END AT ANGLE",,N,Clear,Dry,Daylight,,,,28,From opposite direction - one left turn - one straight,0,0,N
1280673.035,198227.4767,3342,315200,316680,3815351,Matched,Block,,BEACON WR AVE S BETWEEN S AUSTIN ST AND S HOLDEN ST, ,,1,Property Damage Only Collision,Parked Car,2,0,0,2,0,0,0,2019/02/13 00:00:00+00,2/13/2019 23:00,Mid-Block (not related to intersection),14,"MOTOR VEHICLE STRUCK MOTOR VEHICLE, REAR END",,N,Snowing,Snow/Slush,Unknown,,,,32,One parked--one moving,0,0,Y
1278880.428,262235.8246,3343,17150,17150,1072709,Matched,Block,,NE NORTHGATE WAY BETWEEN 24TH AVE NE AND LAKE CITY WAY NE,,,2,Injury Collision,Rear Ended,2,0,0,2,1,0,0,2004/03/26 00:00:00+00,3/26/2004 11:04,Mid-Block (but intersection related),14,"MOTOR VEHICLE STRUCK MOTOR VEHICLE, REAR END",,0,Overcast,Dry,Daylight,,4086043,,14,From same direction - both going straight - one stopped - rear-end,0,0,N
1272835.115,223926.4017,3344,325300,326800,E975870,Matched,Block,,9TH AVE BETWEEN ALDER ST AND JEFFERSON ST, ,,1,Property Damage Only Collision,Parked Car,2,0,0,2,0,0,0,2019/10/28 00:00:00+00,10/28/2019 10:40,Mid-Block (not related to intersection),11,"MOTOR VEHICLE STRUCK MOTOR VEHICLE, FRONT END AT ANGLE",,N,Clear,Dry,Daylight,,,,20,One car leaving parked position,0,0,N
1262149.837,234841.6021,3345,18131,18131,1482510,Matched,Block,,8TH AVE W BETWEEN W GALER ST AND W BLAINE UPPER ST,,,1,Property Damage Only Collision,Parked Car,2,0,0,2,0,0,0,2004/07/17 00:00:00+00,7/17/2004 17:08,Mid-Block (not related to intersection),16,"MOTOR VEHICLE STRUCK MOTOR VEHICLE, LEFT SIDE SIDESWIPE",,0,Clear,Dry,Daylight,,4199030,,32,One parked--one moving,0,0,N
1278654.949,214892.7841,3346,318400,319900,3805726,Matched,Block,,RAINIER AVE S BETWEEN S BAYVIEW ST AND S MCCLELLAN ST, ,,2,Injury Collision,Rear Ended,2,0,0,2,1,0,0,2019/04/28 00:00:00+00,4/28/2019 3:55,Mid-Block (but intersection related),14,"MOTOR VEHICLE STRUCK MOTOR VEHICLE, REAR END",,N,Clear,Dry,Dark - Street Lights On,,,,14,From same direction - both going straight - one stopped - rear-end,0,0,N
1264385.333,192435.9026,3347,16577,16577,3553738,Matched,Intersection,35058,DELRIDGE WAY SW AND SW ROXBURY ST, ,,1,Property Damage Only Collision,Left Turn,3,0,0,2,0,0,0,2013/04/06 00:00:00+00,4/6/2013 11:29,At Intersection (intersection related),11,"MOTOR VEHICLE STRUCK MOTOR VEHICLE, FRONT END AT ANGLE",,N,Clear,Dry,Daylight,,,,29,From opposite direction - one left turn - one right turn,0,0,N
1261730.055,192489.6324,3348,16826,16826,3465582,Matched,Intersection,34902,26TH AVE SW AND SW ROXBURY ST, ,,1,Property Damage Only Collision,Left Turn,2,0,0,2,0,0,0,2013/04/12 00:00:00+00,4/12/2013 21:06,At Intersection (intersection related),11,"MOTOR VEHICLE STRUCK MOTOR VEHICLE, FRONT END AT ANGLE",,N,Raining,Wet,Dark - Street Lights On,,,,28,From opposite direction - one left turn - one straight,0,0,N
1281397.382,208304.9498,3349,17031,17031,1779101,Matched,Block,,RAINIER AVE S BETWEEN S OREGON ST AND S ALASKA ST,,,2,Injury Collision,Rear Ended,4,0,0,4,1,0,0,2004/01/28 00:00:00+00,1/28/2004 11:00,Mid-Block (not related to intersection),14,"MOTOR VEHICLE STRUCK MOTOR VEHICLE, REAR END",,0,Raining,Wet,Daylight,,4028047,,14,From same direction - both going straight - one stopped - rear-end,0,0,N
1271932.781,222756.0179,3350,16656,16656,3599123,Matched,Block,,S WASHINGTON ST BETWEEN 5TH AVE S AND 6TH AVE S, ,,1,Property Damage Only Collision,Parked Car,2,0,0,2,0,0,0,2013/04/08 00:00:00+00,4/8/2013 12:36,Mid-Block (not related to intersection),14,"MOTOR VEHICLE STRUCK MOTOR VEHICLE, REAR END",Y,N,Clear,Dry,Daylight,,,,32,One parked--one moving,0,0,N
1268270.674,256871.5821,3351,16514,16514,3501992,Matched,Intersection,37340,AURORA AVE N AND N 90TH ST, ,,2,Injury Collision,Left Turn,2,0,0,2,1,0,0,2013/04/06 00:00:00+00,4/6/2013 1:37,At Intersection (intersection related),11,"MOTOR VEHICLE STRUCK MOTOR VEHICLE, FRONT END AT ANGLE",,Y,Raining,Wet,Dark - Street Lights On,,,,28,From opposite direction - one left turn - one straight,0,0,N
1268589.753,211760.4531,3352,278500,279400,3644337,Matched,Block,,EAST MARGINAL WAY S BETWEEN S SPOKANE SR ST AND EAST MARGINAL NB WAY S, ,,2,Injury Collision,Pedestrian,2,1,0,1,1,0,0,2018/03/24 00:00:00+00,3/24/2018 3:20,Mid-Block (not related to intersection),24,MOTOR VEHCILE STRUCK PEDESTRIAN,,N,,,,,,,0,Vehicle going straight hits pedestrian,0,0,N
1270932.328,203944.2968,3353,17651,17651,4084040,Unmatched,Block,,4TH AVE S BETWEEN S FIDALGO ST AND S FRONT ST,,,0,Unknown,,0,0,0,0,0,0,0,2004/03/24 00:00:00+00,3/24/2004,Mid-Block (but intersection related),14,"MOTOR VEHICLE STRUCK MOTOR VEHICLE, REAR END",,,,,,,4084040,,,,0,0,N
1254116.075,243174.2507,3354,17880,17880,C649300,Matched,Intersection,26346,34TH AVE W AND W THURMAN ST,,,1,Property Damage Only Collision,Angles,2,0,0,2,0,0,0,2004/10/14 00:00:00+00,10/14/2004 14:50,At Intersection (intersection related),11,"MOTOR VEHICLE STRUCK MOTOR VEHICLE, FRONT END AT ANGLE",,0,Overcast,Dry,Daylight,,4288046,,10,Entering at angle,0,0,N
1284484.387,235575.6514,3355,17603,17603,1200946,Unmatched,Block,,43RD AVE E BETWEEN E MADISON ST AND E NEWTON ST,,,0,Unknown,,0,0,0,0,0,0,0,2004/07/23 00:00:00+00,7/23/2004,Mid-Block (not related to intersection),13,"MOTOR VEHICLE STRUCK MOTOR VEHICLE, LEFT SIDE AT ANGLE",,,,,,,4205038,,,,0,0,N
1272782.217,224962.139,3356,17243,17243,1213392,Matched,Block,,CHERRY ST BETWEEN TERRY AVE AND BOREN AVE,,,1,Property Damage Only Collision,Parked Car,2,0,0,2,0,0,0,2004/05/16 00:00:00+00,5/16/2004 15:00,Mid-Block (not related to intersection),16,"MOTOR VEHICLE STRUCK MOTOR VEHICLE, LEFT SIDE SIDESWIPE",,0,Clear,Dry,Daylight,,4137012,,32,One parked--one moving,0,0,N
1273834.209,224145.2832,3357,16905,16905,3606000,Matched,Block,,10TH AVE BETWEEN E ALDER ST AND E TERRACE ST, ,,1,Property Damage Only Collision,Parked Car,2,0,0,2,0,0,0,2013/04/14 00:00:00+00,4/14/2013 8:00,Mid-Block (not related to intersection),16,"MOTOR VEHICLE STRUCK MOTOR VEHICLE, LEFT SIDE SIDESWIPE",,N,Unknown,Unknown,Unknown,,,,32,One parked--one moving,0,0,N
1261141.348,234660.7266,3358,323000,324500,E956128,Unmatched,Block,,11TH AVE W BETWEEN W GALER ST AND W GARFIELD ST,NEI,"Not Enough Information, or Insufficient Location Information",0,Unknown,,0,0,0,0,0,0,0,2019/09/01 00:00:00+00,9/1/2019,,0,NOT ENOUGH INFORMATION / NOT APPLICABLE,,,,,,,,, ,,0,0,Y
1258873.355,208496.7684,3359,16537,16537,3553741,Matched,Intersection,31922,37TH AVE SW AND SW ALASKA ST, ,,2,Injury Collision,Angles,3,0,0,2,3,0,0,2013/04/06 00:00:00+00,4/6/2013 17:54,At Intersection (intersection related),11,"MOTOR VEHICLE STRUCK MOTOR VEHICLE, FRONT END AT ANGLE",,N,Overcast,Wet,Daylight,,,,10,Entering at angle,0,0,N
1281371.474,268399.149,3360,17804,17804,C649697,Matched,Intersection,36031,LAKE CITY WAY NE AND NE 135TH ST,,,2,Injury Collision,Angles,2,0,0,2,1,0,0,2004/12/01 00:00:00+00,12/1/2004,At Intersection (intersection related),11,"MOTOR VEHICLE STRUCK MOTOR VEHICLE, FRONT END AT ANGLE",,0,Raining,Wet,Dark - Street Lights On,,4336038,,10,Entering at angle,0,0,N
1270124.522,220898.3044,3361,17228,17228,1181746,Matched,Intersection,30391,1ST AVE S AND RAILROAD S WAY S,,,2,Injury Collision,Pedestrian,2,1,0,1,1,0,0,2004/07/20 00:00:00+00,7/20/2004 13:45,At Intersection (intersection related),24,MOTOR VEHCILE STRUCK PEDESTRIAN,,0,Clear,Dry,Daylight,Y,4202035,,0,Vehicle going straight hits pedestrian,0,0,N
1251303.47,215303.5539,3362,17154,17154,1788930,Matched,Block,,ALKI AVE SW BETWEEN 60TH AVE SW AND 61ST AVE SW,,,1,Property Damage Only Collision,Parked Car,2,0,0,2,0,0,0,2004/03/28 00:00:00+00,3/28/2004 3:56,Mid-Block (not related to intersection),14,"MOTOR VEHICLE STRUCK MOTOR VEHICLE, REAR END",,0,Clear,Dry,Dark - Street Lights On,,4088029,,32,One parked--one moving,0,0,N
1271448.569,225950.8597,3363,16643,16643,3643959,Matched,Block,,SENECA ST BETWEEN 8TH AVE AND 9TH AVE, ,,1,Property Damage Only Collision,Parked Car,2,0,0,2,0,0,0,2013/04/02 00:00:00+00,4/2/2013 10:21,Mid-Block (not related to intersection),14,"MOTOR VEHICLE STRUCK MOTOR VEHICLE, REAR END",,N,Clear,Dry,Daylight,,,,32,One parked--one moving,0,0,N
1276664.866,202490.5699,3364,17537,17537,1771644,Unmatched,Block,,SWIFT AVE S BETWEEN SWIFT AV OFF RP AND S EDDY ST,,,0,Unknown,,0,0,0,0,0,0,0,2004/08/19 00:00:00+00,8/19/2004,Mid-Block (not related to intersection),14,"MOTOR VEHICLE STRUCK MOTOR VEHICLE, REAR END",,,,,,,4232028,,,,0,0,N
1259034.409,192916.2228,3365,17335,17335,1788806,Matched,Block,,35TH AVE SW BETWEEN SW CAMBRIDGE ST AND SW ROXBURY ST,,,2,Injury Collision,Rear Ended,2,0,0,2,1,0,0,2004/08/24 00:00:00+00,8/24/2004 17:51,Mid-Block (but intersection related),14,"MOTOR VEHICLE STRUCK MOTOR VEHICLE, REAR END",,1,Raining,Wet,Daylight,,4237016,,14,From same direction - both going straight - one stopped - rear-end,0,0,N
1277447.845,217344.4336,3366,16986,16986,4101041,Unmatched,Intersection,31544,RAINIER AVE S AND S HOLGATE ST,,,0,Unknown,,0,0,0,0,0,0,0,2004/04/10 00:00:00+00,4/10/2004,At Intersection (intersection related),16,"MOTOR VEHICLE STRUCK MOTOR VEHICLE, LEFT SIDE SIDESWIPE",,,,,,,4101041,,,,0,0,N
1262586.23,252335.3947,3367,16993,16993,1780947,Unmatched,Intersection,24174,DIBBLE AVE NW AND NW 73RD ST,,,0,Unknown,,0,0,0,0,0,0,0,2004/06/15 00:00:00+00,6/15/2004,At Intersection (intersection related),11,"MOTOR VEHICLE STRUCK MOTOR VEHICLE, FRONT END AT ANGLE",,,,,,,4167006,,,,0,0,N
1271191.602,225443.0786,3368,17017,17017,1213880,Matched,Intersection,29927,7TH AVE AND SPRING ST,,,2,Injury Collision,Angles,2,0,0,2,1,0,0,2004/07/02 00:00:00+00,7/2/2004,At Intersection (intersection related),11,"MOTOR VEHICLE STRUCK MOTOR VEHICLE, FRONT END AT ANGLE",,0,Clear,Dry,Dark - Street Lights On,,4184026,,10,Entering at angle,0,0,N
1270958.608,205047.9295,3369,16633,16633,3617431,Matched,Block,,4TH AVE S BETWEEN S FINDLAY ST AND S ORCAS ST, ,,2,Injury Collision,Sideswipe,4,0,0,2,1,0,0,2013/04/06 00:00:00+00,4/6/2013 14:40,Mid-Block (not related to intersection),11,"MOTOR VEHICLE STRUCK MOTOR VEHICLE, FRONT END AT ANGLE",,N,Raining,Wet,Daylight,,,,11,From same direction - both going straight - both moving - sideswipe,0,0,N
1266866.857,229029.2333,3370,18132,18132,1482537,Matched,Intersection,29654,4TH AVE AND CEDAR ST,,,1,Property Damage Only Collision,Angles,3,0,0,2,0,0,0,2004/05/03 00:00:00+00,5/3/2004,At Intersection (intersection related),11,"MOTOR VEHICLE STRUCK MOTOR VEHICLE, FRONT END AT ANGLE",,0,Clear,Dry,Daylight,,4124007,,10,Entering at angle,0,0,N
1252581.54,238041.187,3371,17069,17069,1478434,Matched,Block,,CRESTMONT PL W BETWEEN 38TH AVE W AND 39TH AVE W,,,1,Property Damage Only Collision,Parked Car,2,0,0,2,0,0,0,2004/04/05 00:00:00+00,4/5/2004,Mid-Block (not related to intersection),16,"MOTOR VEHICLE STRUCK MOTOR VEHICLE, LEFT SIDE SIDESWIPE",,0,Unknown,Unknown,Unknown,,4096009,,32,One parked--one moving,0,0,N