X,Y,OBJECTID,INCKEY,COLDETKEY,REPORTNO,STATUS,ADDRTYPE,INTKEY,LOCATION,EXCEPTRSNCODE,EXCEPTRSNDESC,SEVERITYCODE,SEVERITYDESC,COLLISIONTYPE,PERSONCOUNT,PEDCOUNT,PEDCYLCOUNT,VEHCOUNT,INJURIES,SERIOUSINJURIES,FATALITIES,INCDATE,INCDTTM,JUNCTIONTYPE,SDOT_COLCODE,SDOT_COLDESC,INATTENTIONIND,UNDERINFL,WEATHER,ROADCOND,LIGHTCOND,PEDROWNOTGRNT,SDOTCOLNUM,SPEEDING,ST_COLCODE,ST_COLDESC,SEGLANEKEY,CROSSWALKKEY,HITPARKEDCAR
1256624.798,207237.8544,3372,336400,337900,EA87536,Matched,Block,,SW HUDSON ST BETWEEN CALIFORNIA AVE SW AND LEWIS PL SW, ,,1,Property Damage Only Collision,Parked Car,2,0,0,2,0,0,0,2020/12/03 00:00:00+00,12/3/2020 12:12,Mid-Block (not related to intersection),11,"MOTOR VEHICLE STRUCK MOTOR VEHICLE, FRONT END AT ANGLE",,N,Clear,Dry,Daylight,,,,32,One parked--one moving,0,0,Y
1276299.876,265588.7411,3373,300100,301300,E825385,Matched,Block,,15TH AVE NE BETWEEN NE 123RD ST AND NE 125TH ST, ,,2,Injury Collision,Other,1,0,0,1,1,0,0,2018/08/06 00:00:00+00,8/6/2018 11:02,Mid-Block (not related to intersection),28,MOTOR VEHICLE RAN OFF ROAD - HIT FIXED OBJECT,,N,Clear,Dry,Daylight,,,,50,Fixed object,0,0,N
1257087.862,204263.0991,3374,17238,17238,1317217,Matched,Block,,42ND AVE SW BETWEEN SW JUNEAU ST AND SW RAYMOND ST,,,1,Property Damage Only Collision,Parked Car,2,0,0,2,0,0,0,2004/01/27 00:00:00+00,1/27/2004 2:30,Mid-Block (not related to intersection),12,"MOTOR VEHICLE STRUCK MOTOR VEHICLE, RIGHT SIDE AT ANGLE",Y,0,Clear,Dry,Dark - Street Lights On,,4027001,,32,One parked--one moving,0,0,N
1258110.373,205538.1143,3375,17033,17033,1775068,Matched,Block,,FAUNTLEROY WAY SW BETWEEN SW BRANDON ST AND SW FINDLAY ST,,,1,Property Damage Only Collision,Parked Car,3,0,0,3,0,0,0,2004/01/20 00:00:00+00,1/20/2004 10:35,Mid-Block (not related to intersection),14,"MOTOR VEHICLE STRUCK MOTOR VEHICLE, REAR END",Y,0,Clear,Dry,Daylight,,4020005,,32,One parked--one moving,0,0,N
1273153.234,220893.325,3376,16502,16502,2791490,Matched,Block,,S DEARBORN ST BETWEEN 8TH AVE S AND DEARBORN OFF RP, ,,2,Injury Collision,Rear Ended,2,0,0,2,1,0,0,2013/04/05 00:00:00+00,4/5/2013 5:50,Mid-Block (not related to intersection),14,"MOTOR VEHICLE STRUCK MOTOR VEHICLE, REAR END",Y,N,Raining,Wet,Dark - Street Lights On,,,Y,14,From same direction - both going straight - one stopped - rear-end,0,0,N
1267880.21,253176.4394,3377,301300,302520,E831070,Unmatched,Block,,N 76TH ST BETWEEN LINDEN AVE N AND AURORA AVE N, ,,0,Unknown,,0,0,0,0,0,0,0,2018/08/10 00:00:00+00,8/10/2018,Mid-Block (not related to intersection),0,NOT ENOUGH INFORMATION / NOT APPLICABLE,,,,,,,,, ,,0,0,Y
1269449.773,224589.0554,3378,225400,225720,E570575,Matched,Block,,1ST AVE BETWEEN SPRING ST AND SENECA ST,NEI,"Not Enough Information, or Insufficient Location Information",1,Property Damage Only Collision,Parked Car,2,0,0,2,0,0,0,2016/08/04 00:00:00+00,8/4/2016 3:30,,0,NOT ENOUGH INFORMATION / NOT APPLICABLE,,N,Clear,Dry,Dark - Street Lights On,,,,32,One parked--one moving,0,0,N
1277852.553,240587.497,3379,17499,17499,4196052,Unmatched,Block,,MONTLAKE BLVD NE BETWEEN NE PACIFIC ST AND NE PACIFIC PL,,,0,Unknown,,0,0,0,0,0,0,0,2004/07/14 00:00:00+00,7/14/2004,Mid-Block (but intersection related),14,"MOTOR VEHICLE STRUCK MOTOR VEHICLE, REAR END",,,,,,,4196052,,,,0,0,N
1268151.208,260838.826,3380,17732,17732,C628895,Matched,Block,,N 105TH ST BETWEEN WHITMAN AVE N AND AURORA AVE N,,,1,Property Damage Only Collision,Sideswipe,2,0,0,2,0,0,0,2004/01/02 00:00:00+00,1/2/2004,Mid-Block (not related to intersection),14,"MOTOR VEHICLE STRUCK MOTOR VEHICLE, REAR END",,0,Overcast,Dry,Daylight,,4002081,,11,From same direction - both going straight - both moving - sideswipe,0,0,N
1279838.005,244631.5325,3381,17396,17396,1797101,Matched,Intersection,288752,U VILLAGE DR AND NE 45TH ST,,,1,Property Damage Only Collision,Other,3,0,0,2,0,0,0,2004/10/23 00:00:00+00,10/23/2004 14:48,At Intersection (intersection related),11,"MOTOR VEHICLE STRUCK MOTOR VEHICLE, FRONT END AT ANGLE",,0,Clear,Dry,Daylight,,4297036,,21,One car entering driveway access,0,0,N
1277138.407,227047.3443,3382,17469,17469,1772237,Matched,Intersection,30146,20TH AVE AND E UNION ST,,,1,Property Damage Only Collision,Left Turn,4,0,0,2,0,0,0,2004/04/13 00:00:00+00,4/13/2004 16:39,At Intersection (intersection related),11,"MOTOR VEHICLE STRUCK MOTOR VEHICLE, FRONT END AT ANGLE",,0,Clear,Dry,Daylight,,4104021,,28,From opposite direction - one left turn - one straight,0,0,N
1273614.38,262024.0936,3383,17117,17117,1794182,Matched,Intersection,36499,5TH AVE NE AND NE NORTHGATE WAY,,,2,Injury Collision,Angles,7,0,0,4,3,0,0,2004/10/18 00:00:00+00,10/18/2004 14:39,At Intersection (intersection related),11,"MOTOR VEHICLE STRUCK MOTOR VEHICLE, FRONT END AT ANGLE",,0,Overcast,Dry,Daylight,,4292034,,10,Entering at angle,0,0,N
1256546.414,198153.4106,3384,331100,332600,3838179,Matched,Block,,CALIFORNIA AVE SW BETWEEN SW PORTLAND ST AND SW KENYON ST, ,,2,Injury Collision,Parked Car,2,0,0,2,1,0,0,2020/05/04 00:00:00+00,5/4/2020 9:54,Mid-Block (not related to intersection),14,"MOTOR VEHICLE STRUCK MOTOR VEHICLE, REAR END",,N,Clear,Dry,Daylight,,,,32,One parked--one moving,0,0,N
1278625.329,223736.0921,3385,17145,17145,1772178,Matched,Block,,25TH AVE BETWEEN E SPRUCE ST AND E ALDER ST,,,1,Property Damage Only Collision,Parked Car,3,0,0,2,0,0,0,2004/03/30 00:00:00+00,3/30/2004 14:15,Mid-Block (but intersection related),16,"MOTOR VEHICLE STRUCK MOTOR VEHICLE, LEFT SIDE SIDESWIPE",,0,Clear,Dry,Daylight,,4090026,,32,One parked--one moving,0,0,N
1269872.468,255500.0831,3386,323900,325400,E963987,Unmatched,Intersection,37374,DENSMORE AVE N AND N 85TH ST,NEI,"Not Enough Information, or Insufficient Location Information",0,Unknown,,0,0,0,0,0,0,0,2019/09/17 00:00:00+00,9/17/2019,At Intersection (intersection related),0,NOT ENOUGH INFORMATION / NOT APPLICABLE,,,,,,,,, ,,0,0,Y
1267373.953,237943.0873,3387,16927,16927,1783627,Matched,Block,,HALLADAY ST BETWEEN AURORA AVE N AND BIRCH AVE N,,,2,Injury Collision,Rear Ended,3,0,0,2,1,0,0,2004/08/25 00:00:00+00,8/25/2004 16:22,Mid-Block (but intersection related),14,"MOTOR VEHICLE STRUCK MOTOR VEHICLE, REAR END",,0,Raining,Wet,Daylight,,4238039,,74,Same direction -- both turning right -- one stopped -- rear end,0,0,N
1265492.484,260771.9071,3388,16721,16721,3507870,Matched,Block,,HOLMAN RD N BETWEEN N 104TH ST AND GREENWOOD AVE N, ,,2,Injury Collision,Sideswipe,2,0,0,2,1,0,0,2013/04/08 00:00:00+00,4/8/2013 8:27,Mid-Block (not related to intersection),11,"MOTOR VEHICLE STRUCK MOTOR VEHICLE, FRONT END AT ANGLE",,N,Overcast,Dry,Daylight,,,,11,From same direction - both going straight - both moving - sideswipe,0,0,N
1285066.385,192653.948,3389,17169,17169,1793655,Matched,Intersection,35299,RENTON AVE S AND S FLETCHER ST,,,1,Property Damage Only Collision,Angles,2,0,0,2,0,0,0,2004/07/09 00:00:00+00,7/9/2004,At Intersection (intersection related),11,"MOTOR VEHICLE STRUCK MOTOR VEHICLE, FRONT END AT ANGLE",,0,Clear,Dry,Dark - Street Lights On,,4191040,,10,Entering at angle,0,0,N
1265882.093,228401.0963,3390,16657,16657,3599462,Matched,Block,,CLAY ST BETWEEN WESTERN AVE AND 1ST AVE, ,,2,Injury Collision,Parked Car,2,0,0,2,1,0,0,2013/04/08 00:00:00+00,4/8/2013 18:06,Mid-Block (not related to intersection),11,"MOTOR VEHICLE STRUCK MOTOR VEHICLE, FRONT END AT ANGLE",,N,Clear,Dry,Daylight,,,,20,One car leaving parked position,0,0,N
1273726.679,227540.1029,3391,16682,16682,3476741,Matched,Block,,E PIKE ST BETWEEN BROADWAY AND 10TH AVE, ,,1,Property Damage Only Collision,Rear Ended,2,0,0,2,0,0,0,2013/04/08 00:00:00+00,4/8/2013 17:53,Mid-Block (not related to intersection),14,"MOTOR VEHICLE STRUCK MOTOR VEHICLE, REAR END",,N,Clear,Dry,Daylight,,,,14,From same direction - both going straight - one stopped - rear-end,0,0,N
1267438.187,228292.0496,3392,17711,17711,4107064,Unmatched,Block,,BATTERY ST BETWEEN 3RD AVE AND 4TH AVE,,,0,Unknown,,0,0,0,0,0,0,0,2004/04/16 00:00:00+00,4/16/2004,Driveway Junction,11,"MOTOR VEHICLE STRUCK MOTOR VEHICLE, FRONT END AT ANGLE",,,,,,,4107064,,,,0,0,N
1255228.572,215583.2837,3393,17797,17797,1798277,Matched,Block,,49TH AVE SW BETWEEN SW WAITE W ST AND SW ADMIRAL WAY,,,2,Injury Collision,Parked Car,2,0,0,2,1,0,0,2004/07/22 00:00:00+00,7/22/2004 7:06,Mid-Block (not related to intersection),14,"MOTOR VEHICLE STRUCK MOTOR VEHICLE, REAR END",,1,Clear,Dry,Dark - Street Lights On,,4204038,,32,One parked--one moving,0,0,N
1274198.506,249306.4305,3394,17571,17571,4252053,Unmatched,Block,,NE RAVENNA WB BV BETWEEN 8TH AVE NE AND RAVENNA BV WB ACCESS RD,,,0,Unknown,,0,0,0,0,0,0,0,2004/09/08 00:00:00+00,9/8/2004,Mid-Block (but intersection related),14,"MOTOR VEHICLE STRUCK MOTOR VEHICLE, REAR END",,,,,,,4252053,,,,0,0,N
1273565.878,227964.5547,3395,17819,17819,1772153,Matched,Intersection,29736,BROADWAY AND E PINE ST,,,1,Property Damage Only Collision,Pedestrian,2,1,0,1,0,0,0,2004/03/26 00:00:00+00,3/26/2004 23:30,At Intersection (intersection related),24,MOTOR VEHCILE STRUCK PEDESTRIAN,,0,Raining,Wet,Dark - Street Lights On,Y,4086006,,2,Vehicle turning left hits pedestrian,0,0,N
1274618.49,230818.7071,3396,297300,298440,3702699,Matched,Intersection,29015,12TH AVE E AND E REPUBLICAN ST, ,,1,Property Damage Only Collision,Parked Car,2,0,0,2,0,0,0,2018/07/16 00:00:00+00,7/16/2018 15:17,At Intersection (intersection related),11,"MOTOR VEHICLE STRUCK MOTOR VEHICLE, FRONT END AT ANGLE",,N,Clear,Dry,Daylight,,,,32,One parked--one moving,0,0,N
1263467.902,212528.0475,3397,274600,275460,3744293,Matched,Block,,WEST MARGINAL WAY SW BETWEEN CHELAN N AVE SW AND SW SPOKANE ST, ,,1,Property Damage Only Collision,Right Turn,2,0,0,2,0,0,0,2018/03/06 00:00:00+00,3/6/2018 6:56,Mid-Block (not related to intersection),11,"MOTOR VEHICLE STRUCK MOTOR VEHICLE, FRONT END AT ANGLE",Y,N,Clear,Dry,Daylight,,,,16,From same direction - one right turn - one straight,0,0,N
1273383.397,242664.3235,3398,16812,16812,3608778,Matched,Intersection,27123,6TH AVE NE AND NE 40TH ST, ,,2,Injury Collision,Angles,3,0,0,2,1,0,0,2013/04/11 00:00:00+00,4/11/2013 22:50,At Intersection (intersection related),11,"MOTOR VEHICLE STRUCK MOTOR VEHICLE, FRONT END AT ANGLE",,Y,Clear,Dry,Dark - Street Lights On,,,,10,Entering at angle,0,0,N
1281397.382,208304.9498,3399,17757,17757,1784205,Matched,Block,,RAINIER AVE S BETWEEN S OREGON ST AND S ALASKA ST,,,2,Injury Collision,Sideswipe,4,0,0,2,2,0,0,2004/10/13 00:00:00+00,10/13/2004 9:52,Mid-Block (not related to intersection),16,"MOTOR VEHICLE STRUCK MOTOR VEHICLE, LEFT SIDE SIDESWIPE",,0,Clear,Dry,Daylight,,4287036,,11,From same direction - both going straight - both moving - sideswipe,0,0,N
1260869.806,201288.8712,3400,16837,16837,3465385,Matched,Block,,SYLVAN WAY SW BETWEEN HIGH POINT DR SW AND SW SYLVAN HEIGHTS DR, ,,2,Injury Collision,Head On,3,0,0,2,3,0,0,2013/04/14 00:00:00+00,4/14/2013 0:05,Mid-Block (not related to intersection),11,"MOTOR VEHICLE STRUCK MOTOR VEHICLE, FRONT END AT ANGLE",,Y,Raining,Wet,Dark - Street Lights On,,,Y,30,From opposite direction - all others,0,0,N
1275107.403,222992.5918,3401,16915,16915,3593850,Matched,Intersection,30408,14TH AVE AND E YESLER WAY, ,,2,Injury Collision,Left Turn,4,0,0,2,1,0,0,2013/04/13 00:00:00+00,4/13/2013 2:06,At Intersection (intersection related),11,"MOTOR VEHICLE STRUCK MOTOR VEHICLE, FRONT END AT ANGLE",,N,Raining,Wet,Dark - Street Lights On,,,,28,From opposite direction - one left turn - one straight,0,0,N
1288107.391,252384.5946,3402,323100,324600,E956891,Matched,Intersection,24995,SAND POINT WAY NE AND NE 75TH ST, ,,1,Property Damage Only Collision,Angles,4,0,0,4,0,0,0,2019/09/03 00:00:00+00,9/3/2019 21:27,At Intersection (intersection related),11,"MOTOR VEHICLE STRUCK MOTOR VEHICLE, FRONT END AT ANGLE",,N,Clear,Dry,Dark - Street Lights On,,,,10,Entering at angle,0,0,N
1263071.967,249339.5074,3403,335400,336900,3887485,Matched,Block,,7TH AVE NW BETWEEN NW 60TH ST AND NW 62ND ST, ,,1,Property Damage Only Collision,Parked Car,2,0,0,2,0,0,0,2020/09/30 00:00:00+00,9/30/2020 10:40,Mid-Block (not related to intersection),0,NOT ENOUGH INFORMATION / NOT APPLICABLE,,N,Clear,Unknown,Daylight,,,,32,One parked--one moving,0,0,Y
1278003.635,223107.6227,3404,17739,17739,1216926,Matched,Block,,23RD AVE BETWEEN E YESLER WAY AND E FIR ST,,,1,Property Damage Only Collision,Rear Ended,5,0,0,2,0,0,0,2004/07/30 00:00:00+00,7/30/2004 14:15,Mid-Block (but intersection related),14,"MOTOR VEHICLE STRUCK MOTOR VEHICLE, REAR END",,0,Clear,Dry,Daylight,,4212010,,13,From same direction - both going straight - both moving - rear-end,0,0,N
1274873.943,229444.4379,3405,17082,17082,1772079,Matched,Block,,13TH AVE E BETWEEN E DENNY WAY AND E JOHN ST,,,1,Property Damage Only Collision,Parked Car,2,0,0,2,0,0,0,2004/03/28 00:00:00+00,3/28/2004 22:00,Mid-Block (but intersection related),16,"MOTOR VEHICLE STRUCK MOTOR VEHICLE, LEFT SIDE SIDESWIPE",Y,0,Clear,Dry,Dark - Street Lights On,,4088032,,32,One parked--one moving,0,0,N
1269257.613,193953.729,3406,17305,17305,1789033,Matched,Block,,OLSON PL SW BETWEEN 1ST AVE S AND 2ND AVE SW,,,1,Property Damage Only Collision,Rear Ended,2,0,0,2,0,0,0,2004/03/03 00:00:00+00,3/3/2004,Mid-Block (but intersection related),14,"MOTOR VEHICLE STRUCK MOTOR VEHICLE, REAR END",Y,0,Raining,Wet,Dawn,,4063016,,14,From same direction - both going straight - one stopped - rear-end,0,0,N
1271310.38,225869.0825,3407,306500,307780,E856097,Matched,Intersection,29916,8TH AVE AND SENECA ST, ,,2,Injury Collision,Pedestrian,2,1,0,1,1,0,0,2018/10/15 00:00:00+00,10/15/2018 14:08,At Intersection (intersection related),24,MOTOR VEHCILE STRUCK PEDESTRIAN,,N,Clear,Dry,Daylight,Y,,,2,Vehicle turning left hits pedestrian,0,521935,N
1276516.925,228077.9308,3408,16678,16678,3476164,Matched,Block,,18TH AVE BETWEEN E PINE ST AND E MADISON ST, ,,1,Property Damage Only Collision,Angles,3,0,0,3,0,0,0,2013/04/09 00:00:00+00,4/9/2013 12:10,Mid-Block (not related to intersection),11,"MOTOR VEHICLE STRUCK MOTOR VEHICLE, FRONT END AT ANGLE",,N,Overcast,Dry,Daylight,,,,10,Entering at angle,0,0,N
1266172.01,250939.0706,3409,17850,17850,1220413,Matched,Intersection,24353,DAYTON AVE N AND N 67TH ST,,,1,Property Damage Only Collision,Angles,2,0,0,2,0,0,0,2004/09/22 00:00:00+00,9/22/2004 18:08,At Intersection (intersection related),11,"MOTOR VEHICLE STRUCK MOTOR VEHICLE, FRONT END AT ANGLE",,0,Overcast,Wet,Daylight,,4266022,Y,10,Entering at angle,0,0,N
1274989.484,252698.148,3410,17345,17345,1068834,Matched,Intersection,24509,LAKE CITY WAY NE AND NE 75TH ST,,,1,Property Damage Only Collision,Left Turn,3,0,0,2,0,0,0,2004/05/08 00:00:00+00,5/8/2004,At Intersection (intersection related),11,"MOTOR VEHICLE STRUCK MOTOR VEHICLE, FRONT END AT ANGLE",,0,Clear,Dry,Daylight,,4129008,,28,From opposite direction - one left turn - one straight,0,0,N
1273750.78,223688.6916,3411,17129,17129,1798936,Matched,Block,,BOREN AVE BETWEEN E FIR ST AND E ALDER ST,,,2,Injury Collision,Cycles,2,0,1,1,1,0,0,2004/09/03 00:00:00+00,9/3/2004,Mid-Block (not related to intersection),18,"MOTOR VEHICLE STRUCK PEDALCYCLIST, FRONT END AT ANGLE",,0,Clear,Dry,Dark - Street Lights On,,4247008,,45,Vehicle - Pedalcyclist,0,0,N
1274028.022,205683.2504,3412,16998,16998,1793052,Matched,Block,,12TH AVE S BETWEEN S BENNETT ST AND S LUCILE ST,,,1,Property Damage Only Collision,Parked Car,2,0,0,2,0,0,0,2004/06/28 00:00:00+00,6/28/2004 12:31,Mid-Block (not related to intersection),11,"MOTOR VEHICLE STRUCK MOTOR VEHICLE, FRONT END AT ANGLE",,0,Clear,Dry,Daylight,,4180020,,20,One car leaving parked position,0,0,N
1283391.911,201221.8049,3413,17374,17374,1779588,Matched,Block,,S HOLLY ST BETWEEN 43RD AVE S AND 44TH AVE S,,,1,Property Damage Only Collision,Parked Car,2,0,0,2,0,0,0,2004/02/11 00:00:00+00,2/11/2004 16:00,Mid-Block (not related to intersection),13,"MOTOR VEHICLE STRUCK MOTOR VEHICLE, LEFT SIDE AT ANGLE",,0,Clear,Dry,Daylight,,4042037,,32,One parked--one moving,0,0,N
,,3414,16736,16736,3615385,Unmatched,,,,NEI,"Not Enough Information, or Insufficient Location Information",0,Unknown,,0,0,0,0,0,0,0,2013/04/12 00:00:00+00,4/12/2013,,0,NOT ENOUGH INFORMATION / NOT APPLICABLE,,,,,,,,, ,,0,0,N
1260825.5,251674.1666,3415,269600,270400,E765510,Unmatched,Block,,NW 70TH ST BETWEEN 14TH W AVE NW AND ALONZO E AVE NW,NEI,"Not Enough Information, or Insufficient Location Information",0,Unknown,,2,0,0,0,0,0,0,2018/02/05 00:00:00+00,2/5/2018,Mid-Block (not related to intersection),0,NOT ENOUGH INFORMATION / NOT APPLICABLE,,,,,,,,, ,,0,0,N
1263793.403,195125.2957,3416,16780,16780,3380836,Matched,Intersection,34859,18TH AVE SW AND SW TRENTON ST, ,,1,Property Damage Only Collision,Angles,3,0,0,2,0,0,0,2013/04/11 00:00:00+00,4/11/2013 9:15,At Intersection (intersection related),11,"MOTOR VEHICLE STRUCK MOTOR VEHICLE, FRONT END AT ANGLE",,N,Raining,Wet,Daylight,,,,10,Entering at angle,0,0,N
1273235.774,227755.4896,3417,17743,17743,1775591,Matched,Block,,HARVARD AVE BETWEEN E PIKE ST AND E PINE ST,,,1,Property Damage Only Collision,Parked Car,2,0,0,2,0,0,0,2004/02/01 00:00:00+00,2/1/2004,Mid-Block (not related to intersection),11,"MOTOR VEHICLE STRUCK MOTOR VEHICLE, FRONT END AT ANGLE",,0,Clear,Dry,Daylight,,4032007,,32,One parked--one moving,0,0,N
1278651.488,227028.5075,3418,16830,16830,3476391,Matched,Intersection,30025,25TH AVE AND E UNION ST, ,,2,Injury Collision,Other,2,0,0,2,2,0,0,2013/04/12 00:00:00+00,4/12/2013 14:00,At Intersection (intersection related),11,"MOTOR VEHICLE STRUCK MOTOR VEHICLE, FRONT END AT ANGLE",,N,Raining,Wet,Daylight,,,,23,From same direction - all others,0,0,N
1275707.811,227940.4333,3419,17037,17037,1787137,Matched,Block,,E PINE ST BETWEEN 15TH AVE AND 16TH AVE,,,1,Property Damage Only Collision,Rear Ended,3,0,0,2,0,0,0,2004/04/20 00:00:00+00,4/20/2004 12:03,Mid-Block (but intersection related),14,"MOTOR VEHICLE STRUCK MOTOR VEHICLE, REAR END",,0,Clear,Dry,Daylight,,4111022,,14,From same direction - both going straight - one stopped - rear-end,0,0,N
1279149.975,213887.4315,3420,16420,16420,3615307,Unmatched,Block,,RAINIER AVE S BETWEEN S FOREST ST AND M L KING JR WAY S,NEI,"Not Enough Information, or Insufficient Location Information",1,Property Damage Only Collision,,1,0,0,0,0,0,0,2013/01/04 00:00:00+00,1/4/2013,Mid-Block (not related to intersection),0,NOT ENOUGH INFORMATION / NOT APPLICABLE,,,,,,,,, ,,0,0,N
1284613.804,245213.4857,3421,16705,16705,3615381,Matched,Intersection,26176,47TH AVE NE AND NE 47TH ST,NEI,"Not Enough Information, or Insufficient Location Information",1,Property Damage Only Collision,Parked Car,2,0,0,2,0,0,0,2013/03/30 00:00:00+00,3/30/2013 23:30,At Intersection (intersection related),0,NOT ENOUGH INFORMATION / NOT APPLICABLE,,N,Unknown,Unknown,Unknown,,,,32,One parked--one moving,0,0,N
1270549.053,223996.0009,3422,17365,17365,1785092,Matched,Intersection,29970,3RD AVE AND COLUMBIA ST,,,1,Property Damage Only Collision,Angles,2,0,0,2,0,0,0,2004/10/23 00:00:00+00,10/23/2004 14:25,At Intersection (intersection related),11,"MOTOR VEHICLE STRUCK MOTOR VEHICLE, FRONT END AT ANGLE",,0,Clear,Dry,Daylight,,4297035,,10,Entering at angle,0,0,N
1280933.566,230464.1517,3423,17070,17070,1216881,Matched,Intersection,29465,32ND AVE E AND E HARRISON ST,,,1,Property Damage Only Collision,Angles,4,0,0,3,0,0,0,2004/09/15 00:00:00+00,9/15/2004 17:30,At Intersection (intersection related),11,"MOTOR VEHICLE STRUCK MOTOR VEHICLE, FRONT END AT ANGLE",,0,Clear,Dry,Daylight,,4259015,Y,10,Entering at angle,0,0,N
1260926.596,203367.4577,3424,16639,16639,3465557,Matched,Intersection,515249,29TH AVE SW AND SW GRAHAM ST, ,,2,Injury Collision,Angles,3,0,0,2,2,0,0,2013/04/08 00:00:00+00,4/8/2013 10:15,At Intersection (intersection related),11,"MOTOR VEHICLE STRUCK MOTOR VEHICLE, FRONT END AT ANGLE",,N,Clear,Dry,Daylight,,,,10,Entering at angle,0,0,N
1261925.713,233358.4464,3425,17402,17402,1071924,Unmatched,Block,,OLYMPIC WAY W BETWEEN W PROSPECT ST AND 9TH AVE W,,,0,Unknown,,0,0,0,0,0,0,0,2004/11/13 00:00:00+00,11/13/2004,Mid-Block (not related to intersection),13,"MOTOR VEHICLE STRUCK MOTOR VEHICLE, LEFT SIDE AT ANGLE",,,,,,,4318028,,,,0,0,N
1267244.354,238957.8695,3426,17632,17632,1783781,Matched,Block,,WESTLAKE AVE N BETWEEN NEWELL ST AND NICKERSON ST,,,2,Injury Collision,Rear Ended,5,0,0,2,1,0,0,2004/08/07 00:00:00+00,8/7/2004,Mid-Block (not related to intersection),14,"MOTOR VEHICLE STRUCK MOTOR VEHICLE, REAR END",,0,Clear,Dry,Daylight,,4220011,,13,From same direction - both going straight - both moving - rear-end,0,0,N
1279541.959,271110.9087,3427,17120,17120,4182043,Unmatched,Block,,NE 145TH ST BETWEEN 26TH AVE NE AND 27TH AVE NE,,,0,Unknown,,0,0,0,0,0,0,0,2004/06/30 00:00:00+00,6/30/2004,Mid-Block (not related to intersection),14,"MOTOR VEHICLE STRUCK MOTOR VEHICLE, REAR END",,,,,,,4182043,,,,0,0,N
1275121.375,218448.4372,3428,331700,333200,EA36675,Unmatched,Block,,15TH AVE S BETWEEN S ATLANTIC ST AND S MASSACHUSETTS ST, ,,2,Injury Collision,,2,0,0,0,1,0,0,2020/05/29 00:00:00+00,5/29/2020,Mid-Block (not related to intersection),16,"MOTOR VEHICLE STRUCK MOTOR VEHICLE, LEFT SIDE SIDESWIPE",,,,,,,,, ,,0,0,Y
1275867.514,247977.85,3429,17016,17016,1778947,Matched,Block,,UNIVERSITY WAY NE BETWEEN NE 56TH ST AND NE RAVENNA EB BV,,,1,Property Damage Only Collision,Parked Car,2,0,0,2,0,0,0,2004/08/10 00:00:00+00,8/10/2004 12:35,Mid-Block (not related to intersection),11,"MOTOR VEHICLE STRUCK MOTOR VEHICLE, FRONT END AT ANGLE",,0,Clear,Dry,Daylight,,4223025,,32,One parked--one moving,0,0,N
1269559.41,253937.7994,3430,16454,16454,3501926,Matched,Intersection,24238,ASHWORTH AVE N AND GREEN LAKE DR N, ,,1,Property Damage Only Collision,Sideswipe,2,0,0,2,0,0,0,2013/04/04 00:00:00+00,4/4/2013 16:33,At Intersection (intersection related),11,"MOTOR VEHICLE STRUCK MOTOR VEHICLE, FRONT END AT ANGLE",,N,Raining,Wet,Daylight,,,,71,Same direction -- both turning right -- both moving -- sideswipe,0,0,N
1270427.749,223568.6896,3431,18277,18277,4254043,Unmatched,Intersection,30355,2ND AVE AND CHERRY ST,,,0,Unknown,,0,0,0,0,0,0,0,2004/09/10 00:00:00+00,9/10/2004,At Intersection (intersection related),11,"MOTOR VEHICLE STRUCK MOTOR VEHICLE, FRONT END AT ANGLE",,,,,,,4254043,,,,0,0,N
1262186.278,250348.5997,3432,16730,16730,3551543,Matched,Intersection,24211,9TH AVE NW AND NW 65TH ST, ,,1,Property Damage Only Collision,Angles,3,0,0,2,0,0,0,2013/04/07 00:00:00+00,4/7/2013 12:23,At Intersection (intersection related),11,"MOTOR VEHICLE STRUCK MOTOR VEHICLE, FRONT END AT ANGLE",,N,Raining,Wet,Daylight,,,,10,Entering at angle,0,0,N
1276260.478,256972.5258,3433,300600,301800,E828613,Matched,Intersection,37533,15TH AVE NE AND NE 91ST ST, ,,2,Injury Collision,Angles,3,0,0,2,1,0,0,2018/08/16 00:00:00+00,8/16/2018 8:15,At Intersection (intersection related),11,"MOTOR VEHICLE STRUCK MOTOR VEHICLE, FRONT END AT ANGLE",,N,Overcast,Dry,Daylight,,,,10,Entering at angle,0,0,N
1268393.466,268789.8094,3434,16825,16825,3615032,Matched,Intersection,35812,AURORA AVE N AND N 135TH ST,NEI,"Not Enough Information, or Insufficient Location Information",1,Property Damage Only Collision,Rear Ended,2,0,0,2,0,0,0,2013/03/28 00:00:00+00,3/28/2013 7:25,At Intersection (intersection related),0,NOT ENOUGH INFORMATION / NOT APPLICABLE,,N,Unknown,Unknown,Daylight,,,,13,From same direction - both going straight - both moving - rear-end,0,0,N
1282863.051,199262.9745,3435,17032,17032,1793569,Matched,Block,,S OTHELLO ST BETWEEN M L KING JR ER WAY S AND 42ND AVE S,,,1,Property Damage Only Collision,Rear Ended,2,0,0,2,0,0,0,2004/10/26 00:00:00+00,10/26/2004 15:40,Mid-Block (not related to intersection),14,"MOTOR VEHICLE STRUCK MOTOR VEHICLE, REAR END",,0,Clear,Dry,Daylight,,4300022,,14,From same direction - both going straight - one stopped - rear-end,0,0,N