X,Y,OBJECTID,INCKEY,COLDETKEY,REPORTNO,STATUS,ADDRTYPE,INTKEY,LOCATION,EXCEPTRSNCODE,EXCEPTRSNDESC,SEVERITYCODE,SEVERITYDESC,COLLISIONTYPE,PERSONCOUNT,PEDCOUNT,PEDCYLCOUNT,VEHCOUNT,INJURIES,SERIOUSINJURIES,FATALITIES,INCDATE,INCDTTM,JUNCTIONTYPE,SDOT_COLCODE,SDOT_COLDESC,INATTENTIONIND,UNDERINFL,WEATHER,ROADCOND,LIGHTCOND,PEDROWNOTGRNT,SDOTCOLNUM,SPEEDING,ST_COLCODE,ST_COLDESC,SEGLANEKEY,CROSSWALKKEY,HITPARKEDCAR
1274845.863,250710.0376,3436,16652,16652,3615315,Unmatched,Block,,ROOSEVELT WAY NE BETWEEN NE 67TH ST AND NE 68TH ST,NEI,"Not Enough Information, or Insufficient Location Information",0,Unknown,,0,0,0,0,0,0,0,2013/04/07 00:00:00+00,4/7/2013,Mid-Block (not related to intersection),0,NOT ENOUGH INFORMATION / NOT APPLICABLE,,,,,,,,, ,,0,0,N
1282466.738,200268.5908,3437,311700,313060,E887286,Matched,Block,,M L KING JR WR WAY S BETWEEN S WILLOW ST AND S MYRTLE ST, ,,1,Property Damage Only Collision,Rear Ended,5,0,0,3,0,0,0,2019/01/03 00:00:00+00,1/3/2019 19:10,Mid-Block (not related to intersection),14,"MOTOR VEHICLE STRUCK MOTOR VEHICLE, REAR END",,N,Overcast,Wet,Dusk,,,,14,From same direction - both going straight - one stopped - rear-end,0,0,N
1275665.827,234895.896,3438,206300,206480,3789117,Matched,Block,,15TH AVE E BETWEEN E GARFIELD ST AND E OLIN S PL, ,,2,Injury Collision,Left Turn,2,0,0,2,1,0,0,2015/11/06 00:00:00+00,11/6/2015 8:22,Mid-Block (not related to intersection),11,"MOTOR VEHICLE STRUCK MOTOR VEHICLE, FRONT END AT ANGLE",,N,Raining,Wet,Daylight,,,,28,From opposite direction - one left turn - one straight,0,0,N
1261933.485,250681.4256,3439,17359,17359,1794432,Unmatched,Block,,10TH AVE NW BETWEEN NW 65TH ST AND NW 67TH ST,,,0,Unknown,,0,0,0,0,0,0,0,2004/10/11 00:00:00+00,10/11/2004,Mid-Block (not related to intersection),15,"MOTOR VEHICLE STRUCK MOTOR VEHICLE, RIGHT SIDE SIDESWIPE",,,,,,,4285009,,,,0,0,N
1266920.316,226865.5037,3440,17731,17731,1783661,Matched,Block,,ELLIOTT AVE BETWEEN ELLIOTT AV ON RP AND BELL ST,,,1,Property Damage Only Collision,Rear Ended,3,0,0,2,0,0,0,2004/11/30 00:00:00+00,11/30/2004 7:05,Mid-Block (but intersection related),14,"MOTOR VEHICLE STRUCK MOTOR VEHICLE, REAR END",,0,Raining,Wet,Dawn,,4335011,,14,From same direction - both going straight - one stopped - rear-end,0,0,N
1259939.76,246646.8931,3441,17678,17678,1773844,Matched,Block,,NW 51ST ST BETWEEN 15TH AVE NW AND 17TH AVE NW,,,1,Property Damage Only Collision,Parked Car,2,0,0,2,0,0,0,2004/05/04 00:00:00+00,5/4/2004,Mid-Block (but intersection related),13,"MOTOR VEHICLE STRUCK MOTOR VEHICLE, LEFT SIDE AT ANGLE",Y,0,Clear,Dry,Daylight,,4125016,,32,One parked--one moving,0,0,N
1270199.493,218937.1721,3442,225300,225620,E568379,Unmatched,Block,,EDGAR MARTINEZ DR S BETWEEN 1ST AVE S AND OCCIDENTAL AVE S,NEI,"Not Enough Information, or Insufficient Location Information",0,Unknown,,0,0,0,0,0,0,0,2016/07/29 00:00:00+00,7/29/2016,,0,NOT ENOUGH INFORMATION / NOT APPLICABLE,,,,,,,,, ,,0,0,N
1260882.368,212086.4426,3443,17449,17449,1795151,Matched,Block,,ADMIRAL AVALON RP BETWEEN 30TH AVE SW AND SW AVALON WAY,,,1,Property Damage Only Collision,Other,3,0,0,2,0,0,0,2004/09/20 00:00:00+00,9/20/2004 10:31,Mid-Block (but intersection related),11,"MOTOR VEHICLE STRUCK MOTOR VEHICLE, FRONT END AT ANGLE",,0,Clear,Dry,Daylight,,4264024,,23,From same direction - all others,0,0,N
1272078.787,227780.4652,3444,17616,17616,1781953,Matched,Block,,BELLEVUE AVE BETWEEN E PIKE ST AND E PINE ST,,,1,Property Damage Only Collision,Parked Car,2,0,0,2,0,0,0,2004/04/13 00:00:00+00,4/13/2004 23:30,Mid-Block (not related to intersection),12,"MOTOR VEHICLE STRUCK MOTOR VEHICLE, RIGHT SIDE AT ANGLE",,0,Other,Unknown,Dark - Street Lights On,,4104029,,32,One parked--one moving,0,0,N
1257441.151,215860.6189,3445,16835,16835,3380699,Matched,Intersection,31065,42ND AVE SW AND SW ADMIRAL WAY, ,,1,Property Damage Only Collision,Left Turn,3,0,0,3,0,0,0,2013/04/13 00:00:00+00,4/13/2013 14:32,At Intersection (intersection related),11,"MOTOR VEHICLE STRUCK MOTOR VEHICLE, FRONT END AT ANGLE",,N,Raining,Wet,Daylight,,,,28,From opposite direction - one left turn - one straight,0,0,N
1267180.484,212139.6475,3446,16520,16520,3504875,Matched,Block,,SW SPOKANE ST BETWEEN S SPOKANE ST AND SW KLICKITAT SR WAY, ,,1,Property Damage Only Collision,Sideswipe,4,0,0,2,0,0,0,2013/04/06 00:00:00+00,4/6/2013 11:04,Mid-Block (not related to intersection),11,"MOTOR VEHICLE STRUCK MOTOR VEHICLE, FRONT END AT ANGLE",,N,Raining,Wet,Daylight,,,,11,From same direction - both going straight - both moving - sideswipe,0,0,N
1277734.637,244690.3031,3447,17004,17004,4111038,Unmatched,Block,,NE 45TH NR ST BETWEEN 21ST AVE NE AND 22ND AVE NE,,,0,Unknown,,0,0,0,0,0,0,0,2004/04/20 00:00:00+00,4/20/2004,Mid-Block (but intersection related),14,"MOTOR VEHICLE STRUCK MOTOR VEHICLE, REAR END",,,,,,,4111038,,,,0,0,N
1277033.762,222950.1731,3448,16611,16611,3593848,Matched,Intersection,30730,20TH AVE AND E YESLER WAY, ,,2,Injury Collision,Left Turn,2,0,0,2,1,0,0,2013/04/06 00:00:00+00,4/6/2013 12:22,At Intersection (intersection related),11,"MOTOR VEHICLE STRUCK MOTOR VEHICLE, FRONT END AT ANGLE",,N,Raining,Wet,Daylight,,,,28,From opposite direction - one left turn - one straight,0,0,N
1282668.063,199600.0543,3449,16922,16922,1779631,Matched,Block,,M L KING JR WR WAY S BETWEEN S MYRTLE ST AND S OTHELLO ST,,,2,Injury Collision,Rear Ended,5,0,0,3,2,0,0,2004/06/12 00:00:00+00,6/12/2004 15:37,Mid-Block (not related to intersection),14,"MOTOR VEHICLE STRUCK MOTOR VEHICLE, REAR END",,0,Overcast,Dry,Daylight,,4164032,,14,From same direction - both going straight - one stopped - rear-end,0,0,N
1270530.444,228526.0448,3450,16725,16725,3548989,Matched,Block,,STEWART ST BETWEEN TERRY AVE AND BOREN AVE, ,,1,Property Damage Only Collision,Sideswipe,2,0,0,2,0,0,0,2013/04/08 00:00:00+00,4/8/2013 7:30,Mid-Block (but intersection related),11,"MOTOR VEHICLE STRUCK MOTOR VEHICLE, FRONT END AT ANGLE",,N,Clear,Wet,Daylight,,,,11,From same direction - both going straight - both moving - sideswipe,0,0,N
1273237.529,227967.5365,3451,17735,17735,1214397,Matched,Intersection,29735,HARVARD AVE AND E PINE ST,,,1,Property Damage Only Collision,Left Turn,2,0,0,2,0,0,0,2004/02/26 00:00:00+00,2/26/2004 21:15,At Intersection (intersection related),11,"MOTOR VEHICLE STRUCK MOTOR VEHICLE, FRONT END AT ANGLE",,0,Raining,Wet,Dark - Street Lights On,,4057027,,28,From opposite direction - one left turn - one straight,0,0,N
1257001.464,213512.273,3452,17024,17024,1319849,Matched,Block,,CALIFORNIA AVE SW BETWEEN SW HANFORD ST AND SW HINDS N ST,,,2,Injury Collision,Parked Car,3,0,0,3,1,0,0,2004/08/14 00:00:00+00,8/14/2004 1:50,Mid-Block (not related to intersection),16,"MOTOR VEHICLE STRUCK MOTOR VEHICLE, LEFT SIDE SIDESWIPE",Y,0,Clear,Dry,Dark - Street Lights On,,4227009,,32,One parked--one moving,0,0,N
1271630.17,226908.8299,3453,326600,328100,E988504,Matched,Block,,UNION ST BETWEEN TERRY AVE AND BOREN AVE, ,,2,Injury Collision,Angles,2,0,0,2,1,0,0,2019/11/26 00:00:00+00,11/26/2019 12:50,Driveway Junction,11,"MOTOR VEHICLE STRUCK MOTOR VEHICLE, FRONT END AT ANGLE",,N,Clear,Dry,Daylight,,,,10,Entering at angle,0,0,N
1256857.946,207563.203,3454,16507,16507,3380915,Matched,Block,,CALIFORNIA AVE SW BETWEEN ERSKINE WAY SW AND SW HUDSON ST, ,,1,Property Damage Only Collision,Angles,2,0,0,2,0,0,0,2013/04/06 00:00:00+00,4/6/2013 12:25,Driveway Junction,11,"MOTOR VEHICLE STRUCK MOTOR VEHICLE, FRONT END AT ANGLE",,N,Raining,Wet,Daylight,,,,10,Entering at angle,0,0,N
1269257.613,193953.729,3455,17548,17548,1789406,Matched,Block,,OLSON PL SW BETWEEN 1ST AVE S AND 2ND AVE SW,,,1,Property Damage Only Collision,Rear Ended,2,0,0,2,0,0,0,2004/09/08 00:00:00+00,9/8/2004,Mid-Block (but intersection related),14,"MOTOR VEHICLE STRUCK MOTOR VEHICLE, REAR END",,0,Clear,Dry,Dawn,,4252042,Y,14,From same direction - both going straight - one stopped - rear-end,0,0,N
1280092.387,207715.5512,3456,17491,17491,1784530,Matched,Block,,M L KING JR ER WAY S BETWEEN S ALASKA ST AND S ANGELINE ST,,,2,Injury Collision,Rear Ended,2,0,0,2,1,0,0,2004/10/28 00:00:00+00,10/28/2004 16:45,Mid-Block (but intersection related),14,"MOTOR VEHICLE STRUCK MOTOR VEHICLE, REAR END",Y,0,Raining,Wet,Daylight,,4302004,,14,From same direction - both going straight - one stopped - rear-end,0,0,N
1267417.829,227003.6438,3457,17865,17865,1181382,Matched,Block,,BLANCHARD ST BETWEEN WESTERN AVE AND 1ST AVE,,,1,Property Damage Only Collision,Parked Car,2,0,0,2,0,0,0,2004/06/24 00:00:00+00,6/24/2004 23:00,Mid-Block (not related to intersection),14,"MOTOR VEHICLE STRUCK MOTOR VEHICLE, REAR END",,0,Clear,Dry,Dark - Street Lights On,,4176023,,32,One parked--one moving,0,0,N
1274885.231,243510.2197,3458,17675,17675,1772180,Matched,Block,,11TH AVE NE BETWEEN EASTLAKE AVE NE AND NE 42ND ST,,,1,Property Damage Only Collision,Parked Car,2,0,0,2,0,0,0,2004/03/30 00:00:00+00,3/30/2004 19:20,Mid-Block (not related to intersection),14,"MOTOR VEHICLE STRUCK MOTOR VEHICLE, REAR END",,0,Clear,Dry,Unknown,,4090018,,32,One parked--one moving,0,0,N
1273598.291,231402.4884,3459,319700,321200,3795257,Matched,Block,,BROADWAY E BETWEEN E MERCER ST AND E ROY E ST, ,,2,Injury Collision,Sideswipe,6,0,0,3,1,0,0,2019/05/31 00:00:00+00,5/31/2019 21:10,Mid-Block (not related to intersection),11,"MOTOR VEHICLE STRUCK MOTOR VEHICLE, FRONT END AT ANGLE",Y,N,Clear,Dry,Dusk,,,,26,From opposite direction - both going straight - sideswipe,0,0,N
1266791.686,192367.6873,3460,242300,242780,E667858,Matched,Intersection,35066,8TH AVE SW AND SW ROXBURY ST, ,,1,Property Damage Only Collision,Rear Ended,2,0,0,2,0,0,0,2017/05/01 00:00:00+00,5/1/2017 12:45,At Intersection (but not related to intersection),14,"MOTOR VEHICLE STRUCK MOTOR VEHICLE, REAR END",,N,Overcast,Wet,Daylight,,,,14,From same direction - both going straight - one stopped - rear-end,0,0,N
1285362.333,258416.6435,3461,17752,17752,1211448,Matched,Intersection,37802,49TH AVE NE AND NE 97TH ST,,,2,Injury Collision,Angles,2,0,0,2,1,0,0,2004/01/09 00:00:00+00,1/9/2004,At Intersection (intersection related),11,"MOTOR VEHICLE STRUCK MOTOR VEHICLE, FRONT END AT ANGLE",,0,Raining,Wet,Dark - Street Lights On,,4009011,,10,Entering at angle,0,0,N
1282182.223,208682.159,3462,16964,16964,1203750,Matched,Block,,S OREGON ST BETWEEN 38TH AVE S AND 39TH AVE S,,,1,Property Damage Only Collision,Other,1,0,0,1,0,0,0,2004/01/26 00:00:00+00,1/26/2004 19:25,Mid-Block (not related to intersection),28,MOTOR VEHICLE RAN OFF ROAD - HIT FIXED OBJECT,,0,Clear,Dry,Dark - Street Lights On,,4026005,,50,Fixed object,0,0,N
1273791.371,244094.8064,3463,16760,16760,3612957,Matched,Block,,NE 43RD ST BETWEEN DEAD END 1 AND 7TH AVE NE, ,,1,Property Damage Only Collision,Parked Car,2,0,0,2,0,0,0,2013/04/11 00:00:00+00,4/11/2013 20:19,Mid-Block (not related to intersection),14,"MOTOR VEHICLE STRUCK MOTOR VEHICLE, REAR END",,N,Clear,Dry,Dusk,,,,32,One parked--one moving,0,0,N
1269371.488,224721.1583,3464,16596,16596,3550107,Matched,Intersection,29611,1ST AVE AND SENECA ST, ,,1,Property Damage Only Collision,Angles,3,0,0,2,0,0,0,2013/04/05 00:00:00+00,4/5/2013 8:20,At Intersection (intersection related),11,"MOTOR VEHICLE STRUCK MOTOR VEHICLE, FRONT END AT ANGLE",Y,N,Overcast,Dry,Daylight,,,,10,Entering at angle,0,0,N
1270070.421,265649.3235,3465,17395,17395,1797027,Matched,Block,,DENSMORE AVE N BETWEEN N 122ND ST AND N 125TH ST,,,1,Property Damage Only Collision,Other,1,0,0,1,0,0,0,2004/10/28 00:00:00+00,10/28/2004 23:16,Mid-Block (but intersection related),28,MOTOR VEHICLE RAN OFF ROAD - HIT FIXED OBJECT,,0,Raining,Wet,Dark - Street Lights On,,4302016,Y,50,Fixed object,0,0,N
1270670.338,224423.0934,3466,17598,17598,1777167,Matched,Intersection,29953,4TH AVE AND MARION ST,,,1,Property Damage Only Collision,Sideswipe,3,0,0,2,0,0,0,2004/07/19 00:00:00+00,7/19/2004 16:00,At Intersection (intersection related),11,"MOTOR VEHICLE STRUCK MOTOR VEHICLE, FRONT END AT ANGLE",,0,Clear,Dry,Daylight,,4201013,,71,Same direction -- both turning right -- both moving -- sideswipe,0,0,N
1266991.777,229948.7015,3467,17328,17328,1059908,Unmatched,Block,,5TH AVE N BETWEEN JOHN ST AND BROAD ST,,,0,Unknown,,0,0,0,0,0,0,0,2004/12/17 00:00:00+00,12/17/2004,Mid-Block (not related to intersection),14,"MOTOR VEHICLE STRUCK MOTOR VEHICLE, REAR END",,,,,,,4352045,,,,0,0,N
1258391.469,252374.1516,3468,16843,16843,3501634,Matched,Intersection,23908,22ND AVE NW AND NW 73RD ST, ,,2,Injury Collision,Angles,2,0,0,2,2,0,0,2013/04/14 00:00:00+00,4/14/2013 21:00,At Intersection (intersection related),11,"MOTOR VEHICLE STRUCK MOTOR VEHICLE, FRONT END AT ANGLE",,Y,Clear,Dry,Dark - Street Lights On,,,Y,10,Entering at angle,0,0,N
1261137.254,255713.4686,3469,16523,16523,3507865,Matched,Block,,NW 85TH ST BETWEEN 13TH AVE NW AND 14TH AVE NW, ,,1,Property Damage Only Collision,Sideswipe,4,0,0,2,0,0,0,2013/04/05 00:00:00+00,4/5/2013 16:56,Mid-Block (not related to intersection),11,"MOTOR VEHICLE STRUCK MOTOR VEHICLE, FRONT END AT ANGLE",,N,Raining,Wet,Daylight,,,,11,From same direction - both going straight - both moving - sideswipe,0,0,N
1270106.84,226006.9447,3470,16859,16859,3503736,Matched,Intersection,29913,5TH AVE AND UNION ST, ,,2,Injury Collision,Angles,2,0,0,2,1,0,0,2013/04/14 00:00:00+00,4/14/2013 18:22,At Intersection (intersection related),11,"MOTOR VEHICLE STRUCK MOTOR VEHICLE, FRONT END AT ANGLE",,N,Clear,Dry,Daylight,,,,10,Entering at angle,0,0,N
,,3471,16613,16613,3645771,Matched,,,,NEI,"Not Enough Information, or Insufficient Location Information",1,Property Damage Only Collision,Parked Car,2,0,0,2,0,0,0,2013/04/06 00:00:00+00,4/6/2013 16:00,,0,NOT ENOUGH INFORMATION / NOT APPLICABLE,,N,Unknown,Unknown,Unknown,,,,32,One parked--one moving,0,0,N
1265658.496,241577.9236,3472,16920,16920,1781064,Matched,Block,,N 36TH ST BETWEEN PHINNEY AVE N AND FRANCIS AVE N,,,1,Property Damage Only Collision,Rear Ended,3,0,0,3,0,0,0,2004/02/22 00:00:00+00,2/22/2004 0:02,Mid-Block (but intersection related),14,"MOTOR VEHICLE STRUCK MOTOR VEHICLE, REAR END",,1,Clear,Dry,Dark - Street Lights On,,4053009,,14,From same direction - both going straight - one stopped - rear-end,0,0,N
1267204.307,245198.2763,3473,336300,337800,EA86768,Matched,Block,,N 46 UPPER ST BETWEEN LINDEN AVE N AND AURORA AVE N, ,,1,Property Damage Only Collision,Other,2,0,0,2,0,0,0,2020/11/13 00:00:00+00,11/13/2020 14:10,,11,"MOTOR VEHICLE STRUCK MOTOR VEHICLE, FRONT END AT ANGLE",,N,Clear,Dry,Daylight,,,,23,From same direction - all others,0,0,N
1268665.224,245927.3117,3474,16886,16886,3613348,Matched,Block,,STONE AVE N BETWEEN GREEN LAKE WAY N AND N 49TH ST, ,,1,Property Damage Only Collision,Parked Car,2,0,0,2,0,0,0,2013/04/13 00:00:00+00,4/13/2013 17:35,Mid-Block (not related to intersection),16,"MOTOR VEHICLE STRUCK MOTOR VEHICLE, LEFT SIDE SIDESWIPE",,N,Overcast,Wet,Daylight,,,,32,One parked--one moving,0,0,N
1260277.157,245894.8835,3475,327200,328700,E994851,Matched,Intersection,25468,15TH NB AVE NW AND NW LEARY WAY, ,,2,Injury Collision,Left Turn,2,0,0,2,1,0,0,2019/12/11 00:00:00+00,12/11/2019 13:15,At Intersection (intersection related),11,"MOTOR VEHICLE STRUCK MOTOR VEHICLE, FRONT END AT ANGLE",,N,Clear,Wet,Daylight,,,,28,From opposite direction - one left turn - one straight,0,0,N
1267946.858,229497.3544,3476,328700,330200,EA12103,Matched,Block,,7TH SB AVE N BETWEEN DENNY WAY AND JOHN ST, ,,1,Property Damage Only Collision,Sideswipe,2,0,0,2,0,0,0,2020/01/30 00:00:00+00,1/30/2020 8:00,Mid-Block (not related to intersection),11,"MOTOR VEHICLE STRUCK MOTOR VEHICLE, FRONT END AT ANGLE",,N,Clear,Dry,Daylight,,,,11,From same direction - both going straight - both moving - sideswipe,0,0,N
1267958.189,258531.1608,3477,17706,17706,1930882,Unmatched,Block,,N 96TH ST BETWEEN LINDEN AVE N AND AURORA N AVE N,,,0,Unknown,,0,0,0,0,0,0,0,2004/12/23 00:00:00+00,12/23/2004,Mid-Block (not related to intersection),16,"MOTOR VEHICLE STRUCK MOTOR VEHICLE, LEFT SIDE SIDESWIPE",,,,,,,4358012,,,,0,0,N
1258400.372,234923.0055,3478,17794,17794,1069386,Unmatched,Block,,MAGNOLIA BR BETWEEN MAGNOLIA EB W BR AND W GARFIELD ST OFF RP,,,0,Unknown,,0,0,0,0,0,0,0,2004/12/28 00:00:00+00,12/28/2004,Driveway Junction,11,"MOTOR VEHICLE STRUCK MOTOR VEHICLE, FRONT END AT ANGLE",,,,,,,4363014,,,,0,0,N
1270097.3,228049.8687,3479,17722,17722,1772756,Matched,Block,,STEWART ST BETWEEN 8TH AVE AND 9TH AVE,,,1,Property Damage Only Collision,Parked Car,3,0,0,2,0,0,0,2004/05/18 00:00:00+00,5/18/2004 13:29,Mid-Block (not related to intersection),11,"MOTOR VEHICLE STRUCK MOTOR VEHICLE, FRONT END AT ANGLE",,0,Clear,Dry,Daylight,,4139021,,20,One car leaving parked position,0,0,N
1274864.814,230392.9241,3480,17385,17385,1198429,Matched,Intersection,29029,13TH AVE E AND E HARRISON ST,,,1,Property Damage Only Collision,Angles,2,0,0,2,0,0,0,2004/11/22 00:00:00+00,11/22/2004 12:51,At Intersection (intersection related),11,"MOTOR VEHICLE STRUCK MOTOR VEHICLE, FRONT END AT ANGLE",,0,Clear,Dry,Daylight,,4327032,,10,Entering at angle,0,0,N
1267973.502,230563.6779,3481,320900,322400,E923837,Matched,Intersection,28784,7TH AVE N AND HARRISON ST, ,,2,Injury Collision,Left Turn,4,0,0,2,2,0,0,2019/04/26 00:00:00+00,4/26/2019 21:08,At Intersection (intersection related),11,"MOTOR VEHICLE STRUCK MOTOR VEHICLE, FRONT END AT ANGLE",,N,Clear,Dry,Dark - Street Lights On,,,,28,From opposite direction - one left turn - one straight,0,0,N
1267867.526,228771.8215,3482,205800,205960,3788978,Matched,Block,,BATTERY ST BETWEEN 5TH AVE AND AURORA AVE, ,,2,Injury Collision,Rear Ended,7,0,0,4,2,0,0,2015/11/01 00:00:00+00,11/1/2015 1:05,Mid-Block (but intersection related),14,"MOTOR VEHICLE STRUCK MOTOR VEHICLE, REAR END",,N,Raining,Wet,Dark - Street Lights On,,,,14,From same direction - both going straight - one stopped - rear-end,0,0,N
,,3483,17227,17227,1181463,Matched,Block,,AURORA AVE N BETWEEN BATTERY ST TUNNEL NB AND THOMAS ST,,,2,Injury Collision,Other,3,0,0,2,1,0,0,2004/05/10 00:00:00+00,5/10/2004 11:42,Mid-Block (not related to intersection),11,"MOTOR VEHICLE STRUCK MOTOR VEHICLE, FRONT END AT ANGLE",,0,Raining,Wet,Daylight,,4131007,Y,23,From same direction - all others,0,0,N
1272932.422,236912.0818,3484,17611,17611,1772078,Matched,Block,,E LYNN ST BETWEEN FRANKLIN AVE E AND BOYLSTON AVE E,,,1,Property Damage Only Collision,Parked Car,3,0,0,3,0,0,0,2004/03/24 00:00:00+00,3/24/2004 9:30,Driveway Junction,31,DRIVERLESS VEHICLE STRUCK MOTOR VEHICLE FRONT END AT ANGLE,,0,Clear,Dry,Daylight,,4084005,,32,One parked--one moving,0,0,N
1260525.774,215001.6667,3485,17106,17106,1781354,Matched,Block,,HARBOR AVE SW BETWEEN SW FLORIDA ST AND SW HARBOR LN,,,1,Property Damage Only Collision,Other,2,0,0,2,0,0,0,2004/04/22 00:00:00+00,4/22/2004 15:17,Driveway Junction,11,"MOTOR VEHICLE STRUCK MOTOR VEHICLE, FRONT END AT ANGLE",Y,0,Clear,Dry,Daylight,,4113035,,22,One car leaving driveway access,0,0,N
1267007.856,230587.802,3486,17193,17193,1059853,Matched,Intersection,28925,5TH AVE N AND HARRISON ST,,,2,Injury Collision,Angles,7,0,0,3,1,0,0,2004/12/04 00:00:00+00,12/4/2004,At Intersection (intersection related),11,"MOTOR VEHICLE STRUCK MOTOR VEHICLE, FRONT END AT ANGLE",,0,Raining,Wet,Daylight,,4339020,,10,Entering at angle,0,0,N
1271142.704,244845.9856,3487,302500,303740,E839135,Matched,Block,,N 45TH ST BETWEEN BAGLEY AVE N AND CORLISS AVE N, ,,1,Property Damage Only Collision,Rear Ended,3,0,0,2,0,0,0,2018/09/06 00:00:00+00,9/6/2018 8:23,Mid-Block (but intersection related),14,"MOTOR VEHICLE STRUCK MOTOR VEHICLE, REAR END",Y,N,Clear,Dry,Daylight,,,,13,From same direction - both going straight - both moving - rear-end,0,0,N
1274394.385,195553.446,3488,334800,336300,3876577,Matched,Intersection,35097,14TH AVE S AND S CLOVERDALE ST, ,,1,Property Damage Only Collision,Angles,2,0,0,2,0,0,0,2020/09/20 00:00:00+00,9/20/2020 15:08,At Intersection (intersection related),11,"MOTOR VEHICLE STRUCK MOTOR VEHICLE, FRONT END AT ANGLE",,N,Clear,Dry,Daylight,,,,10,Entering at angle,0,0,N
1255917.798,193522.7045,3489,17509,17509,1795476,Matched,Block,,44TH AVE SW BETWEEN SW WILDWOOD PL AND SW FLETCHER ST,,,1,Property Damage Only Collision,Parked Car,2,0,0,2,0,0,0,2004/09/27 00:00:00+00,9/27/2004 18:15,Driveway Junction,13,"MOTOR VEHICLE STRUCK MOTOR VEHICLE, LEFT SIDE AT ANGLE",,0,Clear,Dry,Dusk,,4271016,,32,One parked--one moving,0,0,N
1279954.234,264465.6546,3490,16944,16944,1079801,Matched,Block,,NE 120TH ST BETWEEN 28TH AVE NE AND LAKE CITY WAY NE,,,1,Property Damage Only Collision,Other,4,0,0,2,0,0,0,2004/07/01 00:00:00+00,7/1/2004,Driveway Junction,11,"MOTOR VEHICLE STRUCK MOTOR VEHICLE, FRONT END AT ANGLE",,0,Overcast,Dry,Daylight,,4183013,,22,One car leaving driveway access,0,0,N
1271830.52,224042.6365,3491,17023,17023,1316775,Matched,Block,,JAMES ST BETWEEN 6TH AVE AND 7TH AVE,,,1,Property Damage Only Collision,Rear Ended,2,0,0,2,0,0,0,2004/07/23 00:00:00+00,7/23/2004 11:50,Mid-Block (but intersection related),14,"MOTOR VEHICLE STRUCK MOTOR VEHICLE, REAR END",Y,0,Clear,Dry,Daylight,,4205036,,14,From same direction - both going straight - one stopped - rear-end,0,0,N
1275631.301,263627.8017,3492,305700,306980,E850605,Unmatched,Block,,12TH AVE NE BETWEEN NE 115TH ST AND NE 117TH ST,NEI,"Not Enough Information, or Insufficient Location Information",0,Unknown,,0,0,0,0,0,0,0,2018/10/12 00:00:00+00,10/12/2018,,0,NOT ENOUGH INFORMATION / NOT APPLICABLE,,,,,,,,, ,,0,0,Y
1259633.648,247734.4306,3493,17704,17704,1930783,Unmatched,Intersection,25150,17TH AVE NW AND NW MARKET ST,,,0,Unknown,,0,0,0,0,0,0,0,2004/12/15 00:00:00+00,12/15/2004,At Intersection (intersection related),24,MOTOR VEHCILE STRUCK PEDESTRIAN,,,,,,,4350015,,,,0,0,N
1274215.031,227746.8835,3494,17784,17784,1778104,Matched,Block,,11TH AVE BETWEEN E PIKE ST AND E PINE ST,,,1,Property Damage Only Collision,Parked Car,2,0,0,2,0,0,0,2004/01/31 00:00:00+00,1/31/2004 16:00,Mid-Block (not related to intersection),11,"MOTOR VEHICLE STRUCK MOTOR VEHICLE, FRONT END AT ANGLE",,0,Unknown,Unknown,Unknown,,4031050,,32,One parked--one moving,0,0,N
1280707.752,268954.2583,3495,16987,16987,1209442_1,Unmatched,Block,,NE 137TH ST BETWEEN 30TH AVE NE AND 32ND AVE NE,,,0,Unknown,,0,0,0,0,0,0,0,2004/04/14 00:00:00+00,4/14/2004,Mid-Block (not related to intersection),11,"MOTOR VEHICLE STRUCK MOTOR VEHICLE, FRONT END AT ANGLE",,,,,,,4105025,,,,0,0,N
1268673.529,225900.3447,3496,17140,17140,1776783,Matched,Block,,1ST AVE BETWEEN PIKE ST AND PINE ST,,,1,Property Damage Only Collision,Parked Car,2,0,0,2,0,0,0,2004/06/06 00:00:00+00,6/6/2004,Mid-Block (not related to intersection),13,"MOTOR VEHICLE STRUCK MOTOR VEHICLE, LEFT SIDE AT ANGLE",,0,Other,Unknown,Daylight,,4158038,,32,One parked--one moving,0,0,N
1274863.769,212029.1137,3497,17375,17375,1779615,Matched,Block,,S SPOKANE ST BETWEEN S COLUMBIAN WAY AND HINDS PL S,,,1,Property Damage Only Collision,Sideswipe,2,0,0,2,0,0,0,2004/09/14 00:00:00+00,9/14/2004 18:06,Mid-Block (not related to intersection),16,"MOTOR VEHICLE STRUCK MOTOR VEHICLE, LEFT SIDE SIDESWIPE",,0,Raining,Wet,Daylight,,4258041,,11,From same direction - both going straight - both moving - sideswipe,0,0,N
1276188.426,212112.8225,3498,16567,16567,3672294,Matched,Block,,S SPOKANE ST BETWEEN ALAMO PL S AND BEACON AVE S, ,,1,Property Damage Only Collision,Rear Ended,3,0,0,2,0,0,0,2013/04/04 00:00:00+00,4/4/2013 17:00,Mid-Block (not related to intersection),14,"MOTOR VEHICLE STRUCK MOTOR VEHICLE, REAR END",Y,N,Raining,Wet,Daylight,,,,14,From same direction - both going straight - one stopped - rear-end,0,0,N
1268945.092,257779.3272,3499,272000,272840,E770958,Matched,Block,,STONE AVE N BETWEEN N 93RD ST AND N 94TH ST, ,,1,Property Damage Only Collision,Parked Car,3,0,0,2,0,0,0,2018/02/13 00:00:00+00,2/13/2018 10:57,Mid-Block (not related to intersection),11,"MOTOR VEHICLE STRUCK MOTOR VEHICLE, FRONT END AT ANGLE",,N,Clear,Dry,Daylight,,,,20,One car leaving parked position,0,0,N