X,Y,OBJECTID,INCKEY,COLDETKEY,REPORTNO,STATUS,ADDRTYPE,INTKEY,LOCATION,EXCEPTRSNCODE,EXCEPTRSNDESC,SEVERITYCODE,SEVERITYDESC,COLLISIONTYPE,PERSONCOUNT,PEDCOUNT,PEDCYLCOUNT,VEHCOUNT,INJURIES,SERIOUSINJURIES,FATALITIES,INCDATE,INCDTTM,JUNCTIONTYPE,SDOT_COLCODE,SDOT_COLDESC,INATTENTIONIND,UNDERINFL,WEATHER,ROADCOND,LIGHTCOND,PEDROWNOTGRNT,SDOTCOLNUM,SPEEDING,ST_COLCODE,ST_COLDESC,SEGLANEKEY,CROSSWALKKEY,HITPARKEDCAR
1263642.67,235718.4304,3500,17890,17890,1059606,Unmatched,Block,,W HOWE ST BETWEEN 3RD AVE W AND 4TH AVE W,,,0,Unknown,,0,0,0,0,0,0,0,2004/12/21 00:00:00+00,12/21/2004,Mid-Block (not related to intersection),11,"MOTOR VEHICLE STRUCK MOTOR VEHICLE, FRONT END AT ANGLE",,,,,,,4356035,,,,0,0,N
1281845.894,202435.532,3501,17088,17088,1779423,Matched,Block,,M L KING JR ER WAY S BETWEEN S GRAHAM ST AND S EDDY ST,,,1,Property Damage Only Collision,Rear Ended,3,0,0,2,0,0,0,2004/11/26 00:00:00+00,11/26/2004 23:56,Mid-Block (not related to intersection),14,"MOTOR VEHICLE STRUCK MOTOR VEHICLE, REAR END",,0,Raining,Wet,Dark - Street Lights On,,4331015,,13,From same direction - both going straight - both moving - rear-end,0,0,N
1262013.681,255701.5085,3502,16755,16755,3507872,Matched,Block,,NW 85TH ST BETWEEN 10TH AVE NW AND 11TH AVE NW, ,,1,Property Damage Only Collision,Parked Car,2,0,0,2,0,0,0,2013/04/10 00:00:00+00,4/10/2013 8:27,Mid-Block (not related to intersection),14,"MOTOR VEHICLE STRUCK MOTOR VEHICLE, REAR END",,N,Raining,Wet,Daylight,,,,32,One parked--one moving,0,0,N
1278911.261,247204.1652,3503,16423,16423,3609131,Matched,Block,,25TH AVE NE BETWEEN NE 54TH ST AND NE 55TH ST, ,,2,Injury Collision,Rear Ended,2,0,0,2,1,0,0,2013/03/27 00:00:00+00,3/27/2013 15:39,Mid-Block (not related to intersection),14,"MOTOR VEHICLE STRUCK MOTOR VEHICLE, REAR END",Y,N,Raining,Wet,Daylight,,,,14,From same direction - both going straight - one stopped - rear-end,0,0,N
1271141.684,229199.6351,3504,16532,16532,3548987,Matched,Intersection,29168,DENNY WAY AND STEWART ST, ,,1,Property Damage Only Collision,Rear Ended,2,0,0,2,0,0,0,2013/04/05 00:00:00+00,4/5/2013 7:07,At Intersection (intersection related),14,"MOTOR VEHICLE STRUCK MOTOR VEHICLE, REAR END",Y,N,Raining,Wet,Daylight,,,,14,From same direction - both going straight - one stopped - rear-end,0,0,N
1263570.796,234031.8381,3505,17654,17654,1212973,Matched,Intersection,28564,4TH AVE W AND W LEE ST,,,2,Injury Collision,Angles,2,0,0,2,1,0,0,2004/07/19 00:00:00+00,7/19/2004 9:01,At Intersection (intersection related),11,"MOTOR VEHICLE STRUCK MOTOR VEHICLE, FRONT END AT ANGLE",,0,Clear,Dry,Daylight,,4201005,,10,Entering at angle,0,0,N
1263070.141,199975.3299,3506,16932,16932,1795708,Matched,Intersection,33963,DELRIDGE WAY SW AND SW ORCHARD ST,,,1,Property Damage Only Collision,Left Turn,2,0,0,2,0,0,0,2004/12/17 00:00:00+00,12/17/2004 7:15,At Intersection (intersection related),11,"MOTOR VEHICLE STRUCK MOTOR VEHICLE, FRONT END AT ANGLE",,0,Overcast,Wet,Dark - Street Lights On,,4352041,,28,From opposite direction - one left turn - one straight,0,0,N
1258759.622,209152.4896,3507,17844,17844,1798553,Matched,Intersection,31926,FAUNTLEROY WAY SW AND SW OREGON ST,,,2,Injury Collision,Angles,4,0,0,2,1,0,0,2004/07/02 00:00:00+00,7/2/2004,At Intersection (intersection related),11,"MOTOR VEHICLE STRUCK MOTOR VEHICLE, FRONT END AT ANGLE",,0,Overcast,Dry,Daylight,,4184008,,10,Entering at angle,0,0,N
1254887.591,250440.2895,3508,17341,17341,1221171,Matched,Intersection,24033,32ND AVE NW AND NW 65TH ST,,,2,Injury Collision,Angles,3,0,0,2,1,0,0,2004/04/02 00:00:00+00,4/2/2004,At Intersection (intersection related),11,"MOTOR VEHICLE STRUCK MOTOR VEHICLE, FRONT END AT ANGLE",,0,Clear,Dry,Daylight,,4093016,,10,Entering at angle,0,0,N
1268114.338,235184.8493,3509,17267,17267,1777561,Matched,Block,,AURORA AVE N BETWEEN GARFIELD ST AND HOWE ST,,,1,Property Damage Only Collision,Rear Ended,5,0,0,2,0,0,0,2004/07/21 00:00:00+00,7/21/2004 15:58,Mid-Block (not related to intersection),14,"MOTOR VEHICLE STRUCK MOTOR VEHICLE, REAR END",,0,Clear,Dry,Daylight,,4203041,,13,From same direction - both going straight - both moving - rear-end,0,0,N
1265364.001,245238.4109,3510,16529,16529,3508209,Matched,Intersection,25685,GREENWOOD AVE N AND N 46TH S ST, ,,1,Property Damage Only Collision,Rear Ended,2,0,0,2,0,0,0,2013/04/06 00:00:00+00,4/6/2013 0:19,At Intersection (intersection related),14,"MOTOR VEHICLE STRUCK MOTOR VEHICLE, REAR END",,Y,Raining,Wet,Dark - Street Lights On,,,,14,From same direction - both going straight - one stopped - rear-end,0,0,N
1268397.512,269120.8902,3511,17292,17292,1473245,Matched,Block,,AURORA AVE N BETWEEN N 135TH ST AND N 137TH ST,,,2,Injury Collision,Rear Ended,4,0,0,2,2,0,0,2004/12/15 00:00:00+00,12/15/2004 20:34,Mid-Block (but intersection related),14,"MOTOR VEHICLE STRUCK MOTOR VEHICLE, REAR END",,0,Clear,Dry,Dark - Street Lights On,,4350009,Y,14,From same direction - both going straight - one stopped - rear-end,0,0,N
1261399.955,192834.6445,3512,324700,326200,E971287,Unmatched,Block,,27TH AVE SW BETWEEN SW CAMBRIDGE ST AND SW ROXBURY ST,NEI,"Not Enough Information, or Insufficient Location Information",0,Unknown,,0,0,0,0,0,0,0,2019/10/15 00:00:00+00,10/15/2019,,0,NOT ENOUGH INFORMATION / NOT APPLICABLE,,,,,,,,, ,,0,0,Y
1282634.807,202533.6808,3513,17419,17419,1786056,Matched,Block,,S GRAHAM ST BETWEEN 39TH AVE S AND 42ND AVE S,,,2,Injury Collision,Rear Ended,2,0,0,2,1,0,0,2004/04/23 00:00:00+00,4/23/2004 14:44,Mid-Block (but intersection related),14,"MOTOR VEHICLE STRUCK MOTOR VEHICLE, REAR END",,0,Overcast,Wet,Daylight,,4114019,,14,From same direction - both going straight - one stopped - rear-end,0,0,N
1258840.609,248033.3531,3514,16925,16925,1794073,Matched,Intersection,25137,20TH AVE NW AND NW 56TH ST,,,1,Property Damage Only Collision,Sideswipe,2,0,0,2,0,0,0,2004/08/24 00:00:00+00,8/24/2004 12:00,At Intersection (intersection related),11,"MOTOR VEHICLE STRUCK MOTOR VEHICLE, FRONT END AT ANGLE",,0,Raining,Wet,Daylight,,4237027,,71,Same direction -- both turning right -- both moving -- sideswipe,0,0,N
1256215.179,208241.4403,3515,318900,320400,3752568,Matched,Block,,45TH AVE SW BETWEEN SW ALASKA ST AND SW EDMUNDS ST, ,,1,Property Damage Only Collision,Parked Car,2,0,0,2,0,0,0,2019/05/10 00:00:00+00,5/10/2019 7:47,Mid-Block (not related to intersection),14,"MOTOR VEHICLE STRUCK MOTOR VEHICLE, REAR END",Y,N,Clear,Dry,Unknown,,,,32,One parked--one moving,0,0,Y
1260111.151,238157.9127,3516,300200,301400,E825575,Matched,Intersection,587907,15TH AVE W AND GILMAN DR W, ,,2,Injury Collision,Angles,3,0,0,2,3,0,0,2018/08/03 00:00:00+00,8/3/2018 11:40,At Intersection (intersection related),11,"MOTOR VEHICLE STRUCK MOTOR VEHICLE, FRONT END AT ANGLE",,N,Clear,Dry,Daylight,,,,10,Entering at angle,0,0,N
1270284.453,217399.9018,3517,16745,16745,3208656,Matched,Intersection,31346,OCCIDENTAL AVE S AND S HOLGATE ST, ,,1,Property Damage Only Collision,Angles,2,0,0,2,0,0,0,2013/04/10 00:00:00+00,4/10/2013 14:48,At Intersection (intersection related),11,"MOTOR VEHICLE STRUCK MOTOR VEHICLE, FRONT END AT ANGLE",,N,Clear,Dry,Daylight,,,,10,Entering at angle,0,0,N
1273590.697,240372.9998,3518,16498,16498,3615310,Unmatched,Block,,FRANKLIN AVE E BETWEEN E ALLISON ST AND E MARTIN ST,NEI,"Not Enough Information, or Insufficient Location Information",0,Unknown,,0,0,0,0,0,0,0,2013/04/01 00:00:00+00,4/1/2013,Mid-Block (not related to intersection),0,NOT ENOUGH INFORMATION / NOT APPLICABLE,,,,,,,,, ,,0,0,N
1273365.59,244920.8224,3519,329500,331000,EA19538,Matched,Block,,5TH AVE NE BETWEEN NE 45TH ST AND 45TH ST OFF RP, ,,1,Property Damage Only Collision,Rear Ended,2,0,0,2,0,0,0,2020/02/24 00:00:00+00,2/24/2020 8:04,Mid-Block (not related to intersection),14,"MOTOR VEHICLE STRUCK MOTOR VEHICLE, REAR END",,N,Clear,Dry,Daylight,,,,13,From same direction - both going straight - both moving - rear-end,0,0,N
1278988.585,218037.977,3520,226100,226440,E577487,Matched,Intersection,31402,M L KING JR WAY S AND S MASSACHUSETTS ST, ,,2,Injury Collision,Angles,6,0,0,2,4,0,0,2016/08/23 00:00:00+00,8/23/2016 18:31,At Intersection (but not related to intersection),11,"MOTOR VEHICLE STRUCK MOTOR VEHICLE, FRONT END AT ANGLE",,N,Clear,Dry,Daylight,,,,10,Entering at angle,0,0,N
1265515.651,193073.692,3521,17642,17642,1476165,Matched,Intersection,35055,12TH AVE SW AND SW CAMBRIDGE ST,,,1,Property Damage Only Collision,Angles,3,0,0,2,0,0,0,2004/07/18 00:00:00+00,7/18/2004 19:30,At Intersection (intersection related),11,"MOTOR VEHICLE STRUCK MOTOR VEHICLE, FRONT END AT ANGLE",,0,Clear,Dry,Daylight,,4200010,,10,Entering at angle,0,0,N
1274525.813,222535.53,3522,17877,17877,1790004,Matched,Block,,BOREN AVE S BETWEEN 12TH AVE S AND S MAIN ST,,,1,Property Damage Only Collision,Rear Ended,7,0,0,2,0,0,0,2004/04/09 00:00:00+00,4/9/2004,Mid-Block (but intersection related),14,"MOTOR VEHICLE STRUCK MOTOR VEHICLE, REAR END",,0,Clear,Dry,Daylight,,4100007,,14,From same direction - both going straight - one stopped - rear-end,0,0,N
1254963.004,253417.6328,3523,16795,16795,3608783,Matched,Block,,32ND AVE NW BETWEEN NW 75TH ST AND NW 77TH ST, ,,1,Property Damage Only Collision,Parked Car,2,0,0,2,0,0,0,2013/04/15 00:00:00+00,4/15/2013 0:23,Mid-Block (not related to intersection),11,"MOTOR VEHICLE STRUCK MOTOR VEHICLE, FRONT END AT ANGLE",Y,N,Clear,Dry,Dark - Street Lights On,,,,32,One parked--one moving,0,0,N
1273868.245,244094.3142,3524,17824,17824,1326838,Matched,Intersection,27082,7TH AVE NE AND NE 43RD ST,,,1,Property Damage Only Collision,Left Turn,2,0,0,2,0,0,0,2004/07/02 00:00:00+00,7/2/2004,At Intersection (intersection related),11,"MOTOR VEHICLE STRUCK MOTOR VEHICLE, FRONT END AT ANGLE",,0,Overcast,Dry,Dark - Street Lights On,,4184011,Y,15,From same direction - one left turn - one straight,0,0,N
1270062.167,217792.5189,3525,224400,224680,E566613,Matched,Block,,1ST AVE S BETWEEN S MASSACHUSETTS ST AND S HOLGATE ST, ,,1,Property Damage Only Collision,Sideswipe,2,0,0,2,0,0,0,2016/07/20 00:00:00+00,7/20/2016 11:50,Mid-Block (but intersection related),11,"MOTOR VEHICLE STRUCK MOTOR VEHICLE, FRONT END AT ANGLE",,N,Clear,Dry,Daylight,,,,11,From same direction - both going straight - both moving - sideswipe,0,0,N
1278959.356,265833.103,3526,17447,17447,1794780,Matched,Intersection,36606,25TH AVE NE AND NE 125TH ST,,,1,Property Damage Only Collision,Left Turn,2,0,0,2,0,0,0,2004/12/01 00:00:00+00,12/1/2004,At Intersection (intersection related),11,"MOTOR VEHICLE STRUCK MOTOR VEHICLE, FRONT END AT ANGLE",,0,Clear,Wet,Dark - Street Lights On,,4336012,,28,From opposite direction - one left turn - one straight,0,0,N
1269940.288,244872.5156,3527,17326,17326,1793914,Matched,Block,,N 45TH ST BETWEEN DENSMORE E AVE N AND WALLINGFORD AVE N,,,2,Injury Collision,Rear Ended,2,0,0,2,1,0,0,2004/10/20 00:00:00+00,10/20/2004 11:57,Mid-Block (but intersection related),14,"MOTOR VEHICLE STRUCK MOTOR VEHICLE, REAR END",Y,0,Clear,Dry,Daylight,,4294017,,14,From same direction - both going straight - one stopped - rear-end,0,0,N
1267900.059,244613.2742,3528,17115,17115,1794118,Matched,Block,,N ALLEN PL BETWEEN WHITMAN AVE N AND WOODLAND PARK AVE N,,,1,Property Damage Only Collision,Parked Car,3,0,0,3,0,0,0,2004/11/15 00:00:00+00,11/15/2004 12:43,Mid-Block (not related to intersection),34,DRIVERLESS VEHICLE STRUCK MOTOR VEHICLE REAR END,,0,Overcast,Wet,Daylight,,4320026,,32,One parked--one moving,0,0,N
1268719.198,245295.956,3529,313600,315060,E894145,Unmatched,Block,,STONE WAY N BETWEEN N 46TH ST AND N 47TH ST,NEI,"Not Enough Information, or Insufficient Location Information",0,Unknown,,0,0,0,0,0,0,0,2019/02/14 00:00:00+00,2/14/2019,,0,NOT ENOUGH INFORMATION / NOT APPLICABLE,,,,,,,,, ,,0,0,Y
,,3530,17284,17284,4201035,Unmatched,,,,NEI,"Not Enough Information, or Insufficient Location Information",0,Unknown,,0,0,0,0,0,0,0,2004/07/19 00:00:00+00,7/19/2004,,0,NOT ENOUGH INFORMATION / NOT APPLICABLE,,,,,,,4201035,,,,0,0,N
1281694.206,266375.3066,3531,303000,304240,E841507,Unmatched,Block,,35TH AVE NE BETWEEN NE 125TH ST AND NE 130TH S ST, ,,1,Property Damage Only Collision,,1,0,0,0,0,0,0,2018/09/24 00:00:00+00,9/24/2018,Driveway Junction,11,"MOTOR VEHICLE STRUCK MOTOR VEHICLE, FRONT END AT ANGLE",,,,,,,,, ,,0,0,N
1267261.305,239739.3068,3532,17060,17060,4313034,Unmatched,Block,,AURORA BR BETWEEN RAYE ST AND BRIDGE WAY N,,,0,Unknown,,0,0,0,0,0,0,0,2004/11/08 00:00:00+00,11/8/2004,Mid-Block (not related to intersection),14,"MOTOR VEHICLE STRUCK MOTOR VEHICLE, REAR END",,,,,,,4313034,,,,0,0,N
1269749.71,220443.8568,3533,335600,337100,EA75177,Matched,Block,,SR99 TUNNEL NB BETWEEN S ROYAL BROUGHAM WAY OFF RP AND SR99 SB DEARBORN ST ON RP, ,,1,Property Damage Only Collision,Other,1,0,0,1,0,0,0,2020/10/20 00:00:00+00,10/20/2020 16:40,Mid-Block (not related to intersection),28,MOTOR VEHICLE RAN OFF ROAD - HIT FIXED OBJECT,,N,Clear,Dry,Daylight,,,,50,Fixed object,0,0,N
1265694.247,229555.8344,3534,17442,17442,C645433,Matched,Block,,2ND AVE N BETWEEN DENNY WAY AND JOHN ST,,,1,Property Damage Only Collision,Other,2,0,0,2,0,0,0,2004/06/19 00:00:00+00,6/19/2004 12:00,Mid-Block (but intersection related),11,"MOTOR VEHICLE STRUCK MOTOR VEHICLE, FRONT END AT ANGLE",,0,Clear,Dry,Daylight,,4171035,,23,From same direction - all others,0,0,N
1282888.256,198966.2239,3535,17028,17028,1771617,Matched,Block,,M L KING JR ER WAY S BETWEEN S OTHELLO ST AND RENTON S AVE S,,,1,Property Damage Only Collision,Sideswipe,4,0,0,2,0,0,0,2004/07/04 00:00:00+00,7/4/2004,Mid-Block (but intersection related),16,"MOTOR VEHICLE STRUCK MOTOR VEHICLE, LEFT SIDE SIDESWIPE",,0,Clear,Dry,Daylight,,4186023,,11,From same direction - both going straight - both moving - sideswipe,0,0,N
1277280.686,207317.3999,3536,306800,308080,E856600,Matched,Block,,BEACON ER AVE S BETWEEN S COLUMBIAN WAY AND S FERDINAND N ST, ,,1,Property Damage Only Collision,Angles,2,0,0,2,0,0,0,2018/10/17 00:00:00+00,10/17/2018 12:45,Driveway Junction,11,"MOTOR VEHICLE STRUCK MOTOR VEHICLE, FRONT END AT ANGLE",,N,Clear,Dry,Daylight,,,,10,Entering at angle,0,0,N
1275964.141,242110.3843,3537,328900,330400,EA14198,Matched,Block,,15TH AVE NE BETWEEN NE PACIFIC ST AND NE 40TH ST, ,,1,Property Damage Only Collision,Sideswipe,2,0,0,2,0,0,0,2020/02/07 00:00:00+00,2/7/2020 9:34,Mid-Block (not related to intersection),11,"MOTOR VEHICLE STRUCK MOTOR VEHICLE, FRONT END AT ANGLE",,N,Overcast,Wet,Daylight,,,,11,From same direction - both going straight - both moving - sideswipe,0,0,N
1275352.145,244729.021,3538,17703,17703,1930704,Unmatched,Block,,NE 45TH ST BETWEEN 12TH AVE NE AND BROOKLYN AVE NE,,,0,Unknown,,0,0,0,0,0,0,0,2004/12/17 00:00:00+00,12/17/2004,Mid-Block (not related to intersection),11,"MOTOR VEHICLE STRUCK MOTOR VEHICLE, FRONT END AT ANGLE",,,,,,,4352034,,,,0,0,N
1267568.612,252092.7472,3539,17479,17479,1780846,Matched,Intersection,24330,LINDEN AVE N AND N 72ND ST,,,2,Injury Collision,Angles,2,0,0,2,2,0,0,2004/09/24 00:00:00+00,9/24/2004 8:50,At Intersection (intersection related),11,"MOTOR VEHICLE STRUCK MOTOR VEHICLE, FRONT END AT ANGLE",,0,Overcast,Dry,Daylight,,4268057,,10,Entering at angle,0,0,N
1268278.019,271444.0835,3540,17871,17871,1778795,Matched,Block,,N 145TH ST BETWEEN WHITMAN AVE N AND AURORA AVE N,,,2,Injury Collision,Other,2,0,0,2,1,0,0,2004/07/25 00:00:00+00,7/25/2004 15:55,Driveway Junction,11,"MOTOR VEHICLE STRUCK MOTOR VEHICLE, FRONT END AT ANGLE",,0,Clear,Dry,Daylight,,4207005,,22,One car leaving driveway access,0,0,N
1267234.979,254248.421,3541,17811,17811,1793989,Matched,Block,,N 80TH ST BETWEEN FREMONT AVE N AND LINDEN AVE N,,,2,Injury Collision,Rear Ended,4,0,0,4,1,0,0,2004/10/14 00:00:00+00,10/14/2004 9:45,Mid-Block (but intersection related),14,"MOTOR VEHICLE STRUCK MOTOR VEHICLE, REAR END",Y,0,Clear,Dry,Daylight,,4288027,,14,From same direction - both going straight - one stopped - rear-end,0,0,N
1274082.502,246093.6582,3542,337900,339400,EB04398,Unmatched,Block,,NE 50TH ST BETWEEN 7TH AVE NE AND 8TH AVE NE, ,,2,Injury Collision,,4,0,0,0,2,0,0,2021/02/05 00:00:00+00,2/5/2021,Mid-Block (not related to intersection),14,"MOTOR VEHICLE STRUCK MOTOR VEHICLE, REAR END",,,,,,,,, ,,0,0,N
1268353.834,265256.6097,3543,223800,224080,E552113,Unmatched,Block,,AURORA AVE N BETWEEN N 117TH PL AND N 125TH ST,NEI,"Not Enough Information, or Insufficient Location Information",1,Property Damage Only Collision,,2,0,0,0,0,0,0,2016/06/09 00:00:00+00,6/9/2016,Mid-Block (not related to intersection),0,NOT ENOUGH INFORMATION / NOT APPLICABLE,,,,,,,,, ,,0,0,N
1281518.003,193947.9882,3544,17460,17460,1773126,Matched,Block,,37TH AVE S BETWEEN BEACON WR AVE S AND S BARTON ST,,,1,Property Damage Only Collision,Other,2,0,0,2,0,0,0,2004/09/20 00:00:00+00,9/20/2004 15:58,Mid-Block (not related to intersection),15,"MOTOR VEHICLE STRUCK MOTOR VEHICLE, RIGHT SIDE SIDESWIPE",,0,Clear,Dry,Daylight,,4264005,,23,From same direction - all others,0,0,N
1270150.066,222182.4194,3545,16828,16828,3599347,Matched,Intersection,30365,1ST AVE S AND S JACKSON ST, ,,1,Property Damage Only Collision,Sideswipe,2,0,0,2,0,0,0,2013/04/12 00:00:00+00,4/12/2013 15:50,At Intersection (intersection related),11,"MOTOR VEHICLE STRUCK MOTOR VEHICLE, FRONT END AT ANGLE",,N,Raining,Wet,Daylight,,,,71,Same direction -- both turning right -- both moving -- sideswipe,0,0,N
1272379.145,194361.1393,3546,17045,17045,1781341,Matched,Intersection,35122,8TH AVE S AND S HENDERSON ST,,,2b,Serious Injury Collision,Angles,3,0,0,2,1,1,0,2004/05/13 00:00:00+00,5/13/2004 16:38,At Intersection (intersection related),11,"MOTOR VEHICLE STRUCK MOTOR VEHICLE, FRONT END AT ANGLE",,0,Clear,Dry,Daylight,,4134012,,10,Entering at angle,0,0,N
1271376.242,220019.2769,3547,16429,16429,3643827,Matched,Block,,4TH AVE S BETWEEN I90 WB 4TH AV OFF RP AND S ROYAL BROUGHAM WAY, ,,2,Injury Collision,Other,2,0,0,2,1,0,0,2013/03/28 00:00:00+00,3/28/2013 6:41,Mid-Block (but intersection related),11,"MOTOR VEHICLE STRUCK MOTOR VEHICLE, FRONT END AT ANGLE",,N,Raining,Wet,Daylight,,,,23,From same direction - all others,0,0,N
1275645.496,221003.1271,3548,317500,319000,3750826,Matched,Block,,RAINIER AVE S BETWEEN S LANE ST AND S DEARBORN ST, ,,2,Injury Collision,Rear Ended,2,0,0,2,1,0,0,2019/04/01 00:00:00+00,4/1/2019 16:47,Mid-Block (not related to intersection),14,"MOTOR VEHICLE STRUCK MOTOR VEHICLE, REAR END",Y,N,Clear,Dry,Daylight,,,,13,From same direction - both going straight - both moving - rear-end,0,0,N
1278256.8,234366.3843,3549,17511,17511,1795860,Matched,Block,,E CRESCENT DR BETWEEN 22ND AVE E AND E GALER E ST,,,1,Property Damage Only Collision,Parked Car,2,0,0,2,0,0,0,2004/10/22 00:00:00+00,10/22/2004 15:40,Mid-Block (not related to intersection),13,"MOTOR VEHICLE STRUCK MOTOR VEHICLE, LEFT SIDE AT ANGLE",,0,Raining,Wet,Daylight,,4296023,,32,One parked--one moving,0,0,N
1267842.771,231788.3556,3550,16809,16809,3615008,Matched,Block,,ROY ST BETWEEN 6TH AVE N AND AURORA AVE N,NEI,"Not Enough Information, or Insufficient Location Information",1,Property Damage Only Collision,Parked Car,2,0,0,2,0,0,0,2013/04/11 00:00:00+00,4/11/2013 12:00,Mid-Block (not related to intersection),0,NOT ENOUGH INFORMATION / NOT APPLICABLE,,N,Overcast,Unknown,Daylight,,,,32,One parked--one moving,0,0,N
1263060.781,233097.3196,3551,16879,16879,3546294,Matched,Block,,W PROSPECT ST BETWEEN 5TH AVE W AND 6TH AVE W, ,,1,Property Damage Only Collision,Parked Car,2,0,0,2,0,0,0,2013/04/12 00:00:00+00,4/12/2013 1:30,Mid-Block (not related to intersection),11,"MOTOR VEHICLE STRUCK MOTOR VEHICLE, FRONT END AT ANGLE",,N,Unknown,Unknown,Unknown,,,,32,One parked--one moving,0,0,N
1278932.918,209705.7471,3552,325400,326900,3820920,Matched,Block,,29TH AVE S BETWEEN S DAKOTA ST AND S ADAMS ST, ,,1,Property Damage Only Collision,Parked Car,2,0,0,2,0,0,0,2019/11/02 00:00:00+00,11/2/2019 17:31,Mid-Block (not related to intersection),14,"MOTOR VEHICLE STRUCK MOTOR VEHICLE, REAR END",Y,N,Clear,Dry,Dusk,,,,32,One parked--one moving,0,0,N
1259415.013,205158.5837,3553,17843,17843,1798537,Matched,Intersection,32807,35TH AVE SW AND SW FINDLAY ST,,,2,Injury Collision,Left Turn,3,0,0,2,1,0,0,2004/07/08 00:00:00+00,7/8/2004,At Intersection (intersection related),11,"MOTOR VEHICLE STRUCK MOTOR VEHICLE, FRONT END AT ANGLE",,0,Clear,Dry,Dark - Street Lights On,,4190007,,28,From opposite direction - one left turn - one straight,0,0,N
1273834.1,226651.0419,3554,17337,17337,1789637,Matched,Block,,E MADISON ST BETWEEN BROADWAY CT AND 10TH AVE,,,1,Property Damage Only Collision,Parked Car,2,0,0,2,0,0,0,2004/09/09 00:00:00+00,9/9/2004,Mid-Block (not related to intersection),11,"MOTOR VEHICLE STRUCK MOTOR VEHICLE, FRONT END AT ANGLE",Y,0,Clear,Dry,Daylight,,4253005,,19,One car entering parked position,0,0,N
1270679.385,202172.5041,3555,17271,17271,1775393,Matched,Block,,EAST MARGINAL WAY S BETWEEN S MICHIGAN ST AND 4TH AVE S,,,1,Property Damage Only Collision,Left Turn,2,0,0,2,0,0,0,2004/05/25 00:00:00+00,5/25/2004 15:30,Mid-Block (but intersection related),11,"MOTOR VEHICLE STRUCK MOTOR VEHICLE, FRONT END AT ANGLE",,0,Overcast,Dry,Daylight,,4146036,,15,From same direction - one left turn - one straight,0,0,N
1269257.613,193953.729,3556,16527,16527,3505486,Matched,Block,,OLSON PL SW BETWEEN 1ST AVE S AND 2ND AVE SW, ,,2,Injury Collision,Rear Ended,3,0,0,2,2,0,0,2013/04/06 00:00:00+00,4/6/2013 14:41,Mid-Block (but intersection related),14,"MOTOR VEHICLE STRUCK MOTOR VEHICLE, REAR END",Y,N,Overcast,Wet,Daylight,,,,14,From same direction - both going straight - one stopped - rear-end,0,0,N
1273997.735,244091.4052,3557,16861,16861,3613510,Matched,Block,,NE 43RD ST BETWEEN 7TH AVE NE AND 8TH AVE NE, ,,1,Property Damage Only Collision,Parked Car,2,0,0,2,0,0,0,2013/04/12 00:00:00+00,4/12/2013 22:23,Mid-Block (not related to intersection),14,"MOTOR VEHICLE STRUCK MOTOR VEHICLE, REAR END",,N,Raining,Wet,Dark - Street Lights On,,,,32,One parked--one moving,0,0,N
1285082.955,259085.2484,3558,17567,17567,4231034,Unmatched,Intersection,37797,48TH AVE NE AND NE 100TH ST,,,0,Unknown,,0,0,0,0,0,0,0,2004/08/18 00:00:00+00,8/18/2004,At Intersection (intersection related),11,"MOTOR VEHICLE STRUCK MOTOR VEHICLE, FRONT END AT ANGLE",,,,,,,4231034,,,,0,0,N
1265251.671,234668.8392,3559,17066,17066,1059937,Matched,Block,,GARFIELD ST BETWEEN 1ST S AVE N AND WARREN AVE N,,,1,Property Damage Only Collision,Parked Car,2,0,0,2,0,0,0,2004/12/19 00:00:00+00,12/19/2004 9:39,Mid-Block (not related to intersection),13,"MOTOR VEHICLE STRUCK MOTOR VEHICLE, LEFT SIDE AT ANGLE",,0,Overcast,Wet,Dark - Street Lights On,,4354008,,32,One parked--one moving,0,0,N
1266869.369,231494.5921,3560,318700,320200,3750433,Matched,Block,,MERCER ST BETWEEN 4TH AVE N AND 5TH AVE N, ,,1,Property Damage Only Collision,Sideswipe,2,0,0,2,0,0,0,2019/05/03 00:00:00+00,5/3/2019 10:40,Mid-Block (not related to intersection),11,"MOTOR VEHICLE STRUCK MOTOR VEHICLE, FRONT END AT ANGLE",,N,Clear,Dry,Daylight,,,,11,From same direction - both going straight - both moving - sideswipe,0,0,N
1289931.544,186869.6795,3561,16578,16578,3672295,Matched,Block,,RENTON AVE S BETWEEN S FOUNTAIN ST AND S FOUNTAIN PL, ,,2,Injury Collision,Rear Ended,3,0,0,2,1,0,0,2013/04/05 00:00:00+00,4/5/2013 12:33,Mid-Block (not related to intersection),14,"MOTOR VEHICLE STRUCK MOTOR VEHICLE, REAR END",Y,N,Clear,Dry,Daylight,,,,14,From same direction - both going straight - one stopped - rear-end,0,0,N