X,Y,OBJECTID,INCKEY,COLDETKEY,REPORTNO,STATUS,ADDRTYPE,INTKEY,LOCATION,EXCEPTRSNCODE,EXCEPTRSNDESC,SEVERITYCODE,SEVERITYDESC,COLLISIONTYPE,PERSONCOUNT,PEDCOUNT,PEDCYLCOUNT,VEHCOUNT,INJURIES,SERIOUSINJURIES,FATALITIES,INCDATE,INCDTTM,JUNCTIONTYPE,SDOT_COLCODE,SDOT_COLDESC,INATTENTIONIND,UNDERINFL,WEATHER,ROADCOND,LIGHTCOND,PEDROWNOTGRNT,SDOTCOLNUM,SPEEDING,ST_COLCODE,ST_COLDESC,SEGLANEKEY,CROSSWALKKEY,HITPARKEDCAR
1266722.245,246268.9141,3562,17604,17604,1205161,Matched,Intersection,25655,FREMONT AVE N AND N 50TH ST,,,2,Injury Collision,Other,1,0,0,1,1,0,0,2004/05/08 00:00:00+00,5/8/2004,At Intersection (intersection related),29,MOTOR VEHICLE OVERTURNED IN ROAD,,1,Overcast,Dry,Dark - Street Lights On,,4129031,,52,Vehicle overturned,0,0,N
1285401.134,191150.9768,3563,17092,17092,1779663,Matched,Block,,51ST AVE S BETWEEN S PILGRIM ST AND S BOND ST,,,2,Injury Collision,Parked Car,3,0,0,2,1,0,0,2004/03/28 00:00:00+00,3/28/2004 15:18,Mid-Block (not related to intersection),14,"MOTOR VEHICLE STRUCK MOTOR VEHICLE, REAR END",,0,Clear,Dry,Daylight,,4088030,,19,One car entering parked position,0,0,N
1273070.207,242576.401,3564,17182,17182,1780178,Matched,Block,,NE PACIFIC ST BETWEEN 4TH AVE NE AND NE 40TH ST,,,2b,Serious Injury Collision,Pedestrian,2,1,0,1,1,1,0,2004/01/12 00:00:00+00,1/12/2004 17:05,Mid-Block (but intersection related),24,MOTOR VEHCILE STRUCK PEDESTRIAN,,0,Raining,Wet,Dark - Street Lights On,Y,4012013,,0,Vehicle going straight hits pedestrian,0,0,N
1256607.877,215877.2958,3565,16499,16499,3380608,Matched,Block,,SW ADMIRAL WAY BETWEEN 44TH AVE SW AND 45TH AVE SW, ,,1,Property Damage Only Collision,Right Turn,2,0,0,2,0,0,0,2013/04/07 00:00:00+00,4/7/2013 16:47,Driveway Junction,14,"MOTOR VEHICLE STRUCK MOTOR VEHICLE, REAR END",Y,N,Overcast,Wet,Daylight,,,,16,From same direction - one right turn - one straight,0,0,N
1260203.912,243460.9929,3566,322100,323600,E926973,Matched,Block,,BALLARD BR BETWEEN 15TH AVE W AND POINT A, ,,2,Injury Collision,Other,5,0,0,2,2,0,0,2019/05/30 00:00:00+00,5/30/2019 14:46,Mid-Block (not related to intersection),11,"MOTOR VEHICLE STRUCK MOTOR VEHICLE, FRONT END AT ANGLE",,N,Clear,Dry,Daylight,,,,23,From same direction - all others,0,0,N
1282658.203,203886.0705,3567,244600,245180,3764406,Matched,Block,,S JUNEAU ST BETWEEN 39TH AVE S AND 42ND AVE S, ,,2,Injury Collision,Other,4,0,0,1,4,0,0,2017/06/20 00:00:00+00,6/20/2017 3:30,Mid-Block (not related to intersection),26,MOTOR VEHICLE STRUCK OBJECT IN ROAD,,N,Clear,Dry,Dark - Street Lights On,,,Y,52,Vehicle overturned,0,0,N
,,3568,17496,17496,1788734,Matched,Intersection,484921,32ND AVE S AND M L KING JR ER WAY S,,,1,Property Damage Only Collision,Angles,2,0,0,2,0,0,0,2004/03/25 00:00:00+00,3/25/2004 10:30,At Intersection (intersection related),11,"MOTOR VEHICLE STRUCK MOTOR VEHICLE, FRONT END AT ANGLE",,0,Raining,Wet,Daylight,,4085018,,10,Entering at angle,0,0,N
1281694.206,266375.3066,3569,16934,16934,1796877,Matched,Block,,35TH AVE NE BETWEEN NE 125TH ST AND NE 130TH S ST,,,1,Property Damage Only Collision,Left Turn,2,0,0,2,0,0,0,2004/10/26 00:00:00+00,10/26/2004 16:18,Driveway Junction,11,"MOTOR VEHICLE STRUCK MOTOR VEHICLE, FRONT END AT ANGLE",,0,Clear,Dry,Daylight,,4300008,,28,From opposite direction - one left turn - one straight,0,0,N
1281378.126,252555.4744,3570,17679,17679,1773924,Matched,Block,,NE 75TH ST BETWEEN 34TH AVE NE AND 35TH AVE NE,,,1,Property Damage Only Collision,Sideswipe,3,0,0,2,0,0,0,2004/02/18 00:00:00+00,2/18/2004 7:25,Mid-Block (but intersection related),16,"MOTOR VEHICLE STRUCK MOTOR VEHICLE, LEFT SIDE SIDESWIPE",,0,Overcast,Wet,Daylight,,4049011,,12,From same direction - both going straight - one stopped - sideswipe,0,0,N
1275244.447,227483.246,3571,16538,16538,3559688,Matched,Block,,E MADISON ST BETWEEN 14TH AVE AND E PIKE ST, ,,1,Property Damage Only Collision,Sideswipe,2,0,0,2,0,0,0,2013/04/05 00:00:00+00,4/5/2013 19:30,Mid-Block (not related to intersection),11,"MOTOR VEHICLE STRUCK MOTOR VEHICLE, FRONT END AT ANGLE",,N,Raining,Wet,Dusk,,,,11,From same direction - both going straight - both moving - sideswipe,0,0,N
1280591.208,265788.3796,3572,17504,17504,1930679,Matched,Intersection,36601,LAKE CITY WAY NE AND NE 125TH ST,,,2,Injury Collision,Pedestrian,2,1,0,1,1,0,0,2004/12/04 00:00:00+00,12/4/2004,At Intersection (intersection related),24,MOTOR VEHCILE STRUCK PEDESTRIAN,,0,Raining,Wet,Dark - Street Lights On,Y,4339005,,1,Vehicle turning right hits pedestrian,0,0,N
1273932.375,237486.8123,3573,17083,17083,1772166,Matched,Intersection,28221,10TH AVE E AND E MILLER ST,,,2,Injury Collision,Rear Ended,5,0,0,3,2,0,0,2004/06/27 00:00:00+00,6/27/2004 10:36,At Intersection (but not related to intersection),14,"MOTOR VEHICLE STRUCK MOTOR VEHICLE, REAR END",,0,Clear,Dry,Daylight,,4179022,,14,From same direction - both going straight - one stopped - rear-end,0,0,N
1272543.458,221212.2883,3574,16878,16878,2618853,Matched,Block,,S LANE ST BETWEEN MAYNARD AVE S AND 7TH AVE S, ,,1,Property Damage Only Collision,Other,2,0,0,2,0,0,0,2013/04/13 00:00:00+00,4/13/2013 23:01,Mid-Block (not related to intersection),11,"MOTOR VEHICLE STRUCK MOTOR VEHICLE, FRONT END AT ANGLE",,N,Raining,Wet,Dark - Street Lights On,,,,23,From same direction - all others,0,0,N
1272488.669,229596.2477,3575,16646,16646,3615377,Matched,Intersection,29156,SUMMIT AVE E AND E JOHN ST,NEI,"Not Enough Information, or Insufficient Location Information",1,Property Damage Only Collision,Parked Car,2,0,0,2,0,0,0,2013/04/01 00:00:00+00,4/1/2013 12:00,At Intersection (intersection related),0,NOT ENOUGH INFORMATION / NOT APPLICABLE,,N,Unknown,Unknown,Unknown,,,,32,One parked--one moving,0,0,N
1268216.115,226931.2373,3576,17692,17692,1772515,Unmatched,Block,,2ND AVE BETWEEN VIRGINIA ST AND LENORA ST,,,0,Unknown,,0,0,0,0,0,0,0,2004/11/08 00:00:00+00,11/8/2004,Mid-Block (not related to intersection),11,"MOTOR VEHICLE STRUCK MOTOR VEHICLE, FRONT END AT ANGLE",,,,,,,4313026,,,,0,0,N
1268425.177,271384.379,3577,17478,17478,1780669,Matched,Block,,AURORA AVE N BETWEEN ROOSEVELT WAY N AND N 145TH ST,,,1,Property Damage Only Collision,Rear Ended,4,0,0,3,0,0,0,2004/02/11 00:00:00+00,2/11/2004 14:00,Mid-Block (but intersection related),14,"MOTOR VEHICLE STRUCK MOTOR VEHICLE, REAR END",,0,Clear,Dry,Daylight,,4042011,,14,From same direction - both going straight - one stopped - rear-end,0,0,N
1274615.235,261995.6508,3578,17278,17278,1773995,Matched,Block,,NE NORTHGATE WAY BETWEEN 8TH AVE NE AND ROOSEVELT WAY NE,,,1,Property Damage Only Collision,Angles,3,0,0,2,0,0,0,2004/06/29 00:00:00+00,6/29/2004 11:05,Driveway Junction,11,"MOTOR VEHICLE STRUCK MOTOR VEHICLE, FRONT END AT ANGLE",,0,Clear,Dry,Daylight,,4181021,,10,Entering at angle,0,0,N
1268584.361,208392.354,3579,17136,17136,1188114,Matched,Block,,EAST MARGINAL WAY S BETWEEN DIAGONAL AVE S AND S ALASKA ST,,,1,Property Damage Only Collision,Rear Ended,6,0,0,2,0,0,0,2004/01/08 00:00:00+00,1/8/2004,Mid-Block (not related to intersection),14,"MOTOR VEHICLE STRUCK MOTOR VEHICLE, REAR END",,1,Overcast,Wet,Daylight,,4008007,,13,From same direction - both going straight - both moving - rear-end,0,0,N
1269315.479,261150.6769,3580,17670,17670,1793711,Matched,Block,,INTERLAKE AVE N BETWEEN N NORTHGATE WAY AND N 107TH ST,,,2,Injury Collision,Other,2,0,0,2,1,0,0,2004/06/01 00:00:00+00,6/1/2004,Driveway Junction,11,"MOTOR VEHICLE STRUCK MOTOR VEHICLE, FRONT END AT ANGLE",,0,Unknown,Unknown,Daylight,,4153010,,22,One car leaving driveway access,0,0,N
,,3581,16561,16561,3615312,Unmatched,,,,NEI,"Not Enough Information, or Insufficient Location Information",0,Unknown,,0,0,0,0,0,0,0,2013/04/04 00:00:00+00,4/4/2013,,0,NOT ENOUGH INFORMATION / NOT APPLICABLE,,,,,,,,, ,,0,0,N
1281738.258,215130.4821,3582,16580,16580,3672329,Matched,Block,,CASCADIA AVE S BETWEEN MOUNT BAKER DR S AND MOUNT ST HELENS PL S, ,,1,Property Damage Only Collision,Other,1,0,0,1,0,0,0,2013/04/05 00:00:00+00,4/5/2013 11:42,Mid-Block (not related to intersection),28,MOTOR VEHICLE RAN OFF ROAD - HIT FIXED OBJECT,,N,Clear,Dry,Daylight,,,,50,Fixed object,0,0,N
1270791.777,224850.6856,3583,17746,17746,1776200,Matched,Intersection,29948,5TH AVE AND MADISON ST,,,1,Property Damage Only Collision,Angles,3,0,0,2,0,0,0,2004/10/02 00:00:00+00,10/2/2004,At Intersection (intersection related),11,"MOTOR VEHICLE STRUCK MOTOR VEHICLE, FRONT END AT ANGLE",,0,Clear,Dry,Daylight,,4276026,,10,Entering at angle,0,0,N
1268299.441,259348.3645,3584,17241,17241,1317772,Matched,Block,,AURORA AVE N BETWEEN N 98TH ST AND N 100TH ST,,,1,Property Damage Only Collision,Other,2,0,0,2,0,0,0,2004/03/15 00:00:00+00,3/15/2004 16:29,Driveway Junction,14,"MOTOR VEHICLE STRUCK MOTOR VEHICLE, REAR END",,0,Overcast,Dry,Daylight,,4075029,,22,One car leaving driveway access,0,0,N
1270602.619,225805.6667,3585,16756,16756,3581710,Matched,Intersection,29914,6TH AVE AND UNIVERSITY ST, ,,2,Injury Collision,Angles,3,0,0,2,3,0,0,2013/04/08 00:00:00+00,4/8/2013 22:25,At Intersection (intersection related),11,"MOTOR VEHICLE STRUCK MOTOR VEHICLE, FRONT END AT ANGLE",,Y,Clear,Dry,Dark - Street Lights On,,,,10,Entering at angle,0,0,N
1259603.381,246295.4992,3586,16422,16422,3609018,Matched,Block,,17TH AVE NW BETWEEN NW 49TH ST AND NW 50TH ST, ,,2,Injury Collision,Parked Car,3,0,0,3,1,0,0,2013/03/28 00:00:00+00,3/28/2013 18:23,Mid-Block (not related to intersection),11,"MOTOR VEHICLE STRUCK MOTOR VEHICLE, FRONT END AT ANGLE",,N,Clear,Dry,Daylight,,,,20,One car leaving parked position,0,0,N
1260594.333,246154.3574,3587,316900,318400,E906327,Unmatched,Block,,NW 49TH ST BETWEEN 14TH AVE NW AND 15TH NB AVE NW,NEI,"Not Enough Information, or Insufficient Location Information",0,Unknown,,0,0,0,0,0,0,0,2019/03/27 00:00:00+00,3/27/2019,,0,NOT ENOUGH INFORMATION / NOT APPLICABLE,,,,,,,,, ,,0,0,Y
1258562.451,250169.0581,3588,17501,17501,1782301,Matched,Block,,NW 64TH ST BETWEEN 20TH AVE NW AND 22ND AVE NW,,,1,Property Damage Only Collision,Parked Car,2,0,0,2,0,0,0,2004/03/06 00:00:00+00,3/6/2004,Mid-Block (not related to intersection),16,"MOTOR VEHICLE STRUCK MOTOR VEHICLE, LEFT SIDE SIDESWIPE",,0,Overcast,Dry,Unknown,,4066014,,32,One parked--one moving,0,0,N
1274374.419,238384.903,3589,17078,17078,1180719,Matched,Block,,11TH AVE E BETWEEN E ROANOKE ST AND E EDGAR ST,,,1,Property Damage Only Collision,Parked Car,2,0,0,2,0,0,0,2004/01/07 00:00:00+00,1/7/2004,Mid-Block (not related to intersection),14,"MOTOR VEHICLE STRUCK MOTOR VEHICLE, REAR END",,0,Sleet/Hail/Freezing Rain,Snow/Slush,Daylight,,4007007,Y,32,One parked--one moving,0,0,N
1269763.443,201563.2834,3590,17828,17828,2004902,Matched,Block,,1ST AV S BR NB BETWEEN POINT B AND POINT A,,,2,Injury Collision,Rear Ended,2,0,0,2,1,0,0,2004/03/26 00:00:00+00,3/26/2004 6:50,Mid-Block (not related to intersection),14,"MOTOR VEHICLE STRUCK MOTOR VEHICLE, REAR END",,0,Clear,Dry,Daylight,,4086058,Y,14,From same direction - both going straight - one stopped - rear-end,0,0,N
1267381.636,246114.3819,3591,17617,17617,1774294,Matched,Block,,AURORA AVE N BETWEEN N 49TH ST AND N 50 UPPER ST,,,2,Injury Collision,Rear Ended,5,0,0,2,3,0,0,2004/07/15 00:00:00+00,7/15/2004 14:51,Mid-Block (but intersection related),14,"MOTOR VEHICLE STRUCK MOTOR VEHICLE, REAR END",Y,0,Clear,Dry,Daylight,,4197014,,13,From same direction - both going straight - both moving - rear-end,0,0,N
1270733.974,246188.4303,3592,16976,16976,1080027,Matched,Intersection,25525,MERIDIAN AVE N AND N 50TH ST,,,2,Injury Collision,Angles,3,0,0,2,2,0,0,2004/06/29 00:00:00+00,6/29/2004 7:14,At Intersection (intersection related),11,"MOTOR VEHICLE STRUCK MOTOR VEHICLE, FRONT END AT ANGLE",,0,Clear,Dry,Daylight,,4181031,,10,Entering at angle,0,0,N
1251794.134,210205.6983,3593,313900,315380,3745785,Matched,Block,,BEACH DR SW BETWEEN SW DOUGLAS PL AND SW GENESEE ST, ,,1,Property Damage Only Collision,Parked Car,2,0,0,2,0,0,0,2019/02/21 00:00:00+00,2/21/2019 17:49,Mid-Block (not related to intersection),11,"MOTOR VEHICLE STRUCK MOTOR VEHICLE, FRONT END AT ANGLE",,N,Clear,Dry,Dark - Street Lights On,,,Y,32,One parked--one moving,0,0,N
1272405.171,235148.9435,3594,16855,16855,3503468,Matched,Block,,E BLAINE ST BETWEEN FAIRVIEW AVE E AND EASTLAKE AVE E, ,,2,Injury Collision,Parked Car,5,3,0,2,3,0,0,2013/04/14 00:00:00+00,4/14/2013 1:40,Mid-Block (not related to intersection),11,"MOTOR VEHICLE STRUCK MOTOR VEHICLE, FRONT END AT ANGLE",,N,Clear,Dry,Dark - Street Lights On,,,,32,One parked--one moving,0,0,N
1273735.313,221952.7189,3595,324500,326000,E968671,Matched,Block,,10TH AVE S BETWEEN S JACKSON ST AND S KING ST, ,,1,Property Damage Only Collision,Parked Car,2,0,0,2,0,0,0,2019/10/03 00:00:00+00,10/3/2019 10:17,Mid-Block (not related to intersection),11,"MOTOR VEHICLE STRUCK MOTOR VEHICLE, FRONT END AT ANGLE",,N,Clear,Dry,Daylight,,,,20,One car leaving parked position,0,0,N
1283663.654,267018.4495,3596,18136,18136,1780483,Matched,Block,,42ND AVE NE BETWEEN NE 125TH ST AND NE 135TH ST,,,1,Property Damage Only Collision,Other,1,0,0,1,0,0,0,2004/01/22 00:00:00+00,1/22/2004 20:14,Mid-Block (not related to intersection),28,MOTOR VEHICLE RAN OFF ROAD - HIT FIXED OBJECT,,0,Raining,Wet,Dark - Street Lights On,,4022010,,50,Fixed object,0,0,N
1257502.81,255768.8299,3597,336200,337700,EA86537,Matched,Block,,NW 85TH ST BETWEEN 24TH AVE NW AND 25TH AVE NW, ,,1,Property Damage Only Collision,Rear Ended,2,0,0,2,0,0,0,2020/11/24 00:00:00+00,11/24/2020 15:53,Mid-Block (but intersection related),14,"MOTOR VEHICLE STRUCK MOTOR VEHICLE, REAR END",,N,Raining,Wet,Dusk,,,,14,From same direction - both going straight - one stopped - rear-end,0,0,N
1265524.78,241472.2221,3598,17036,17036,1787066,Matched,Block,,PHINNEY AVE N BETWEEN N 35TH ST AND N 36TH ST,,,1,Property Damage Only Collision,Parked Car,2,0,0,2,0,0,0,2004/01/01 00:00:00+00,1/1/2004,Mid-Block (not related to intersection),14,"MOTOR VEHICLE STRUCK MOTOR VEHICLE, REAR END",,0,Unknown,Ice,Dark - Street Lights On,,4001021,,32,One parked--one moving,0,0,N
1270359.757,221295.4197,3599,308400,309680,3795954,Matched,Block,,OCCIDENTAL AVE S BETWEEN S KING W ST AND RAILROAD WAY S, ,,2,Injury Collision,Pedestrian,2,1,0,1,1,0,0,2018/12/16 00:00:00+00,12/16/2018 0:11,Mid-Block (not related to intersection),24,MOTOR VEHCILE STRUCK PEDESTRIAN,,N,Raining,Wet,Dark - Street Lights On,,,,0,Vehicle going straight hits pedestrian,0,0,N
1270796.808,228500.5314,3600,312600,314040,3812489,Matched,Block,,BOREN AVE BETWEEN HOWELL ST AND STEWART ST, ,,1,Property Damage Only Collision,Other,2,0,0,1,0,0,0,2018/12/22 00:00:00+00,12/22/2018 23:59,Mid-Block (not related to intersection),26,MOTOR VEHICLE STRUCK OBJECT IN ROAD,Y,N,Raining,Wet,Dark - Street Lights On,,,,50,Fixed object,0,0,N
1268176.56,229279.5324,3601,17554,17554,1783462,Unmatched,Block,,DENNY WAY BETWEEN 7TH NB AVE N AND DEXTER AVE,,,0,Unknown,,0,0,0,0,0,0,0,2004/10/27 00:00:00+00,10/27/2004,Mid-Block (but intersection related),16,"MOTOR VEHICLE STRUCK MOTOR VEHICLE, LEFT SIDE SIDESWIPE",,,,,,,4301042,,,,0,0,N
1271213.73,212025.1685,3602,244700,245280,E693137,Matched,Intersection,32342,4TH AVE S AND S SPOKANE SR ST, ,,1,Property Damage Only Collision,Angles,2,0,0,2,0,0,0,2017/07/19 00:00:00+00,7/19/2017 11:12,At Intersection (intersection related),11,"MOTOR VEHICLE STRUCK MOTOR VEHICLE, FRONT END AT ANGLE",,N,Clear,Dry,Daylight,,,,10,Entering at angle,0,0,N
1277495.156,204475.6687,3603,17490,17490,1784427,Unmatched,Block,,S ORCAS ST BETWEEN 23RD AVE S AND BEACON WR AVE S,,,0,Unknown,,0,0,0,0,0,0,0,2004/10/27 00:00:00+00,10/27/2004,Mid-Block (not related to intersection),18,"MOTOR VEHICLE STRUCK PEDALCYCLIST, FRONT END AT ANGLE",,,,,,,4301006,,,,0,0,N
1278900.485,246480.0585,3604,17872,17872,1778966,Matched,Intersection,25949,25TH AVE NE AND NE BLAKELEY ST,,,1,Property Damage Only Collision,Left Turn,5,0,0,2,0,0,0,2004/02/14 00:00:00+00,2/14/2004 15:55,At Intersection (intersection related),11,"MOTOR VEHICLE STRUCK MOTOR VEHICLE, FRONT END AT ANGLE",,0,Clear,Dry,Daylight,,4045015,,28,From opposite direction - one left turn - one straight,0,0,N
1280859.796,210913.9974,3605,17817,17817,1771880,Matched,Block,,RAINIER AVE S BETWEEN S CHARLESTOWN ST AND S ANDOVER ST,,,2,Injury Collision,Other,2,0,0,2,1,0,0,2004/03/03 00:00:00+00,3/3/2004,Driveway Junction,11,"MOTOR VEHICLE STRUCK MOTOR VEHICLE, FRONT END AT ANGLE",,0,Raining,Wet,Daylight,,4063017,,22,One car leaving driveway access,0,0,N
1263684.774,259468.3867,3606,205500,205660,E474561,Matched,Intersection,37126,6TH AVE NW AND HOLMAN RD NW, ,,1,Property Damage Only Collision,Angles,2,0,0,2,0,0,0,2015/10/25 00:00:00+00,10/25/2015 7:44,At Intersection (intersection related),11,"MOTOR VEHICLE STRUCK MOTOR VEHICLE, FRONT END AT ANGLE",,N,Raining,Wet,Daylight,,,,10,Entering at angle,0,0,N
1281920.225,244565.2031,3607,17736,17736,1774146,Matched,Intersection,27398,37TH AVE NE AND NE 45TH ST,,,1,Property Damage Only Collision,Angles,2,0,0,2,0,0,0,2004/06/29 00:00:00+00,6/29/2004 15:51,At Intersection (intersection related),11,"MOTOR VEHICLE STRUCK MOTOR VEHICLE, FRONT END AT ANGLE",,0,Clear,Dry,Daylight,,4181035,,10,Entering at angle,0,0,N
1255633.567,215756.7813,3608,17613,17613,1781703,Matched,Block,,SW ADMIRAL WAY BETWEEN 47TH AVE SW AND 48TH AVE SW,,,2,Injury Collision,Other,2,0,0,2,1,0,0,2004/03/15 00:00:00+00,3/15/2004 8:06,Driveway Junction,11,"MOTOR VEHICLE STRUCK MOTOR VEHICLE, FRONT END AT ANGLE",,0,Overcast,Dry,Daylight,,4075018,,22,One car leaving driveway access,0,0,N
1264748.164,241902.3853,3609,17107,17107,1781957,Matched,Intersection,26679,1ST AVE NW AND NW 36TH ST,,,2,Injury Collision,Left Turn,2,0,0,2,1,0,0,2004/04/26 00:00:00+00,4/26/2004 17:39,At Intersection (intersection related),11,"MOTOR VEHICLE STRUCK MOTOR VEHICLE, FRONT END AT ANGLE",,0,Clear,Dry,Daylight,,4117016,,28,From opposite direction - one left turn - one straight,0,0,N
1279176.998,220885.8995,3610,16913,16913,3593817,Matched,Block,,M L KING JR WAY S BETWEEN S LANE ST AND S DEARBORN ST, ,,1,Property Damage Only Collision,Parked Car,2,0,0,2,0,0,0,2013/04/12 00:00:00+00,4/12/2013 8:30,Mid-Block (not related to intersection),16,"MOTOR VEHICLE STRUCK MOTOR VEHICLE, LEFT SIDE SIDESWIPE",,N,Clear,Dry,Daylight,,,,32,One parked--one moving,0,0,N
1283131.667,198229.8777,3611,303300,304559,3810918,Matched,Block,,RENTON AVE S BETWEEN S WEBSTER W ST AND 43RD AVE S, ,,2,Injury Collision,Rear Ended,4,0,0,4,1,0,0,2018/09/13 00:00:00+00,9/13/2018 19:27,Mid-Block (not related to intersection),14,"MOTOR VEHICLE STRUCK MOTOR VEHICLE, REAR END",,N,Overcast,Dry,Dusk,,,Y,13,From same direction - both going straight - both moving - rear-end,0,0,N
1269819.708,246475.4354,3612,17196,17196,1931229,Matched,Block,,N 51ST ST BETWEEN WOODLAWN AVE N AND WALLINGFORD AVE N,,,1,Property Damage Only Collision,Parked Car,2,0,0,2,0,0,0,2004/11/21 00:00:00+00,11/21/2004 17:19,Mid-Block (but intersection related),15,"MOTOR VEHICLE STRUCK MOTOR VEHICLE, RIGHT SIDE SIDESWIPE",,0,Clear,Dry,Dark - Street Lights On,,4326011,,32,One parked--one moving,0,0,N
1276191.318,252653.5057,3613,16720,16720,3507869,Matched,Intersection,24426,15TH AVE NE AND NE 75TH ST, ,,1,Property Damage Only Collision,Left Turn,3,0,0,2,0,0,0,2013/04/08 00:00:00+00,4/8/2013 7:05,At Intersection (intersection related),11,"MOTOR VEHICLE STRUCK MOTOR VEHICLE, FRONT END AT ANGLE",Y,N,Overcast,Wet,Daylight,,,,28,From opposite direction - one left turn - one straight,0,0,N
1268262.309,229277.1954,3614,17440,17440,C645413,Matched,Intersection,29515,DENNY WAY AND DEXTER AVE,,,1,Property Damage Only Collision,Left Turn,2,0,0,2,0,0,0,2004/06/03 00:00:00+00,6/3/2004,At Intersection (intersection related),11,"MOTOR VEHICLE STRUCK MOTOR VEHICLE, FRONT END AT ANGLE",,0,Unknown,Unknown,Daylight,,4155040,,28,From opposite direction - one left turn - one straight,0,0,N
1282337.729,204441.5686,3615,16882,16882,3672056,Matched,Intersection,33616,39TH AVE S AND S ORCAS ST, ,,2,Injury Collision,Left Turn,3,0,0,2,2,0,0,2013/04/13 00:00:00+00,4/13/2013 18:45,At Intersection (intersection related),11,"MOTOR VEHICLE STRUCK MOTOR VEHICLE, FRONT END AT ANGLE",,N,Clear,Dry,Daylight,,,,28,From opposite direction - one left turn - one straight,0,0,N
1274876.26,229657.9918,3616,306700,307980,E847228,Matched,Intersection,29056,13TH AVE E AND E JOHN ST, ,,2,Injury Collision,Angles,2,0,0,2,1,0,0,2018/09/10 00:00:00+00,9/10/2018 8:53,At Intersection (intersection related),11,"MOTOR VEHICLE STRUCK MOTOR VEHICLE, FRONT END AT ANGLE",Y,N,Overcast,Dry,Daylight,,,,10,Entering at angle,0,0,N
1258128.399,200710.5007,3617,16670,16670,3672178,Matched,Block,,SW MYRTLE ST BETWEEN 38TH AVE SW AND 39TH AVE SW, ,,1,Property Damage Only Collision,Other,3,0,0,1,0,0,0,2013/04/08 00:00:00+00,4/8/2013 11:16,Mid-Block (not related to intersection),28,MOTOR VEHICLE RAN OFF ROAD - HIT FIXED OBJECT,Y,N,Clear,Dry,Daylight,,,,50,Fixed object,0,0,N
1264052.821,192442.8174,3618,17699,17699,1789329,Matched,Intersection,34911,17TH AVE SW AND SW ROXBURY ST,,,2,Injury Collision,Left Turn,2,0,0,2,1,0,0,2004/01/29 00:00:00+00,1/29/2004 8:36,At Intersection (intersection related),11,"MOTOR VEHICLE STRUCK MOTOR VEHICLE, FRONT END AT ANGLE",,0,Unknown,Wet,Daylight,,4029012,Y,28,From opposite direction - one left turn - one straight,0,0,N
1268386.875,255545.9858,3619,17483,17483,1773640,Matched,Block,,N 85TH ST BETWEEN AURORA AVE N AND NESBIT AVE N,,,1,Property Damage Only Collision,Sideswipe,2,0,0,2,0,0,0,2004/04/30 00:00:00+00,4/30/2004 13:21,Mid-Block (not related to intersection),16,"MOTOR VEHICLE STRUCK MOTOR VEHICLE, LEFT SIDE SIDESWIPE",,0,Clear,Dry,Daylight,,4121032,,11,From same direction - both going straight - both moving - sideswipe,0,0,N
1274476.73,244754.3454,3620,17869,17869,1778665,Matched,Intersection,27067,9TH AVE NE AND NE 45TH E ST,,,1,Property Damage Only Collision,Left Turn,2,0,0,2,0,0,0,2004/04/18 00:00:00+00,4/18/2004 12:26,At Intersection (intersection related),11,"MOTOR VEHICLE STRUCK MOTOR VEHICLE, FRONT END AT ANGLE",,0,Clear,Dry,Daylight,,4109021,,28,From opposite direction - one left turn - one straight,0,0,N
1271448.529,245292.876,3621,17379,17379,1799178,Unmatched,Block,,N 46TH ST BETWEEN CORLISS AVE N AND SUNNYSIDE AVE N,,,0,Unknown,,0,0,0,0,0,0,0,2004/12/14 00:00:00+00,12/14/2004,Mid-Block (not related to intersection),16,"MOTOR VEHICLE STRUCK MOTOR VEHICLE, LEFT SIDE SIDESWIPE",,,,,,,4349019,,,,0,0,N
1282319.991,201510.6167,3622,16572,16572,3672327,Matched,Intersection,34531,39TH AVE S AND S WARSAW ST, ,,1,Property Damage Only Collision,Angles,2,0,0,2,0,0,0,2013/04/04 00:00:00+00,4/4/2013 8:00,At Intersection (intersection related),11,"MOTOR VEHICLE STRUCK MOTOR VEHICLE, FRONT END AT ANGLE",Y,N,Overcast,Wet,Daylight,,,,10,Entering at angle,0,0,N
1258971.054,247749.2259,3623,223400,223680,E561017,Unmatched,Intersection,25147,TALLMAN AVE NW AND NW MARKET ST,NEI,"Not Enough Information, or Insufficient Location Information",0,Unknown,,0,0,0,0,0,0,0,2016/07/05 00:00:00+00,7/5/2016,At Intersection (but not related to intersection),0,NOT ENOUGH INFORMATION / NOT APPLICABLE,,,,,,,,, ,,0,0,N
1278196.281,227902.1924,3624,17893,17893,1477939,Matched,Block,,E PINE ST BETWEEN 23RD AVE AND 24TH AVE,,,1,Property Damage Only Collision,Parked Car,2,0,0,2,0,0,0,2004/03/14 00:00:00+00,3/14/2004 21:00,Mid-Block (not related to intersection),13,"MOTOR VEHICLE STRUCK MOTOR VEHICLE, LEFT SIDE AT ANGLE",,0,Clear,Dry,Dark - Street Lights On,,4074017,,32,One parked--one moving,0,0,N
1274829.74,225204.2192,3625,16829,16829,3605988,Matched,Block,,13TH AVE BETWEEN E JAMES CT AND E CHERRY ST, ,,1,Property Damage Only Collision,Parked Car,2,0,0,2,0,0,0,2013/04/12 00:00:00+00,4/12/2013 13:08,Mid-Block (not related to intersection),11,"MOTOR VEHICLE STRUCK MOTOR VEHICLE, FRONT END AT ANGLE",Y,N,Clear,Dry,Daylight,,,,32,One parked--one moving,0,0,N