X,Y,OBJECTID,INCKEY,COLDETKEY,REPORTNO,STATUS,ADDRTYPE,INTKEY,LOCATION,EXCEPTRSNCODE,EXCEPTRSNDESC,SEVERITYCODE,SEVERITYDESC,COLLISIONTYPE,PERSONCOUNT,PEDCOUNT,PEDCYLCOUNT,VEHCOUNT,INJURIES,SERIOUSINJURIES,FATALITIES,INCDATE,INCDTTM,JUNCTIONTYPE,SDOT_COLCODE,SDOT_COLDESC,INATTENTIONIND,UNDERINFL,WEATHER,ROADCOND,LIGHTCOND,PEDROWNOTGRNT,SDOTCOLNUM,SPEEDING,ST_COLCODE,ST_COLDESC,SEGLANEKEY,CROSSWALKKEY,HITPARKEDCAR
1268375.185,267293.2981,3626,16750,16750,3501905,Matched,Block,,AURORA AVE N BETWEEN N 128TH ST AND N 130TH ST, ,,2,Injury Collision,Rear Ended,5,0,0,2,1,0,0,2013/04/10 00:00:00+00,4/10/2013 21:21,Mid-Block (not related to intersection),14,"MOTOR VEHICLE STRUCK MOTOR VEHICLE, REAR END",Y,N,Clear,Dry,Dark - Street Lights On,,,,14,From same direction - both going straight - one stopped - rear-end,0,0,N
1286311.633,197913.8361,3627,16437,16437,3672046,Matched,Block,,SEWARD PARK AVE S BETWEEN S FONTANELLE PL AND S KENYON ST, ,,1,Property Damage Only Collision,Parked Car,2,0,0,2,0,0,0,2013/03/29 00:00:00+00,3/29/2013 15:00,Mid-Block (not related to intersection),16,"MOTOR VEHICLE STRUCK MOTOR VEHICLE, LEFT SIDE SIDESWIPE",,N,Unknown,Unknown,Daylight,,,,32,One parked--one moving,0,0,N
1270321.876,242283.2591,3628,16703,16703,3613224,Matched,Intersection,26856,BURKE AVE N AND N 39TH ST, ,,2,Injury Collision,Angles,2,0,0,2,1,0,0,2013/03/27 00:00:00+00,3/27/2013 14:40,At Intersection (intersection related),11,"MOTOR VEHICLE STRUCK MOTOR VEHICLE, FRONT END AT ANGLE",,N,Overcast,Dry,Daylight,,,,10,Entering at angle,0,0,N
1281654.943,202920.858,3629,17667,17667,1793590,Unmatched,Block,,M L KING JR WR WAY S BETWEEN S RAYMOND ST AND S GRAHAM ST,,,0,Unknown,,0,0,0,0,0,0,0,2004/12/21 00:00:00+00,12/21/2004,Mid-Block (not related to intersection),11,"MOTOR VEHICLE STRUCK MOTOR VEHICLE, FRONT END AT ANGLE",,,,,,,4356014,,,,0,0,N
,,3630,16808,16808,3615007,Unmatched,,,,NEI,"Not Enough Information, or Insufficient Location Information",0,Unknown,,0,0,0,0,0,0,0,2013/04/11 00:00:00+00,4/11/2013,,0,NOT ENOUGH INFORMATION / NOT APPLICABLE,,,,,,,,, ,,0,0,N
1263849.938,259587.4848,3631,16871,16871,3504422,Matched,Block,,HOLMAN RD NW BETWEEN 6TH AVE NW AND 4TH AVE NW, ,,1,Property Damage Only Collision,Sideswipe,2,0,0,2,0,0,0,2013/04/13 00:00:00+00,4/13/2013 9:17,Mid-Block (not related to intersection),14,"MOTOR VEHICLE STRUCK MOTOR VEHICLE, REAR END",,N,Overcast,Dry,Daylight,,,,11,From same direction - both going straight - both moving - sideswipe,0,0,N
1258185.639,255757.6678,3632,16465,16465,3569125,Matched,Intersection,36977,23RD AVE NW AND NW 85TH ST, ,,2,Injury Collision,Cycles,2,0,1,1,1,0,0,2013/04/04 00:00:00+00,4/4/2013 7:30,At Intersection (intersection related),23,"MOTOR VEHICLE STRUCK PEDALCYCLIST, LEFT SIDE SIDESWIPE",,N,Unknown,Unknown,Daylight,Y,,,45,Vehicle - Pedalcyclist,0,0,N
1266785.481,200373.8348,3633,17687,17687,1788868,Matched,Block,,HIGHLAND PARK WAY SW BETWEEN WEST MARGINAL WAY SW AND SW OTHELLO ST,,,1,Property Damage Only Collision,Other,5,0,0,2,0,0,0,2004/02/15 00:00:00+00,2/15/2004 11:48,Mid-Block (not related to intersection),11,"MOTOR VEHICLE STRUCK MOTOR VEHICLE, FRONT END AT ANGLE",,0,Clear,Dry,Daylight,,4046020,,23,From same direction - all others,0,0,N
1283966.699,203029.5958,3634,17627,17627,1771764,Matched,Block,,RAINIER AVE S BETWEEN S KENNY ST AND S GRAHAM ST,,,3,Fatality Collision,Pedestrian,2,1,0,1,0,0,1,2004/10/05 00:00:00+00,10/5/2004,Mid-Block (not related to intersection),24,MOTOR VEHCILE STRUCK PEDESTRIAN,,0,Overcast,Dry,Daylight,Y,4279001,,0,Vehicle going straight hits pedestrian,0,0,N
1274832.526,225319.8816,3635,17276,17276,1788642,Matched,Intersection,29794,13TH AVE AND E CHERRY ST,,,2,Injury Collision,Angles,2,0,0,2,1,0,0,2004/02/02 00:00:00+00,2/2/2004,At Intersection (intersection related),11,"MOTOR VEHICLE STRUCK MOTOR VEHICLE, FRONT END AT ANGLE",,0,Overcast,Wet,Daylight,,4033006,,10,Entering at angle,0,0,N
1277776.145,239328.7498,3636,332200,333700,EA40850,Matched,Block,,MONTLAKE BLVD E BETWEEN E SHELBY ST AND MONTLAKE BR, ,,1,Property Damage Only Collision,Rear Ended,2,0,0,2,0,0,0,2020/06/12 00:00:00+00,6/12/2020 7:39,Mid-Block (not related to intersection),14,"MOTOR VEHICLE STRUCK MOTOR VEHICLE, REAR END",,N,Raining,Wet,Daylight,,,,13,From same direction - both going straight - both moving - rear-end,0,0,N
1260306.069,255724.8099,3637,17294,17294,1475614,Matched,Intersection,37265,15TH AVE NW AND NW 85TH ST,,,1,Property Damage Only Collision,Angles,2,0,0,2,0,0,0,2004/06/11 00:00:00+00,6/11/2004 15:45,At Intersection (intersection related),11,"MOTOR VEHICLE STRUCK MOTOR VEHICLE, FRONT END AT ANGLE",,0,Clear,Dry,Daylight,,4163032,,10,Entering at angle,0,0,N
1275724.311,233852.5547,3638,17425,17425,1772091,Matched,Block,,15TH AVE E BETWEEN E HIGHLAND DR AND E GALER ST,,,1,Property Damage Only Collision,Parked Car,2,0,0,2,0,0,0,2004/04/27 00:00:00+00,4/27/2004 14:00,Mid-Block (not related to intersection),13,"MOTOR VEHICLE STRUCK MOTOR VEHICLE, LEFT SIDE AT ANGLE",,0,Clear,Dry,Daylight,,4118027,,32,One parked--one moving,0,0,N
1270205.582,228168.8739,3639,17211,17211,1479620,Matched,Intersection,29538,9TH AVE AND STEWART ST,,,2,Injury Collision,Angles,3,0,0,2,1,0,0,2004/04/18 00:00:00+00,4/18/2004 1:14,At Intersection (intersection related),11,"MOTOR VEHICLE STRUCK MOTOR VEHICLE, FRONT END AT ANGLE",,1,Clear,Dry,Dark - Street Lights On,,4109017,,10,Entering at angle,0,0,N
1269004.869,263918.2416,3640,16565,16565,3615289,Matched,Block,,STONE AVE N BETWEEN N 115TH ST AND DEAD END 1,NEI,"Not Enough Information, or Insufficient Location Information",1,Property Damage Only Collision,Parked Car,2,0,0,2,0,0,0,2013/04/04 00:00:00+00,4/4/2013 15:50,Mid-Block (not related to intersection),0,NOT ENOUGH INFORMATION / NOT APPLICABLE,,N,Unknown,Unknown,Unknown,,,,32,One parked--one moving,0,0,N
1267433.061,228514.1872,3641,321300,322800,3751015,Matched,Block,,4TH AVE BETWEEN BATTERY ST AND WALL ST, ,,1,Property Damage Only Collision,Parked Car,5,0,0,2,0,0,0,2019/07/10 00:00:00+00,7/10/2019 16:45,Mid-Block (not related to intersection),15,"MOTOR VEHICLE STRUCK MOTOR VEHICLE, RIGHT SIDE SIDESWIPE",,N,Overcast,Wet,Daylight,,,,32,One parked--one moving,0,0,N
1275197.461,229655.2119,3642,17234,17234,1787246,Matched,Intersection,29057,14TH AVE E AND E JOHN ST,,,1,Property Damage Only Collision,Angles,2,0,0,2,0,0,0,2004/02/26 00:00:00+00,2/26/2004 15:30,At Intersection (intersection related),11,"MOTOR VEHICLE STRUCK MOTOR VEHICLE, FRONT END AT ANGLE",,1,Raining,Wet,Daylight,,4057008,,10,Entering at angle,0,0,N
1287961.46,188166.8398,3643,17034,17034,1786450,Matched,Block,,59TH AVE S BETWEEN S PRENTICE S ST AND S BANGOR ST,,,2,Injury Collision,Parked Car,3,1,0,2,1,0,0,2004/03/26 00:00:00+00,3/26/2004 16:22,Mid-Block (not related to intersection),16,"MOTOR VEHICLE STRUCK MOTOR VEHICLE, LEFT SIDE SIDESWIPE",,0,Raining,Wet,Daylight,,4086004,,32,One parked--one moving,0,0,N
1279536.314,208013.0541,3644,16667,16667,3672176,Matched,Intersection,32501,S ALASKA PL AND S ALASKA ST, ,,1,Property Damage Only Collision,Pedestrian,2,1,0,1,0,0,0,2013/04/08 00:00:00+00,4/8/2013 6:45,At Intersection (intersection related),24,MOTOR VEHCILE STRUCK PEDESTRIAN,,N,Overcast,Wet,Daylight,Y,,,1,Vehicle turning right hits pedestrian,0,0,N
1285120.685,194207.2969,3645,16586,16586,3672330,Matched,Intersection,35277,50TH AVE S AND S HENDERSON ST, ,,1,Property Damage Only Collision,Rear Ended,4,0,0,2,0,0,0,2013/04/05 00:00:00+00,4/5/2013 15:51,At Intersection (intersection related),14,"MOTOR VEHICLE STRUCK MOTOR VEHICLE, REAR END",Y,N,Clear,Dry,Daylight,,,,14,From same direction - both going straight - one stopped - rear-end,0,0,N
1274410.087,222701.061,3646,226000,226340,3704779,Matched,Intersection,30418,12TH AVE S AND BOREN AVE S, ,,2,Injury Collision,Cycles,2,0,1,1,1,0,0,2016/08/13 00:00:00+00,8/13/2016 21:15,At Intersection (intersection related),51,PEDALCYCLIST STRUCK MOTOR VEHICLE FRONT END AT ANGLE,,N,Clear,Dry,Dark - Street Lights On,,,,45,Vehicle - Pedalcyclist,34870,0,N
1260581.938,233927.8494,3647,17652,17652,4085047,Unmatched,Block,,ELLIOTT AVE W BETWEEN W LEE ST AND W GALER ST FLYOVER,,,0,Unknown,,0,0,0,0,0,0,0,2004/03/25 00:00:00+00,3/25/2004,Mid-Block (but intersection related),14,"MOTOR VEHICLE STRUCK MOTOR VEHICLE, REAR END",,,,,,,4085047,,,,0,0,N
1262979.954,245037.288,3648,17072,17072,1775584,Unmatched,Block,,NW 45TH ST BETWEEN 6TH AVE NW AND 8TH AVE NW,,,0,Unknown,,0,0,0,0,0,0,0,2004/01/12 00:00:00+00,1/12/2004,Mid-Block (but intersection related),13,"MOTOR VEHICLE STRUCK MOTOR VEHICLE, LEFT SIDE AT ANGLE",,,,,,,4012044,,,,0,0,N
,,3649,17393,17393,1214129,Matched,Block,,ALASKAN WY VI NB BETWEEN BATTERY ST TUN ON RP AND WESTERN AV OFF RP,,,1,Property Damage Only Collision,Other,1,0,0,1,0,0,0,2004/05/25 00:00:00+00,5/25/2004 22:06,Mid-Block (not related to intersection),26,MOTOR VEHICLE STRUCK OBJECT IN ROAD,,0,Raining,Wet,Dark - Street Lights On,,4146033,Y,50,Fixed object,0,0,N
1273488.756,223208.6733,3650,17467,17467,1198185,Matched,Block,,BROADWAY BETWEEN YESLER WAY AND E FIR ST,,,1,Property Damage Only Collision,Parked Car,2,0,0,2,0,0,0,2004/11/16 00:00:00+00,11/16/2004 13:59,Mid-Block (not related to intersection),11,"MOTOR VEHICLE STRUCK MOTOR VEHICLE, FRONT END AT ANGLE",,0,Unknown,Unknown,Unknown,,4321022,,32,One parked--one moving,0,0,N
1262868.685,250989.538,3651,16980,16980,1794158,Matched,Intersection,24205,8TH AVE NW AND NW 67TH ST,,,2,Injury Collision,Angles,3,0,0,2,1,0,0,2004/10/13 00:00:00+00,10/13/2004 15:20,At Intersection (intersection related),11,"MOTOR VEHICLE STRUCK MOTOR VEHICLE, FRONT END AT ANGLE",,0,Clear,Dry,Daylight,,4287026,,10,Entering at angle,0,0,N
1276769.826,225483.4565,3652,16687,16687,3476796,Matched,Block,,19TH AVE BETWEEN E CHERRY ST AND E COLUMBIA ST, ,,1,Property Damage Only Collision,Sideswipe,2,0,0,2,0,0,0,2013/04/09 00:00:00+00,4/9/2013 13:35,Mid-Block (not related to intersection),16,"MOTOR VEHICLE STRUCK MOTOR VEHICLE, LEFT SIDE SIDESWIPE",,N,Overcast,Dry,Daylight,,,,12,From same direction - both going straight - one stopped - sideswipe,0,0,N
1264574.087,229371.5045,3653,17005,17005,1482408,Matched,Intersection,28666,WESTERN AVE W AND W DENNY WAY,,,1,Property Damage Only Collision,Sideswipe,3,0,0,2,0,0,0,2004/05/06 00:00:00+00,5/6/2004,At Intersection (intersection related),16,"MOTOR VEHICLE STRUCK MOTOR VEHICLE, LEFT SIDE SIDESWIPE",,0,Clear,Dry,Dark - Street Lights On,,4127008,,11,From same direction - both going straight - both moving - sideswipe,0,0,N
1281294.261,208926.3086,3654,16445,16445,3672351,Matched,Block,,RAINIER AVE S BETWEEN S GENESEE S ST AND S OREGON ST, ,,1,Property Damage Only Collision,Rear Ended,3,0,0,2,0,0,0,2013/03/27 00:00:00+00,3/27/2013 15:59,Mid-Block (not related to intersection),14,"MOTOR VEHICLE STRUCK MOTOR VEHICLE, REAR END",,N,Overcast,Wet,Daylight,,,,14,From same direction - both going straight - one stopped - rear-end,0,0,N
1267993.247,229284.5282,3655,17414,17414,1783181,Matched,Block,,DENNY WAY BETWEEN BOREALIS AVE AND 7TH AVE,,,1,Property Damage Only Collision,Other,2,0,0,2,0,0,0,2004/06/18 00:00:00+00,6/18/2004 18:39,Mid-Block (not related to intersection),11,"MOTOR VEHICLE STRUCK MOTOR VEHICLE, FRONT END AT ANGLE",Y,1,Clear,Dry,Daylight,,4170040,,23,From same direction - all others,0,0,N
1268405.608,269783.8412,3656,317700,319200,E909329,Unmatched,Block,,AURORA AVE N BETWEEN N 137TH ST AND N 140TH ST,NEI,"Not Enough Information, or Insufficient Location Information",0,Unknown,,0,0,0,0,0,0,0,2019/04/09 00:00:00+00,4/9/2019,,0,NOT ENOUGH INFORMATION / NOT APPLICABLE,,,,,,,,, ,,0,0,Y
1274528.528,212529.6872,3657,17167,17167,1778984,Matched,Block,,S COLUMBIAN EB WAY BETWEEN I5 SB COLLECTOR AND 14TH AVE S,,,1,Property Damage Only Collision,Sideswipe,3,0,0,2,0,0,0,2004/01/13 00:00:00+00,1/13/2004 15:00,Mid-Block (not related to intersection),16,"MOTOR VEHICLE STRUCK MOTOR VEHICLE, LEFT SIDE SIDESWIPE",,0,Clear,Dry,Dusk,,4013031,,11,From same direction - both going straight - both moving - sideswipe,0,0,N
1275032.584,241939.1849,3658,308200,309480,E869928,Matched,Block,,NE PACIFIC ST BETWEEN NE BOAT ST AND BROOKLYN AVE NE, ,,1,Property Damage Only Collision,Rear Ended,8,0,0,4,0,0,0,2018/12/05 00:00:00+00,12/5/2018 18:25,Mid-Block (not related to intersection),14,"MOTOR VEHICLE STRUCK MOTOR VEHICLE, REAR END",,N,Clear,Dry,Dark - Street Lights On,,,,14,From same direction - both going straight - one stopped - rear-end,0,0,N
1274714.951,222091.9929,3659,16685,16685,3476791,Matched,Block,,S JACKSON ST BETWEEN 12TH AVE S AND 14TH AVE S, ,,1,Property Damage Only Collision,Other,4,0,0,2,0,0,0,2013/04/07 00:00:00+00,4/7/2013 14:35,Mid-Block (not related to intersection),11,"MOTOR VEHICLE STRUCK MOTOR VEHICLE, FRONT END AT ANGLE",,N,Clear,Dry,Daylight,,,,23,From same direction - all others,0,0,N
1280917.535,265779.4188,3660,17859,17859,1780494,Matched,Intersection,36600,32ND AVE NE AND NE 125TH ST,,,2,Injury Collision,Left Turn,2,0,0,2,1,0,0,2004/07/23 00:00:00+00,7/23/2004 21:30,At Intersection (intersection related),11,"MOTOR VEHICLE STRUCK MOTOR VEHICLE, FRONT END AT ANGLE",,0,Clear,Dry,Dark - Street Lights On,,4205006,Y,28,From opposite direction - one left turn - one straight,0,0,N
1251707.317,213009.1153,3661,17352,17352,1482121,Matched,Block,,59TH AVE SW BETWEEN 59TH AVE SW TURN AND SW SPOKANE ST,,,1,Property Damage Only Collision,Parked Car,2,0,0,2,0,0,0,2004/07/30 00:00:00+00,7/30/2004 2:10,Mid-Block (but intersection related),14,"MOTOR VEHICLE STRUCK MOTOR VEHICLE, REAR END",,0,Clear,Dry,Dark - Street Lights On,,4212028,,32,One parked--one moving,0,0,N
1263345.614,199938.4534,3662,17582,17582,1798417,Unmatched,Block,,SW ORCHARD ST BETWEEN DUMAR WAY SW AND DELRIDGE WAY SW,,,0,Unknown,,0,0,0,0,0,0,0,2004/12/17 00:00:00+00,12/17/2004,Mid-Block (not related to intersection),28,MOTOR VEHICLE RAN OFF ROAD - HIT FIXED OBJECT,,,,,,,4352003,,,,0,0,N
1266722.245,246268.9141,3663,17525,17525,1220035,Unmatched,Intersection,25655,FREMONT AVE N AND N 50TH ST,,,0,Unknown,,0,0,0,0,0,0,0,2004/12/29 00:00:00+00,12/29/2004,At Intersection (intersection related),11,"MOTOR VEHICLE STRUCK MOTOR VEHICLE, FRONT END AT ANGLE",,,,,,,4364053,,,,0,0,N
1279041.839,271126.3882,3664,320800,322300,E918014,Matched,Intersection,35996,25TH AVE NE AND NE 145TH ST, ,,1,Property Damage Only Collision,Left Turn,3,0,0,3,0,0,0,2019/04/30 00:00:00+00,4/30/2019 16:39,At Intersection (intersection related),11,"MOTOR VEHICLE STRUCK MOTOR VEHICLE, FRONT END AT ANGLE",,N,Clear,Dry,Daylight,,,,28,From opposite direction - one left turn - one straight,0,0,N
1264207.5,246660.2141,3665,243900,244440,E680653,Matched,Block,,NW MARKET ST BETWEEN NW 50TH ST AND 3RD AVE NW, ,,1,Property Damage Only Collision,Other,1,0,0,1,0,0,0,2017/06/08 00:00:00+00,6/8/2017 6:32,Mid-Block (not related to intersection),28,MOTOR VEHICLE RAN OFF ROAD - HIT FIXED OBJECT,,N,Raining,Wet,Daylight,,,Y,50,Fixed object,0,0,N
1274311.138,223674.3323,3666,16951,16951,1180869,Matched,Block,,E SPRUCE ST BETWEEN 11TH AVE AND 12TH AVE,,,1,Property Damage Only Collision,Parked Car,2,0,0,2,0,0,0,2004/03/09 00:00:00+00,3/9/2004,Driveway Junction,16,"MOTOR VEHICLE STRUCK MOTOR VEHICLE, LEFT SIDE SIDESWIPE",,0,Clear,Dry,Unknown,,4069002,,32,One parked--one moving,0,0,N
1266301.371,229327.3397,3667,17755,17755,1783770,Matched,Intersection,29657,BROAD ST AND DENNY WAY,,,2,Injury Collision,Angles,3,0,0,2,2,0,0,2004/11/06 00:00:00+00,11/6/2004,At Intersection (intersection related),14,"MOTOR VEHICLE STRUCK MOTOR VEHICLE, REAR END",,0,Clear,Dry,Dark - Street Lights On,,4311005,,10,Entering at angle,0,0,N
1268324.786,248604.0257,3668,16838,16838,3501829,Matched,Block,,WEST GREEN LAKE WAY N BETWEEN GREEN LAKE TURN RD AND N 63RD ST, ,,2,Injury Collision,Left Turn,2,0,0,2,2,0,0,2013/04/12 00:00:00+00,4/12/2013 15:41,Driveway Junction,11,"MOTOR VEHICLE STRUCK MOTOR VEHICLE, FRONT END AT ANGLE",,N,Raining,Wet,Daylight,,,,28,From opposite direction - one left turn - one straight,0,0,N
1262749.504,211070.2975,3669,17043,17043,1790262,Matched,Intersection,32046,DELRIDGE WAY SW AND SW ANDOVER ST,,,1,Property Damage Only Collision,Angles,2,0,0,2,0,0,0,2004/04/25 00:00:00+00,4/25/2004 9:15,At Intersection (intersection related),11,"MOTOR VEHICLE STRUCK MOTOR VEHICLE, FRONT END AT ANGLE",Y,0,Clear,Dry,Daylight,,4116031,,10,Entering at angle,0,0,N
1265848.861,271492.6243,3670,322700,324200,E952154,Matched,Intersection,35778,GREENWOOD AVE N AND N 145TH ST, ,,2,Injury Collision,Left Turn,2,0,0,2,1,0,0,2019/08/15 00:00:00+00,8/15/2019 10:34,At Intersection (intersection related),11,"MOTOR VEHICLE STRUCK MOTOR VEHICLE, FRONT END AT ANGLE",,N,Clear,Dry,Daylight,,,,28,From opposite direction - one left turn - one straight,0,0,N
1275987.492,242781.2044,3671,17054,17054,1793860,Matched,Intersection,27144,15TH AVE NE AND NE CAMPUS EB PY,,,1,Property Damage Only Collision,Right Turn,6,0,0,2,0,0,0,2004/08/27 00:00:00+00,8/27/2004 12:56,At Intersection (intersection related),11,"MOTOR VEHICLE STRUCK MOTOR VEHICLE, FRONT END AT ANGLE",,0,Clear,Dry,Daylight,,4240015,,16,From same direction - one right turn - one straight,0,0,N
1269023.917,227502.6398,3672,16547,16547,3643914,Matched,Intersection,29549,5TH AVE AND VIRGINIA ST, ,,2,Injury Collision,Angles,3,0,0,2,1,0,0,2013/04/04 00:00:00+00,4/4/2013 14:37,At Intersection (intersection related),11,"MOTOR VEHICLE STRUCK MOTOR VEHICLE, FRONT END AT ANGLE",Y,N,Raining,Wet,Daylight,,,,10,Entering at angle,0,0,N
1279941.73,230971.7,3673,17742,17742,1217025,Unmatched,Block,,29TH AVE E BETWEEN E REPUBLICAN ST AND E MADISON W ST,,,0,Unknown,,0,0,0,0,0,0,0,2004/12/23 00:00:00+00,12/23/2004,Mid-Block (not related to intersection),11,"MOTOR VEHICLE STRUCK MOTOR VEHICLE, FRONT END AT ANGLE",,,,,,,4358030,,,,0,0,N
1267373.953,237943.0873,3674,17085,17085,1480523,Matched,Block,,HALLADAY ST BETWEEN AURORA AVE N AND BIRCH AVE N,,,1,Property Damage Only Collision,Rear Ended,2,0,0,2,0,0,0,2004/09/22 00:00:00+00,9/22/2004 6:53,Mid-Block (but intersection related),14,"MOTOR VEHICLE STRUCK MOTOR VEHICLE, REAR END",,0,Overcast,Dry,Daylight,,4266005,,74,Same direction -- both turning right -- one stopped -- rear end,0,0,N
1279278.226,223849.3046,3675,17622,17622,1789780,Matched,Block,,E ALDER ST BETWEEN 27TH AVE AND M L KING JR WAY,,,1,Property Damage Only Collision,Parked Car,2,0,0,2,0,0,0,2004/01/13 00:00:00+00,1/13/2004 14:10,Mid-Block (not related to intersection),16,"MOTOR VEHICLE STRUCK MOTOR VEHICLE, LEFT SIDE SIDESWIPE",,0,Clear,Dry,Daylight,,4013027,,32,One parked--one moving,0,0,N
1268090.544,252635.8238,3676,17116,17116,1794135,Matched,Intersection,24314,WINONA AVE N AND N 74TH ST,,,1,Property Damage Only Collision,Other,2,0,0,2,0,0,0,2004/09/13 00:00:00+00,9/13/2004 7:44,At Intersection (intersection related),11,"MOTOR VEHICLE STRUCK MOTOR VEHICLE, FRONT END AT ANGLE",,0,Raining,Wet,Dawn,,4257012,,23,From same direction - all others,0,0,N
1272376.153,225965.8343,3677,312800,314240,3814549,Matched,Block,,BOREN AVE BETWEEN MADISON ST AND SPRING ST, ,,1,Property Damage Only Collision,Sideswipe,2,0,0,2,0,0,0,2019/01/28 00:00:00+00,1/28/2019 18:20,Mid-Block (not related to intersection),16,"MOTOR VEHICLE STRUCK MOTOR VEHICLE, LEFT SIDE SIDESWIPE",,N,Clear,Dry,Dark - Street Lights On,,,,11,From same direction - both going straight - both moving - sideswipe,0,0,N
1268242.404,242479.2422,3678,17279,17279,1079956,Matched,Block,,MIDVALE AVE N BETWEEN N 39TH E ST AND N 40TH ST,,,1,Property Damage Only Collision,Parked Car,2,0,0,2,0,0,0,2004/06/29 00:00:00+00,6/29/2004 12:00,Mid-Block (not related to intersection),13,"MOTOR VEHICLE STRUCK MOTOR VEHICLE, LEFT SIDE AT ANGLE",,0,Clear,Dry,Daylight,,4181040,,32,One parked--one moving,0,0,N
1260264.426,253367.9162,3679,305500,306780,3705982,Matched,Block,,15TH AVE NW BETWEEN NW 75TH ST AND NW 77TH ST, ,,1,Property Damage Only Collision,Sideswipe,4,0,0,4,0,0,0,2018/10/05 00:00:00+00,10/5/2018 21:05,Mid-Block (not related to intersection),11,"MOTOR VEHICLE STRUCK MOTOR VEHICLE, FRONT END AT ANGLE",,N,Overcast,Wet,Dark - Street Lights On,,,,11,From same direction - both going straight - both moving - sideswipe,0,0,N
1260102.065,240347.1113,3680,17854,17854,1777311,Matched,Block,,15TH AVE W BETWEEN 15TH AV W NB OFF RP AND W BERTONA ST,,,2,Injury Collision,Rear Ended,4,0,0,2,2,0,0,2004/02/24 00:00:00+00,2/24/2004 18:33,Mid-Block (not related to intersection),14,"MOTOR VEHICLE STRUCK MOTOR VEHICLE, REAR END",Y,0,Clear,Dry,Dark - Street Lights On,,4055033,,13,From same direction - both going straight - both moving - rear-end,0,0,N
1263598.711,193790.2706,3681,335500,337000,EA77755,Matched,Intersection,34886,DELRIDGE WAY SW AND SW BARTON ST, ,,1,Property Damage Only Collision,Angles,3,0,0,2,0,0,0,2020/10/02 00:00:00+00,10/2/2020 13:27,At Intersection (intersection related),11,"MOTOR VEHICLE STRUCK MOTOR VEHICLE, FRONT END AT ANGLE",,N,Clear,Dry,Daylight,,,,10,Entering at angle,0,0,N
1284219.539,197763.914,3682,16896,16896,3579276,Matched,Block,,46TH AVE S BETWEEN S HOLDEN S ST AND S CHICAGO ST, ,,1,Property Damage Only Collision,Parked Car,2,0,0,2,0,0,0,2013/04/14 00:00:00+00,4/14/2013 9:18,Mid-Block (not related to intersection),11,"MOTOR VEHICLE STRUCK MOTOR VEHICLE, FRONT END AT ANGLE",,N,Clear,Wet,Daylight,,,Y,32,One parked--one moving,0,0,N
1277433.819,216681.3162,3683,16653,16653,3672297,Matched,Intersection,31561,22ND AVE S AND S HILL ST, ,,2,Injury Collision,Angles,2,0,0,2,1,0,0,2013/04/07 00:00:00+00,4/7/2013 9:55,At Intersection (intersection related),11,"MOTOR VEHICLE STRUCK MOTOR VEHICLE, FRONT END AT ANGLE",,N,Raining,Wet,Daylight,,,,10,Entering at angle,0,0,N
1274799.268,244744.9816,3684,16513,16513,3501513,Matched,Block,,NE 45TH ST BETWEEN ROOSEVELT WAY NE AND 11TH AVE NE, ,,1,Property Damage Only Collision,Rear Ended,5,0,0,3,0,0,0,2013/04/06 00:00:00+00,4/6/2013 16:29,Mid-Block (not related to intersection),14,"MOTOR VEHICLE STRUCK MOTOR VEHICLE, REAR END",,N,Raining,Wet,Daylight,,,,14,From same direction - both going straight - one stopped - rear-end,0,0,N
1274614.512,245414.6642,3685,17713,17713,C632113,Matched,Block,,NE 47TH ST BETWEEN 9TH AVE NE AND ROOSEVELT WAY NE,,,1,Property Damage Only Collision,Parked Car,2,0,0,2,0,0,0,2004/04/20 00:00:00+00,4/20/2004 17:50,Mid-Block (not related to intersection),13,"MOTOR VEHICLE STRUCK MOTOR VEHICLE, LEFT SIDE AT ANGLE",,0,Overcast,Dry,Daylight,,4111036,,32,One parked--one moving,0,0,N
,,3686,17791,17791,1776502,Unmatched,,,,NEI,"Not Enough Information, or Insufficient Location Information",0,Unknown,,0,0,0,0,0,0,0,2007/04/06 00:00:00+00,4/6/2007,,0,NOT ENOUGH INFORMATION / NOT APPLICABLE,,,,,,,4097027,, ,,0,0,N
1274855.771,252008.3519,3687,17432,17432,1794477,Matched,Block,,ROOSEVELT WAY NE BETWEEN NE 72ND ST AND NE 73RD ST,,,1,Property Damage Only Collision,Sideswipe,2,0,0,2,0,0,0,2004/10/04 00:00:00+00,10/4/2004,Mid-Block (not related to intersection),16,"MOTOR VEHICLE STRUCK MOTOR VEHICLE, LEFT SIDE SIDESWIPE",,0,Fog/Smog/Smoke,Dry,Daylight,,4278030,,11,From same direction - both going straight - both moving - sideswipe,0,0,N
,,3688,17823,17823,1326837,Unmatched,Alley,,,,,0,Unknown,,0,0,0,0,0,0,0,2004/06/27 00:00:00+00,6/27/2004,Mid-Block (not related to intersection),0,NOT ENOUGH INFORMATION / NOT APPLICABLE,,,,,,,4179001,,,,0,0,N
1278242.931,214417.8732,3689,224600,224900,3782903,Matched,Block,,S MCCLELLAN ST BETWEEN 24TH AVE S AND 25TH AVE S, ,,2,Injury Collision,Rear Ended,3,0,0,2,1,0,0,2016/07/05 00:00:00+00,7/5/2016 18:32,Mid-Block (not related to intersection),14,"MOTOR VEHICLE STRUCK MOTOR VEHICLE, REAR END",,N,Overcast,Dry,Daylight,,,,13,From same direction - both going straight - both moving - rear-end,0,0,N