X,Y,OBJECTID,INCKEY,COLDETKEY,REPORTNO,STATUS,ADDRTYPE,INTKEY,LOCATION,EXCEPTRSNCODE,EXCEPTRSNDESC,SEVERITYCODE,SEVERITYDESC,COLLISIONTYPE,PERSONCOUNT,PEDCOUNT,PEDCYLCOUNT,VEHCOUNT,INJURIES,SERIOUSINJURIES,FATALITIES,INCDATE,INCDTTM,JUNCTIONTYPE,SDOT_COLCODE,SDOT_COLDESC,INATTENTIONIND,UNDERINFL,WEATHER,ROADCOND,LIGHTCOND,PEDROWNOTGRNT,SDOTCOLNUM,SPEEDING,ST_COLCODE,ST_COLDESC,SEGLANEKEY,CROSSWALKKEY,HITPARKEDCAR
1264346.84,259945.7948,3690,16817,16817,3608801,Matched,Intersection,37116,3RD AVE NW AND HOLMAN RD NW, ,,1,Property Damage Only Collision,Left Turn,2,0,0,2,0,0,0,2013/04/09 00:00:00+00,4/9/2013 17:04,At Intersection (intersection related),11,"MOTOR VEHICLE STRUCK MOTOR VEHICLE, FRONT END AT ANGLE",,N,Clear,Dry,Daylight,,,,28,From opposite direction - one left turn - one straight,0,0,N
1285502.168,202837.4883,3691,17316,17316,1327158,Matched,Block,,S BATEMAN ST BETWEEN DEAD END 3 AND 51ST AVE S,,,1,Property Damage Only Collision,Parked Car,2,0,0,2,0,0,0,2004/04/28 00:00:00+00,4/28/2004 20:50,Mid-Block (not related to intersection),33,DRIVERLESS VEHICLE STRUCK MOTOR VEHICLE LEFT SIDE AT ANGLE,,0,Clear,Dry,Unknown,,4119001,,32,One parked--one moving,0,0,N
1275169.067,231892.2966,3692,16842,16842,3476392,Matched,Intersection,28987,14TH AVE E AND E VALLEY ST, ,,1,Property Damage Only Collision,Angles,2,0,0,2,0,0,0,2013/04/13 00:00:00+00,4/13/2013 17:19,At Intersection (intersection related),11,"MOTOR VEHICLE STRUCK MOTOR VEHICLE, FRONT END AT ANGLE",,N,Sleet/Hail/Freezing Rain,Other,Daylight,,,,10,Entering at angle,0,0,N
1277612.323,231380.0389,3693,17047,17047,1781551,Matched,Block,,21ST AVE E BETWEEN E MERCER ST AND E ROY ST,,,1,Property Damage Only Collision,Parked Car,2,0,0,2,0,0,0,2004/01/25 00:00:00+00,1/25/2004 6:00,Mid-Block (not related to intersection),14,"MOTOR VEHICLE STRUCK MOTOR VEHICLE, REAR END",,0,Other,Unknown,Unknown,,4025016,,32,One parked--one moving,0,0,N
1269977.573,224013.4322,3694,16614,16614,3645772,Matched,Block,,MARION ST BETWEEN 1ST AVE AND 2ND AVE,NEI,"Not Enough Information, or Insufficient Location Information",1,Property Damage Only Collision,Parked Car,2,0,0,2,0,0,0,2013/04/06 00:00:00+00,4/6/2013 16:00,Mid-Block (not related to intersection),0,NOT ENOUGH INFORMATION / NOT APPLICABLE,,N,Unknown,Unknown,Unknown,,,,32,One parked--one moving,0,0,N
1268709.015,267452.5347,3695,17055,17055,1079913,Matched,Block,,N 130TH ST BETWEEN AURORA AVE N AND STONE AVE N,,,1,Property Damage Only Collision,Rear Ended,2,0,0,2,0,0,0,2004/08/02 00:00:00+00,8/2/2004,Mid-Block (but intersection related),14,"MOTOR VEHICLE STRUCK MOTOR VEHICLE, REAR END",,1,Clear,Dry,Daylight,,4215005,,14,From same direction - both going straight - one stopped - rear-end,0,0,N
1268920.272,225799.4232,3696,16714,16714,3581938,Matched,Block,,PIKE ST BETWEEN 1ST AVE AND 2ND AVE, ,,1,Property Damage Only Collision,Other,2,0,0,2,0,0,0,2013/04/09 00:00:00+00,4/9/2013 13:13,Mid-Block (but intersection related),11,"MOTOR VEHICLE STRUCK MOTOR VEHICLE, FRONT END AT ANGLE",,N,Clear,Dry,Daylight,,,,23,From same direction - all others,0,0,N
,,3697,17594,17594,1213761,Matched,Block,,BATTERY ST TUNNEL NB BETWEEN ALASKAN WY VI NB AND AURORA AVE N,,,1,Property Damage Only Collision,Other,2,0,0,1,0,0,0,2004/03/28 00:00:00+00,3/28/2004 2:28,Mid-Block (not related to intersection),26,MOTOR VEHICLE STRUCK OBJECT IN ROAD,Y,0,Overcast,Dry,Dark - Street Lights On,,4088008,Y,50,Fixed object,0,0,N
1280504.631,237160.0892,3698,17161,17161,C647518,Matched,Block,,E FOSTER ISLAND RD BETWEEN ARBORETUM DR E AND DEAD END,,,1,Property Damage Only Collision,Other,2,0,0,2,0,0,0,2004/08/14 00:00:00+00,8/14/2004 14:00,Driveway Junction,11,"MOTOR VEHICLE STRUCK MOTOR VEHICLE, FRONT END AT ANGLE",,0,Clear,Dry,Daylight,,4227041,,21,One car entering driveway access,0,0,N
1267191.4,231457.7414,3699,327300,328800,3752481,Matched,Block,,MERCER ST BETWEEN 5TH AVE N AND TAYLOR AVE N, ,,1,Property Damage Only Collision,Other,1,0,0,1,0,0,0,2019/12/16 00:00:00+00,12/16/2019 19:33,Mid-Block (not related to intersection),26,MOTOR VEHICLE STRUCK OBJECT IN ROAD,,N,Overcast,Dry,Dark - Street Lights On,,,,50,Fixed object,0,0,N
1283872.941,203992.3768,3700,329100,330600,3837951,Matched,Block,,RAINIER AVE S BETWEEN S MEAD ST AND S JUNEAU ST, ,,2,Injury Collision,Rear Ended,9,0,0,4,4,0,0,2020/02/19 00:00:00+00,2/19/2020 21:16,Mid-Block (not related to intersection),14,"MOTOR VEHICLE STRUCK MOTOR VEHICLE, REAR END",,N,Clear,Dry,,,,,13,From same direction - both going straight - both moving - rear-end,0,0,N
1269993.861,214349.8106,3701,17546,17546,1777112,Matched,Intersection,31373,1ST AVE S AND S FOREST ST,,,1,Property Damage Only Collision,Right Turn,2,0,0,2,0,0,0,2004/01/23 00:00:00+00,1/23/2004 13:40,At Intersection (intersection related),11,"MOTOR VEHICLE STRUCK MOTOR VEHICLE, FRONT END AT ANGLE",,0,Raining,Wet,Daylight,,4023019,,16,From same direction - one right turn - one straight,0,0,N
1275789.729,245048.8713,3702,17482,17482,1773606,Unmatched,Block,,UNIVERSITY WAY NE BETWEEN NE 45TH ST AND NE 47TH ST,,,0,Unknown,,0,0,0,0,0,0,0,2004/03/21 00:00:00+00,3/21/2004,Mid-Block (not related to intersection),11,"MOTOR VEHICLE STRUCK MOTOR VEHICLE, FRONT END AT ANGLE",,,,,,,4081022,,,,0,0,N
1274476.475,230403.5125,3703,17867,17867,1772232,Unmatched,Block,,E HARRISON ST BETWEEN 11TH AVE E AND 12TH AVE E,,,0,Unknown,,0,0,0,0,0,0,0,2004/04/01 00:00:00+00,4/1/2004,Mid-Block (not related to intersection),13,"MOTOR VEHICLE STRUCK MOTOR VEHICLE, LEFT SIDE AT ANGLE",,,,,,,4092037,,,,0,0,N
1271211.331,211702.7879,3704,17520,17520,4205039,Unmatched,Block,,4TH AVE S BETWEEN S SPOKANE SR ST AND W SEA BR EB 4 AV OFF RP,,,0,Unknown,,0,0,0,0,0,0,0,2004/07/23 00:00:00+00,7/23/2004,Mid-Block (but intersection related),14,"MOTOR VEHICLE STRUCK MOTOR VEHICLE, REAR END",,,,,,,4205039,,,,0,0,N
1258555.216,208717.8039,3705,16568,16568,3615272,Matched,Block,,38TH AVE SW BETWEEN FAUNTLEROY WAY SW AND SW ALASKA ST,NEI,"Not Enough Information, or Insufficient Location Information",1,Property Damage Only Collision,Parked Car,2,0,0,2,0,0,0,2013/04/04 00:00:00+00,4/4/2013 9:30,Mid-Block (not related to intersection),0,NOT ENOUGH INFORMATION / NOT APPLICABLE,,N,Unknown,Unknown,Unknown,,,,32,One parked--one moving,0,0,N
1274551.867,227089.5945,3706,205100,205240,3644757,Matched,Intersection,29761,12TH AVE AND E MADISON ST, ,,1,Property Damage Only Collision,Angles,2,0,0,2,0,0,0,2015/10/18 00:00:00+00,10/18/2015 20:44,At Intersection (intersection related),11,"MOTOR VEHICLE STRUCK MOTOR VEHICLE, FRONT END AT ANGLE",,Y,Raining,Wet,Dark - Street Lights On,,,,10,Entering at angle,0,0,N
1269122.249,231448.6658,3707,17750,17750,4028051,Unmatched,Block,,MERCER SR ST BETWEEN 9TH AVE N AND WESTLAKE AVE N,,,0,Unknown,,0,0,0,0,0,0,0,2004/01/28 00:00:00+00,1/28/2004,Driveway Junction,18,"MOTOR VEHICLE STRUCK PEDALCYCLIST, FRONT END AT ANGLE",,,,,,,4028051,,,,0,0,N
1256293.278,211230.4344,3708,17249,17249,1197795,Unmatched,Intersection,31969,45TH AVE SW AND SW ANDOVER ST,,,0,Unknown,,0,0,0,0,0,0,0,2004/12/09 00:00:00+00,12/9/2004,At Intersection (intersection related),26,MOTOR VEHICLE STRUCK OBJECT IN ROAD,,,,,,,4344006,,,,0,0,N
1270275.262,226354.0821,3709,17184,17184,4237057,Unmatched,Block,,6TH AVE BETWEEN UNION ST AND PIKE ST,,,0,Unknown,,0,0,0,0,0,0,0,2004/08/24 00:00:00+00,8/24/2004,Driveway Junction,14,"MOTOR VEHICLE STRUCK MOTOR VEHICLE, REAR END",,,,,,,4237057,,,,0,0,N
1280060.176,216046.6636,3710,16426,16426,3615247,Unmatched,Block,,S COLLEGE ST BETWEEN 30TH AVE S AND 31ST N AVE S, ,,0,Unknown,,1,0,0,0,0,0,0,2013/03/28 00:00:00+00,3/28/2013,Mid-Block (not related to intersection),0,NOT ENOUGH INFORMATION / NOT APPLICABLE,,,,,,,,, ,,0,0,N
1275431.593,214814.8838,3711,16531,16531,3545997,Matched,Block,,BEACON AVE S BETWEEN S LANDER ST AND 16TH AVE S, ,,1,Property Damage Only Collision,Rear Ended,3,0,0,3,0,0,0,2013/04/05 00:00:00+00,4/5/2013 8:09,Mid-Block (not related to intersection),14,"MOTOR VEHICLE STRUCK MOTOR VEHICLE, REAR END",Y,N,Overcast,Wet,Daylight,,,,14,From same direction - both going straight - one stopped - rear-end,0,0,N
1271235.453,230256.8862,3712,17367,17367,1785255,Matched,Block,,YALE AVE N BETWEEN THOMAS ST AND HARRISON ST,,,1,Property Damage Only Collision,Parked Car,2,0,0,2,0,0,0,2004/11/16 00:00:00+00,11/16/2004 22:45,Mid-Block (not related to intersection),16,"MOTOR VEHICLE STRUCK MOTOR VEHICLE, LEFT SIDE SIDESWIPE",,0,Unknown,Unknown,Unknown,,4321003,,32,One parked--one moving,0,0,N
1279157.127,244644.8038,3713,17222,17222,4051034,Unmatched,Intersection,27296,NE 45TH ST RP AND NE 45TH ST,,,0,Unknown,,0,0,0,0,0,0,0,2004/02/20 00:00:00+00,2/20/2004,At Intersection (intersection related),11,"MOTOR VEHICLE STRUCK MOTOR VEHICLE, FRONT END AT ANGLE",,,,,,,4051034,,,,0,0,N
1290877.875,189696.0561,3714,16869,16869,3671768,Matched,Block,,RAINIER AVE S BETWEEN 68TH AVE S AND CORNELL AVE S, ,,2,Injury Collision,Other,1,0,0,1,1,0,0,2013/04/12 00:00:00+00,4/12/2013 7:30,Mid-Block (not related to intersection),28,MOTOR VEHICLE RAN OFF ROAD - HIT FIXED OBJECT,,Y,Clear,Dry,Dark - Street Lights On,,,,50,Fixed object,0,0,N
1288398.514,188939.2138,3715,16649,16649,3671971,Matched,Block,,RENTON AVE S BETWEEN S RYAN ST AND S PRENTICE N ST, ,,1,Property Damage Only Collision,Parked Car,4,0,0,2,0,0,0,2013/04/07 00:00:00+00,4/7/2013 15:37,Mid-Block (not related to intersection),11,"MOTOR VEHICLE STRUCK MOTOR VEHICLE, FRONT END AT ANGLE",,N,Raining,Wet,Daylight,,,,20,One car leaving parked position,0,0,N
1273478.063,240017.4465,3716,17691,17691,1772430,Matched,Block,,HARVARD AVE E BETWEEN E GWINN PL AND E ALLISON ST,,,1,Property Damage Only Collision,Rear Ended,3,0,0,2,0,0,0,2004/09/23 00:00:00+00,9/23/2004 0:05,Mid-Block (not related to intersection),14,"MOTOR VEHICLE STRUCK MOTOR VEHICLE, REAR END",,0,Clear,Dry,Dark - Street Lights On,,4267004,,14,From same direction - both going straight - one stopped - rear-end,0,0,N
1271273.234,226923.0032,3717,17471,17471,1772340,Matched,Block,,HUBBELL PL BETWEEN 9TH AVE AND PIKE ST,,,1,Property Damage Only Collision,Parked Car,2,0,0,2,0,0,0,2004/06/10 00:00:00+00,6/10/2004 10:54,Mid-Block (not related to intersection),13,"MOTOR VEHICLE STRUCK MOTOR VEHICLE, LEFT SIDE AT ANGLE",,0,Overcast,Dry,Unknown,,4162019,,32,One parked--one moving,0,0,N
1275138.416,203465.6997,3718,17270,17270,1775382,Matched,Intersection,33383,CORGIAT DR S AND S ALBRO PL,,,2,Injury Collision,Angles,3,0,0,2,1,0,0,2004/04/10 00:00:00+00,4/10/2004 16:50,At Intersection (intersection related),11,"MOTOR VEHICLE STRUCK MOTOR VEHICLE, FRONT END AT ANGLE",,0,Clear,Dry,Daylight,,4101028,,10,Entering at angle,0,0,N
1281001.345,266768.0682,3719,16991,16991,1780749,Matched,Block,,LAKE CITY WAY NE BETWEEN NE 127TH ST AND NE 130TH ST,,,2,Injury Collision,Rear Ended,2,0,0,2,1,0,0,2004/01/01 00:00:00+00,1/1/2004,Mid-Block (but intersection related),14,"MOTOR VEHICLE STRUCK MOTOR VEHICLE, REAR END",,0,Raining,Wet,Daylight,,4001005,,14,From same direction - both going straight - one stopped - rear-end,0,0,N
1285062.232,201202.3301,3720,17011,17011,1771292,Matched,Block,,S HOLLY ST BETWEEN RAINIER AVE S AND 49TH AVE S,,,1,Property Damage Only Collision,Parked Car,2,0,0,2,0,0,0,2004/07/14 00:00:00+00,7/14/2004 16:30,Driveway Junction,13,"MOTOR VEHICLE STRUCK MOTOR VEHICLE, LEFT SIDE AT ANGLE",,0,Clear,Dry,Daylight,,4196028,,32,One parked--one moving,0,0,N
1281644.178,204592.817,3721,16636,16636,3372668,Matched,Block,,37TH AVE S BETWEEN S FINDLAY ST AND S ORCAS ST, ,,1,Property Damage Only Collision,Other,1,0,0,1,0,0,0,2013/04/07 00:00:00+00,4/7/2013 14:30,Mid-Block (not related to intersection),0,NOT ENOUGH INFORMATION / NOT APPLICABLE,,N,Raining,Wet,Daylight,,,,50,Fixed object,0,0,N
1272455.277,234505.2921,3722,17565,17565,1789534,Matched,Block,,EASTLAKE AVE E BETWEEN FAIRVIEW AVE N AND E GARFIELD ST,,,2b,Serious Injury Collision,Other,2,0,0,2,1,1,0,2004/04/08 00:00:00+00,4/8/2004,Mid-Block (but intersection related),26,MOTOR VEHICLE STRUCK OBJECT IN ROAD,,0,Clear,Dry,Daylight,,4099005,Y,50,Fixed object,0,0,N
1281941.842,207015.3391,3723,16563,16563,3672160,Matched,Block,,RAINIER AVE S BETWEEN S EDMUNDS ST AND S FERDINAND ST, ,,1,Property Damage Only Collision,Parked Car,2,0,0,2,0,0,0,2013/04/04 00:00:00+00,4/4/2013 21:13,Mid-Block (but intersection related),16,"MOTOR VEHICLE STRUCK MOTOR VEHICLE, LEFT SIDE SIDESWIPE",,N,Raining,Wet,Dark - Street Lights On,,,,32,One parked--one moving,0,0,N
1287229.446,193003.5219,3724,299100,300280,3814912,Matched,Intersection,35451,RAINIER AVE S AND SEWARD PARK AVE S, ,,1,Property Damage Only Collision,Sideswipe,2,0,0,2,0,0,0,2018/07/13 00:00:00+00,7/13/2018 9:57,At Intersection (but not related to intersection),11,"MOTOR VEHICLE STRUCK MOTOR VEHICLE, FRONT END AT ANGLE",,N,Clear,Dry,Daylight,,,,11,From same direction - both going straight - both moving - sideswipe,0,0,N
1272730.978,225998.5929,3725,17233,17233,1786974,Unmatched,Intersection,29921,MADISON ST AND MINOR AVE,,,0,Unknown,,0,0,0,0,0,0,0,2004/12/21 00:00:00+00,12/21/2004,At Intersection (intersection related),15,"MOTOR VEHICLE STRUCK MOTOR VEHICLE, RIGHT SIDE SIDESWIPE",,,,,,,4356005,,,,0,0,N
1277574.64,257265.242,3726,16894,16894,3613349,Matched,Intersection,37739,20TH AVE NE AND NE 92ND ST, ,,1,Property Damage Only Collision,Other,2,0,0,1,0,0,0,2013/04/14 00:00:00+00,4/14/2013 4:10,At Intersection (intersection related),27,MOTOR VEHICLE RAN OFF ROAD - NO COLLISION,,N,Overcast,Wet,Dark - Street Lights On,,,,50,Fixed object,0,0,N
1280924.225,205432.3952,3727,16668,16668,3672177,Matched,Block,,M L KING JR ER WAY S BETWEEN S BENNETT ST AND S BRANDON ST, ,,2,Injury Collision,Sideswipe,2,0,0,2,1,0,0,2013/04/08 00:00:00+00,4/8/2013 8:03,Mid-Block (not related to intersection),14,"MOTOR VEHICLE STRUCK MOTOR VEHICLE, REAR END",,N,Overcast,Wet,Daylight,,,,11,From same direction - both going straight - both moving - sideswipe,0,0,N
,,3728,322400,323900,E950265,Matched,Alley,,, ,,1,Property Damage Only Collision,Parked Car,2,0,0,2,0,0,0,2019/08/14 00:00:00+00,8/14/2019 14:30,,0,NOT ENOUGH INFORMATION / NOT APPLICABLE,,N,Clear,Dry,Daylight,,,,32,One parked--one moving,0,0,N
1271415.525,223796.8639,3729,333300,334800,EA52618,Matched,Intersection,29972,5TH AVE AND JAMES ST, ,,1,Property Damage Only Collision,Angles,2,0,0,2,0,0,0,2020/08/03 00:00:00+00,8/3/2020 10:25,At Intersection (intersection related),11,"MOTOR VEHICLE STRUCK MOTOR VEHICLE, FRONT END AT ANGLE",,N,Clear,Dry,Daylight,,,,10,Entering at angle,0,0,N
1273385.296,221805.8205,3730,17655,17655,1213257,Matched,Block,,S KING ST BETWEEN 8TH AVE S AND 10TH AVE S,,,1,Property Damage Only Collision,Parked Car,2,0,0,2,0,0,0,2004/09/03 00:00:00+00,9/3/2004,Mid-Block (not related to intersection),31,DRIVERLESS VEHICLE STRUCK MOTOR VEHICLE FRONT END AT ANGLE,,0,Clear,Dry,Daylight,,4247027,,32,One parked--one moving,0,0,N
1273567.714,228177.0843,3731,17586,17586,1181096,Matched,Block,,BROADWAY BETWEEN E PINE ST AND XW E OLIVE ST,,,1,Property Damage Only Collision,Parked Car,2,0,0,2,0,0,0,2004/02/24 00:00:00+00,2/24/2004 12:50,Mid-Block (not related to intersection),11,"MOTOR VEHICLE STRUCK MOTOR VEHICLE, FRONT END AT ANGLE",,0,Overcast,Wet,Daylight,,4055032,,32,One parked--one moving,0,0,N
1264460.821,268216.8926,3732,17684,17684,1785152,Matched,Intersection,35618,3RD AVE NW AND NW 132ND ST,,,2,Injury Collision,Angles,3,0,0,2,1,0,0,2004/12/04 00:00:00+00,12/4/2004,At Intersection (intersection related),11,"MOTOR VEHICLE STRUCK MOTOR VEHICLE, FRONT END AT ANGLE",,0,Raining,Wet,Dark - Street Lights On,,4339041,,10,Entering at angle,0,0,N
1273988.116,222717.7619,3733,17468,17468,1772202,Matched,Block,,S WASHINGTON ST BETWEEN 10TH AVE S AND DEAD END 3,,,1,Property Damage Only Collision,Parked Car,2,0,0,2,0,0,0,2004/04/01 00:00:00+00,4/1/2004,Mid-Block (not related to intersection),14,"MOTOR VEHICLE STRUCK MOTOR VEHICLE, REAR END",,0,Clear,Dry,Daylight,,4092021,,20,One car leaving parked position,0,0,N
1270556.957,246191.8467,3734,16844,16844,3501907,Matched,Block,,N 50TH ST BETWEEN BURKE AVE N AND MERIDIAN AVE N, ,,1,Property Damage Only Collision,Rear Ended,3,0,0,2,0,0,0,2013/04/12 00:00:00+00,4/12/2013 12:10,Mid-Block (but intersection related),14,"MOTOR VEHICLE STRUCK MOTOR VEHICLE, REAR END",Y,N,Overcast,Dry,Daylight,,,,14,From same direction - both going straight - one stopped - rear-end,0,0,N
1263960.412,255924.6129,3735,16526,16526,3504377,Matched,Block,,NW 86TH ST BETWEEN 3RD AVE NW AND 6TH AVE NW, ,,1,Property Damage Only Collision,Sideswipe,2,0,0,2,0,0,0,2013/04/07 00:00:00+00,4/7/2013 0:39,Mid-Block (not related to intersection),16,"MOTOR VEHICLE STRUCK MOTOR VEHICLE, LEFT SIDE SIDESWIPE",,N,Raining,Wet,Dark - Street Lights On,,,,26,From opposite direction - both going straight - sideswipe,0,0,N
1271466.343,225605.6644,3736,17287,17287,1217029,Matched,Intersection,29926,8TH AVE AND SPRING ST,,,2,Injury Collision,Angles,2,0,0,2,1,0,0,2004/07/31 00:00:00+00,7/31/2004 9:36,At Intersection (intersection related),11,"MOTOR VEHICLE STRUCK MOTOR VEHICLE, FRONT END AT ANGLE",,0,Clear,Dry,Daylight,,4213032,,10,Entering at angle,0,0,N
1257323.399,239362.5626,3737,323800,325300,E961988,Unmatched,Block,,24TH AVE W BETWEEN W ARMOUR ST AND W BARRETT ST, ,,0,Unknown,,0,0,0,0,0,0,0,2019/09/19 00:00:00+00,9/19/2019,Mid-Block (not related to intersection),11,"MOTOR VEHICLE STRUCK MOTOR VEHICLE, FRONT END AT ANGLE",,,,,,,,, ,,0,0,Y
1270287.08,227598.1718,3738,16773,16773,3582039,Matched,Intersection,29869,HOWELL ST AND OLIVE WAY, ,,1,Property Damage Only Collision,Left Turn,3,0,0,2,0,0,0,2013/04/09 00:00:00+00,4/9/2013 21:09,At Intersection (intersection related),11,"MOTOR VEHICLE STRUCK MOTOR VEHICLE, FRONT END AT ANGLE",,N,Clear,Dry,Dark - Street Lights On,,,,15,From same direction - one left turn - one straight,0,0,N
1263298.483,255679.1806,3739,16552,16552,3612936,Matched,Block,,NW 85TH ST BETWEEN 6TH AVE NW AND 8TH AVE NW, ,,1,Property Damage Only Collision,Head On,4,0,0,4,0,0,0,2013/04/04 00:00:00+00,4/4/2013 17:33,Mid-Block (not related to intersection),14,"MOTOR VEHICLE STRUCK MOTOR VEHICLE, REAR END",,N,Raining,Wet,Daylight,,,Y,30,From opposite direction - all others,0,0,N
1262937.337,212163.5947,3740,17029,17029,1781280,Matched,Block,,SW SPOKANE SR ST BETWEEN CHELAN AVE SW AND SW SPOKANE CR ST,,,1,Property Damage Only Collision,Rear Ended,2,0,0,2,0,0,0,2004/02/24 00:00:00+00,2/24/2004 7:53,Mid-Block (but intersection related),14,"MOTOR VEHICLE STRUCK MOTOR VEHICLE, REAR END",Y,0,Raining,Wet,Daylight,,4055011,,14,From same direction - both going straight - one stopped - rear-end,0,0,N
1260391.062,201146.4328,3741,16508,16508,3380711,Unmatched,Block,,31ST AVE SW BETWEEN SW HOLLY ST AND SW MYRTLE E ST, ,,2,Injury Collision,,1,0,0,0,1,0,0,2013/04/05 00:00:00+00,4/5/2013,Mid-Block (not related to intersection),28,MOTOR VEHICLE RAN OFF ROAD - HIT FIXED OBJECT,,,,,,,,, ,,0,0,N
1274533.37,194014.7688,3742,17708,17708,1198369,Matched,Block,,S DIRECTOR ST BETWEEN 14TH AVE S AND 15TH PL S,,,1,Property Damage Only Collision,Other,2,0,0,2,0,0,0,2004/12/09 00:00:00+00,12/9/2004,Driveway Junction,11,"MOTOR VEHICLE STRUCK MOTOR VEHICLE, FRONT END AT ANGLE",,0,Raining,Wet,Dark - Street Lights On,,4344054,,21,One car entering driveway access,0,0,N
1260120.012,238670.909,3743,17349,17349,1478450,Matched,Block,,15TH AVE W BETWEEN GILMAN UPPER DR W AND W ARMOUR ST,,,2,Injury Collision,Rear Ended,3,0,0,2,3,0,0,2004/10/08 00:00:00+00,10/8/2004,Mid-Block (not related to intersection),14,"MOTOR VEHICLE STRUCK MOTOR VEHICLE, REAR END",,0,Raining,Wet,Daylight,,4282082,Y,13,From same direction - both going straight - both moving - rear-end,0,0,N
1275625.318,230425.0797,3744,17863,17863,1799147,Matched,Intersection,29033,15TH AVE E AND E HARRISON N ST,,,2,Injury Collision,Pedestrian,2,1,0,1,1,0,0,2004/10/14 00:00:00+00,10/14/2004 15:54,At Intersection (intersection related),24,MOTOR VEHCILE STRUCK PEDESTRIAN,,0,Clear,Dry,Daylight,,4288022,,2,Vehicle turning left hits pedestrian,0,0,N
1274464.68,223187.2106,3745,17387,17387,1198453,Matched,Block,,12TH AVE BETWEEN E YESLER WAY AND E FIR ST,,,1,Property Damage Only Collision,Rear Ended,2,0,0,2,0,0,0,2004/11/23 00:00:00+00,11/23/2004 20:34,Mid-Block (but intersection related),14,"MOTOR VEHICLE STRUCK MOTOR VEHICLE, REAR END",Y,0,Raining,Wet,Dark - Street Lights On,,4328016,,14,From same direction - both going straight - one stopped - rear-end,0,0,N
1267508.251,237152.3089,3746,298100,299240,3643061,Matched,Block,,AURORA AVE N BETWEEN MCGRAW ST AND DEXTER WAY N, ,,1,Property Damage Only Collision,Rear Ended,3,0,0,3,0,0,0,2018/07/18 00:00:00+00,7/18/2018 17:53,Mid-Block (not related to intersection),14,"MOTOR VEHICLE STRUCK MOTOR VEHICLE, REAR END",,N,Clear,Dry,Daylight,,,,14,From same direction - both going straight - one stopped - rear-end,0,0,N
1277110.543,207875.3393,3747,225100,225400,3783138,Matched,Block,,BEACON WR AVE S BETWEEN S ALASKA ST AND S COLUMBIAN WAY, ,,2,Injury Collision,Other,3,0,0,1,1,0,0,2016/08/01 00:00:00+00,8/1/2016 2:30,Mid-Block (not related to intersection),28,MOTOR VEHICLE RAN OFF ROAD - HIT FIXED OBJECT,Y,N,Clear,Dry,Dark - Street Lights On,,,,50,Fixed object,0,0,N
1256407.418,215205.1235,3748,16948,16948,1210673,Matched,Intersection,31165,45TH AVE SW AND SW LANDER ST,,,2,Injury Collision,Angles,2,0,0,2,1,0,0,2004/01/12 00:00:00+00,1/12/2004 17:44,At Intersection (intersection related),11,"MOTOR VEHICLE STRUCK MOTOR VEHICLE, FRONT END AT ANGLE",,0,Raining,Wet,Dark - Street Lights On,,4012005,,10,Entering at angle,0,0,N
1275428.209,246611.4024,3749,17317,17317,1329240,Matched,Block,,NE 52ND ST BETWEEN 12TH AVE NE AND BROOKLYN AVE NE,,,1,Property Damage Only Collision,Other,1,0,0,1,0,0,0,2004/02/10 00:00:00+00,2/10/2004 11:19,Mid-Block (but intersection related),28,MOTOR VEHICLE RAN OFF ROAD - HIT FIXED OBJECT,,0,Clear,Dry,Daylight,,4041006,,50,Fixed object,0,0,N
1260250.118,210809.3201,3750,17255,17255,1775090,Matched,Block,,WEST SEATTLE BR EB BETWEEN POINT A AND FAUNTLEROY WAY SW,,,2,Injury Collision,Other,2,0,0,1,2,0,0,2004/01/05 00:00:00+00,1/5/2004,Mid-Block (not related to intersection),26,MOTOR VEHICLE STRUCK OBJECT IN ROAD,,0,Overcast,Dry,Daylight,,4005008,Y,50,Fixed object,0,0,N
1269313.202,219107.6094,3751,16768,16768,3599392,Matched,Intersection,30385,ALASKAN WAY S AND S ATLANTIC ST, ,,1,Property Damage Only Collision,Sideswipe,2,0,0,2,0,0,0,2013/04/11 00:00:00+00,4/11/2013 13:36,At Intersection (intersection related),11,"MOTOR VEHICLE STRUCK MOTOR VEHICLE, FRONT END AT ANGLE",,N,Overcast,Dry,Daylight,,,,71,Same direction -- both turning right -- both moving -- sideswipe,0,0,N
,,3752,16427,16427,3615248,Unmatched,,,,NEI,"Not Enough Information, or Insufficient Location Information",0,Unknown,,2,0,0,0,0,0,0,2013/03/28 00:00:00+00,3/28/2013,,0,NOT ENOUGH INFORMATION / NOT APPLICABLE,,,,,,,,, ,,0,0,N
1270153.444,222335.973,3753,317100,318600,E908212,Unmatched,Block,,1ST AVE S BETWEEN S MAIN ST AND S JACKSON ST, ,,1,Property Damage Only Collision,,3,0,0,0,0,0,0,2019/03/20 00:00:00+00,3/20/2019,Mid-Block (not related to intersection),11,"MOTOR VEHICLE STRUCK MOTOR VEHICLE, FRONT END AT ANGLE",,,,,,,,, ,,0,0,N
1268278.019,271444.0835,3754,17590,17590,4113044,Unmatched,Block,,N 145TH ST BETWEEN WHITMAN AVE N AND AURORA AVE N,,,0,Unknown,,0,0,0,0,0,0,0,2004/04/22 00:00:00+00,4/22/2004,Mid-Block (but intersection related),14,"MOTOR VEHICLE STRUCK MOTOR VEHICLE, REAR END",,,,,,,4113044,,,,0,0,N