X,Y,OBJECTID,INCKEY,COLDETKEY,REPORTNO,STATUS,ADDRTYPE,INTKEY,LOCATION,EXCEPTRSNCODE,EXCEPTRSNDESC,SEVERITYCODE,SEVERITYDESC,COLLISIONTYPE,PERSONCOUNT,PEDCOUNT,PEDCYLCOUNT,VEHCOUNT,INJURIES,SERIOUSINJURIES,FATALITIES,INCDATE,INCDTTM,JUNCTIONTYPE,SDOT_COLCODE,SDOT_COLDESC,INATTENTIONIND,UNDERINFL,WEATHER,ROADCOND,LIGHTCOND,PEDROWNOTGRNT,SDOTCOLNUM,SPEEDING,ST_COLCODE,ST_COLDESC,SEGLANEKEY,CROSSWALKKEY,HITPARKEDCAR
1262867.37,241038.7999,3755,16806,16806,3548950,Matched,Block,,W BERTONA ST BETWEEN 6TH AVE W AND IRONDALE AVE W, ,,2,Injury Collision,Rear Ended,3,0,0,2,2,0,0,2013/04/11 00:00:00+00,4/11/2013 10:27,Mid-Block (not related to intersection),14,"MOTOR VEHICLE STRUCK MOTOR VEHICLE, REAR END",,N,Raining,Wet,Daylight,,,,14,From same direction - both going straight - one stopped - rear-end,0,0,N
1269605.468,224326.1767,3756,17303,17303,1776965,Unmatched,Block,,1ST AVE BETWEEN MADISON ST AND SPRING ST,,,0,Unknown,,0,0,0,0,0,0,0,2004/04/10 00:00:00+00,4/10/2004,Mid-Block (not related to intersection),16,"MOTOR VEHICLE STRUCK MOTOR VEHICLE, LEFT SIDE SIDESWIPE",,,,,,,4101006,,,,0,0,N
1262753.206,244599.1008,3757,326100,327600,3812754,Matched,Block,,LEARY WAY NW BETWEEN NW BRIGHT ST AND 8TH AVE NW, ,,1,Property Damage Only Collision,Rear Ended,2,0,0,2,0,0,0,2019/11/15 00:00:00+00,11/15/2019 21:37,Mid-Block (not related to intersection),14,"MOTOR VEHICLE STRUCK MOTOR VEHICLE, REAR END",,Y,Clear,Dry,Dark - Street Lights On,,,,14,From same direction - both going straight - one stopped - rear-end,0,0,N
1281616.772,227799.5199,3758,17409,17409,1772633,Matched,Intersection,30250,35TH AVE AND E PINE ST,,,1,Property Damage Only Collision,Angles,6,0,0,2,0,0,0,2004/05/29 00:00:00+00,5/29/2004 8:00,At Intersection (intersection related),11,"MOTOR VEHICLE STRUCK MOTOR VEHICLE, FRONT END AT ANGLE",,0,Overcast,Dry,Daylight,,4150027,,10,Entering at angle,0,0,N
1267236.626,265496.5713,3759,17480,17480,1773419,Matched,Intersection,36369,NORTH PARK AVE N AND N 122ND ST,,,2,Injury Collision,Angles,3,0,0,2,1,0,0,2004/06/14 00:00:00+00,6/14/2004 13:54,At Intersection (intersection related),11,"MOTOR VEHICLE STRUCK MOTOR VEHICLE, FRONT END AT ANGLE",,0,Clear,Dry,Daylight,,4166027,,10,Entering at angle,0,0,N
1274327.555,221785.0009,3760,16849,16849,3605994,Matched,Intersection,30430,12TH AVE S AND S KING ST, ,,1,Property Damage Only Collision,Angles,2,0,0,2,0,0,0,2013/04/13 00:00:00+00,4/13/2013 8:57,At Intersection (intersection related),11,"MOTOR VEHICLE STRUCK MOTOR VEHICLE, FRONT END AT ANGLE",,N,Overcast,Dry,Daylight,,,,10,Entering at angle,0,0,N
1270475.29,202357.0446,3761,16996,16996,1795535,Matched,Intersection,34222,EAST MARGINAL WAY S AND S MICHIGAN ST,,,1,Property Damage Only Collision,Angles,6,0,0,2,0,0,0,2004/10/17 00:00:00+00,10/17/2004 1:57,At Intersection (intersection related),11,"MOTOR VEHICLE STRUCK MOTOR VEHICLE, FRONT END AT ANGLE",,0,Raining,Wet,Dark - Street Lights On,,4291040,,10,Entering at angle,0,0,N
1276978.626,245676.2183,3762,17518,17518,4077037,Unmatched,Block,,18TH AVE NE BETWEEN NE 47TH ST AND NE 50TH ST,,,0,Unknown,,0,0,0,0,0,0,0,2004/03/17 00:00:00+00,3/17/2004,Mid-Block (but intersection related),51,PEDALCYCLIST STRUCK MOTOR VEHICLE FRONT END AT ANGLE,,,,,,,4077037,,,,0,0,N
1262178.83,197776.577,3763,337500,339000,3834656,Matched,Block,,SW KENYON ST BETWEEN 24TH AVE SW AND 26TH AVE SW, ,,1,Property Damage Only Collision,Parked Car,2,0,0,2,0,0,0,2021/01/27 00:00:00+00,1/27/2021 12:34,Mid-Block (but intersection related),11,"MOTOR VEHICLE STRUCK MOTOR VEHICLE, FRONT END AT ANGLE",,N,Clear,Wet,Daylight,,,,32,One parked--one moving,0,0,Y
,,3764,241800,242240,E631001,Unmatched,,,,NEI,"Not Enough Information, or Insufficient Location Information",0,Unknown,,0,0,0,0,0,0,0,2016/11/30 00:00:00+00,11/30/2016,,0,NOT ENOUGH INFORMATION / NOT APPLICABLE,,,,,,,,, ,,0,0,Y
1274951.075,262209.7416,3765,17457,17457,1205172,Matched,Block,,ROOSEVELT WAY NE BETWEEN NE NORTHGATE WAY AND PINEHURST S WAY NE,,,2,Injury Collision,Other,1,0,0,1,1,0,0,2004/05/12 00:00:00+00,5/12/2004 23:30,Mid-Block (but intersection related),28,MOTOR VEHICLE RAN OFF ROAD - HIT FIXED OBJECT,,1,Clear,Dry,Dark - Street Lights On,,4133026,,50,Fixed object,0,0,N
1271987.771,229184.2634,3766,16827,16827,3476165,Matched,Block,,E DENNY WAY BETWEEN MELROSE AVE AND BELLEVUE AVE, ,,2,Injury Collision,Rear Ended,3,0,0,2,1,0,0,2013/04/12 00:00:00+00,4/12/2013 20:23,Mid-Block (but intersection related),14,"MOTOR VEHICLE STRUCK MOTOR VEHICLE, REAR END",,N,Raining,Wet,Dark - Street Lights On,,,Y,14,From same direction - both going straight - one stopped - rear-end,0,0,N
1277852.553,240587.497,3767,17178,17178,1789772,Matched,Block,,MONTLAKE BLVD NE BETWEEN NE PACIFIC ST AND NE PACIFIC PL,,,1,Property Damage Only Collision,Rear Ended,3,0,0,3,0,0,0,2004/11/24 00:00:00+00,11/24/2004 17:34,Mid-Block (but intersection related),14,"MOTOR VEHICLE STRUCK MOTOR VEHICLE, REAR END",,0,Raining,Wet,Dark - Street Lights On,,4329035,,14,From same direction - both going straight - one stopped - rear-end,0,0,N
1280092.387,207715.5512,3768,322000,323500,3815425,Matched,Block,,M L KING JR ER WAY S BETWEEN S ALASKA ST AND S ANGELINE ST, ,,1,Property Damage Only Collision,Rear Ended,3,0,0,2,0,0,0,2019/07/29 00:00:00+00,7/29/2019 19:50,Mid-Block (but intersection related),14,"MOTOR VEHICLE STRUCK MOTOR VEHICLE, REAR END",,N,Clear,Dry,Daylight,,,,14,From same direction - both going straight - one stopped - rear-end,0,0,N
,,3769,16704,16704,3615326,Matched,,,,NEI,"Not Enough Information, or Insufficient Location Information",1,Property Damage Only Collision,Parked Car,2,0,0,2,0,0,0,2013/04/08 00:00:00+00,4/8/2013 8:25,,0,NOT ENOUGH INFORMATION / NOT APPLICABLE,,N,Unknown,Unknown,Unknown,,,,32,One parked--one moving,0,0,N
1261730.055,192489.6324,3770,17507,17507,1781107,Matched,Intersection,34902,26TH AVE SW AND SW ROXBURY ST,,,2,Injury Collision,Left Turn,3,0,0,2,2,0,0,2004/05/01 00:00:00+00,5/1/2004,At Intersection (intersection related),11,"MOTOR VEHICLE STRUCK MOTOR VEHICLE, FRONT END AT ANGLE",,0,Clear,Dry,Daylight,,4122010,,28,From opposite direction - one left turn - one straight,0,0,N
1264346.84,259945.7948,3771,17217,17217,1079804,Matched,Intersection,37116,3RD AVE NW AND HOLMAN RD NW,,,2b,Serious Injury Collision,Angles,2,0,0,2,1,1,0,2004/07/05 00:00:00+00,7/5/2004,At Intersection (intersection related),29,MOTOR VEHICLE OVERTURNED IN ROAD,,0,Clear,Dry,Daylight,,4187010,Y,10,Entering at angle,0,0,N
1268590.538,227026.244,3772,17538,17538,1213200,Matched,Intersection,29563,3RD AVE AND VIRGINIA ST,,,2b,Serious Injury Collision,Pedestrian,2,1,0,1,1,1,0,2004/02/14 00:00:00+00,2/14/2004 13:49,At Intersection (intersection related),24,MOTOR VEHCILE STRUCK PEDESTRIAN,,0,Clear,Dry,Daylight,Y,4045040,,1,Vehicle turning right hits pedestrian,0,0,N
1279984.406,228709.8362,3773,17472,17472,1772389,Matched,Intersection,29982,29TH AVE AND E HOWELL ST,,,2,Injury Collision,Angles,3,0,0,2,1,0,0,2004/05/07 00:00:00+00,5/7/2004,At Intersection (intersection related),11,"MOTOR VEHICLE STRUCK MOTOR VEHICLE, FRONT END AT ANGLE",,0,Overcast,Wet,Daylight,,4128041,Y,10,Entering at angle,0,0,N
1269968.355,225924.949,3774,17269,17269,1462606,Unmatched,Block,,UNION ST BETWEEN 4TH AVE AND 5TH AVE,,,0,Unknown,,0,0,0,0,0,0,0,2004/05/26 00:00:00+00,5/26/2004,Driveway Junction,11,"MOTOR VEHICLE STRUCK MOTOR VEHICLE, FRONT END AT ANGLE",,,,,,,4147028,,,,0,0,N
1262861.803,250663.5413,3775,314500,315980,E895804,Unmatched,Block,,8TH AVE NW BETWEEN NW 65TH ST AND NW 67TH ST,NEI,"Not Enough Information, or Insufficient Location Information",0,Unknown,,0,0,0,0,0,0,0,2019/02/21 00:00:00+00,2/21/2019,,0,NOT ENOUGH INFORMATION / NOT APPLICABLE,,,,,,,,, ,,0,0,Y
1268324.786,248604.0257,3776,17013,17013,1778776,Matched,Block,,WEST GREEN LAKE WAY N BETWEEN GREEN LAKE TURN RD AND N 63RD ST,,,1,Property Damage Only Collision,Rear Ended,2,0,0,2,0,0,0,2004/03/19 00:00:00+00,3/19/2004 18:09,Mid-Block (not related to intersection),14,"MOTOR VEHICLE STRUCK MOTOR VEHICLE, REAR END",,0,Clear,Dry,Unknown,,4079030,,14,From same direction - both going straight - one stopped - rear-end,0,0,N
1262959.351,195138.9077,3777,324900,326400,3746905,Matched,Block,,SW TRENTON ST BETWEEN DELRIDGE WAY SW AND 22ND AVE SW, ,,2,Injury Collision,Parked Car,4,0,0,4,1,0,0,2019/10/19 00:00:00+00,10/19/2019 0:12,Mid-Block (not related to intersection),14,"MOTOR VEHICLE STRUCK MOTOR VEHICLE, REAR END",Y,N,Raining,Wet,Dark - Street Lights On,,,,32,One parked--one moving,0,0,N
1275539.246,246048.9179,3778,16876,16876,3507790,Matched,Intersection,25792,BROOKLYN AVE NE AND NE 50TH ST, ,,1,Property Damage Only Collision,Angles,3,0,0,2,0,0,0,2013/04/12 00:00:00+00,4/12/2013 15:14,At Intersection (intersection related),11,"MOTOR VEHICLE STRUCK MOTOR VEHICLE, FRONT END AT ANGLE",,N,Overcast,Dry,Daylight,,,,10,Entering at angle,0,0,N
1274878.58,222235.221,3779,16469,16469,3605983,Matched,Block,,BOREN AVE S BETWEEN S MAIN ST AND RAINIER AVE S, ,,1,Property Damage Only Collision,Sideswipe,2,0,0,2,0,0,0,2013/04/04 00:00:00+00,4/4/2013 8:16,Mid-Block (but intersection related),14,"MOTOR VEHICLE STRUCK MOTOR VEHICLE, REAR END",,N,Overcast,Wet,Daylight,,,,11,From same direction - both going straight - both moving - sideswipe,0,0,N
1264803.684,192424.0672,3780,16503,16503,2793143,Matched,Block,,SW ROXBURY ST BETWEEN 14TH AVE SW AND 15TH AVE SW, ,,1,Property Damage Only Collision,Rear Ended,4,0,0,2,0,0,0,2013/04/04 00:00:00+00,4/4/2013 16:43,Mid-Block (not related to intersection),14,"MOTOR VEHICLE STRUCK MOTOR VEHICLE, REAR END",,N,Raining,Wet,Daylight,,,,13,From same direction - both going straight - both moving - rear-end,0,0,N
1282519.082,244877.3931,3781,17696,17696,1782453,Matched,Block,,SAND POINT WAY NE BETWEEN NE 45TH ST AND 40TH AVE NE,,,1,Property Damage Only Collision,Sideswipe,3,0,0,2,0,0,0,2004/03/20 00:00:00+00,3/20/2004 17:58,Mid-Block (but intersection related),11,"MOTOR VEHICLE STRUCK MOTOR VEHICLE, FRONT END AT ANGLE",,0,Clear,Dry,Dusk,,4080024,,11,From same direction - both going straight - both moving - sideswipe,0,0,N
1271719.211,194376.7354,3782,17781,17781,1781324,Unmatched,Intersection,35195,7TH AVE S AND S HENDERSON ST,,,0,Unknown,,0,0,0,0,0,0,0,2004/10/27 00:00:00+00,10/27/2004,At Intersection (intersection related),11,"MOTOR VEHICLE STRUCK MOTOR VEHICLE, FRONT END AT ANGLE",,,,,,,4301037,,,,0,0,N
1257492.285,247679.076,3783,17574,17574,4023047,Unmatched,Intersection,25193,24TH AVE NW AND SHILSHOLE AVE NW,,,0,Unknown,,0,0,0,0,0,0,0,2004/01/23 00:00:00+00,1/23/2004,At Intersection (intersection related),11,"MOTOR VEHICLE STRUCK MOTOR VEHICLE, FRONT END AT ANGLE",,,,,,,4023047,,,,0,0,N
1270951.115,204753.5848,3784,16995,16995,1795485,Matched,Block,,4TH AVE S BETWEEN S ORCAS ST AND S MEAD ST,,,1,Property Damage Only Collision,Parked Car,2,0,0,2,0,0,0,2004/10/08 00:00:00+00,10/8/2004,Mid-Block (not related to intersection),11,"MOTOR VEHICLE STRUCK MOTOR VEHICLE, FRONT END AT ANGLE",,0,Overcast,Wet,Daylight,,4282070,,20,One car leaving parked position,0,0,N
1277916.748,238311.9821,3785,17517,17517,4070041,Unmatched,Block,,EAST MONTLAKE PL E BETWEEN 22ND AVE E AND MONTLAKE BLVD E,,,0,Unknown,,0,0,0,0,0,0,0,2004/03/10 00:00:00+00,3/10/2004,Mid-Block (not related to intersection),14,"MOTOR VEHICLE STRUCK MOTOR VEHICLE, REAR END",,,,,,,4070041,,,,0,0,N
1279212.994,221804.4922,3786,16735,16735,3672201,Matched,Block,,M L KING JR WAY S BETWEEN S JACKSON ST AND S KING ST, ,,1,Property Damage Only Collision,Rear Ended,3,0,0,2,0,0,0,2013/04/10 00:00:00+00,4/10/2013 10:17,Mid-Block (not related to intersection),14,"MOTOR VEHICLE STRUCK MOTOR VEHICLE, REAR END",,N,Raining,Wet,Daylight,,,Y,14,From same direction - both going straight - one stopped - rear-end,0,0,N
1264385.333,192435.9026,3787,270200,271000,3742044,Matched,Intersection,35058,DELRIDGE WAY SW AND SW ROXBURY ST, ,,1,Property Damage Only Collision,Rear Ended,2,0,0,2,0,0,0,2018/02/12 00:00:00+00,2/12/2018 9:34,At Intersection (but not related to intersection),14,"MOTOR VEHICLE STRUCK MOTOR VEHICLE, REAR END",,N,Clear,Dry,Daylight,,,,14,From same direction - both going straight - one stopped - rear-end,0,0,N
1267855.069,245183.1327,3788,17745,17745,1776115,Unmatched,Block,,N 46TH ST BETWEEN GREEN LAKE WAY N AND WOODLAND PARK AVE N,,,0,Unknown,,0,0,0,0,0,0,0,2004/10/29 00:00:00+00,10/29/2004,Mid-Block (but intersection related),14,"MOTOR VEHICLE STRUCK MOTOR VEHICLE, REAR END",,,,,,,4303030,,,,0,0,N
1255633.927,211253.0188,3789,17104,17104,1781676,Matched,Intersection,31971,47TH AVE SW AND SW ANDOVER ST,,,1,Property Damage Only Collision,Angles,2,0,0,2,0,0,0,2004/02/13 00:00:00+00,2/13/2004 7:49,At Intersection (intersection related),11,"MOTOR VEHICLE STRUCK MOTOR VEHICLE, FRONT END AT ANGLE",,0,Clear,Dry,Daylight,,4044011,,10,Entering at angle,0,0,N
1283184.668,193990.4575,3790,16907,16907,3579477,Matched,Block,,M L KING JR ER WAY S BETWEEN S HENDERSON ST AND S DIRECTOR ST, ,,2,Injury Collision,Rear Ended,2,0,0,2,1,0,0,2013/04/13 00:00:00+00,4/13/2013 21:07,Mid-Block (but intersection related),14,"MOTOR VEHICLE STRUCK MOTOR VEHICLE, REAR END",,N,Raining,Wet,Dark - Street Lights On,,,,14,From same direction - both going straight - one stopped - rear-end,0,0,N
1267563.6,254110.6066,3791,301700,302920,E834679,Unmatched,Block,,LINDEN AVE N BETWEEN N 79TH ST AND N 80TH ST,NEI,"Not Enough Information, or Insufficient Location Information",0,Unknown,,0,0,0,0,0,0,0,2018/08/12 00:00:00+00,8/12/2018,,0,NOT ENOUGH INFORMATION / NOT APPLICABLE,,,,,,,,, ,,0,0,Y
1270796.808,228500.5314,3792,333500,335000,EA54844,Matched,Block,,BOREN AVE BETWEEN HOWELL ST AND STEWART ST, ,,1,Property Damage Only Collision,Sideswipe,3,0,0,2,0,0,0,2020/08/02 00:00:00+00,8/2/2020 10:50,Mid-Block (but intersection related),11,"MOTOR VEHICLE STRUCK MOTOR VEHICLE, FRONT END AT ANGLE",,N,Clear,Dry,Daylight,,,,11,From same direction - both going straight - both moving - sideswipe,0,0,N
,,3793,17366,17366,1785160,Matched,Intersection,30559,6TH AVE S AND S ATLANTIC ST,,,1,Property Damage Only Collision,Other,2,0,0,2,0,0,0,2004/09/25 00:00:00+00,9/25/2004 20:49,At Intersection (intersection related),11,"MOTOR VEHICLE STRUCK MOTOR VEHICLE, FRONT END AT ANGLE",,1,Clear,Dry,Dark - Street Lights On,,4269023,Y,22,One car leaving driveway access,0,0,N
1270063.911,225130.9043,3794,16930,16930,1795401,Matched,Block,,SENECA ST BETWEEN 3RD AVE AND 4TH AVE,,,1,Property Damage Only Collision,Parked Car,2,0,0,2,0,0,0,2004/10/22 00:00:00+00,10/22/2004 17:30,Mid-Block (not related to intersection),14,"MOTOR VEHICLE STRUCK MOTOR VEHICLE, REAR END",,0,Clear,Dry,Daylight,,4296042,,32,One parked--one moving,0,0,N
1280092.387,207715.5512,3795,16464,16464,3550156,Matched,Block,,M L KING JR ER WAY S BETWEEN S ALASKA ST AND S ANGELINE ST, ,,1,Property Damage Only Collision,Rear Ended,2,0,0,2,0,0,0,2013/04/04 00:00:00+00,4/4/2013 15:10,Mid-Block (but intersection related),14,"MOTOR VEHICLE STRUCK MOTOR VEHICLE, REAR END",,N,Raining,Wet,Daylight,,,,14,From same direction - both going straight - one stopped - rear-end,0,0,N
1270028.24,226454.6232,3796,17406,17406,1482458,Matched,Block,,PIKE ST BETWEEN 5TH AVE AND 6TH AVE,,,1,Property Damage Only Collision,Other,1,0,0,1,0,0,0,2004/11/16 00:00:00+00,11/16/2004 21:25,Driveway Junction,28,MOTOR VEHICLE RAN OFF ROAD - HIT FIXED OBJECT,,0,Overcast,Dry,Dark - Street Lights On,,4321008,,50,Fixed object,0,0,N
1263365.539,230580.1172,3797,17776,17776,1213399,Matched,Block,,ELLIOTT AVE W BETWEEN 4TH AVE W AND W HARRISON ST,,,1,Property Damage Only Collision,Rear Ended,2,0,0,2,0,0,0,2004/08/23 00:00:00+00,8/23/2004 17:40,Mid-Block (but intersection related),14,"MOTOR VEHICLE STRUCK MOTOR VEHICLE, REAR END",Y,0,Overcast,Dry,Daylight,,4236016,,14,From same direction - both going straight - one stopped - rear-end,0,0,N
1260299.988,255380.6178,3798,17119,17119,C645979,Matched,Block,,15TH AVE NW BETWEEN NW 83RD ST AND NW 85TH ST,,,1,Property Damage Only Collision,Rear Ended,2,0,0,2,0,0,0,2004/06/26 00:00:00+00,6/26/2004 10:30,Mid-Block (but intersection related),14,"MOTOR VEHICLE STRUCK MOTOR VEHICLE, REAR END",,0,Clear,Dry,Daylight,,4178047,,14,From same direction - both going straight - one stopped - rear-end,0,0,N
1271965.818,262071.8831,3799,332300,333800,EA42051,Matched,Block,,N NORTHGATE WAY BETWEEN CORLISS AVE N AND 1ST AVE NE, ,,1,Property Damage Only Collision,Angles,2,0,0,2,0,0,0,2020/06/18 00:00:00+00,6/18/2020 8:32,Mid-Block (not related to intersection),11,"MOTOR VEHICLE STRUCK MOTOR VEHICLE, FRONT END AT ANGLE",,N,Clear,Dry,Daylight,,,,10,Entering at angle,0,0,N
1278959.356,265833.103,3800,17149,17149,1782185,Matched,Intersection,36606,25TH AVE NE AND NE 125TH ST,,,2,Injury Collision,Cycles,2,0,1,1,1,0,0,2004/06/21 00:00:00+00,6/21/2004 15:06,At Intersection (intersection related),18,"MOTOR VEHICLE STRUCK PEDALCYCLIST, FRONT END AT ANGLE",,0,Clear,Dry,Daylight,Y,4173012,,45,Vehicle - Pedalcyclist,0,0,N
1267962.768,230137.8841,3801,16635,16635,3643728,Matched,Intersection,28787,7TH AVE N AND THOMAS ST, ,,1,Property Damage Only Collision,Angles,2,0,0,2,0,0,0,2013/04/05 00:00:00+00,4/5/2013 17:46,At Intersection (intersection related),11,"MOTOR VEHICLE STRUCK MOTOR VEHICLE, FRONT END AT ANGLE",,N,Raining,Wet,Daylight,,,,10,Entering at angle,0,0,N
,,3802,16562,16562,3615311,Unmatched,Block,,S ALASKA ST BETWEEN 30TH AVE S AND M L KING JR WR WAY S,NEI,"Not Enough Information, or Insufficient Location Information",0,Unknown,,0,0,0,0,0,0,0,2013/04/04 00:00:00+00,4/4/2013,Mid-Block (not related to intersection),0,NOT ENOUGH INFORMATION / NOT APPLICABLE,,,,,,,,, ,,0,0,N
1282818.003,199264.2157,3803,321800,323300,E945271,Unmatched,Intersection,486567,M L KING JR ER WAY S AND S OTHELLO ST, ,,1,Property Damage Only Collision,,1,0,0,0,0,0,0,2019/07/30 00:00:00+00,7/30/2019,At Intersection (intersection related),14,"MOTOR VEHICLE STRUCK MOTOR VEHICLE, REAR END",,,,,,,,, ,,0,0,N
1279485.442,201368.9302,3804,17235,17235,1787959,Matched,Intersection,34329,SHAFFER AVE S AND S HOLLY ST,,,2,Injury Collision,Angles,4,0,0,2,1,0,0,2004/05/24 00:00:00+00,5/24/2004 8:09,At Intersection (intersection related),11,"MOTOR VEHICLE STRUCK MOTOR VEHICLE, FRONT END AT ANGLE",,0,Clear,Dry,Daylight,,4145032,,10,Entering at angle,0,0,N
1266221.472,237123.1748,3805,16747,16747,3208660,Matched,Intersection,28102,MCGRAW ST AND MCGRAW NR ST, ,,2,Injury Collision,Angles,2,0,0,2,1,0,0,2013/04/10 00:00:00+00,4/10/2013 20:45,At Intersection (intersection related),11,"MOTOR VEHICLE STRUCK MOTOR VEHICLE, FRONT END AT ANGLE",,N,Overcast,Dry,Dark - Street Lights On,,,,10,Entering at angle,0,0,N
1281690.839,202940.0082,3806,16654,16654,3671744,Matched,Block,,M L KING JR ER WAY S BETWEEN 37TH AVE S AND S GRAHAM ST, ,,1,Property Damage Only Collision,Rear Ended,3,0,0,2,0,0,0,2013/04/07 00:00:00+00,4/7/2013 11:46,Mid-Block (not related to intersection),14,"MOTOR VEHICLE STRUCK MOTOR VEHICLE, REAR END",,N,Raining,Wet,Daylight,,,,13,From same direction - both going straight - both moving - rear-end,0,0,N
1272396.765,229174.1669,3807,329300,330800,EA17592,Matched,Intersection,29162,E DENNY WAY AND E OLIVE WAY, ,,1,Property Damage Only Collision,Left Turn,3,0,0,2,0,0,0,2020/02/21 00:00:00+00,2/21/2020 20:10,At Intersection (intersection related),11,"MOTOR VEHICLE STRUCK MOTOR VEHICLE, FRONT END AT ANGLE",,N,Clear,Dry,Dark - Street Lights On,,,,28,From opposite direction - one left turn - one straight,0,0,N
1267669.117,245322.0525,3808,276100,276940,E776233,Matched,Block,,WHITMAN AVE N BETWEEN N 46TH ST AND N 47TH ST, ,,1,Property Damage Only Collision,Sideswipe,3,0,0,3,0,0,0,2018/02/05 00:00:00+00,2/5/2018 18:04,Mid-Block (not related to intersection),11,"MOTOR VEHICLE STRUCK MOTOR VEHICLE, FRONT END AT ANGLE",,N,Raining,Wet,Dark - Street Lights On,,,,11,From same direction - both going straight - both moving - sideswipe,0,0,N
1271297.803,218914.15,3809,17657,17657,1213410,Matched,Intersection,163340,4TH AVE SB OFF RP AND EDGAR MARTINEZ DR S,,,2,Injury Collision,Other,1,0,0,1,1,0,0,2004/07/25 00:00:00+00,7/25/2004 3:23,At Intersection (intersection related),28,MOTOR VEHICLE RAN OFF ROAD - HIT FIXED OBJECT,Y,1,Clear,Dry,Dark - Street Lights On,,4207014,,50,Fixed object,0,0,N
1272171.122,228394.4729,3810,17878,17878,1790030,Matched,Block,,E OLIVE ST BETWEEN BELLEVUE AVE AND CRAWFORD PL,,,1,Property Damage Only Collision,Parked Car,2,0,0,2,0,0,0,2004/02/29 00:00:00+00,2/29/2004 9:36,Mid-Block (but intersection related),14,"MOTOR VEHICLE STRUCK MOTOR VEHICLE, REAR END",,0,Clear,Dry,Dark - Street Lights On,,4060027,,32,One parked--one moving,0,0,N
1264007.272,229885.2866,3811,17390,17390,1213899,Matched,Block,,WESTERN AVE W BETWEEN 2ND AVE W AND ELLIOTT ER AVE W,,,1,Property Damage Only Collision,Parked Car,2,0,0,2,0,0,0,2004/10/16 00:00:00+00,10/16/2004 11:59,Mid-Block (not related to intersection),14,"MOTOR VEHICLE STRUCK MOTOR VEHICLE, REAR END",Y,0,Overcast,Wet,Daylight,,4290050,,32,One parked--one moving,0,0,N
1260755.705,201801.1752,3812,17445,17445,1798454,Matched,Intersection,34016,HIGH POINT DR SW AND SYLVAN WAY SW,,,1,Property Damage Only Collision,Angles,3,0,0,2,0,0,0,2004/09/13 00:00:00+00,9/13/2004 17:34,At Intersection (intersection related),11,"MOTOR VEHICLE STRUCK MOTOR VEHICLE, FRONT END AT ANGLE",,0,Clear,Dry,Daylight,,4257034,,10,Entering at angle,0,0,N
1267374.879,245853.9874,3813,17333,17333,1782331,Matched,Block,,AURORA AVE N BETWEEN N 48TH ST AND N 49TH ST,,,3,Fatality Collision,Other,1,0,0,1,0,0,1,2004/08/16 00:00:00+00,8/16/2004 18:08,Mid-Block (not related to intersection),28,MOTOR VEHICLE RAN OFF ROAD - HIT FIXED OBJECT,,0,Clear,Dry,Daylight,,4229001,,50,Fixed object,0,0,N
1271457.794,224356.1829,3814,16970,16970,1213258,Matched,Block,,6TH AVE BETWEEN CHERRY ST AND COLUMBIA ST,,,1,Property Damage Only Collision,Sideswipe,2,0,0,2,0,0,0,2004/09/03 00:00:00+00,9/3/2004,Mid-Block (not related to intersection),16,"MOTOR VEHICLE STRUCK MOTOR VEHICLE, LEFT SIDE SIDESWIPE",,0,Clear,Dry,Daylight,,4247026,,11,From same direction - both going straight - both moving - sideswipe,0,0,N
1275591.494,229651.8891,3815,16686,16686,3476795,Matched,Intersection,29059,15TH AVE E AND E JOHN ST, ,,1,Property Damage Only Collision,Other,1,0,0,1,0,0,0,2013/04/09 00:00:00+00,4/9/2013 2:08,At Intersection (intersection related),28,MOTOR VEHICLE RAN OFF ROAD - HIT FIXED OBJECT,,Y,Clear,Dry,Dark - Street Lights On,,,Y,50,Fixed object,0,0,N
1278362.174,228326.3628,3816,16853,16853,3605997,Matched,Intersection,29990,24TH AVE AND E OLIVE ST, ,,2,Injury Collision,Angles,3,0,0,2,1,0,0,2013/04/13 00:00:00+00,4/13/2013 20:49,At Intersection (intersection related),11,"MOTOR VEHICLE STRUCK MOTOR VEHICLE, FRONT END AT ANGLE",,N,Raining,Wet,Dark - Street Lights On,,,,10,Entering at angle,0,0,N
1271692.215,223960.6673,3817,16612,16612,3598983,Matched,Intersection,29973,6TH AVE AND JAMES ST, ,,2,Injury Collision,Left Turn,2,0,0,2,1,0,0,2013/04/07 00:00:00+00,4/7/2013 8:07,At Intersection (intersection related),11,"MOTOR VEHICLE STRUCK MOTOR VEHICLE, FRONT END AT ANGLE",,N,Raining,Wet,Daylight,,,,28,From opposite direction - one left turn - one straight,0,0,N
1274872.391,198399.5593,3818,17205,17205,1227724,Matched,Intersection,34391,16TH AVE S AND EAST MARGINAL WAY S,,,1,Property Damage Only Collision,Sideswipe,2,0,0,2,0,0,0,2004/04/27 00:00:00+00,4/27/2004 10:10,At Intersection (intersection related),16,"MOTOR VEHICLE STRUCK MOTOR VEHICLE, LEFT SIDE SIDESWIPE",,0,Overcast,Dry,Daylight,,4118019,,71,Same direction -- both turning right -- both moving -- sideswipe,0,0,N