X,Y,OBJECTID,INCKEY,COLDETKEY,REPORTNO,STATUS,ADDRTYPE,INTKEY,LOCATION,EXCEPTRSNCODE,EXCEPTRSNDESC,SEVERITYCODE,SEVERITYDESC,COLLISIONTYPE,PERSONCOUNT,PEDCOUNT,PEDCYLCOUNT,VEHCOUNT,INJURIES,SERIOUSINJURIES,FATALITIES,INCDATE,INCDTTM,JUNCTIONTYPE,SDOT_COLCODE,SDOT_COLDESC,INATTENTIONIND,UNDERINFL,WEATHER,ROADCOND,LIGHTCOND,PEDROWNOTGRNT,SDOTCOLNUM,SPEEDING,ST_COLCODE,ST_COLDESC,SEGLANEKEY,CROSSWALKKEY,HITPARKEDCAR
1267373.953,237943.0873,3819,318200,319700,E913803,Matched,Block,,HALLADAY ST BETWEEN AURORA AVE N AND BIRCH AVE N, ,,1,Property Damage Only Collision,Right Turn,2,0,0,2,0,0,0,2019/04/22 00:00:00+00,4/22/2019 8:40,Mid-Block (but intersection related),14,"MOTOR VEHICLE STRUCK MOTOR VEHICLE, REAR END",Y,N,Clear,Dry,Daylight,,,,16,From same direction - one right turn - one straight,0,0,N
1268889.705,253690.0546,3820,16883,16883,3608802,Matched,Intersection,24240,STONE AVE N AND N 78TH ST, ,,2,Injury Collision,Angles,2,0,0,2,2,0,0,2013/04/13 00:00:00+00,4/13/2013 18:32,At Intersection (intersection related),14,"MOTOR VEHICLE STRUCK MOTOR VEHICLE, REAR END",,N,Raining,Wet,Daylight,,,,10,Entering at angle,0,0,N
1272955.261,262223.3362,3821,326400,327900,E986968,Matched,Block,,3RD AVE NE BETWEEN NE NORTHGATE WAY AND NE 112TH ST, ,,1,Property Damage Only Collision,Sideswipe,2,0,0,2,0,0,0,2019/11/25 00:00:00+00,11/25/2019 18:10,Mid-Block (not related to intersection),14,"MOTOR VEHICLE STRUCK MOTOR VEHICLE, REAR END",,Y,Raining,Wet,Dark - Street Lights On,,,,11,From same direction - both going straight - both moving - sideswipe,0,0,N
1266477.669,229322.8395,3822,309200,310480,E880054,Matched,Block,,DENNY WAY BETWEEN BROAD ST AND 4TH AVE, ,,2,Injury Collision,Rear Ended,3,0,0,2,2,0,0,2019/01/04 00:00:00+00,1/4/2019 12:21,Mid-Block (not related to intersection),14,"MOTOR VEHICLE STRUCK MOTOR VEHICLE, REAR END",Y,N,Clear,Dry,Daylight,,,,14,From same direction - both going straight - one stopped - rear-end,0,0,N
1267417.829,227003.6438,3823,17415,17415,1783179,Matched,Block,,BLANCHARD ST BETWEEN WESTERN AVE AND 1ST AVE,,,1,Property Damage Only Collision,Parked Car,2,0,0,2,0,0,0,2004/06/17 00:00:00+00,6/17/2004 1:36,Mid-Block (not related to intersection),11,"MOTOR VEHICLE STRUCK MOTOR VEHICLE, FRONT END AT ANGLE",,0,Clear,Dry,Dark - Street Lights On,,4169002,,32,One parked--one moving,0,0,N
,,3824,17492,17492,1784601,Unmatched,Block,,AURORA AV SB OFF RP BETWEEN HARRISON ST AND AURORA AVE N,,,0,Unknown,,0,0,0,0,0,0,0,2004/08/05 00:00:00+00,8/5/2004,Mid-Block (but intersection related),14,"MOTOR VEHICLE STRUCK MOTOR VEHICLE, REAR END",,,,,,,4218022,,,,0,0,N
1264460.786,231760.5287,3825,17717,17717,C645460,Matched,Block,,1ST AVE W BETWEEN W MERCER ST AND W ROY ST,,,1,Property Damage Only Collision,Parked Car,2,0,0,2,0,0,0,2004/05/28 00:00:00+00,5/28/2004 22:00,Mid-Block (not related to intersection),12,"MOTOR VEHICLE STRUCK MOTOR VEHICLE, RIGHT SIDE AT ANGLE",,0,Overcast,Wet,Dark - Street Lights On,,4149062,,32,One parked--one moving,0,0,N
1272479.483,229035.5221,3826,17529,17529,1198708,Unmatched,Block,,SUMMIT AVE BETWEEN E HOWELL E ST AND E DENNY WAY,,,0,Unknown,,0,0,0,0,0,0,0,2004/12/21 00:00:00+00,12/21/2004,Mid-Block (not related to intersection),16,"MOTOR VEHICLE STRUCK MOTOR VEHICLE, LEFT SIDE SIDESWIPE",,,,,,,4356022,,,,0,0,N
1258177.354,247174.14,3827,320300,321800,3796481,Matched,Block,,22ND AVE NW BETWEEN SHILSHOLE AVE NW AND BALLARD AVE NW, ,,2,Injury Collision,Head On,5,0,0,4,2,0,0,2019/06/15 00:00:00+00,6/15/2019 18:28,Mid-Block (not related to intersection),14,"MOTOR VEHICLE STRUCK MOTOR VEHICLE, REAR END",Y,N,Clear,Dry,Dusk,,,,30,From opposite direction - all others,0,0,N
1256840.378,243767.8138,3828,273300,274140,E767038,Matched,Intersection,26512,26TH AVE W AND W ELMORE ST, ,,1,Property Damage Only Collision,Angles,3,0,0,3,0,0,0,2017/12/27 00:00:00+00,12/27/2017 23:15,At Intersection (intersection related),14,"MOTOR VEHICLE STRUCK MOTOR VEHICLE, REAR END",,N,Overcast,Wet,Dark - No Street Lights,,,,10,Entering at angle,0,0,N
1265783.348,227838.3008,3829,16943,16943,1069700,Unmatched,Intersection,29693,CEDAR ST AND ELLIOTT AVE,,,0,Unknown,,0,0,0,0,0,0,0,2004/12/22 00:00:00+00,12/22/2004,At Intersection (intersection related),11,"MOTOR VEHICLE STRUCK MOTOR VEHICLE, FRONT END AT ANGLE",,,,,,,4357031,,,,0,0,N
1274023.787,221486.9271,3830,17322,17322,1789840,Matched,Block,,S WELLER ST BETWEEN 10TH AVE S AND 12TH AVE S,,,1,Property Damage Only Collision,Parked Car,3,0,0,3,0,0,0,2004/03/10 00:00:00+00,3/10/2004 15:34,Mid-Block (not related to intersection),15,"MOTOR VEHICLE STRUCK MOTOR VEHICLE, RIGHT SIDE SIDESWIPE",Y,0,Clear,Dry,Daylight,,4070011,,32,One parked--one moving,0,0,N
1271535.747,224224.6122,3831,17244,17244,1213426,Matched,Intersection,29963,6TH AVE AND CHERRY ST,,,1,Property Damage Only Collision,Angles,4,0,0,2,0,0,0,2004/02/07 00:00:00+00,2/7/2004,At Intersection (intersection related),11,"MOTOR VEHICLE STRUCK MOTOR VEHICLE, FRONT END AT ANGLE",,0,Overcast,Dry,Dark - Street Lights On,,4038015,,10,Entering at angle,0,0,N
1265544.487,208081.1269,3832,17044,17044,1790477,Matched,Block,,WEST MARGINAL WAY SW BETWEEN SW ALASKA ST AND SW EDMUNDS ST,,,1,Property Damage Only Collision,Other,2,0,0,2,0,0,0,2004/06/10 00:00:00+00,6/10/2004 6:59,Driveway Junction,11,"MOTOR VEHICLE STRUCK MOTOR VEHICLE, FRONT END AT ANGLE",,0,Overcast,Wet,Daylight,,4162026,,22,One car leaving driveway access,0,0,N
1276171.412,220258.7651,3833,302600,303840,3814184,Matched,Block,,S CHARLES ST BETWEEN RAINIER S AVE S AND HIAWATHA PL S, ,,2,Injury Collision,Rear Ended,2,0,0,2,1,0,0,2018/08/28 00:00:00+00,8/28/2018 7:53,Mid-Block (not related to intersection),14,"MOTOR VEHICLE STRUCK MOTOR VEHICLE, REAR END",Y,N,Clear,Dry,Daylight,,,,14,From same direction - both going straight - one stopped - rear-end,0,0,N
1275625.318,230425.0797,3834,16715,16715,3593815,Unmatched,Intersection,29033,15TH AVE E AND E HARRISON N ST, ,,2b,Serious Injury Collision,,2,0,0,0,1,0,0,2013/04/10 00:00:00+00,4/10/2013,At Intersection (intersection related),24,MOTOR VEHCILE STRUCK PEDESTRIAN,,,,,,,,, ,,0,0,N
,,3835,17508,17508,1795338,Matched,Block,,WESTERN AV OFF RP BETWEEN ALASKAN WY VI NB AND BELL ST,,,2b,Serious Injury Collision,Head On,2,0,0,2,2,1,0,2004/12/18 00:00:00+00,12/18/2004 0:54,Mid-Block (not related to intersection),11,"MOTOR VEHICLE STRUCK MOTOR VEHICLE, FRONT END AT ANGLE",,1,Overcast,Dry,Dark - Street Lights On,,4353048,,30,From opposite direction - all others,0,0,N
1267078.375,233383.1131,3836,17225,17225,1212964,Matched,Intersection,28843,5TH AVE N AND HIGHLAND DR,,,2,Injury Collision,Angles,2,0,0,2,1,0,0,2004/04/14 00:00:00+00,4/14/2004 7:10,At Intersection (intersection related),11,"MOTOR VEHICLE STRUCK MOTOR VEHICLE, FRONT END AT ANGLE",,0,Overcast,Dry,Daylight,,4105035,,10,Entering at angle,0,0,N
1284120.723,246998.3254,3837,17020,17020,1774165,Matched,Block,,SAND POINT WAY NE BETWEEN NE 52ND ST AND 47TH AVE NE,,,1,Property Damage Only Collision,Rear Ended,6,0,0,3,0,0,0,2004/04/12 00:00:00+00,4/12/2004 8:15,Mid-Block (not related to intersection),14,"MOTOR VEHICLE STRUCK MOTOR VEHICLE, REAR END",,0,Overcast,Dry,Daylight,,4103017,,14,From same direction - both going straight - one stopped - rear-end,0,0,N
1275075.764,251623.1382,3838,326200,327700,E984362,Unmatched,Block,,NE 71ST ST BETWEEN ROOSEVELT WAY NE AND 12TH AVE NE,NEI,"Not Enough Information, or Insufficient Location Information",0,Unknown,,2,0,0,0,0,0,0,2019/11/19 00:00:00+00,11/19/2019,Mid-Block (not related to intersection),12,"MOTOR VEHICLE STRUCK MOTOR VEHICLE, RIGHT SIDE AT ANGLE",,,,,,,,, ,,0,0,Y
1262701.016,244685.388,3839,17840,17840,1781959,Matched,Intersection,26607,8TH AVE NW AND LEARY WAY NW,,,1,Property Damage Only Collision,Left Turn,2,0,0,2,0,0,0,2004/05/10 00:00:00+00,5/10/2004 14:28,At Intersection (intersection related),11,"MOTOR VEHICLE STRUCK MOTOR VEHICLE, FRONT END AT ANGLE",,0,Raining,Wet,Daylight,,4131011,,28,From opposite direction - one left turn - one straight,0,0,N
1272846.963,249971.9979,3840,17637,17637,1780994,Matched,Block,,LATONA AVE NE BETWEEN NE 64TH ST AND NE 65TH E ST,,,1,Property Damage Only Collision,Parked Car,2,0,0,2,0,0,0,2004/06/26 00:00:00+00,6/26/2004 9:00,Mid-Block (not related to intersection),14,"MOTOR VEHICLE STRUCK MOTOR VEHICLE, REAR END",Y,0,Clear,Dry,Daylight,,4178017,,32,One parked--one moving,0,0,N
1269702.555,253657.8657,3841,17568,17568,4241046,Unmatched,Block,,WEST GREEN LAKE DR N BETWEEN WINONA AVE N AND DENSMORE AVE N,,,0,Unknown,,0,0,0,0,0,0,0,2004/08/28 00:00:00+00,8/28/2004,Mid-Block (not related to intersection),14,"MOTOR VEHICLE STRUCK MOTOR VEHICLE, REAR END",,,,,,,4241046,,,,0,0,N
1257832.716,247319.0134,3842,17143,17143,1476149,Matched,Block,,SHILSHOLE AVE NW BETWEEN 22ND AVE NW AND 24TH AVE NW,,,1,Property Damage Only Collision,Rear Ended,2,0,0,2,0,0,0,2004/06/03 00:00:00+00,6/3/2004,Mid-Block (not related to intersection),14,"MOTOR VEHICLE STRUCK MOTOR VEHICLE, REAR END",,0,Clear,Dry,Daylight,,4155011,,13,From same direction - both going straight - both moving - rear-end,0,0,N
1284915.698,199559.8062,3843,17815,17815,1771763,Matched,Block,,48TH AVE S BETWEEN S ORCHARD ST AND S GARDEN ST,,,1,Property Damage Only Collision,Parked Car,2,0,0,2,0,0,0,2004/09/26 00:00:00+00,9/26/2004 7:54,Mid-Block (not related to intersection),14,"MOTOR VEHICLE STRUCK MOTOR VEHICLE, REAR END",,0,Clear,Dry,Unknown,,4270032,,32,One parked--one moving,0,0,N
1289671.953,187239.1822,3844,16574,16574,3672328,Matched,Block,,RENTON AVE S BETWEEN S HAZEL ST AND S FOUNTAIN ST, ,,2,Injury Collision,Rear Ended,3,0,0,2,1,0,0,2013/04/04 00:00:00+00,4/4/2013 10:43,Mid-Block (not related to intersection),14,"MOTOR VEHICLE STRUCK MOTOR VEHICLE, REAR END",,N,Raining,Wet,Daylight,,,,13,From same direction - both going straight - both moving - rear-end,0,0,N
1273811.919,233193.2381,3845,242000,242440,E678070,Matched,Block,,10TH AVE E BETWEEN E PROSPECT ST AND E HIGHLAND DR,NEI,"Not Enough Information, or Insufficient Location Information",1,Property Damage Only Collision,Parked Car,2,0,0,2,0,0,0,2017/06/05 00:00:00+00,6/5/2017 15:08,,0,NOT ENOUGH INFORMATION / NOT APPLICABLE,,N,Unknown,Unknown,Unknown,,,,32,One parked--one moving,0,0,Y
1281371.474,268399.149,3846,17897,17897,1318300,Matched,Intersection,36031,LAKE CITY WAY NE AND NE 135TH ST,,,2b,Serious Injury Collision,Left Turn,4,0,0,2,2,1,0,2004/01/10 00:00:00+00,1/10/2004 19:18,At Intersection (intersection related),11,"MOTOR VEHICLE STRUCK MOTOR VEHICLE, FRONT END AT ANGLE",,0,Clear,Dry,Dark - Street Lights On,,4010018,,28,From opposite direction - one left turn - one straight,0,0,N
1273632.888,266793.3286,3847,16822,16822,3333012,Matched,Block,,5TH AVE NE BETWEEN NE 127TH ST AND 130TH ST OFF RP, ,,1,Property Damage Only Collision,Right Turn,2,0,0,2,0,0,0,2013/04/12 00:00:00+00,4/12/2013 19:36,Driveway Junction,11,"MOTOR VEHICLE STRUCK MOTOR VEHICLE, FRONT END AT ANGLE",,N,Raining,Wet,Dark - Street Lights On,,,,16,From same direction - one right turn - one straight,0,0,N
1284277.059,201700.0026,3848,17040,17040,1787891,Unmatched,Block,,46TH AVE S BETWEEN S MORGAN ST AND S WARSAW ST,,,0,Unknown,,0,0,0,0,0,0,0,2004/12/22 00:00:00+00,12/22/2004,Mid-Block (not related to intersection),12,"MOTOR VEHICLE STRUCK MOTOR VEHICLE, RIGHT SIDE AT ANGLE",,,,,,,4357024,,,,0,0,N
1272404.474,218133.1388,3849,16587,16587,3614977,Unmatched,Block,,S MASSACHUSETTS ST BETWEEN 6TH AVE S AND 8TH AVE S,NEI,"Not Enough Information, or Insufficient Location Information",0,Unknown,,0,0,0,0,0,0,0,2013/04/05 00:00:00+00,4/5/2013,,0,NOT ENOUGH INFORMATION / NOT APPLICABLE,,,,,,,,, ,,0,0,N
1269253.946,228164.4887,3850,333400,334900,EA42049,Matched,Block,,7TH AVE BETWEEN WESTLAKE AVE AND LENORA ST, ,,1,Property Damage Only Collision,Sideswipe,2,0,0,2,0,0,0,2020/05/29 00:00:00+00,5/29/2020 14:30,Mid-Block (not related to intersection),11,"MOTOR VEHICLE STRUCK MOTOR VEHICLE, FRONT END AT ANGLE",,N,Fog/Smog/Smoke,Dry,Daylight,,,,11,From same direction - both going straight - both moving - sideswipe,0,0,N
1274202.093,245094.0949,3851,17502,17502,1782303,Matched,Block,,8TH AVE NE BETWEEN NE 45TH E ST AND NE 47TH ST,,,1,Property Damage Only Collision,Parked Car,2,0,0,2,0,0,0,2004/03/07 00:00:00+00,3/7/2004,Mid-Block (not related to intersection),11,"MOTOR VEHICLE STRUCK MOTOR VEHICLE, FRONT END AT ANGLE",,0,Raining,Wet,Dark - Street Lights On,,4067017,,32,One parked--one moving,0,0,N
1269001.238,263470.5036,3852,17219,17219,1079990,Matched,Intersection,36341,STONE AVE N AND N 115TH ST,,,2b,Serious Injury Collision,Angles,3,0,0,2,1,1,0,2004/07/11 00:00:00+00,7/11/2004 14:37,At Intersection (intersection related),11,"MOTOR VEHICLE STRUCK MOTOR VEHICLE, FRONT END AT ANGLE",,0,Clear,Dry,Daylight,,4193004,,10,Entering at angle,0,0,N
1275032.584,241939.1849,3853,17680,17680,1774007,Matched,Block,,NE PACIFIC ST BETWEEN NE BOAT ST AND BROOKLYN AVE NE,,,2,Injury Collision,Pedestrian,2,1,0,1,1,0,0,2004/03/11 00:00:00+00,3/11/2004 12:22,Mid-Block (not related to intersection),24,MOTOR VEHCILE STRUCK PEDESTRIAN,,0,Clear,Dry,Daylight,Y,4071008,,0,Vehicle going straight hits pedestrian,0,0,N
,,3854,17628,17628,4281030,Unmatched,,,,NEI,"Not Enough Information, or Insufficient Location Information",0,Unknown,,0,0,0,0,0,0,0,2004/10/07 00:00:00+00,10/7/2004,,0,NOT ENOUGH INFORMATION / NOT APPLICABLE,,,,,,,4281030,,,,0,0,N
,,3855,17265,17265,C650857,Matched,Block,,BATTERY ST TUNNEL NB BETWEEN ALASKAN WY VI NB AND AURORA AVE N,,,2,Injury Collision,Rear Ended,3,0,0,2,2,0,0,2004/12/29 00:00:00+00,12/29/2004 15:45,Mid-Block (not related to intersection),14,"MOTOR VEHICLE STRUCK MOTOR VEHICLE, REAR END",,0,Raining,Wet,Other,,4364065,,13,From same direction - both going straight - both moving - rear-end,0,0,N
1268756.219,229691.6054,3856,314900,316380,E896715,Matched,Block,,JOHN ST BETWEEN 8TH AVE N AND 9TH AVE N, ,,1,Property Damage Only Collision,Parked Car,2,0,0,2,0,0,0,2019/02/25 00:00:00+00,2/25/2019 14:00,Mid-Block (not related to intersection),11,"MOTOR VEHICLE STRUCK MOTOR VEHICLE, FRONT END AT ANGLE",Y,N,Clear,Dry,Daylight,,,,32,One parked--one moving,0,0,Y
1270583.695,223305.2346,3857,17148,17148,1772289,Matched,Intersection,30482,2ND AVE AND JAMES ST,,,1,Property Damage Only Collision,Angles,5,0,0,2,0,0,0,2004/05/01 00:00:00+00,5/1/2004,At Intersection (intersection related),11,"MOTOR VEHICLE STRUCK MOTOR VEHICLE, FRONT END AT ANGLE",,0,Clear,Dry,Daylight,,4122003,,10,Entering at angle,0,0,N
1275963.1,265929.486,3858,324400,325900,E950320,Matched,Intersection,36428,14TH AVE NE AND NE 125TH ST, ,,1,Property Damage Only Collision,Sideswipe,4,0,0,3,0,0,0,2019/07/28 00:00:00+00,7/28/2019 14:12,At Intersection (but not related to intersection),11,"MOTOR VEHICLE STRUCK MOTOR VEHICLE, FRONT END AT ANGLE",,N,Clear,Dry,Daylight,,,,11,From same direction - both going straight - both moving - sideswipe,0,0,N
1263235.26,252716.6212,3859,18138,18138,1794495,Matched,Block,,NW 74TH ST BETWEEN 6TH AVE NW AND 8TH AVE NW,,,1,Property Damage Only Collision,Parked Car,2,0,0,2,0,0,0,2004/10/22 00:00:00+00,10/22/2004 0:08,Mid-Block (not related to intersection),14,"MOTOR VEHICLE STRUCK MOTOR VEHICLE, REAR END",,0,Unknown,Unknown,Unknown,,4296045,,32,One parked--one moving,0,0,N
1267319.502,227528.5552,3860,336700,338200,EA90668,Matched,Block,,BELL ST BETWEEN 1ST AVE AND 2ND AVE, ,,1,Property Damage Only Collision,Parked Car,2,0,0,2,0,0,0,2020/12/10 00:00:00+00,12/10/2020 19:47,Mid-Block (not related to intersection),11,"MOTOR VEHICLE STRUCK MOTOR VEHICLE, FRONT END AT ANGLE",,N,Clear,Dry,Dark - Street Lights On,,,,32,One parked--one moving,0,0,Y
1277748.202,216363.9704,3861,16582,16582,3672162,Matched,Intersection,31564,23RD AVE S AND S WALKER ST, ,,1,Property Damage Only Collision,Sideswipe,3,0,0,2,0,0,0,2013/04/05 00:00:00+00,4/5/2013 21:28,At Intersection (intersection related),11,"MOTOR VEHICLE STRUCK MOTOR VEHICLE, FRONT END AT ANGLE",,N,Raining,Wet,Dark - Street Lights On,,,,11,From same direction - both going straight - both moving - sideswipe,0,0,N
1270331.319,254179.4384,3862,17173,17173,1782329,Matched,Block,,N 80TH ST BETWEEN WALLINGFORD AVE N AND BURKE AVE N,,,1,Property Damage Only Collision,Rear Ended,3,0,0,3,0,0,0,2004/05/01 00:00:00+00,5/1/2004,Mid-Block (but intersection related),14,"MOTOR VEHICLE STRUCK MOTOR VEHICLE, REAR END",,0,Clear,Dry,Daylight,,4122029,,13,From same direction - both going straight - both moving - rear-end,0,0,N
1270194.928,198446.5007,3863,307500,308780,3745806,Matched,Intersection,34281,WEST MARGINAL WAY S AND S HOLDEN ST, ,,2,Injury Collision,Angles,3,0,0,2,2,0,0,2018/11/08 00:00:00+00,11/8/2018 16:04,At Intersection (intersection related),11,"MOTOR VEHICLE STRUCK MOTOR VEHICLE, FRONT END AT ANGLE",Y,N,Overcast,Dry,Dark - Street Lights On,,,,10,Entering at angle,0,0,N
1276383.424,271221.9934,3864,312700,314140,E869133,Matched,Intersection,35851,15TH AVE NE AND NE 145TH ST, ,,1,Property Damage Only Collision,Rear Ended,2,0,0,2,0,0,0,2018/11/27 00:00:00+00,11/27/2018 7:41,At Intersection (but not related to intersection),14,"MOTOR VEHICLE STRUCK MOTOR VEHICLE, REAR END",,N,Raining,Wet,Daylight,,,,13,From same direction - both going straight - both moving - rear-end,0,0,N
1275002.121,207989.4913,3865,244200,244760,3735411,Matched,Intersection,33308,15TH AVE S AND S ANGELINE ST, ,,1,Property Damage Only Collision,Angles,2,0,0,2,0,0,0,2017/06/12 00:00:00+00,6/12/2017 7:49,At Intersection (intersection related),11,"MOTOR VEHICLE STRUCK MOTOR VEHICLE, FRONT END AT ANGLE",,N,Clear,Dry,Daylight,,,,10,Entering at angle,0,0,N
1272354.345,208569.5589,3866,17643,17643,1476687,Matched,Intersection,32384,7TH AVE S AND S SNOQUALMIE ST,,,1,Property Damage Only Collision,Angles,2,0,0,2,0,0,0,2004/09/20 00:00:00+00,9/20/2004 22:07,At Intersection (intersection related),11,"MOTOR VEHICLE STRUCK MOTOR VEHICLE, FRONT END AT ANGLE",,0,Clear,Dry,Dark - Street Lights On,,4264017,,10,Entering at angle,0,0,N
1275424.798,227589.7059,3867,17873,17873,1779311,Matched,Block,,E MADISON ST BETWEEN E PIKE ST AND 15TH AVE,,,1,Property Damage Only Collision,Sideswipe,2,0,0,2,0,0,0,2004/10/05 00:00:00+00,10/5/2004,Mid-Block (but intersection related),11,"MOTOR VEHICLE STRUCK MOTOR VEHICLE, FRONT END AT ANGLE",Y,0,Overcast,Dry,Daylight,,4279025,,11,From same direction - both going straight - both moving - sideswipe,0,0,N
1271612.574,212017.167,3868,16786,16786,3672125,Matched,Intersection,32366,5TH AVE S AND S SPOKANE SR ST, ,,2,Injury Collision,Angles,3,0,0,2,1,0,0,2013/04/03 00:00:00+00,4/3/2013 10:10,At Intersection (intersection related),11,"MOTOR VEHICLE STRUCK MOTOR VEHICLE, FRONT END AT ANGLE",,N,Clear,Dry,Daylight,,,,10,Entering at angle,0,0,N
1275902.157,253988.1876,3869,17382,17382,1931001,Matched,Intersection,24398,LAKE CITY WAY NE AND NE 80TH ST,,,1,Property Damage Only Collision,Left Turn,2,0,0,2,0,0,0,2004/11/19 00:00:00+00,11/19/2004 13:47,At Intersection (intersection related),11,"MOTOR VEHICLE STRUCK MOTOR VEHICLE, FRONT END AT ANGLE",,0,Clear,Dry,Daylight,,4324025,Y,28,From opposite direction - one left turn - one straight,0,0,N
1273742.976,271309.8856,3870,274500,275340,E765016,Matched,Intersection,35853,5TH AVE NE AND NE 145TH ST, ,,1,Property Damage Only Collision,Left Turn,2,0,0,2,0,0,0,2018/01/28 00:00:00+00,1/28/2018 20:44,At Intersection (intersection related),11,"MOTOR VEHICLE STRUCK MOTOR VEHICLE, FRONT END AT ANGLE",,N,Overcast,Dry,Dark - Street Lights On,,,,28,From opposite direction - one left turn - one straight,0,0,N
1259076.85,193895.0501,3871,17446,17446,1798460,Matched,Intersection,34741,35TH AVE SW AND SW BARTON ST,,,2,Injury Collision,Angles,4,0,0,2,1,0,0,2004/10/20 00:00:00+00,10/20/2004 14:01,At Intersection (intersection related),11,"MOTOR VEHICLE STRUCK MOTOR VEHICLE, FRONT END AT ANGLE",,0,Clear,Dry,Daylight,,4294010,,10,Entering at angle,0,0,N
1263133.164,195463.5082,3872,17762,17762,1317272,Matched,Block,,DELRIDGE WAY SW BETWEEN SW CLOVERDALE ST AND SW TRENTON ST,,,1,Property Damage Only Collision,Other,3,0,0,2,0,0,0,2004/10/16 00:00:00+00,10/16/2004 21:24,Driveway Junction,14,"MOTOR VEHICLE STRUCK MOTOR VEHICLE, REAR END",Y,0,Overcast,Wet,Dusk,,4290028,,21,One car entering driveway access,0,0,N
1275228.695,205386.7903,3873,16968,16968,1773337,Unmatched,Intersection,33361,16TH AVE S AND S LUCILE ST,,,0,Unknown,,0,0,0,0,0,0,0,2004/12/18 00:00:00+00,12/18/2004,At Intersection (intersection related),11,"MOTOR VEHICLE STRUCK MOTOR VEHICLE, FRONT END AT ANGLE",,,,,,,4353034,,,,0,0,N
1265492.484,260771.9071,3874,330400,331900,3836295,Matched,Block,,HOLMAN RD N BETWEEN N 104TH ST AND GREENWOOD AVE N, ,,2b,Serious Injury Collision,Pedestrian,2,1,0,1,1,1,0,2020/03/30 00:00:00+00,3/30/2020 16:11,Mid-Block (not related to intersection),24,MOTOR VEHCILE STRUCK PEDESTRIAN,,N,Overcast,Dry,Daylight,,,,0,Vehicle going straight hits pedestrian,0,0,N
1276955.729,231029.3892,3875,17282,17282,1216764,Matched,Block,,19TH AVE E BETWEEN E REPUBLICAN ST AND E MERCER ST,,,1,Property Damage Only Collision,Parked Car,2,0,0,2,0,0,0,2004/07/16 00:00:00+00,7/16/2004 10:08,Mid-Block (not related to intersection),16,"MOTOR VEHICLE STRUCK MOTOR VEHICLE, LEFT SIDE SIDESWIPE",,0,Clear,Dry,Daylight,,4198032,,32,One parked--one moving,0,0,N
1274543.504,227311.3067,3876,303500,304760,3814186,Matched,Block,,12TH AVE BETWEEN E MADISON ST AND E PIKE ST, ,,2,Injury Collision,Cycles,2,0,1,1,1,0,0,2018/09/18 00:00:00+00,9/18/2018 10:09,Mid-Block (not related to intersection),21,"MOTOR VEHICLE STRUCK PEDALCYCLIST, REAR END",,N,Overcast,Dry,Daylight,,,,5,Vehicle Strikes Pedalcyclist,0,0,N
1268738.621,206663.1267,3877,17198,17198,1198130,Matched,Block,,EAST MARGINAL WAY S BETWEEN S HUDSON ST AND S DAWSON ST,,,2,Injury Collision,Other,1,0,0,1,1,0,0,2004/11/28 00:00:00+00,11/28/2004 4:49,Mid-Block (not related to intersection),28,MOTOR VEHICLE RAN OFF ROAD - HIT FIXED OBJECT,Y,0,Clear,Dry,Dark - Street Lights On,,4333025,,50,Fixed object,0,0,N
1269058.773,225881.3874,3878,334500,336000,3836376,Matched,Intersection,29592,2ND AVE AND PIKE ST, ,,2,Injury Collision,Pedestrian,2,1,0,1,1,0,0,2020/09/18 00:00:00+00,9/18/2020 20:25,At Intersection (intersection related),24,MOTOR VEHCILE STRUCK PEDESTRIAN,,N,Clear,Dry,Dark - Street Lights On,,,,0,Vehicle going straight hits pedestrian,0,0,N
1277792.907,239925.001,3879,17592,17592,1780436,Matched,Block,,MONTLAKE BR BETWEEN POINT A AND NE PACIFIC ST,,,2,Injury Collision,Rear Ended,4,0,0,3,1,0,0,2004/05/07 00:00:00+00,5/7/2004,Mid-Block (not related to intersection),14,"MOTOR VEHICLE STRUCK MOTOR VEHICLE, REAR END",Y,0,Raining,Wet,Daylight,,4128030,,14,From same direction - both going straight - one stopped - rear-end,0,0,N
1255994.252,239030.1096,3880,16889,16889,3549370,Matched,Intersection,27635,28TH AVE W AND W ARMOUR ST, ,,1,Property Damage Only Collision,Other,2,0,0,2,0,0,0,2013/04/13 00:00:00+00,4/13/2013 11:03,At Intersection (intersection related),11,"MOTOR VEHICLE STRUCK MOTOR VEHICLE, FRONT END AT ANGLE",,N,Clear,Dry,Daylight,,,,23,From same direction - all others,0,0,N
1266814.36,260610.073,3881,16651,16651,3504378,Matched,Intersection,37383,EVANSTON AVE N AND N 104TH ST, ,,2,Injury Collision,Angles,3,0,0,2,1,0,0,2013/04/08 00:00:00+00,4/8/2013 19:00,At Intersection (intersection related),11,"MOTOR VEHICLE STRUCK MOTOR VEHICLE, FRONT END AT ANGLE",,N,Clear,Dry,Dusk,,,,10,Entering at angle,0,0,N
1280360.637,205831.2518,3882,16677,16677,3467211,Matched,Block,,32ND AVE S BETWEEN S DAWSON ST AND S BENNETT ST, ,,1,Property Damage Only Collision,Parked Car,2,0,0,2,0,0,0,2013/04/09 00:00:00+00,4/9/2013 14:00,Mid-Block (not related to intersection),15,"MOTOR VEHICLE STRUCK MOTOR VEHICLE, RIGHT SIDE SIDESWIPE",,N,Overcast,Dry,Daylight,,,,32,One parked--one moving,0,0,N