X,Y,OBJECTID,INCKEY,COLDETKEY,REPORTNO,STATUS,ADDRTYPE,INTKEY,LOCATION,EXCEPTRSNCODE,EXCEPTRSNDESC,SEVERITYCODE,SEVERITYDESC,COLLISIONTYPE,PERSONCOUNT,PEDCOUNT,PEDCYLCOUNT,VEHCOUNT,INJURIES,SERIOUSINJURIES,FATALITIES,INCDATE,INCDTTM,JUNCTIONTYPE,SDOT_COLCODE,SDOT_COLDESC,INATTENTIONIND,UNDERINFL,WEATHER,ROADCOND,LIGHTCOND,PEDROWNOTGRNT,SDOTCOLNUM,SPEEDING,ST_COLCODE,ST_COLDESC,SEGLANEKEY,CROSSWALKKEY,HITPARKEDCAR
1266556.867,228005.4384,3883,17845,17845,1798631,Matched,Block,,1ST AVE BETWEEN WALL ST AND VINE ST,,,1,Property Damage Only Collision,Parked Car,2,0,0,2,0,0,0,2004/12/04 00:00:00+00,12/4/2004,Mid-Block (not related to intersection),16,"MOTOR VEHICLE STRUCK MOTOR VEHICLE, LEFT SIDE SIDESWIPE",,0,Raining,Wet,Dark - Street Lights On,,4339039,,32,One parked--one moving,0,0,N
1273317.224,230642.3796,3884,17424,17424,1772056,Matched,Block,,HARVARD AVE E BETWEEN E HARRISON ST AND E REPUBLICAN ST,,,1,Property Damage Only Collision,Rear Ended,2,0,0,2,0,0,0,2004/03/22 00:00:00+00,3/22/2004 18:00,Mid-Block (but intersection related),14,"MOTOR VEHICLE STRUCK MOTOR VEHICLE, REAR END",,0,Unknown,Unknown,Unknown,,4082005,,14,From same direction - both going straight - one stopped - rear-end,0,0,N
1274777.869,212126.8506,3885,16560,16560,3672159,Matched,Block,,S COLUMBIAN WAY BETWEEN 14TH AVE S AND S SPOKANE ST, ,,2,Injury Collision,Rear Ended,2,0,0,2,1,0,0,2013/04/04 00:00:00+00,4/4/2013 16:59,Driveway Junction,11,"MOTOR VEHICLE STRUCK MOTOR VEHICLE, FRONT END AT ANGLE",,N,Raining,Wet,Daylight,,,,14,From same direction - both going straight - one stopped - rear-end,0,0,N
1270081.554,224785.9475,3886,338900,340400,EB13885,Unmatched,Intersection,29950,3RD AVE AND SPRING ST, ,,2,Injury Collision,,2,0,0,0,1,0,0,2021/03/12 00:00:00+00,3/12/2021,At Intersection (intersection related),11,"MOTOR VEHICLE STRUCK MOTOR VEHICLE, FRONT END AT ANGLE",,,,,,,,, ,,0,0,N
1276298.671,265919.778,3887,16956,16956,1779838,Matched,Intersection,36427,15TH AVE NE AND NE 125TH ST,,,1,Property Damage Only Collision,Left Turn,2,0,0,2,0,0,0,2004/01/04 00:00:00+00,1/4/2004,At Intersection (intersection related),15,"MOTOR VEHICLE STRUCK MOTOR VEHICLE, RIGHT SIDE SIDESWIPE",,0,Clear,Dry,Daylight,,4004008,,29,From opposite direction - one left turn - one right turn,0,0,N
1282995.351,204418.9713,3888,16742,16742,3671950,Matched,Intersection,33513,42ND AVE S AND S ORCAS ST, ,,1,Property Damage Only Collision,Pedestrian,3,1,0,1,0,0,0,2013/04/09 00:00:00+00,4/9/2013 18:03,At Intersection (intersection related),24,MOTOR VEHCILE STRUCK PEDESTRIAN,,N,Clear,Dry,Daylight,Y,,,0,Vehicle going straight hits pedestrian,0,524998,N
1263723.41,206577.8031,3889,327700,329200,3856187,Matched,Block,,SW DAWSON ST BETWEEN 18TH AVE SW AND 21ST AVE SW, ,,1,Property Damage Only Collision,Other,1,0,0,1,0,0,0,2020/01/08 00:00:00+00,1/8/2020 20:59,Mid-Block (not related to intersection),28,MOTOR VEHICLE RAN OFF ROAD - HIT FIXED OBJECT,,N,Clear,Wet,Dark - Street Lights On,,,Y,50,Fixed object,0,0,N
1279253.735,230431.6868,3890,16683,16683,3476771,Unmatched,Block,,E MADISON ST BETWEEN 26TH AVE E AND 27TH S AVE E, ,,1,Property Damage Only Collision,,1,0,0,0,0,0,0,2013/04/07 00:00:00+00,4/7/2013,Mid-Block (not related to intersection),28,MOTOR VEHICLE RAN OFF ROAD - HIT FIXED OBJECT,,,,,,,,, ,,0,0,N
1269008.401,229258.2097,3891,278400,279300,E777564,Matched,Intersection,29511,9TH AVE AND DENNY WAY, ,,1,Property Damage Only Collision,Other,5,0,0,2,0,0,0,2018/02/18 00:00:00+00,2/18/2018 18:06,At Intersection (intersection related),11,"MOTOR VEHICLE STRUCK MOTOR VEHICLE, FRONT END AT ANGLE",Y,N,Snowing,Dry,Dark - Street Lights On,,,,23,From same direction - all others,0,0,N
1268425.847,271441.1294,3892,17356,17356,1804378,Matched,Intersection,35704,AURORA AVE N AND N 145TH ST,,,2,Injury Collision,Angles,2,0,0,2,1,0,0,2004/09/26 00:00:00+00,9/26/2004 11:55,At Intersection (intersection related),11,"MOTOR VEHICLE STRUCK MOTOR VEHICLE, FRONT END AT ANGLE",,0,Overcast,Dry,Daylight,,4270036,,10,Entering at angle,0,0,N
1270756.56,225541.2072,3893,17879,17879,4265031,Unmatched,Intersection,29928,6TH AVE AND SENECA ST,,,0,Unknown,,0,0,0,0,0,0,0,2004/09/21 00:00:00+00,9/21/2004,At Intersection (intersection related),11,"MOTOR VEHICLE STRUCK MOTOR VEHICLE, FRONT END AT ANGLE",,,,,,,4265031,,,,0,0,N
1274380.772,226981.0749,3894,17831,17831,1772569,Matched,Block,,E MADISON ST BETWEEN 11TH AVE AND 12TH AVE,,,1,Property Damage Only Collision,Rear Ended,3,0,0,2,0,0,0,2004/08/21 00:00:00+00,8/21/2004 15:57,Mid-Block (but intersection related),14,"MOTOR VEHICLE STRUCK MOTOR VEHICLE, REAR END",,0,Raining,Wet,Daylight,,4234037,,14,From same direction - both going straight - one stopped - rear-end,0,0,N
1275154.405,225311.739,3895,243500,244020,3773685,Matched,Intersection,29804,14TH AVE AND E CHERRY ST, ,,1,Property Damage Only Collision,Rear Ended,2,0,0,2,0,0,0,2017/05/28 00:00:00+00,5/28/2017 13:08,At Intersection (but not related to intersection),14,"MOTOR VEHICLE STRUCK MOTOR VEHICLE, REAR END",,N,Clear,Dry,Daylight,,,,13,From same direction - both going straight - both moving - rear-end,0,0,N
1282826.853,252273.6701,3896,17448,17448,1795026,Matched,Block,,40TH AVE NE BETWEEN NE 73RD N ST AND NE 75TH ST,,,1,Property Damage Only Collision,Cycles,2,0,1,1,0,0,0,2004/09/19 00:00:00+00,9/19/2004 15:01,Mid-Block (not related to intersection),21,"MOTOR VEHICLE STRUCK PEDALCYCLIST, REAR END",,1,Clear,Dry,Daylight,Y,4263009,,45,Vehicle - Pedalcyclist,0,0,N
1269786.75,224966.8112,3897,17466,17466,1186611,Matched,Block,,SENECA ST BETWEEN 2ND AVE AND 3RD AVE,,,1,Property Damage Only Collision,Parked Car,2,0,0,2,0,0,0,2004/06/21 00:00:00+00,6/21/2004 0:43,Mid-Block (not related to intersection),11,"MOTOR VEHICLE STRUCK MOTOR VEHICLE, FRONT END AT ANGLE",,0,Clear,Dry,Dark - Street Lights On,,4173002,,32,One parked--one moving,0,0,N
1270932.328,203944.2968,3898,17256,17256,1775096,Matched,Block,,4TH AVE S BETWEEN S FIDALGO ST AND S FRONT ST,,,1,Property Damage Only Collision,Sideswipe,2,0,0,2,0,0,0,2004/01/28 00:00:00+00,1/28/2004 13:58,Mid-Block (not related to intersection),16,"MOTOR VEHICLE STRUCK MOTOR VEHICLE, LEFT SIDE SIDESWIPE",,0,Overcast,Dry,Daylight,,4028021,,11,From same direction - both going straight - both moving - sideswipe,0,0,N
1280375.395,271085.1174,3899,331200,332700,EA20421,Matched,Intersection,35990,30TH AVE NE AND NE 145TH ST, ,,1,Property Damage Only Collision,Other,1,0,0,1,0,0,0,2020/02/29 00:00:00+00,2/29/2020 1:10,At Intersection (intersection related),26,MOTOR VEHICLE STRUCK OBJECT IN ROAD,,N,Overcast,Wet,Dark - Street Lights On,,,,50,Fixed object,0,0,N
1274225.195,220868.8311,3900,16852,16852,3605996,Matched,Block,,S DEARBORN ST BETWEEN DEARBORN ST OFF RP AND 13TH AVE S, ,,1,Property Damage Only Collision,Rear Ended,2,0,0,2,0,0,0,2013/04/13 00:00:00+00,4/13/2013 16:10,Mid-Block (not related to intersection),14,"MOTOR VEHICLE STRUCK MOTOR VEHICLE, REAR END",,N,Raining,Wet,Daylight,,,,14,From same direction - both going straight - one stopped - rear-end,0,0,N
1268981.644,232083.7858,3901,16605,16605,3582017,Matched,Block,,9TH AVE N BETWEEN ROY ST AND WESTLAKE AVE N, ,,1,Property Damage Only Collision,Sideswipe,3,0,0,2,0,0,0,2013/04/06 00:00:00+00,4/6/2013 12:50,Mid-Block (not related to intersection),11,"MOTOR VEHICLE STRUCK MOTOR VEHICLE, FRONT END AT ANGLE",,N,Raining,Wet,Daylight,,,,11,From same direction - both going straight - both moving - sideswipe,0,0,N
1274587.336,257352.8858,3902,16918,16918,1780512,Matched,Block,,NE 92ND ST BETWEEN 8TH AVE NE AND ROOSEVELT WAY NE,,,1,Property Damage Only Collision,Parked Car,2,0,0,2,0,0,0,2004/04/25 00:00:00+00,4/25/2004 5:00,Mid-Block (not related to intersection),16,"MOTOR VEHICLE STRUCK MOTOR VEHICLE, LEFT SIDE SIDESWIPE",,0,Unknown,Unknown,Unknown,,4116048,,32,One parked--one moving,0,0,N
1290292.367,188262.1289,3903,318100,319600,3815268,Matched,Block,,67TH AVE S BETWEEN S PRENTICE ST AND S BANGOR ST, ,,1,Property Damage Only Collision,Parked Car,2,0,0,2,0,0,0,2019/04/21 00:00:00+00,4/21/2019 22:00,Mid-Block (not related to intersection),15,"MOTOR VEHICLE STRUCK MOTOR VEHICLE, RIGHT SIDE SIDESWIPE",,N,Clear,Dry,Dark - Street Lights On,,,,32,One parked--one moving,0,0,Y
1275023.689,226593.7171,3904,17437,17437,4029049,Unmatched,Block,,E SPRING ST BETWEEN 13TH AVE AND 14TH AVE,,,0,Unknown,,0,0,0,0,0,0,0,2004/01/29 00:00:00+00,1/29/2004,Driveway Junction,11,"MOTOR VEHICLE STRUCK MOTOR VEHICLE, FRONT END AT ANGLE",,,,,,,4029049,,,,0,0,N
1268291.77,258687.8826,3905,17164,17164,1778794,Matched,Block,,AURORA AVE N BETWEEN N 96TH N ST AND N 97TH ST,,,1,Property Damage Only Collision,Left Turn,2,0,0,2,0,0,0,2004/07/06 00:00:00+00,7/6/2004,Mid-Block (but intersection related),11,"MOTOR VEHICLE STRUCK MOTOR VEHICLE, FRONT END AT ANGLE",,0,Raining,Wet,Daylight,,4188015,,15,From same direction - one left turn - one straight,0,0,N
1278912.752,247303.9912,3906,329200,330700,3836286,Matched,Intersection,25939,25TH AVE NE AND NE 55TH ST, ,,2,Injury Collision,Left Turn,2,0,0,2,1,0,0,2020/02/18 00:00:00+00,2/18/2020 18:18,At Intersection (intersection related),11,"MOTOR VEHICLE STRUCK MOTOR VEHICLE, FRONT END AT ANGLE",,N,Clear,Dry,Dark - Street Lights On,,,,28,From opposite direction - one left turn - one straight,0,0,N
1260291.3,247719.728,3907,17543,17543,1776681,Matched,Intersection,25416,15TH AVE NW AND NW MARKET ST,,,1,Property Damage Only Collision,Sideswipe,4,0,0,2,0,0,0,2004/10/05 00:00:00+00,10/5/2004,At Intersection (intersection related),11,"MOTOR VEHICLE STRUCK MOTOR VEHICLE, FRONT END AT ANGLE",,0,Raining,Wet,Dark - Street Lights On,,4279030,,81,Same direction -- both turning left -- both moving -- sideswipe,0,0,N
1271330.693,217779.6332,3908,17782,17782,1777621,Matched,Block,,4TH AVE S BETWEEN S MASSACHUSETTS ST AND S HOLGATE ST,,,1,Property Damage Only Collision,Rear Ended,2,0,0,2,0,0,0,2004/07/23 00:00:00+00,7/23/2004 13:20,Mid-Block (not related to intersection),14,"MOTOR VEHICLE STRUCK MOTOR VEHICLE, REAR END",,0,Clear,Dry,Daylight,,4205028,,14,From same direction - both going straight - one stopped - rear-end,0,0,N
1269673.955,228217.4586,3909,17429,17429,1482665,Matched,Intersection,29537,8TH AVE AND VIRGINIA ST,,,1,Property Damage Only Collision,Angles,22,0,0,2,0,0,0,2004/05/09 00:00:00+00,5/9/2004,At Intersection (intersection related),11,"MOTOR VEHICLE STRUCK MOTOR VEHICLE, FRONT END AT ANGLE",,0,Clear,Dry,Dusk,,4130008,,10,Entering at angle,0,0,N
1278176.878,222925.506,3910,17526,17526,1198205,Unmatched,Block,,E YESLER WAY BETWEEN 23RD AVE AND 24TH AVE,,,0,Unknown,,0,0,0,0,0,0,0,2004/10/28 00:00:00+00,10/28/2004,Mid-Block (but intersection related),14,"MOTOR VEHICLE STRUCK MOTOR VEHICLE, REAR END",,,,,,,4302041,,,,0,0,N
1277977.628,225978.1626,3911,338000,339500,EB01298,Matched,Intersection,30051,23RD AVE AND E MARION ST, ,,1,Property Damage Only Collision,Rear Ended,2,0,0,2,0,0,0,2020/10/06 00:00:00+00,10/6/2020 19:11,At Intersection (intersection related),14,"MOTOR VEHICLE STRUCK MOTOR VEHICLE, REAR END",,N,Clear,Dry,Dark - Street Lights On,,,,13,From same direction - both going straight - both moving - rear-end,0,0,N
1273200.317,243916.0158,3912,242200,242680,E664576,Matched,Block,,NE 43RD ST BETWEEN 4TH AVE NE AND 5TH AVE NE, ,,1,Property Damage Only Collision,Parked Car,2,0,0,2,0,0,0,2017/04/21 00:00:00+00,4/21/2017 18:30,Mid-Block (not related to intersection),14,"MOTOR VEHICLE STRUCK MOTOR VEHICLE, REAR END",Y,N,Clear,Dry,Daylight,,,,32,One parked--one moving,0,0,N
1277946.215,224376.6373,3913,17463,17463,1216872,Matched,Block,,23RD AVE BETWEEN E TERRACE ST AND E JEFFERSON ST,,,1,Property Damage Only Collision,Rear Ended,2,0,0,2,0,0,0,2004/07/22 00:00:00+00,7/22/2004 8:58,Mid-Block (but intersection related),14,"MOTOR VEHICLE STRUCK MOTOR VEHICLE, REAR END",Y,0,Clear,Dry,Daylight,,4204019,,13,From same direction - both going straight - both moving - rear-end,0,0,N
1269049.563,255525.5096,3914,17247,17247,1774111,Matched,Intersection,37371,STONE AVE N AND N 85TH E ST,,,2b,Serious Injury Collision,Rear Ended,6,0,0,2,2,1,0,2004/03/05 00:00:00+00,3/5/2004,At Intersection (intersection related),14,"MOTOR VEHICLE STRUCK MOTOR VEHICLE, REAR END",Y,0,Clear,Dry,Daylight,,4065001,,14,From same direction - both going straight - one stopped - rear-end,0,0,N
1267351.22,231452.2647,3915,17192,17192,1059602,Matched,Intersection,28913,MERCER ST AND TAYLOR AVE N,,,2,Injury Collision,Angles,3,0,0,2,2,0,0,2004/11/20 00:00:00+00,11/20/2004 22:34,At Intersection (intersection related),11,"MOTOR VEHICLE STRUCK MOTOR VEHICLE, FRONT END AT ANGLE",,0,Clear,Dry,Dark - Street Lights On,,4325018,,10,Entering at angle,0,0,N
1275036.321,262669.8785,3916,16594,16594,3507871,Matched,Block,,PINEHURST WAY NE BETWEEN ROOSEVELT N WAY NE AND NE 113TH ST, ,,1,Property Damage Only Collision,Other,1,0,0,1,0,0,0,2013/04/09 00:00:00+00,4/9/2013 1:47,Mid-Block (not related to intersection),26,MOTOR VEHICLE STRUCK OBJECT IN ROAD,,N,Overcast,Dry,Dark - Street Lights On,,,,50,Fixed object,0,0,N
1269040.813,267445.871,3917,317600,319100,3796145,Matched,Intersection,35762,STONE AVE N AND N 130TH ST, ,,2,Injury Collision,Pedestrian,2,1,0,1,1,0,0,2019/04/11 00:00:00+00,4/11/2019 11:04,At Intersection (intersection related),24,MOTOR VEHCILE STRUCK PEDESTRIAN,,N,Raining,Wet,Daylight,Y,,,2,Vehicle turning left hits pedestrian,0,524133,N
1268255.301,226024.4423,3918,17806,17806,1777060,Matched,Intersection,29595,PIKE PL AND STEWART ST,,,2,Injury Collision,Pedestrian,2,1,0,1,1,0,0,2004/04/09 00:00:00+00,4/9/2004,At Intersection (intersection related),24,MOTOR VEHCILE STRUCK PEDESTRIAN,,0,Clear,Dry,Daylight,,4100011,,1,Vehicle turning right hits pedestrian,0,0,N
1274331.183,221940.253,3919,17080,17080,1181282,Matched,Block,,12TH AVE S BETWEEN S JACKSON ST AND S KING ST,,,1,Property Damage Only Collision,Sideswipe,3,0,0,2,0,0,0,2004/03/27 00:00:00+00,3/27/2004 15:44,Mid-Block (but intersection related),16,"MOTOR VEHICLE STRUCK MOTOR VEHICLE, LEFT SIDE SIDESWIPE",,0,Raining,Wet,Daylight,,4087033,,11,From same direction - both going straight - both moving - sideswipe,0,0,N
1286034.564,243332.3393,3920,17298,17298,1778887,Matched,Block,,NE 41ST ST BETWEEN 51ST E AVE NE AND NE LATIMER E PL,,,1,Property Damage Only Collision,Parked Car,2,0,0,2,0,0,0,2004/03/21 00:00:00+00,3/21/2004 21:29,Mid-Block (not related to intersection),15,"MOTOR VEHICLE STRUCK MOTOR VEHICLE, RIGHT SIDE SIDESWIPE",,0,Unknown,Unknown,Unknown,,4081016,,32,One parked--one moving,0,0,N
1267312.544,237944.2664,3921,16460,16460,3506128,Matched,Intersection,28085,AURORA AVE N AND HALLADAY ST, ,,2,Injury Collision,Rear Ended,4,0,0,2,2,0,0,2013/04/04 00:00:00+00,4/4/2013 16:20,At Intersection (intersection related),14,"MOTOR VEHICLE STRUCK MOTOR VEHICLE, REAR END",Y,N,Raining,Wet,Daylight,,,,74,Same direction -- both turning right -- one stopped -- rear end,0,0,N
1272529.56,227979.7152,3922,17693,17693,1772526,Matched,Block,,E PINE ST BETWEEN SUMMIT AVE AND BELMONT AVE,,,2b,Serious Injury Collision,Pedestrian,2,1,0,1,1,1,0,2004/05/13 00:00:00+00,5/13/2004 15:00,Mid-Block (not related to intersection),24,MOTOR VEHCILE STRUCK PEDESTRIAN,,0,Clear,Dry,Daylight,,4134013,,0,Vehicle going straight hits pedestrian,0,0,N
1271830.52,224042.6365,3923,17624,17624,1790011,Matched,Block,,JAMES ST BETWEEN 6TH AVE AND 7TH AVE,,,1,Property Damage Only Collision,Angles,2,0,0,2,0,0,0,2004/11/26 00:00:00+00,11/26/2004 22:45,Mid-Block (but intersection related),11,"MOTOR VEHICLE STRUCK MOTOR VEHICLE, FRONT END AT ANGLE",,0,Raining,Wet,Dark - Street Lights On,,4331012,Y,10,Entering at angle,0,0,N
1265082.275,230848.7287,3924,17131,17131,1181393,Matched,Block,,1ST AVE N BETWEEN HARRISON ST AND REPUBLICAN ST,,,1,Property Damage Only Collision,Rear Ended,2,0,0,2,0,0,0,2004/09/05 00:00:00+00,9/5/2004,Mid-Block (but intersection related),14,"MOTOR VEHICLE STRUCK MOTOR VEHICLE, REAR END",Y,0,Clear,Dry,Dark - Street Lights On,,4249006,,14,From same direction - both going straight - one stopped - rear-end,0,0,N
1276266.032,257138.3263,3925,16693,16693,3501901,Matched,Block,,15TH AVE NE BETWEEN NE 91ST ST AND NE 92ND ST, ,,1,Property Damage Only Collision,Rear Ended,3,0,0,2,0,0,0,2013/04/08 00:00:00+00,4/8/2013 21:10,Mid-Block (not related to intersection),14,"MOTOR VEHICLE STRUCK MOTOR VEHICLE, REAR END",,Y,Clear,Dry,Dark - Street Lights On,,,,14,From same direction - both going straight - one stopped - rear-end,0,0,N
1281795.159,244556.0237,3926,17813,17813,1794172,Matched,Block,,NE 45TH ST BETWEEN 36TH AVE NE AND 37TH AVE NE,,,1,Property Damage Only Collision,Sideswipe,2,0,0,2,0,0,0,2004/11/07 00:00:00+00,11/7/2004,Mid-Block (but intersection related),16,"MOTOR VEHICLE STRUCK MOTOR VEHICLE, LEFT SIDE SIDESWIPE",,0,Clear,Dry,Daylight,,4312007,,11,From same direction - both going straight - both moving - sideswipe,0,0,N
,,3927,318600,320100,E917460,Unmatched,,,,NEI,"Not Enough Information, or Insufficient Location Information",0,Unknown,,0,0,0,0,0,0,0,2019/04/30 00:00:00+00,4/30/2019,,0,NOT ENOUGH INFORMATION / NOT APPLICABLE,,,,,,,,, ,,0,0,N
1258275.72,194576.9377,3928,11946,11946,3021048,Unmatched,Block,,SW HENDERSON ST BETWEEN 37TH AVE SW AND 38TH AVE SW,NEI,"Not Enough Information, or Insufficient Location Information",0,Unknown,,0,0,0,0,0,0,0,2006/01/21 00:00:00+00,1/21/2006,Mid-Block (not related to intersection),11,"MOTOR VEHICLE STRUCK MOTOR VEHICLE, FRONT END AT ANGLE",,,,,,,3021048,, ,,0,0,N
1273947.872,262014.5962,3929,17453,17453,1079859,Matched,Block,,NE NORTHGATE WAY BETWEEN 5TH AVE NE AND 8TH AVE NE,,,2,Injury Collision,Other,3,0,0,2,1,0,0,2004/08/26 00:00:00+00,8/26/2004 12:12,Driveway Junction,11,"MOTOR VEHICLE STRUCK MOTOR VEHICLE, FRONT END AT ANGLE",,0,Clear,Dry,Daylight,,4239007,,22,One car leaving driveway access,0,0,N
1270073.147,223535.9797,3930,16959,16959,1794613,Matched,Block,,1ST AVE BETWEEN CHERRY ST AND COLUMBIA ST,,,1,Property Damage Only Collision,Rear Ended,2,0,0,2,0,0,0,2004/10/30 00:00:00+00,10/30/2004 17:45,Mid-Block (but intersection related),14,"MOTOR VEHICLE STRUCK MOTOR VEHICLE, REAR END",,0,Clear,Dry,Daylight,,4304021,,14,From same direction - both going straight - one stopped - rear-end,0,0,N
1257050.191,214762.0561,3931,16759,16759,3380609,Matched,Block,,CALIFORNIA AVE SW BETWEEN SW LANDER ST AND SW STEVENS ST, ,,1,Property Damage Only Collision,Rear Ended,2,0,0,2,0,0,0,2013/04/10 00:00:00+00,4/10/2013 15:58,Mid-Block (but intersection related),14,"MOTOR VEHICLE STRUCK MOTOR VEHICLE, REAR END",Y,N,Clear,Dry,Daylight,,,,14,From same direction - both going straight - one stopped - rear-end,0,0,N
,,3932,16660,16660,3615378,Matched,,,,NEI,"Not Enough Information, or Insufficient Location Information",1,Property Damage Only Collision,Sideswipe,3,0,0,2,0,0,0,2013/04/08 00:00:00+00,4/8/2013 6:30,,0,NOT ENOUGH INFORMATION / NOT APPLICABLE,,N,Unknown,Unknown,Unknown,,,,11,From same direction - both going straight - both moving - sideswipe,0,0,N
1273146.047,226244.277,3933,16583,16583,3561262,Matched,Block,,MADISON ST BETWEEN SUMMIT AVE AND BOYLSTON AVE, ,,1,Property Damage Only Collision,Sideswipe,2,0,0,2,0,0,0,2013/04/06 00:00:00+00,4/6/2013 11:30,Mid-Block (not related to intersection),11,"MOTOR VEHICLE STRUCK MOTOR VEHICLE, FRONT END AT ANGLE",,N,Raining,Wet,Daylight,,,,11,From same direction - both going straight - both moving - sideswipe,0,0,N
1275002.757,212027.3249,3934,316700,318200,3750646,Matched,Block,,S SPOKANE ST BETWEEN HINDS PL S AND 15TH AVE S, ,,1,Property Damage Only Collision,Other,2,0,0,2,0,0,0,2019/03/27 00:00:00+00,3/27/2019 15:40,Mid-Block (not related to intersection),11,"MOTOR VEHICLE STRUCK MOTOR VEHICLE, FRONT END AT ANGLE",,N,Clear,Dry,Daylight,,,,23,From same direction - all others,0,0,N
1268531.645,226644.1787,3935,17656,17656,1213372,Matched,Block,,2ND AVE BETWEEN STEWART ST AND VIRGINIA ST,,,2,Injury Collision,Parked Car,2,0,0,2,1,0,0,2004/07/12 00:00:00+00,7/12/2004 13:00,Mid-Block (not related to intersection),11,"MOTOR VEHICLE STRUCK MOTOR VEHICLE, FRONT END AT ANGLE",,0,Clear,Dry,Daylight,,4194008,,20,One car leaving parked position,0,0,N
1278757.441,244103.2571,3936,16805,16805,3503263,Matched,Block,,25TH AVE NE BETWEEN MONTLAKE BLVD NE AND NE 44TH ST, ,,2,Injury Collision,Parked Car,3,0,0,2,1,0,0,2013/04/11 00:00:00+00,4/11/2013 18:10,Mid-Block (not related to intersection),11,"MOTOR VEHICLE STRUCK MOTOR VEHICLE, FRONT END AT ANGLE",Y,N,Clear,Dry,Daylight,,,,32,One parked--one moving,0,0,N
1275902.157,253988.1876,3937,17681,17681,1774051,Unmatched,Intersection,24398,LAKE CITY WAY NE AND NE 80TH ST,,,0,Unknown,,0,0,0,0,0,0,0,2004/01/04 00:00:00+00,1/4/2004,At Intersection (intersection related),11,"MOTOR VEHICLE STRUCK MOTOR VEHICLE, FRONT END AT ANGLE",,,,,,,4004001,,,,0,0,N
1265990.789,228520.5792,3938,17329,17329,1060003,Matched,Intersection,29677,1ST AVE AND CLAY ST,,,1,Property Damage Only Collision,Left Turn,4,0,0,2,0,0,0,2004/11/28 00:00:00+00,11/28/2004 17:05,At Intersection (intersection related),11,"MOTOR VEHICLE STRUCK MOTOR VEHICLE, FRONT END AT ANGLE",,0,Clear,Dry,Dark - Street Lights On,,4333005,,28,From opposite direction - one left turn - one straight,0,0,N
1274331.183,221940.253,3939,17266,17266,1798780,Matched,Block,,12TH AVE S BETWEEN S JACKSON ST AND S KING ST,,,1,Property Damage Only Collision,Sideswipe,3,0,0,2,0,0,0,2004/09/30 00:00:00+00,9/30/2004 10:20,Mid-Block (not related to intersection),11,"MOTOR VEHICLE STRUCK MOTOR VEHICLE, FRONT END AT ANGLE",,0,Clear,Dry,Daylight,,4274022,,11,From same direction - both going straight - both moving - sideswipe,0,0,N
1262730.18,206012.9169,3940,313300,314740,3742602,Matched,Block,,DELRIDGE WAY SW BETWEEN PUGET BLVD SW AND SW BRANDON ST, ,,1,Property Damage Only Collision,Angles,3,0,0,2,0,0,0,2019/02/08 00:00:00+00,2/8/2019 6:36,,11,"MOTOR VEHICLE STRUCK MOTOR VEHICLE, FRONT END AT ANGLE",,N,Clear,Dry,Dark - Street Lights On,,,,10,Entering at angle,0,0,N
1272344.381,230450.4612,3941,16854,16854,3605998,Matched,Block,,E HARRISON ST BETWEEN BELLEVUE AVE E AND SUMMIT AVE E, ,,1,Property Damage Only Collision,Parked Car,2,0,0,2,0,0,0,2013/04/12 00:00:00+00,4/12/2013 9:30,Mid-Block (not related to intersection),11,"MOTOR VEHICLE STRUCK MOTOR VEHICLE, FRONT END AT ANGLE",,N,Clear,Dry,Daylight,,,,32,One parked--one moving,0,0,N
1281694.206,266375.3066,3942,16455,16455,3501987,Matched,Block,,35TH AVE NE BETWEEN NE 125TH ST AND NE 130TH S ST, ,,1,Property Damage Only Collision,Left Turn,2,0,0,2,0,0,0,2013/04/04 00:00:00+00,4/4/2013 7:48,Mid-Block (but intersection related),14,"MOTOR VEHICLE STRUCK MOTOR VEHICLE, REAR END",,N,Raining,Wet,Daylight,,,,29,From opposite direction - one left turn - one right turn,0,0,N
1276942.941,218370.0709,3943,17709,17709,1198440,Matched,Block,,RAINIER AVE S BETWEEN I90 EB OFF RP AND RAINIER NB I90 EB ON RP,,,1,Property Damage Only Collision,Other,2,0,0,2,0,0,0,2004/11/29 00:00:00+00,11/29/2004 10:20,Mid-Block (but intersection related),11,"MOTOR VEHICLE STRUCK MOTOR VEHICLE, FRONT END AT ANGLE",,0,Clear,Dry,Daylight,,4334003,,23,From same direction - all others,0,0,N
1270963.685,229002.4008,3944,16727,16727,3549406,Matched,Block,,STEWART ST BETWEEN MINOR AVE AND YALE AVE, ,,1,Property Damage Only Collision,Parked Car,2,0,0,2,0,0,0,2013/04/10 00:00:00+00,4/10/2013 0:01,Mid-Block (not related to intersection),11,"MOTOR VEHICLE STRUCK MOTOR VEHICLE, FRONT END AT ANGLE",,N,Clear,Dry,Dark - Street Lights On,,,,32,One parked--one moving,0,0,N