X,Y,OBJECTID,INCKEY,COLDETKEY,REPORTNO,STATUS,ADDRTYPE,INTKEY,LOCATION,EXCEPTRSNCODE,EXCEPTRSNDESC,SEVERITYCODE,SEVERITYDESC,COLLISIONTYPE,PERSONCOUNT,PEDCOUNT,PEDCYLCOUNT,VEHCOUNT,INJURIES,SERIOUSINJURIES,FATALITIES,INCDATE,INCDTTM,JUNCTIONTYPE,SDOT_COLCODE,SDOT_COLDESC,INATTENTIONIND,UNDERINFL,WEATHER,ROADCOND,LIGHTCOND,PEDROWNOTGRNT,SDOTCOLNUM,SPEEDING,ST_COLCODE,ST_COLDESC,SEGLANEKEY,CROSSWALKKEY,HITPARKEDCAR
1279195.25,221347.4532,3945,17035,17035,1786892,Matched,Block,,M L KING JR WAY S BETWEEN S KING ST AND S LANE ST,,,1,Property Damage Only Collision,Parked Car,2,0,0,2,0,0,0,2004/05/29 00:00:00+00,5/29/2004 17:38,Mid-Block (not related to intersection),16,"MOTOR VEHICLE STRUCK MOTOR VEHICLE, LEFT SIDE SIDESWIPE",Y,0,Clear,Dry,Daylight,,4150024,,32,One parked--one moving,0,0,N
1254535.074,207961.8513,3946,307900,309180,3746085,Matched,Intersection,32850,50TH AVE SW AND SW EDMUNDS ST, ,,1,Property Damage Only Collision,Angles,4,0,0,3,0,0,0,2018/12/10 00:00:00+00,12/10/2018 19:00,At Intersection (intersection related),11,"MOTOR VEHICLE STRUCK MOTOR VEHICLE, FRONT END AT ANGLE",,N,Raining,Wet,Dark - Street Lights On,,,,10,Entering at angle,0,0,N
1283421.459,194241.2256,3947,310800,312120,3815092,Matched,Block,,S HENDERSON ST BETWEEN M L KING JR ER WAY S AND CHIEF SEALTH TRL, ,,1,Property Damage Only Collision,Rear Ended,4,0,0,2,0,0,0,2019/01/12 00:00:00+00,1/12/2019 10:56,Mid-Block (not related to intersection),14,"MOTOR VEHICLE STRUCK MOTOR VEHICLE, REAR END",,N,Clear,Dry,Daylight,,,,14,From same direction - both going straight - one stopped - rear-end,0,0,N
1252911.163,250142.3933,3948,17857,17857,1780000,Unmatched,Block,,SEAVIEW AVE NW BETWEEN NW 61ST ST AND NW 67TH ST,,,0,Unknown,,0,0,0,0,0,0,0,2004/12/20 00:00:00+00,12/20/2004,Mid-Block (not related to intersection),28,MOTOR VEHICLE RAN OFF ROAD - HIT FIXED OBJECT,,,,,,,4355008,,,,0,0,N
1262666.693,203788.9914,3949,17792,17792,1776793,Matched,Block,,DELRIDGE WAY SW BETWEEN SW JUNEAU ST AND 24TH AVE SW,,,1,Property Damage Only Collision,Rear Ended,2,0,0,2,0,0,0,2004/07/30 00:00:00+00,7/30/2004 8:20,Mid-Block (but intersection related),14,"MOTOR VEHICLE STRUCK MOTOR VEHICLE, REAR END",,0,Clear,Dry,Daylight,,4212046,,13,From same direction - both going straight - both moving - rear-end,0,0,N
1268375.185,267293.2981,3950,17431,17431,1780141,Matched,Block,,AURORA AVE N BETWEEN N 128TH ST AND N 130TH ST,,,1,Property Damage Only Collision,Rear Ended,3,0,0,2,0,0,0,2004/02/08 00:00:00+00,2/8/2004,Mid-Block (not related to intersection),14,"MOTOR VEHICLE STRUCK MOTOR VEHICLE, REAR END",Y,0,Clear,Dry,Daylight,,4039020,,14,From same direction - both going straight - one stopped - rear-end,0,0,N
1268747.575,212104.4983,3951,17673,17673,1197778,Matched,Block,,WEST SEATTLE BR EB BETWEEN 1ST AV S OFF RP AND SPOKANE ST - W SEA B RP,,,1,Property Damage Only Collision,Rear Ended,2,0,0,2,0,0,0,2004/11/19 00:00:00+00,11/19/2004 6:06,Mid-Block (not related to intersection),14,"MOTOR VEHICLE STRUCK MOTOR VEHICLE, REAR END",,0,Clear,Dry,Dark - Street Lights On,,4324038,,13,From same direction - both going straight - both moving - rear-end,0,0,N
1273726.679,227540.1029,3952,205600,205760,3737771,Matched,Block,,E PIKE ST BETWEEN BROADWAY AND 10TH AVE, ,,1,Property Damage Only Collision,Parked Car,2,0,0,2,0,0,0,2015/10/21 00:00:00+00,10/21/2015 18:35,Mid-Block (not related to intersection),11,"MOTOR VEHICLE STRUCK MOTOR VEHICLE, FRONT END AT ANGLE",,N,Clear,Wet,Dusk,,,,32,One parked--one moving,0,0,Y
1276289.717,262281.6241,3953,17589,17589,178078,Unmatched,Block,,15TH AVE NE BETWEEN NE NORTHGATE WAY AND NE 113TH ST,,,0,Unknown,,0,0,0,0,0,0,0,2004/04/20 00:00:00+00,4/20/2004,Mid-Block (not related to intersection),11,"MOTOR VEHICLE STRUCK MOTOR VEHICLE, FRONT END AT ANGLE",,,,,,,4111006,,,,0,0,N
1284652.654,242468.9169,3954,17318,17318,1329522,Matched,Intersection,27363,47TH AVE NE AND NE 38TH S ST,,,1,Property Damage Only Collision,Left Turn,4,0,0,2,0,0,0,2004/04/21 00:00:00+00,4/21/2004 8:15,At Intersection (intersection related),11,"MOTOR VEHICLE STRUCK MOTOR VEHICLE, FRONT END AT ANGLE",,0,Clear,Dry,Daylight,,4112006,,29,From opposite direction - one left turn - one right turn,0,0,N
1269117.694,198432.1504,3955,17111,17111,1798567,Matched,Block,,1ST AVE S BETWEEN 2ND AVE SW AND 2ND AV SW ON RP,,,2,Injury Collision,Rear Ended,2,0,0,2,1,0,0,2004/10/28 00:00:00+00,10/28/2004 15:48,Mid-Block (but intersection related),14,"MOTOR VEHICLE STRUCK MOTOR VEHICLE, REAR END",,0,Overcast,Dry,Daylight,,4302058,,14,From same direction - both going straight - one stopped - rear-end,0,0,N
1278486.799,247109.3081,3956,17191,17191,1019352,Unmatched,Block,,NE 54TH ST BETWEEN RAVENNA PL NE AND 24TH AVE NE,,,0,Unknown,,0,0,0,0,0,0,0,2004/11/14 00:00:00+00,11/14/2004,Mid-Block (not related to intersection),13,"MOTOR VEHICLE STRUCK MOTOR VEHICLE, LEFT SIDE AT ANGLE",,,,,,,4319038,,,,0,0,N
1270341.39,225295.248,3957,323700,325200,3547755,Matched,Block,,SENECA ST BETWEEN 4TH AVE AND 5TH AVE, ,,1,Property Damage Only Collision,Sideswipe,2,0,0,2,0,0,0,2019/09/20 00:00:00+00,9/20/2019 23:05,Mid-Block (not related to intersection),11,"MOTOR VEHICLE STRUCK MOTOR VEHICLE, FRONT END AT ANGLE",Y,N,Clear,Dry,Dark - Street Lights On,,,,11,From same direction - both going straight - both moving - sideswipe,0,0,N
1265651.68,259577.5454,3958,17053,17053,1793806,Matched,Intersection,37396,GREENWOOD AVE N AND N 100TH ST,,,1,Property Damage Only Collision,Angles,2,0,0,2,0,0,0,2004/08/20 00:00:00+00,8/20/2004 15:18,At Intersection (intersection related),11,"MOTOR VEHICLE STRUCK MOTOR VEHICLE, FRONT END AT ANGLE",,0,Overcast,Dry,Daylight,,4233036,,10,Entering at angle,0,0,N
1264936.869,255350.2988,3959,335300,336800,EA75387,Matched,Intersection,24044,1ST AVE NW AND NW 84TH ST, ,,1,Property Damage Only Collision,Angles,2,0,0,2,0,0,0,2020/10/15 00:00:00+00,10/15/2020 12:45,At Intersection (intersection related),11,"MOTOR VEHICLE STRUCK MOTOR VEHICLE, FRONT END AT ANGLE",,N,Clear,Dry,Daylight,,,,10,Entering at angle,0,0,N
1281522.444,243571.9024,3960,17883,17883,1635268,Matched,Block,,NE 41ST ST BETWEEN MARY GATES MEMORIAL DR NE AND 36TH AVE NE,,,2,Injury Collision,Other,1,0,0,1,1,0,0,2004/08/15 00:00:00+00,8/15/2004 1:03,Mid-Block (but intersection related),28,MOTOR VEHICLE RAN OFF ROAD - HIT FIXED OBJECT,,0,Clear,Dry,Dark - Street Lights On,,4228002,Y,50,Fixed object,0,0,N
1270269.058,229104.5028,3961,17314,17314,1776946,Matched,Block,,FAIRVIEW AVE BETWEEN BOREN AVE AND DENNY WAY,,,1,Property Damage Only Collision,Sideswipe,3,0,0,2,0,0,0,2004/06/12 00:00:00+00,6/12/2004 0:09,Driveway Junction,16,"MOTOR VEHICLE STRUCK MOTOR VEHICLE, LEFT SIDE SIDESWIPE",,0,Clear,Dry,Dark - Street Lights On,,4164045,,11,From same direction - both going straight - both moving - sideswipe,0,0,N
1276586.913,224598.0459,3962,16470,16470,3605985,Matched,Block,,E JEFFERSON ST BETWEEN 18TH AVE AND 19TH AVE, ,,2,Injury Collision,Parked Car,3,0,0,2,1,0,0,2013/04/04 00:00:00+00,4/4/2013 10:00,Mid-Block (not related to intersection),11,"MOTOR VEHICLE STRUCK MOTOR VEHICLE, FRONT END AT ANGLE",,N,Raining,Wet,Daylight,,,,32,One parked--one moving,0,0,N
1283875.424,202515.6448,3963,309100,310380,E876922,Matched,Block,,S GRAHAM ST BETWEEN 44TH AVE S AND RAINIER AVE S, ,,2,Injury Collision,Parked Car,2,0,0,2,1,0,0,2018/12/22 00:00:00+00,12/22/2018 19:41,Mid-Block (not related to intersection),14,"MOTOR VEHICLE STRUCK MOTOR VEHICLE, REAR END",,N,Raining,Wet,Dark - Street Lights On,,,Y,32,One parked--one moving,0,0,Y
1277764.087,216859.9187,3964,17846,17846,1793202,Matched,Block,,23RD AVE S BETWEEN S PLUM ST AND RAINIER AVE S,,,2,Injury Collision,Rear Ended,4,0,0,3,2,0,0,2004/07/30 00:00:00+00,7/30/2004 14:05,Mid-Block (but intersection related),14,"MOTOR VEHICLE STRUCK MOTOR VEHICLE, REAR END",,0,Clear,Dry,Daylight,,4212025,,14,From same direction - both going straight - one stopped - rear-end,0,0,N
1267318.245,267483.3594,3965,17481,17481,1773452,Matched,Block,,N 130TH ST BETWEEN FREMONT AVE N AND LINDEN AVE N,,,2b,Serious Injury Collision,Parked Car,3,0,0,2,1,1,0,2004/02/20 00:00:00+00,2/20/2004 10:54,Mid-Block (not related to intersection),11,"MOTOR VEHICLE STRUCK MOTOR VEHICLE, FRONT END AT ANGLE",Y,0,Clear,Dry,Daylight,,4051010,,20,One car leaving parked position,0,0,N
1260589.239,245888.1554,3966,17716,17716,4143052,Unmatched,Block,,NW LEARY WAY BETWEEN 14TH AVE NW AND 15TH NB AVE NW,,,0,Unknown,,0,0,0,0,0,0,0,2004/05/22 00:00:00+00,5/22/2004,Mid-Block (not related to intersection),14,"MOTOR VEHICLE STRUCK MOTOR VEHICLE, REAR END",,,,,,,4143052,,,,0,0,N
1279906.041,257859.1944,3967,17377,17377,1794233,Matched,Block,,NE 95TH ST BETWEEN 27TH AVE NE AND 30TH AVE NE,,,2,Injury Collision,Rear Ended,2,0,0,2,1,0,0,2004/11/05 00:00:00+00,11/5/2004,Mid-Block (but intersection related),14,"MOTOR VEHICLE STRUCK MOTOR VEHICLE, REAR END",,0,Fog/Smog/Smoke,Wet,Daylight,,4310018,,14,From same direction - both going straight - one stopped - rear-end,0,0,N
1280462.592,203288.2243,3968,16570,16570,3615290,Unmatched,Block,,S RAYMOND ST BETWEEN 32ND AVE S AND 33RD AVE S,NEI,"Not Enough Information, or Insufficient Location Information",0,Unknown,,0,0,0,0,0,0,0,2013/04/04 00:00:00+00,4/4/2013,Mid-Block (not related to intersection),0,NOT ENOUGH INFORMATION / NOT APPLICABLE,,,,,,,,, ,,0,0,N
1280170.781,214616.9724,3969,205200,205360,3730540,Unmatched,Block,,31ST AVE S BETWEEN S LANDER ST AND S MCCLELLAN ST, ,,0,Unknown,,0,0,0,0,0,0,0,2015/10/18 00:00:00+00,10/18/2015,Mid-Block (but intersection related),14,"MOTOR VEHICLE STRUCK MOTOR VEHICLE, REAR END",,,,,,,,, ,,0,0,Y
1265506.539,198531.9341,3970,17213,17213,1482061,Matched,Block,,SW HOLDEN ST BETWEEN 12TH AVE SW AND 13TH AVE SW,,,1,Property Damage Only Collision,Parked Car,2,0,0,2,0,0,0,2004/02/11 00:00:00+00,2/11/2004 21:30,Mid-Block (not related to intersection),14,"MOTOR VEHICLE STRUCK MOTOR VEHICLE, REAR END",Y,0,Clear,Dry,Dark - Street Lights On,,4042034,,32,One parked--one moving,0,0,N
1270583.695,223305.2346,3971,17891,17891,1059947,Unmatched,Intersection,30482,2ND AVE AND JAMES ST,,,0,Unknown,,0,0,0,0,0,0,0,2004/12/31 00:00:00+00,12/31/2004,At Intersection (intersection related),11,"MOTOR VEHICLE STRUCK MOTOR VEHICLE, FRONT END AT ANGLE",,,,,,,4366031,,,,0,0,N
1264539.752,198547.0179,3972,17105,17105,1781767,Matched,Block,,16TH AVE SW BETWEEN SW AUSTIN ST AND SW HOLDEN ST,,,1,Property Damage Only Collision,Rear Ended,3,0,0,2,0,0,0,2004/05/12 00:00:00+00,5/12/2004 16:20,Mid-Block (but intersection related),14,"MOTOR VEHICLE STRUCK MOTOR VEHICLE, REAR END",Y,0,Clear,Dry,Daylight,,4133012,,14,From same direction - both going straight - one stopped - rear-end,0,0,N
1270337.78,232003.7511,3973,16753,16753,3562740,Matched,Block,,FAIRVIEW AVE N BETWEEN VALLEY UPPER ST AND FAIRVIEW PL N, ,,2,Injury Collision,Other,2,0,0,2,1,0,0,2013/04/10 00:00:00+00,4/10/2013 15:49,Mid-Block (not related to intersection),11,"MOTOR VEHICLE STRUCK MOTOR VEHICLE, FRONT END AT ANGLE",,N,Clear,Dry,Daylight,,,,23,From same direction - all others,0,0,N
1270046.791,217017.5949,3974,16434,16434,3645756,Unmatched,Block,,1ST AVE S BETWEEN S HOLGATE ST AND S WALKER ST, ,,0,Unknown,,0,0,0,0,0,0,0,2013/03/27 00:00:00+00,3/27/2013,Mid-Block (not related to intersection),0,NOT ENOUGH INFORMATION / NOT APPLICABLE,,,,,,,,, ,,0,0,N
1276909.707,229516.2894,3975,334300,335800,EA63552,Matched,Intersection,29374,19TH AVE E AND E JOHN ST, ,,2,Injury Collision,Pedestrian,2,1,0,1,1,0,0,2020/09/02 00:00:00+00,9/2/2020 16:25,At Intersection (intersection related),24,MOTOR VEHCILE STRUCK PEDESTRIAN,,N,Clear,Dry,Daylight,,,,2,Vehicle turning left hits pedestrian,0,0,N
1272304.476,264380.441,3976,17369,17369,4107056,Unmatched,Block,,1ST AVE NE BETWEEN N 117TH ST AND NE 120TH ST,,,0,Unknown,,0,0,0,0,0,0,0,2004/04/16 00:00:00+00,4/16/2004,Mid-Block (but intersection related),14,"MOTOR VEHICLE STRUCK MOTOR VEHICLE, REAR END",,,,,,,4107056,,,,0,0,N
1267054.144,227552.688,3977,17229,17229,1182023,Matched,Block,,1ST AVE BETWEEN BELL ST AND BATTERY ST,,,2,Injury Collision,Other,6,0,0,2,3,0,0,2004/02/18 00:00:00+00,2/18/2004 22:45,Mid-Block (not related to intersection),11,"MOTOR VEHICLE STRUCK MOTOR VEHICLE, FRONT END AT ANGLE",,0,Overcast,Dry,Dark - Street Lights On,,4049014,,23,From same direction - all others,0,0,N
1280357.734,207052.4748,3978,17302,17302,1793492,Unmatched,Block,,M L KING JR ER WAY S BETWEEN S EDMUNDS ST AND S FERDINAND ST,,,0,Unknown,,0,0,0,0,0,0,0,2004/10/29 00:00:00+00,10/29/2004,Mid-Block (but intersection related),28,MOTOR VEHICLE RAN OFF ROAD - HIT FIXED OBJECT,,,,,,,4303003,,,,0,0,N
1285222.086,198808.5722,3979,325600,327100,E978582,Matched,Block,,S FONTANELLE ST BETWEEN 48TH AVE S AND RAINIER AVE S, ,,1,Property Damage Only Collision,Other,3,0,0,3,0,0,0,2019/10/23 00:00:00+00,10/23/2019 2:55,Mid-Block (but intersection related),28,MOTOR VEHICLE RAN OFF ROAD - HIT FIXED OBJECT,Y,N,Clear,Dry,Dark - Street Lights On,,,,50,Fixed object,0,0,N
1259926.569,242372.791,3980,17838,17838,1482532,Matched,Intersection,26482,15TH EMERSON RP AND W EMERSON ST,,,1,Property Damage Only Collision,Sideswipe,5,0,0,2,0,0,0,2004/04/27 00:00:00+00,4/27/2004 17:13,At Intersection (intersection related),11,"MOTOR VEHICLE STRUCK MOTOR VEHICLE, FRONT END AT ANGLE",,0,Raining,Wet,Daylight,,4118022,,81,Same direction -- both turning left -- both moving -- sideswipe,0,0,N
1274235.481,246485.2952,3981,17625,17625,4270037,Unmatched,Block,,8TH AVE NE BETWEEN NE 50TH ST AND NE 53RD ST,,,0,Unknown,,0,0,0,0,0,0,0,2004/09/26 00:00:00+00,9/26/2004,Mid-Block (but intersection related),14,"MOTOR VEHICLE STRUCK MOTOR VEHICLE, REAR END",,,,,,,4270037,,,,0,0,N
1273067.997,223531.0199,3982,17274,17274,1788540,Matched,Block,,9TH AVE BETWEEN E FIR ST AND ALDER ST,,,1,Property Damage Only Collision,Parked Car,2,0,0,2,0,0,0,2004/09/09 00:00:00+00,9/9/2004,Mid-Block (not related to intersection),14,"MOTOR VEHICLE STRUCK MOTOR VEHICLE, REAR END",,0,Clear,Dry,Daylight,,4253011,,32,One parked--one moving,0,0,N
1268397.512,269120.8902,3983,16695,16695,3501993,Matched,Block,,AURORA AVE N BETWEEN N 135TH ST AND N 137TH ST, ,,2,Injury Collision,Rear Ended,3,0,0,2,2,0,0,2013/04/06 00:00:00+00,4/6/2013 10:53,Mid-Block (not related to intersection),14,"MOTOR VEHICLE STRUCK MOTOR VEHICLE, REAR END",,N,Raining,Wet,Daylight,,,,14,From same direction - both going straight - one stopped - rear-end,0,0,N
1271624.986,254139.7813,3984,17296,17296,1778546,Matched,Block,,N 80TH ST BETWEEN CORLISS W AVE N AND CORLISS E AVE N,,,1,Property Damage Only Collision,Parked Car,3,0,0,2,0,0,0,2004/04/23 00:00:00+00,4/23/2004 9:18,Mid-Block (but intersection related),11,"MOTOR VEHICLE STRUCK MOTOR VEHICLE, FRONT END AT ANGLE",,0,Overcast,Dry,Daylight,,4114015,,32,One parked--one moving,0,0,N
1282612.232,199938.2166,3985,16637,16637,3372669,Matched,Intersection,486565,M L KING JR ER WAY S AND S MYRTLE ST, ,,1,Property Damage Only Collision,Right Turn,2,0,0,2,0,0,0,2013/04/07 00:00:00+00,4/7/2013 17:12,At Intersection (intersection related),11,"MOTOR VEHICLE STRUCK MOTOR VEHICLE, FRONT END AT ANGLE",,N,Overcast,Wet,Daylight,,,,16,From same direction - one right turn - one straight,0,0,N
1265776.305,267518.5448,3986,17561,17561,1774058,Matched,Intersection,35821,GREENWOOD AVE N AND N 130TH ST,,,2,Injury Collision,Angles,6,0,0,2,6,0,0,2004/03/17 00:00:00+00,3/17/2004 21:00,At Intersection (intersection related),11,"MOTOR VEHICLE STRUCK MOTOR VEHICLE, FRONT END AT ANGLE",,1,Clear,Dry,Dark - Street Lights On,,4077015,Y,10,Entering at angle,0,0,N
1271271.958,219675.8465,3987,17208,17208,1777287,Matched,Block,,S ROYAL BROUGHAM WAY BETWEEN 3RD AVE S AND 4TH AVE S,,,1,Property Damage Only Collision,Other,2,0,0,2,0,0,0,2004/01/29 00:00:00+00,1/29/2004 14:59,Driveway Junction,11,"MOTOR VEHICLE STRUCK MOTOR VEHICLE, FRONT END AT ANGLE",,0,Raining,Wet,Daylight,,4029021,,21,One car entering driveway access,0,0,N
1271812.624,224388.4466,3988,336900,338400,3887894,Unmatched,Intersection,29957,7TH AVE AND CHERRY ST, ,,0,Unknown,,0,0,0,0,0,0,0,2020/12/14 00:00:00+00,12/14/2020,At Intersection (intersection related),11,"MOTOR VEHICLE STRUCK MOTOR VEHICLE, FRONT END AT ANGLE",,,,,,,,, ,,0,0,Y
1271391.178,220765.3679,3989,12923,12923,1776526,Matched,Block,,4TH AVE S BETWEEN SEATTLE BLVD S AND I90 WB 4TH AV OFF RP,,,2,Injury Collision,Cycles,2,0,1,1,1,0,0,2004/04/21 00:00:00+00,4/21/2004 12:45,Driveway Junction,18,"MOTOR VEHICLE STRUCK PEDALCYCLIST, FRONT END AT ANGLE",,0,Clear,Wet,Daylight,,4112025,,45,Vehicle - Pedalcyclist,0,0,N
1274247.683,257195.7921,3990,17639,17639,527091,Matched,Block,,8TH AVE NE BETWEEN NE 91ST ST AND NE 92ND ST,,,1,Property Damage Only Collision,Parked Car,0,0,0,2,0,0,0,2004/04/16 00:00:00+00,4/16/2004 23:30,Mid-Block (not related to intersection),16,"MOTOR VEHICLE STRUCK MOTOR VEHICLE, LEFT SIDE SIDESWIPE",,0,Clear,Dry,Dark - Street Lights On,,4107011,,32,One parked--one moving,0,0,N
,,3991,17573,17573,1775717,Matched,,,,NEI,"Not Enough Information, or Insufficient Location Information",1,Property Damage Only Collision,Parked Car,2,0,0,2,0,0,0,2004/01/22 00:00:00+00,1/22/2004 12:57,,0,NOT ENOUGH INFORMATION / NOT APPLICABLE,,0,Overcast,Dry,Daylight,,4022028,,32,One parked--one moving,0,0,N
1275885.729,241688.878,3992,17669,17669,1793687,Matched,Intersection,27149,15TH AVE NE AND NE PACIFIC ST,,,1,Property Damage Only Collision,Angles,2,0,0,2,0,0,0,2004/06/23 00:00:00+00,6/23/2004 8:50,At Intersection (intersection related),11,"MOTOR VEHICLE STRUCK MOTOR VEHICLE, FRONT END AT ANGLE",Y,0,Clear,Dry,Daylight,,4175004,,10,Entering at angle,0,0,N
1268013.247,231940.8738,3993,319500,321000,3750505,Matched,Block,,AURORA AVE N BETWEEN ROY ST AND VALLEY ST, ,,1,Property Damage Only Collision,Sideswipe,2,0,0,2,0,0,0,2019/03/19 00:00:00+00,3/19/2019 17:22,Mid-Block (not related to intersection),14,"MOTOR VEHICLE STRUCK MOTOR VEHICLE, REAR END",Y,N,Clear,Dry,Daylight,,,,11,From same direction - both going straight - both moving - sideswipe,0,0,N
1268074.111,240292.612,3994,205400,205560,3738885,Matched,Intersection,26895,WOODLAND PARK AVE N AND N 34TH ST, ,,2,Injury Collision,Rear Ended,4,0,0,3,1,0,0,2015/10/23 00:00:00+00,10/23/2015 18:36,At Intersection (intersection related),14,"MOTOR VEHICLE STRUCK MOTOR VEHICLE, REAR END",Y,N,Clear,Dry,Dark - Street Lights On,,,,14,From same direction - both going straight - one stopped - rear-end,0,0,N
1272623.477,229604.6707,3995,17754,17754,1773390,Matched,Block,,E JOHN ST BETWEEN SUMMIT AVE E AND E OLIVE WAY,,,1,Property Damage Only Collision,Parked Car,2,0,0,2,0,0,0,2004/04/23 00:00:00+00,4/23/2004 10:00,Mid-Block (not related to intersection),11,"MOTOR VEHICLE STRUCK MOTOR VEHICLE, FRONT END AT ANGLE",,0,Raining,Wet,Daylight,,4114022,,32,One parked--one moving,0,0,N
1281795.159,244556.0237,3996,17101,17101,1792004,Unmatched,Block,,NE 45TH ST BETWEEN 36TH AVE NE AND 37TH AVE NE,,,0,Unknown,,0,0,0,0,0,0,0,2004/12/29 00:00:00+00,12/29/2004,Mid-Block (not related to intersection),26,MOTOR VEHICLE STRUCK OBJECT IN ROAD,,,,,,,4364041,,,,0,0,N
1259473.141,195526.8829,3997,17048,17048,1781625,Matched,Block,,34TH AVE SW BETWEEN SW CLOVERDALE ST AND SW TRENTON ST,,,1,Property Damage Only Collision,Parked Car,2,0,0,2,0,0,0,2004/11/30 00:00:00+00,11/30/2004 1:00,Mid-Block (not related to intersection),11,"MOTOR VEHICLE STRUCK MOTOR VEHICLE, FRONT END AT ANGLE",,0,Unknown,Unknown,Unknown,,4335034,,32,One parked--one moving,0,0,N
1267884.078,236230.1929,3998,302400,303638,3703917,Matched,Block,,AURORA AVE N BETWEEN HOWE ST AND LYNN ST, ,,2,Injury Collision,Other,1,0,0,1,1,0,0,2018/09/09 00:00:00+00,9/9/2018 23:42,Mid-Block (not related to intersection),28,MOTOR VEHICLE RAN OFF ROAD - HIT FIXED OBJECT,,N,Raining,Wet,Dark - Street Lights On,,,Y,50,Fixed object,0,0,N
1273153.234,220893.325,3999,16535,16535,3548988,Matched,Block,,S DEARBORN ST BETWEEN 8TH AVE S AND DEARBORN OFF RP, ,,1,Property Damage Only Collision,Rear Ended,4,0,0,2,0,0,0,2013/04/05 00:00:00+00,4/5/2013 9:50,Mid-Block (not related to intersection),14,"MOTOR VEHICLE STRUCK MOTOR VEHICLE, REAR END",Y,N,Clear,Dry,Daylight,,,,13,From same direction - both going straight - both moving - rear-end,0,0,N
1267002.489,230374.5425,4000,17363,17363,1784892,Matched,Block,,5TH AVE N BETWEEN BROAD ST AND HARRISON ST,,,1,Property Damage Only Collision,Sideswipe,2,0,0,2,0,0,0,2004/09/09 00:00:00+00,9/9/2004,Mid-Block (not related to intersection),11,"MOTOR VEHICLE STRUCK MOTOR VEHICLE, FRONT END AT ANGLE",,0,Clear,Dry,Daylight,,4253031,,11,From same direction - both going straight - both moving - sideswipe,0,0,N
1265046.793,247356.2569,4001,16940,16940,1794385,Unmatched,Block,,N 54TH ST BETWEEN 1ST AVE NW AND PALATINE AVE N,,,0,Unknown,,0,0,0,0,0,0,0,2004/10/27 00:00:00+00,10/27/2004,Mid-Block (but intersection related),14,"MOTOR VEHICLE STRUCK MOTOR VEHICLE, REAR END",,,,,,,4301043,,,,0,0,N
1260094.018,237138.8462,4002,17304,17304,1777012,Matched,Block,,15TH AVE W BETWEEN W BOSTON ST AND W WHEELER ST,,,1,Property Damage Only Collision,Parked Car,2,0,0,2,0,0,0,2004/03/26 00:00:00+00,3/26/2004 16:54,Mid-Block (not related to intersection),14,"MOTOR VEHICLE STRUCK MOTOR VEHICLE, REAR END",Y,0,Raining,Wet,Daylight,,4086046,,32,One parked--one moving,0,0,N
1265486.68,239831.1896,4003,325800,327300,E979938,Matched,Block,,WARREN AVE N BETWEEN FLORENTIA ST AND ETRURIA ST, ,,2,Injury Collision,Sideswipe,2,0,0,2,1,0,0,2019/11/07 00:00:00+00,11/7/2019 7:48,Mid-Block (not related to intersection),11,"MOTOR VEHICLE STRUCK MOTOR VEHICLE, FRONT END AT ANGLE",,N,Clear,Dry,Daylight,,,,11,From same direction - both going straight - both moving - sideswipe,0,0,N
1279176.998,220885.8995,4004,17404,17404,1074638,Matched,Block,,M L KING JR WAY S BETWEEN S LANE ST AND S DEARBORN ST,,,2b,Serious Injury Collision,Other,1,0,0,1,1,1,0,2004/04/10 00:00:00+00,4/10/2004 21:08,Mid-Block (not related to intersection),29,MOTOR VEHICLE OVERTURNED IN ROAD,,0,Clear,Dry,Dark - Street Lights On,,4101022,,52,Vehicle overturned,0,0,N
1266349.755,227323.0512,4005,17774,17774,1212747,Matched,Block,,ELLIOTT AVE BETWEEN BATTERY ST AND WALL ST,,,1,Property Damage Only Collision,Sideswipe,5,0,0,4,0,0,0,2004/01/14 00:00:00+00,1/14/2004 12:25,Mid-Block (not related to intersection),16,"MOTOR VEHICLE STRUCK MOTOR VEHICLE, LEFT SIDE SIDESWIPE",,0,Raining,Wet,Daylight,,4014029,,11,From same direction - both going straight - both moving - sideswipe,0,0,N
1278956.012,261546.2988,4006,16989,16989,1780500,Matched,Block,,LAKE CITY WAY NE BETWEEN NE 107TH ST AND NE 110TH ST,,,1,Property Damage Only Collision,Rear Ended,2,0,0,2,0,0,0,2004/09/25 00:00:00+00,9/25/2004 20:48,Mid-Block (not related to intersection),14,"MOTOR VEHICLE STRUCK MOTOR VEHICLE, REAR END",,0,Clear,Dry,Dark - Street Lights On,,4269008,Y,13,From same direction - both going straight - both moving - rear-end,0,0,N
1276466.533,254639.6587,4007,16689,16689,3501515,Matched,Intersection,24713,16TH AVE NE AND NE 82ND ST, ,,2,Injury Collision,Angles,4,0,0,2,1,0,0,2013/04/07 00:00:00+00,4/7/2013 15:17,At Intersection (intersection related),11,"MOTOR VEHICLE STRUCK MOTOR VEHICLE, FRONT END AT ANGLE",,N,Raining,Wet,Daylight,,,,10,Entering at angle,0,0,N
1279071.986,244381.0032,4008,17014,17014,1778885,Matched,Block,,MONTLAKE BLVD NE BETWEEN NE 44TH ST AND NE 45TH ST RP,,,1,Property Damage Only Collision,Rear Ended,3,0,0,2,0,0,0,2004/01/03 00:00:00+00,1/3/2004,Mid-Block (but intersection related),14,"MOTOR VEHICLE STRUCK MOTOR VEHICLE, REAR END",,0,Clear,Dry,Dark - Street Lights On,,4003009,,14,From same direction - both going straight - one stopped - rear-end,0,0,N