X,Y,OBJECTID,INCKEY,COLDETKEY,REPORTNO,STATUS,ADDRTYPE,INTKEY,LOCATION,EXCEPTRSNCODE,EXCEPTRSNDESC,SEVERITYCODE,SEVERITYDESC,COLLISIONTYPE,PERSONCOUNT,PEDCOUNT,PEDCYLCOUNT,VEHCOUNT,INJURIES,SERIOUSINJURIES,FATALITIES,INCDATE,INCDTTM,JUNCTIONTYPE,SDOT_COLCODE,SDOT_COLDESC,INATTENTIONIND,UNDERINFL,WEATHER,ROADCOND,LIGHTCOND,PEDROWNOTGRNT,SDOTCOLNUM,SPEEDING,ST_COLCODE,ST_COLDESC,SEGLANEKEY,CROSSWALKKEY,HITPARKEDCAR
1279379.04,214395.1228,4009,17422,17422,1771914,Matched,Intersection,31481,M L KING JR WAY S AND S MCCLELLAN ST,,,2,Injury Collision,Left Turn,6,0,0,2,4,0,0,2004/07/08 00:00:00+00,7/8/2004,At Intersection (intersection related),11,"MOTOR VEHICLE STRUCK MOTOR VEHICLE, FRONT END AT ANGLE",,0,Clear,Dry,Daylight,,4190014,,28,From opposite direction - one left turn - one straight,0,0,N
1269215.582,224984.4236,4010,17207,17207,1777285,Matched,Intersection,29604,1ST AVE AND UNIVERSITY ST,,,2,Injury Collision,Pedestrian,2,1,0,1,1,0,0,2004/01/14 00:00:00+00,1/14/2004 14:26,At Intersection (intersection related),24,MOTOR VEHCILE STRUCK PEDESTRIAN,,0,Raining,Wet,Daylight,,4014062,,0,Vehicle going straight hits pedestrian,0,0,N
1266511.744,236812.0035,4011,336600,338100,3884165,Unmatched,Block,,LYNN ST BETWEEN NOB HILL AVE N AND 4TH AVE N,NEI,"Not Enough Information, or Insufficient Location Information",0,Unknown,,0,0,0,0,0,0,0,2020/11/21 00:00:00+00,11/21/2020,Mid-Block (not related to intersection),0,NOT ENOUGH INFORMATION / NOT APPLICABLE,,,,,,,,, ,,0,0,N
1276711.903,222957.1593,4012,16575,16575,3645767,Matched,Intersection,30729,19TH AVE AND E YESLER WAY,NEI,"Not Enough Information, or Insufficient Location Information",1,Property Damage Only Collision,Rear Ended,3,0,0,2,0,0,0,2013/04/05 00:00:00+00,4/5/2013 11:50,At Intersection (intersection related),0,NOT ENOUGH INFORMATION / NOT APPLICABLE,,N,Raining,Wet,Daylight,,,,13,From same direction - both going straight - both moving - rear-end,0,0,N
1260291.3,247719.728,4013,16819,16819,3503144,Matched,Intersection,25416,15TH AVE NW AND NW MARKET ST, ,,1,Property Damage Only Collision,Angles,2,0,0,2,0,0,0,2013/04/07 00:00:00+00,4/7/2013 1:37,At Intersection (intersection related),11,"MOTOR VEHICLE STRUCK MOTOR VEHICLE, FRONT END AT ANGLE",,Y,Raining,Wet,Dark - Street Lights On,,,,10,Entering at angle,0,0,N
1263467.591,230677.7305,4014,16746,16746,3208657,Matched,Intersection,28649,4TH AVE W AND W HARRISON ST, ,,1,Property Damage Only Collision,Angles,2,0,0,2,0,0,0,2013/04/10 00:00:00+00,4/10/2013 17:45,At Intersection (intersection related),11,"MOTOR VEHICLE STRUCK MOTOR VEHICLE, FRONT END AT ANGLE",,N,Clear,Dry,Daylight,,,,10,Entering at angle,0,0,N
1266340.053,227767.2941,4015,309000,310280,E876715,Matched,Block,,WESTERN AVE BETWEEN WALL ST AND VINE ST, ,,1,Property Damage Only Collision,Rear Ended,3,0,0,2,0,0,0,2018/12/20 00:00:00+00,12/20/2018 14:21,Mid-Block (not related to intersection),14,"MOTOR VEHICLE STRUCK MOTOR VEHICLE, REAR END",,N,Raining,Wet,Daylight,,,,13,From same direction - both going straight - both moving - rear-end,0,0,N
1275853.778,220580.3917,4016,301400,302640,E831664,Matched,Block,,RAINIER AVE S BETWEEN S DEARBORN ST AND S CHARLES N ST, ,,1,Property Damage Only Collision,Sideswipe,3,0,0,2,0,0,0,2018/08/24 00:00:00+00,8/24/2018 12:36,Mid-Block (not related to intersection),14,"MOTOR VEHICLE STRUCK MOTOR VEHICLE, REAR END",,N,Clear,Dry,Daylight,,,,12,From same direction - both going straight - one stopped - sideswipe,0,0,N
1272421.385,212098.5912,4017,244500,245080,3730196,Matched,Block,,WEST SEATTLE BR WB BETWEEN I5 SB - W SEATTLE BR RP AND I5 NB - W SEATTLE BR RP, ,,1,Property Damage Only Collision,Rear Ended,2,0,0,2,0,0,0,2017/06/15 00:00:00+00,6/15/2017 19:29,Mid-Block (not related to intersection),14,"MOTOR VEHICLE STRUCK MOTOR VEHICLE, REAR END",,N,Raining,Wet,Daylight,,,,14,From same direction - both going straight - one stopped - rear-end,0,0,N
1273399.404,203242.7843,4018,17357,17357,4271032,Unmatched,Block,,S BAILEY ST BETWEEN CARLETON AVE S AND FLORA AVE S,,,0,Unknown,,0,0,0,0,0,0,0,2004/09/27 00:00:00+00,9/27/2004,Mid-Block (but intersection related),14,"MOTOR VEHICLE STRUCK MOTOR VEHICLE, REAR END",,,,,,,4271032,,,,0,0,N
1271290.441,228431.0839,4019,17075,17075,1328707,Matched,Block,,MINOR AVE BETWEEN OLIVE WAY AND HOWELL ST,,,1,Property Damage Only Collision,Parked Car,3,0,0,3,0,0,0,2004/08/27 00:00:00+00,8/27/2004 1:52,Mid-Block (not related to intersection),14,"MOTOR VEHICLE STRUCK MOTOR VEHICLE, REAR END",Y,1,Clear,Dry,Dark - Street Lights On,,4240029,,32,One parked--one moving,0,0,N
1276176.739,213077.3133,4020,17535,17535,1771605,Matched,Block,,BEACON AVE S BETWEEN S HANFORD ST AND S HORTON ST,,,2,Injury Collision,Cycles,2,0,1,1,1,0,0,2004/05/12 00:00:00+00,5/12/2004 17:17,Mid-Block (not related to intersection),51,PEDALCYCLIST STRUCK MOTOR VEHICLE FRONT END AT ANGLE,,0,Clear,Dry,Daylight,,4133006,,45,Vehicle - Pedalcyclist,0,0,N
1280766.358,211239.3303,4021,17769,17769,4183042,Unmatched,Block,,S CHARLESTOWN ST BETWEEN RAINIER AVE S AND 34TH AVE S,,,0,Unknown,,0,0,0,0,0,0,0,2004/07/01 00:00:00+00,7/1/2004,Mid-Block (but intersection related),14,"MOTOR VEHICLE STRUCK MOTOR VEHICLE, REAR END",,,,,,,4183042,,,,0,0,N
1266582.976,267499.3936,4022,17118,17118,1794184,Unmatched,Block,,N 130TH ST BETWEEN DAYTON AVE N AND EVANSTON AVE N,,,0,Unknown,,0,0,0,0,0,0,0,2004/11/29 00:00:00+00,11/29/2004,Driveway Junction,14,"MOTOR VEHICLE STRUCK MOTOR VEHICLE, REAR END",,,,,,,4334015,,,,0,0,N
1272107.041,224206.4079,4023,313000,314440,E888821,Matched,Block,,JAMES ST BETWEEN 7TH AVE AND 8TH AVE, ,,2,Injury Collision,Rear Ended,2,0,0,2,1,0,0,2018/12/18 00:00:00+00,12/18/2018 14:22,Mid-Block (not related to intersection),14,"MOTOR VEHICLE STRUCK MOTOR VEHICLE, REAR END",,N,Raining,Wet,Daylight,,,,14,From same direction - both going straight - one stopped - rear-end,0,0,N
1268369.102,266795.4396,4024,17288,17288,C649617,Matched,Intersection,35840,AURORA AVE N AND N 127TH ST,,,1,Property Damage Only Collision,Head On,2,0,0,2,0,0,0,2004/11/08 00:00:00+00,11/8/2004,At Intersection (intersection related),11,"MOTOR VEHICLE STRUCK MOTOR VEHICLE, FRONT END AT ANGLE",,0,Clear,Dry,Daylight,,4313036,,30,From opposite direction - all others,0,0,N
1268997.229,244890.6738,4025,16456,16456,3501988,Matched,Intersection,26793,INTERLAKE AVE N AND N 45TH ST, ,,2,Injury Collision,Angles,3,0,0,2,1,0,0,2013/04/04 00:00:00+00,4/4/2013 9:32,At Intersection (intersection related),11,"MOTOR VEHICLE STRUCK MOTOR VEHICLE, FRONT END AT ANGLE",,N,Overcast,Wet,Daylight,,,,10,Entering at angle,0,0,N
1258827.799,207501.7737,4026,17707,17707,1198003,Matched,Block,,37TH AVE SW BETWEEN SW EDMUNDS ST AND SW HUDSON ST,,,1,Property Damage Only Collision,Parked Car,2,0,0,2,0,0,0,2004/11/17 00:00:00+00,11/17/2004 12:54,Mid-Block (not related to intersection),16,"MOTOR VEHICLE STRUCK MOTOR VEHICLE, LEFT SIDE SIDESWIPE",,0,Clear,Dry,Daylight,,4322018,Y,32,One parked--one moving,0,0,N
1264883.351,229363.6142,4027,16724,16724,3546509,Matched,Block,,DENNY WAY BETWEEN QUEEN ANNE AVE N AND 1ST AVE, ,,1,Property Damage Only Collision,Sideswipe,2,0,0,2,0,0,0,2013/04/09 00:00:00+00,4/9/2013 13:00,Mid-Block (not related to intersection),11,"MOTOR VEHICLE STRUCK MOTOR VEHICLE, FRONT END AT ANGLE",,N,Clear,Dry,Daylight,,,,11,From same direction - both going straight - both moving - sideswipe,0,0,N
1272476.205,221825.7853,4028,17312,17312,1776428,Matched,Block,,S KING ST BETWEEN MAYNARD AVE S AND MAYNARD AL S,,,1,Property Damage Only Collision,Other,2,0,0,2,0,0,0,2004/02/21 00:00:00+00,2/21/2004 21:15,Mid-Block (but intersection related),11,"MOTOR VEHICLE STRUCK MOTOR VEHICLE, FRONT END AT ANGLE",,0,Clear,Dry,Dark - Street Lights On,,4052023,,23,From same direction - all others,0,0,N
1278221.585,246971.4813,4029,16493,16493,3615271,Matched,Block,,RAVENNA AVE NE BETWEEN NE 53RD ST AND NE 54TH E ST,NEI,"Not Enough Information, or Insufficient Location Information",1,Property Damage Only Collision,Parked Car,2,0,0,2,0,0,0,2013/04/03 00:00:00+00,4/3/2013 20:30,,0,NOT ENOUGH INFORMATION / NOT APPLICABLE,,N,Unknown,Unknown,Unknown,,,,32,One parked--one moving,0,0,N
1271135.639,223079.4393,4030,311600,312960,E885748,Matched,Intersection,30487,3RD AVE AND YESLER WAY, ,,2,Injury Collision,Pedestrian,2,1,0,1,1,0,0,2019/01/11 00:00:00+00,1/11/2019 8:24,At Intersection (intersection related),24,MOTOR VEHCILE STRUCK PEDESTRIAN,,N,Overcast,Dry,Daylight,,,,1,Vehicle turning right hits pedestrian,0,0,N
1262760.666,247529.7903,4031,17413,17413,1782989,Matched,Block,,8TH AVE NW BETWEEN NW 54TH ST AND NW MARKET ST,,,1,Property Damage Only Collision,Other,1,0,0,1,0,0,0,2004/05/13 00:00:00+00,5/13/2004 8:03,Mid-Block (but intersection related),28,MOTOR VEHICLE RAN OFF ROAD - HIT FIXED OBJECT,Y,0,Clear,Dry,Daylight,,4134001,,50,Fixed object,0,0,N
1263005.464,199278.7662,4032,17646,17646,1781671,Matched,Block,,DELRIDGE WAY SW BETWEEN SYLVAN WAY SW AND SW WEBSTER ST,,,2,Injury Collision,Rear Ended,3,0,0,2,1,0,0,2004/06/11 00:00:00+00,6/11/2004 14:22,Mid-Block (not related to intersection),14,"MOTOR VEHICLE STRUCK MOTOR VEHICLE, REAR END",,0,Clear,Dry,Daylight,,4163041,,14,From same direction - both going straight - one stopped - rear-end,0,0,N
1276116.688,261953.0701,4033,17433,17433,1794701,Matched,Block,,NE NORTHGATE WAY BETWEEN 14TH AVE NE AND 15TH AVE NE,,,1,Property Damage Only Collision,Sideswipe,2,0,0,2,0,0,0,2004/09/24 00:00:00+00,9/24/2004 17:00,Mid-Block (not related to intersection),16,"MOTOR VEHICLE STRUCK MOTOR VEHICLE, LEFT SIDE SIDESWIPE",,0,Unknown,Unknown,Unknown,,4268003,,11,From same direction - both going straight - both moving - sideswipe,0,0,N
1250647.895,215036.4261,4034,17821,17821,1781751,Matched,Block,,ALKI AVE SW BETWEEN 62ND AVE SW AND 63RD AVE SW,,,1,Property Damage Only Collision,Other,1,0,0,1,0,0,0,2004/01/01 00:00:00+00,1/1/2004,Mid-Block (but intersection related),28,MOTOR VEHICLE RAN OFF ROAD - HIT FIXED OBJECT,Y,0,Overcast,Dry,Daylight,,4001004,,50,Fixed object,0,0,N
1276079.392,245372.7728,4035,224200,224480,3767611,Matched,Intersection,26066,15TH AVE NE AND NE 47TH ST, ,,1,Property Damage Only Collision,Other,2,0,0,2,0,0,0,2016/07/20 00:00:00+00,7/20/2016 15:40,At Intersection (intersection related),14,"MOTOR VEHICLE STRUCK MOTOR VEHICLE, REAR END",Y,N,Clear,Dry,Daylight,,,,23,From same direction - all others,0,0,N
1282519.082,244877.3931,4036,16952,16952,C629678,Matched,Block,,SAND POINT WAY NE BETWEEN NE 45TH ST AND 40TH AVE NE,,,2,Injury Collision,Rear Ended,2,0,0,2,1,0,0,2004/03/17 00:00:00+00,3/17/2004 11:51,Mid-Block (but intersection related),14,"MOTOR VEHICLE STRUCK MOTOR VEHICLE, REAR END",,0,Raining,Wet,Daylight,,4077035,,14,From same direction - both going straight - one stopped - rear-end,0,0,N
1264518.724,229132.405,4037,17759,17759,1316769,Matched,Block,,ELLIOTT AVE BETWEEN BAY ST AND W DENNY WAY,,,1,Property Damage Only Collision,Parked Car,2,0,0,2,0,0,0,2004/03/02 00:00:00+00,3/2/2004,Mid-Block (not related to intersection),16,"MOTOR VEHICLE STRUCK MOTOR VEHICLE, LEFT SIDE SIDESWIPE",,0,Clear,Dry,Daylight,,4062002,,32,One parked--one moving,0,0,N
1275095.502,205870.1188,4038,16841,16841,3467473,Matched,Block,,S BENNETT ST BETWEEN 15TH AVE S AND 16TH AVE S, ,,1,Property Damage Only Collision,Parked Car,2,0,0,2,0,0,0,2013/04/14 00:00:00+00,4/14/2013 22:35,Mid-Block (not related to intersection),16,"MOTOR VEHICLE STRUCK MOTOR VEHICLE, LEFT SIDE SIDESWIPE",Y,N,Clear,Dry,Dark - Street Lights On,,,,32,One parked--one moving,0,0,N
1269257.613,193953.729,4039,16761,16761,3380834,Matched,Block,,OLSON PL SW BETWEEN 1ST AVE S AND 2ND AVE SW, ,,1,Property Damage Only Collision,Rear Ended,5,0,0,3,0,0,0,2013/04/10 00:00:00+00,4/10/2013 8:38,Mid-Block (not related to intersection),14,"MOTOR VEHICLE STRUCK MOTOR VEHICLE, REAR END",,N,Raining,Wet,Daylight,,,Y,14,From same direction - both going straight - one stopped - rear-end,0,0,N
1291141.672,185485.7542,4040,16447,16447,3672353,Matched,Block,,S 115TH ST BETWEEN 70TH PL S AND 71ST PL S, ,,2,Injury Collision,Parked Car,3,0,0,3,1,0,0,2013/03/28 00:00:00+00,3/28/2013 21:04,Mid-Block (not related to intersection),14,"MOTOR VEHICLE STRUCK MOTOR VEHICLE, REAR END",,N,Clear,Dry,Dark - Street Lights On,,,,32,One parked--one moving,0,0,N
1255590.091,209578.0887,4041,17201,17201,1795190,Unmatched,Block,,47TH AVE SW BETWEEN SW GENESEE ST AND SW OREGON ST,,,0,Unknown,,0,0,0,0,0,0,0,2004/09/11 00:00:00+00,9/11/2004,Driveway Junction,11,"MOTOR VEHICLE STRUCK MOTOR VEHICLE, FRONT END AT ANGLE",,,,,,,4255016,,,,0,0,N
1274103.819,210438.6129,4042,317300,318800,E908202,Unmatched,Intersection,32284,12TH AVE S AND S DAKOTA ST, ,,0,Unknown,,2,0,0,0,0,0,0,2019/03/10 00:00:00+00,3/10/2019,At Intersection (intersection related),0,NOT ENOUGH INFORMATION / NOT APPLICABLE,,,,,,,,, ,,0,0,Y
1265552.105,253082.13,4043,17596,17596,1222250,Unmatched,Block,,GREENWOOD AVE N BETWEEN N 75TH ST AND N 76TH ST,,,0,Unknown,,0,0,0,0,0,0,0,2004/09/13 00:00:00+00,9/13/2004,Mid-Block (but intersection related),28,MOTOR VEHICLE RAN OFF ROAD - HIT FIXED OBJECT,,,,,,,4257003,,,,0,0,N
1263899.45,239306.093,4044,16872,16872,3506131,Matched,Intersection,27766,3RD AVE W AND W FULTON ST, ,,1,Property Damage Only Collision,Left Turn,3,0,0,2,0,0,0,2013/04/13 00:00:00+00,4/13/2013 11:18,At Intersection (intersection related),11,"MOTOR VEHICLE STRUCK MOTOR VEHICLE, FRONT END AT ANGLE",Y,N,Clear,Dry,Daylight,,,,28,From opposite direction - one left turn - one straight,0,0,N
1260228.624,245895.7017,4045,307200,308480,E863188,Matched,Intersection,25187,15TH SB AVE NW AND NW LEARY WAY, ,,1,Property Damage Only Collision,Other,1,0,0,1,0,0,0,2018/11/20 00:00:00+00,11/20/2018 13:56,At Intersection (intersection related),28,MOTOR VEHICLE RAN OFF ROAD - HIT FIXED OBJECT,Y,N,Clear,Dry,Daylight,,,,50,Fixed object,0,0,N
1263830.782,196759.6461,4046,16675,16675,3380713,Matched,Block,,18TH AVE SW BETWEEN SW ELMGROVE ST AND SW THISTLE ST, ,,1,Property Damage Only Collision,Parked Car,2,0,0,2,0,0,0,2013/04/08 00:00:00+00,4/8/2013 12:00,Mid-Block (not related to intersection),11,"MOTOR VEHICLE STRUCK MOTOR VEHICLE, FRONT END AT ANGLE",,N,Clear,Dry,Daylight,,,,32,One parked--one moving,0,0,N
1285492.091,199179.9031,4047,17852,17852,1227121,Unmatched,Intersection,34470,RAINIER AVE S AND S OTHELLO ST,,,0,Unknown,,0,0,0,0,0,0,0,2004/12/17 00:00:00+00,12/17/2004,At Intersection (intersection related),11,"MOTOR VEHICLE STRUCK MOTOR VEHICLE, FRONT END AT ANGLE",,,,,,,4352015,,,,0,0,N
1273632.888,266793.3286,4048,17641,17641,1475649,Matched,Block,,5TH AVE NE BETWEEN NE 127TH ST AND 130TH ST OFF RP,,,1,Property Damage Only Collision,Other,1,0,0,1,0,0,0,2004/06/09 00:00:00+00,6/9/2004,Mid-Block (not related to intersection),28,MOTOR VEHICLE RAN OFF ROAD - HIT FIXED OBJECT,,0,Raining,Wet,Dark - Street Lights Off,,4161029,Y,50,Fixed object,0,0,N
1274659.307,224878.7267,4049,17721,17721,1198516,Unmatched,Block,,E BARCLAY CT BETWEEN 12TH AVE AND 13TH AVE,,,0,Unknown,,0,0,0,0,0,0,0,2004/12/26 00:00:00+00,12/26/2004,Mid-Block (not related to intersection),14,"MOTOR VEHICLE STRUCK MOTOR VEHICLE, REAR END",,,,,,,4361021,,,,0,0,N
1281503.083,255005.1722,4050,17519,17519,4077039,Unmatched,Block,,35TH AVE NE BETWEEN NE 84TH ST AND NE 85TH ST,,,0,Unknown,,0,0,0,0,0,0,0,2004/03/17 00:00:00+00,3/17/2004,Driveway Junction,14,"MOTOR VEHICLE STRUCK MOTOR VEHICLE, REAR END",,,,,,,4077039,,,,0,0,N
1270048.098,228312.2103,4051,338200,339700,EB07981,Unmatched,Block,,9TH AVE BETWEEN STEWART ST AND VIRGINIA ST, ,,1,Property Damage Only Collision,,2,0,0,0,0,0,0,2021/02/19 00:00:00+00,2/19/2021,Mid-Block (not related to intersection),16,"MOTOR VEHICLE STRUCK MOTOR VEHICLE, LEFT SIDE SIDESWIPE",,,,,,,,, ,,0,0,Y
1273886.067,227120.9681,4052,204800,204940,3737763,Matched,Intersection,29759,10TH AVE AND E UNION ST, ,,1,Property Damage Only Collision,Other,1,0,0,1,0,0,0,2015/10/14 00:00:00+00,10/14/2015 3:50,At Intersection (intersection related),26,MOTOR VEHICLE STRUCK OBJECT IN ROAD,,N,Clear,Dry,Dark - Street Lights On,,,,50,Fixed object,0,0,N
1259827.161,240359.3348,4053,17601,17601,1777341,Matched,Intersection,26470,16TH AVE W AND W DRAVUS ST,,,1,Property Damage Only Collision,Left Turn,2,0,0,2,0,0,0,2004/04/28 00:00:00+00,4/28/2004 14:42,At Intersection (intersection related),11,"MOTOR VEHICLE STRUCK MOTOR VEHICLE, FRONT END AT ANGLE",,0,Clear,Dry,Daylight,,4119007,,28,From opposite direction - one left turn - one straight,0,0,N
1255107.014,204980.2933,4054,16965,16965,1203773,Matched,Block,,48TH AVE SW BETWEEN SW FINDLAY ST AND SW JUNEAU ST,,,2,Injury Collision,Parked Car,2,0,0,2,1,0,0,2004/03/19 00:00:00+00,3/19/2004 0:40,Mid-Block (not related to intersection),14,"MOTOR VEHICLE STRUCK MOTOR VEHICLE, REAR END",,1,Overcast,Dry,Dark - Street Lights On,,4079003,Y,32,One parked--one moving,0,0,N
,,4055,16909,16909,3581939,Matched,,,,NEI,"Not Enough Information, or Insufficient Location Information",1,Property Damage Only Collision,Parked Car,2,0,0,2,0,0,0,2013/04/12 00:00:00+00,4/12/2013 18:00,,0,NOT ENOUGH INFORMATION / NOT APPLICABLE,,N,Unknown,Unknown,Unknown,,,,32,One parked--one moving,0,0,N
1279176.998,220885.8995,4056,301900,303120,3814161,Matched,Block,,M L KING JR WAY S BETWEEN S LANE ST AND S DEARBORN ST, ,,2,Injury Collision,Rear Ended,3,0,0,2,1,0,0,2018/08/19 00:00:00+00,8/19/2018 23:23,Mid-Block (not related to intersection),14,"MOTOR VEHICLE STRUCK MOTOR VEHICLE, REAR END",,N,Clear,Dry,Dark - Street Lights On,,,Y,14,From same direction - both going straight - one stopped - rear-end,0,0,N
1275261.115,244196.3988,4057,16536,16536,3612956,Matched,Block,,NE 43RD ST BETWEEN 12TH AVE NE AND DEAD END 1, ,,1,Property Damage Only Collision,Parked Car,2,0,0,2,0,0,0,2013/04/07 00:00:00+00,4/7/2013 17:50,Mid-Block (not related to intersection),11,"MOTOR VEHICLE STRUCK MOTOR VEHICLE, FRONT END AT ANGLE",,N,Clear,Wet,Dark - Street Lights On,,,,32,One parked--one moving,0,0,N
1275016.002,246065.9995,4058,17663,17663,1080191,Matched,Intersection,25790,11TH AVE NE AND NE 50TH ST,,,1,Property Damage Only Collision,Sideswipe,3,0,0,2,0,0,0,2004/10/04 00:00:00+00,10/4/2004,At Intersection (intersection related),16,"MOTOR VEHICLE STRUCK MOTOR VEHICLE, LEFT SIDE SIDESWIPE",,0,Clear,Dry,Dark - Street Lights On,,4278011,,11,From same direction - both going straight - both moving - sideswipe,0,0,N
1273543.43,226301.26,4059,16937,16937,1790061,Matched,Block,,BROADWAY BETWEEN MARION ST AND MADISON ST,,,1,Property Damage Only Collision,Other,3,0,0,2,0,0,0,2004/04/25 00:00:00+00,4/25/2004 23:59,Mid-Block (not related to intersection),11,"MOTOR VEHICLE STRUCK MOTOR VEHICLE, FRONT END AT ANGLE",,0,Clear,Dry,Dark - Street Lights On,,4116023,,23,From same direction - all others,0,0,N
,,4060,16868,16868,3503732,Matched,Block,,MERCER ST BETWEEN BROAD ST EB OFF RP AND 9TH AVE N, ,,1,Property Damage Only Collision,Sideswipe,2,0,0,2,0,0,0,2013/04/12 00:00:00+00,4/12/2013 17:25,Mid-Block (but intersection related),11,"MOTOR VEHICLE STRUCK MOTOR VEHICLE, FRONT END AT ANGLE",Y,N,Raining,Wet,Daylight,,,,11,From same direction - both going straight - both moving - sideswipe,0,0,N
1255951.253,201559.5866,4061,305900,307180,3731755,Matched,Block,,FAUNTLEROY WAY SW BETWEEN SW WILLOW ST AND SW MILLS ST, ,,1,Property Damage Only Collision,Parked Car,2,0,0,2,0,0,0,2018/10/20 00:00:00+00,10/20/2018 5:00,Mid-Block (not related to intersection),14,"MOTOR VEHICLE STRUCK MOTOR VEHICLE, REAR END",,N,Clear,Dry,Dark - Street Lights On,,,,32,One parked--one moving,0,0,Y
1270306.74,231478.6133,4062,17837,17837,1071971,Matched,Intersection,28760,FAIRVIEW AVE N AND MERCER ST,,,1,Property Damage Only Collision,Other,2,0,0,2,0,0,0,2004/01/04 00:00:00+00,1/4/2004,At Intersection (intersection related),11,"MOTOR VEHICLE STRUCK MOTOR VEHICLE, FRONT END AT ANGLE",,0,Clear,Dry,Daylight,,4004015,,23,From same direction - all others,0,0,N
1268651.367,255537.8133,4063,17772,17772,1773504,Matched,Block,,N 85TH ST BETWEEN NESBIT AVE N AND MIDVALE AVE N,,,3,Fatality Collision,Pedestrian,2,1,0,1,0,0,1,2004/02/28 00:00:00+00,2/28/2004 1:52,Mid-Block (not related to intersection),24,MOTOR VEHCILE STRUCK PEDESTRIAN,,1,Clear,Dry,Dark - Street Lights On,Y,4059003,,0,Vehicle going straight hits pedestrian,0,0,N
,,4064,17132,17132,1181461,Matched,Block,,ALASKAN WY VI NB BETWEEN S ROYAL BROUGHAM WAY ON RP AND SENECA ST OFF RP,,,1,Property Damage Only Collision,Rear Ended,2,0,0,2,0,0,0,2004/01/09 00:00:00+00,1/9/2004,Mid-Block (not related to intersection),14,"MOTOR VEHICLE STRUCK MOTOR VEHICLE, REAR END",,0,Raining,Wet,Dark - Street Lights On,,4009039,,14,From same direction - both going straight - one stopped - rear-end,0,0,N
1285492.091,199179.9031,4065,333000,334500,3834534,Matched,Intersection,34470,RAINIER AVE S AND S OTHELLO ST, ,,1,Property Damage Only Collision,Rear Ended,3,0,0,2,0,0,0,2020/07/30 00:00:00+00,7/30/2020 15:34,At Intersection (intersection related),14,"MOTOR VEHICLE STRUCK MOTOR VEHICLE, REAR END",,N,Clear,Dry,Daylight,,,,14,From same direction - both going straight - one stopped - rear-end,0,0,N
1271276.504,223714.5061,4066,17293,17293,1474743,Matched,Block,,JAMES ST BETWEEN 4TH AVE AND 5TH AVE,,,1,Property Damage Only Collision,Other,1,0,0,1,0,0,0,2004/05/22 00:00:00+00,5/22/2004 22:50,Mid-Block (not related to intersection),28,MOTOR VEHICLE RAN OFF ROAD - HIT FIXED OBJECT,,0,Clear,Dry,Dark - Street Lights On,,4143011,,50,Fixed object,0,0,N
1273238.496,250710.6275,4067,16451,16451,3501511,Matched,Intersection,24594,NE 68TH ST AND NE RAVENNA EB BV, ,,1,Property Damage Only Collision,Angles,2,0,0,2,0,0,0,2013/04/04 00:00:00+00,4/4/2013 11:16,At Intersection (intersection related),11,"MOTOR VEHICLE STRUCK MOTOR VEHICLE, FRONT END AT ANGLE",,N,Raining,Wet,Daylight,,,,10,Entering at angle,0,0,N
1289671.953,187239.1822,4068,17420,17420,1771788,Matched,Block,,RENTON AVE S BETWEEN S HAZEL ST AND S FOUNTAIN ST,,,1,Property Damage Only Collision,Parked Car,4,0,0,4,0,0,0,2004/12/05 00:00:00+00,12/5/2004,Mid-Block (not related to intersection),14,"MOTOR VEHICLE STRUCK MOTOR VEHICLE, REAR END",,0,Unknown,Unknown,Unknown,,4340023,,32,One parked--one moving,0,0,N
1263053.253,244117.3544,4069,17061,17061,C649618,Matched,Intersection,26627,LEARY WAY NW AND NW 43RD ST,,,2,Injury Collision,Angles,2,0,0,2,1,0,0,2004/11/08 00:00:00+00,11/8/2004,At Intersection (intersection related),11,"MOTOR VEHICLE STRUCK MOTOR VEHICLE, FRONT END AT ANGLE",,0,Overcast,Dry,Daylight,,4313037,,10,Entering at angle,0,0,N
1268353.834,265256.6097,4070,337200,338700,3884085,Matched,Block,,AURORA AVE N BETWEEN N 117TH PL AND N 125TH ST, ,,2,Injury Collision,Rear Ended,2,0,0,2,1,0,0,2020/12/31 00:00:00+00,12/31/2020 12:27,Mid-Block (not related to intersection),14,"MOTOR VEHICLE STRUCK MOTOR VEHICLE, REAR END",,N,Overcast,Dry,Daylight,,,,14,From same direction - both going straight - one stopped - rear-end,0,0,N
1267529.5,232109.622,4071,16409,16409,3598982,Matched,Block,,VALLEY ST BETWEEN TAYLOR AVE N AND 6TH AVE N, ,,1,Property Damage Only Collision,Parked Car,2,0,0,2,0,0,0,2013/04/05 00:00:00+00,4/5/2013 1:41,Mid-Block (not related to intersection),16,"MOTOR VEHICLE STRUCK MOTOR VEHICLE, LEFT SIDE SIDESWIPE",,N,Raining,Wet,Dark - Street Lights On,,,,32,One parked--one moving,0,0,N
1279201.906,212075.4997,4072,17089,17089,1779507,Matched,Intersection,32427,M L KING JR ER WAY S AND S WALDEN ST,,,1,Property Damage Only Collision,Angles,2,0,0,2,0,0,0,2004/09/15 00:00:00+00,9/15/2004 10:55,At Intersection (intersection related),11,"MOTOR VEHICLE STRUCK MOTOR VEHICLE, FRONT END AT ANGLE",Y,0,Clear,Dry,Daylight,,4259026,,10,Entering at angle,0,0,N