X,Y,OBJECTID,INCKEY,COLDETKEY,REPORTNO,STATUS,ADDRTYPE,INTKEY,LOCATION,EXCEPTRSNCODE,EXCEPTRSNDESC,SEVERITYCODE,SEVERITYDESC,COLLISIONTYPE,PERSONCOUNT,PEDCOUNT,PEDCYLCOUNT,VEHCOUNT,INJURIES,SERIOUSINJURIES,FATALITIES,INCDATE,INCDTTM,JUNCTIONTYPE,SDOT_COLCODE,SDOT_COLDESC,INATTENTIONIND,UNDERINFL,WEATHER,ROADCOND,LIGHTCOND,PEDROWNOTGRNT,SDOTCOLNUM,SPEEDING,ST_COLCODE,ST_COLDESC,SEGLANEKEY,CROSSWALKKEY,HITPARKEDCAR
1272892.055,231583.1511,4073,17177,17177,1797011,Matched,Block,,E ROY ST BETWEEN BELMONT AVE E AND BOYLSTON W AVE E,,,1,Property Damage Only Collision,Other,1,0,0,1,0,0,0,2004/12/18 00:00:00+00,12/18/2004 2:03,Mid-Block (but intersection related),28,MOTOR VEHICLE RAN OFF ROAD - HIT FIXED OBJECT,,0,Clear,Wet,Dark - Street Lights On,,4353045,,50,Fixed object,0,0,N
1268296.809,225986.5244,4074,16658,16658,3614978,Unmatched,Block,,PIKE PL BETWEEN PINE ST AND STEWART ST,NEI,"Not Enough Information, or Insufficient Location Information",0,Unknown,,0,0,0,0,0,0,0,2013/04/08 00:00:00+00,4/8/2013,Mid-Block (not related to intersection),0,NOT ENOUGH INFORMATION / NOT APPLICABLE,,,,,,,,, ,,0,0,N
1275038.352,210427.0133,4075,16515,16515,3502165,Matched,Intersection,32287,15TH AVE S AND S DAKOTA ST, ,,1,Property Damage Only Collision,Left Turn,4,0,0,3,0,0,0,2013/04/05 00:00:00+00,4/5/2013 7:42,At Intersection (intersection related),11,"MOTOR VEHICLE STRUCK MOTOR VEHICLE, FRONT END AT ANGLE",,N,Raining,Wet,Daylight,,,,28,From opposite direction - one left turn - one straight,0,0,N
1268405.608,269783.8412,4076,278600,279500,E781642,Matched,Block,,AURORA AVE N BETWEEN N 137TH ST AND N 140TH ST, ,,2,Injury Collision,Rear Ended,3,0,0,2,2,0,0,2018/03/23 00:00:00+00,3/23/2018 16:55,Mid-Block (not related to intersection),14,"MOTOR VEHICLE STRUCK MOTOR VEHICLE, REAR END",,N,Overcast,Wet,Daylight,,,,14,From same direction - both going straight - one stopped - rear-end,0,0,N
1278832.911,265837.222,4077,17658,17658,1773730,Matched,Block,,NE 125TH ST BETWEEN 24TH E AVE NE AND 25TH AVE NE,,,2,Injury Collision,Rear Ended,4,0,0,2,1,0,0,2004/01/21 00:00:00+00,1/21/2004 18:30,Mid-Block (but intersection related),14,"MOTOR VEHICLE STRUCK MOTOR VEHICLE, REAR END",Y,0,Clear,Dry,Dark - Street Lights On,,4021002,,14,From same direction - both going straight - one stopped - rear-end,0,0,N
1285685.935,204890.8691,4078,17434,17434,1793584,Matched,Intersection,33489,51ST AVE S AND S LUCILE ST,,,1,Property Damage Only Collision,Angles,2,0,0,2,0,0,0,2004/11/02 00:00:00+00,11/2/2004,At Intersection (intersection related),11,"MOTOR VEHICLE STRUCK MOTOR VEHICLE, FRONT END AT ANGLE",,0,Overcast,Wet,Dark - Street Lights On,,4307006,,10,Entering at angle,0,0,N
1276678.538,245024.26,4079,17397,17397,1797167,Matched,Block,,17TH NB AVE NE BETWEEN NE 45TH ST AND NE 47TH ST,,,1,Property Damage Only Collision,Parked Car,2,0,0,2,0,0,0,2004/11/02 00:00:00+00,11/2/2004,Mid-Block (not related to intersection),15,"MOTOR VEHICLE STRUCK MOTOR VEHICLE, RIGHT SIDE SIDESWIPE",,0,Overcast,Unknown,Dark - Street Lights On,,4307001,,32,One parked--one moving,0,0,N
1270479.872,225377.2761,4080,17599,17599,1777189,Matched,Intersection,29929,5TH AVE AND SENECA ST,,,2,Injury Collision,Pedestrian,2,1,0,1,1,0,0,2004/12/02 00:00:00+00,12/2/2004,At Intersection (intersection related),24,MOTOR VEHCILE STRUCK PEDESTRIAN,,0,Clear,Dry,Daylight,Y,4337019,,1,Vehicle turning right hits pedestrian,0,0,N
1267034.318,231627.0245,4081,17332,17332,4227039,Unmatched,Block,,5TH AVE N BETWEEN MERCER ST AND ROY ST,,,0,Unknown,,0,0,0,0,0,0,0,2004/08/14 00:00:00+00,8/14/2004,Mid-Block (but intersection related),14,"MOTOR VEHICLE STRUCK MOTOR VEHICLE, REAR END",,,,,,,4227039,,,,0,0,N
1276630.29,245024.6226,4082,17121,17121,4200026,Unmatched,Block,,17TH SB AVE NE BETWEEN NE 45TH ST AND NE 47TH ST,,,0,Unknown,,0,0,0,0,0,0,0,2004/07/18 00:00:00+00,7/18/2004,Mid-Block (not related to intersection),14,"MOTOR VEHICLE STRUCK MOTOR VEHICLE, REAR END",,,,,,,4200026,,,,0,0,N
1276138.41,247362.2955,4083,330800,332300,EA10397,Matched,Intersection,26013,15TH AVE NE AND NE 55TH ST, ,,1,Property Damage Only Collision,Angles,6,0,0,4,0,0,0,2020/01/23 00:00:00+00,1/23/2020 16:20,At Intersection (intersection related),11,"MOTOR VEHICLE STRUCK MOTOR VEHICLE, FRONT END AT ANGLE",,N,Raining,Wet,Daylight,,,,10,Entering at angle,0,0,N
1267581.438,255034.2466,4084,16856,16856,3608751,Matched,Intersection,24273,LINDEN AVE N AND N 83RD ST, ,,2,Injury Collision,Angles,2,0,0,2,2,0,0,2013/04/12 00:00:00+00,4/12/2013 14:05,At Intersection (intersection related),11,"MOTOR VEHICLE STRUCK MOTOR VEHICLE, FRONT END AT ANGLE",,N,Raining,Wet,Daylight,,,,10,Entering at angle,0,0,N
1285320.889,195234.3692,4085,323400,324900,3806957,Matched,Block,,S CLOVERDALE ST BETWEEN 50TH AVE S AND RAINIER AVE S, ,,1,Property Damage Only Collision,Other,1,0,0,1,0,0,0,2019/09/15 00:00:00+00,9/15/2019 4:07,Mid-Block (not related to intersection),26,MOTOR VEHICLE STRUCK OBJECT IN ROAD,,N,Raining,Wet,Dark - Street Lights On,,,Y,50,Fixed object,0,0,N
1276283.494,261948.6197,4086,17203,17203,1220476,Matched,Intersection,36506,15TH AVE NE AND NE NORTHGATE WAY,,,1,Property Damage Only Collision,Angles,4,0,0,2,0,0,0,2004/08/10 00:00:00+00,8/10/2004 14:45,At Intersection (intersection related),11,"MOTOR VEHICLE STRUCK MOTOR VEHICLE, FRONT END AT ANGLE",,0,Clear,Dry,Daylight,,4223036,,10,Entering at angle,0,0,N
1264613.161,255642.0998,4087,16550,16550,3612935,Matched,Block,,NW 85TH ST BETWEEN 1ST AVE NW AND 3RD AVE NW, ,,2,Injury Collision,Left Turn,4,0,0,2,1,0,0,2013/04/04 00:00:00+00,4/4/2013 14:07,Mid-Block (not related to intersection),11,"MOTOR VEHICLE STRUCK MOTOR VEHICLE, FRONT END AT ANGLE",,N,Raining,Wet,Daylight,,,,28,From opposite direction - one left turn - one straight,0,0,N
1263350.715,237052.7437,4088,16888,16888,3599166,Matched,Block,,W MCGRAW ST BETWEEN 4TH AVE W AND 5TH AVE W, ,,1,Property Damage Only Collision,Parked Car,2,0,0,2,0,0,0,2013/04/14 00:00:00+00,4/14/2013 12:28,Mid-Block (not related to intersection),14,"MOTOR VEHICLE STRUCK MOTOR VEHICLE, REAR END",,N,Clear,Dry,Unknown,,,,32,One parked--one moving,0,0,N
1267031.081,231470.3203,4089,16474,16474,3581708,Matched,Intersection,28914,5TH AVE N AND MERCER ST, ,,1,Property Damage Only Collision,Angles,4,0,0,2,0,0,0,2013/04/03 00:00:00+00,4/3/2013 20:30,At Intersection (intersection related),11,"MOTOR VEHICLE STRUCK MOTOR VEHICLE, FRONT END AT ANGLE",,N,Clear,Dry,Dark - Street Lights On,,,,10,Entering at angle,0,0,N
1256904.121,208875.4186,4090,16674,16674,3380698,Matched,Block,,CALIFORNIA AVE SW BETWEEN SW OREGON ST AND SW ALASKA ST, ,,1,Property Damage Only Collision,Parked Car,5,0,0,2,0,0,0,2013/04/09 00:00:00+00,4/9/2013 14:41,Mid-Block (not related to intersection),16,"MOTOR VEHICLE STRUCK MOTOR VEHICLE, LEFT SIDE SIDESWIPE",Y,N,Overcast,Dry,Daylight,,,,32,One parked--one moving,0,0,N
1272076.627,246150.2371,4091,17416,17416,1774243,Unmatched,Intersection,25871,1ST AVE NE AND NE 50TH ST,,,0,Unknown,,0,0,0,0,0,0,0,2004/12/09 00:00:00+00,12/9/2004,At Intersection (intersection related),11,"MOTOR VEHICLE STRUCK MOTOR VEHICLE, FRONT END AT ANGLE",,,,,,,4344038,,,,0,0,N
1292101.363,185958.0284,4092,17489,17489,1784326,Matched,Block,,WOODLEY AVE S BETWEEN LAKE RIDGE DR S AND S 115TH ST,,,1,Property Damage Only Collision,Parked Car,2,0,0,2,0,0,0,2004/11/13 00:00:00+00,11/13/2004 15:39,Mid-Block (not related to intersection),11,"MOTOR VEHICLE STRUCK MOTOR VEHICLE, FRONT END AT ANGLE",,0,Overcast,Dry,Daylight,,4318009,,32,One parked--one moving,0,0,N
1257117.221,216198.8737,4093,17577,17577,4032030,Unmatched,Block,,CALIFORNIA AVE SW BETWEEN SW COLLEGE ST AND SW ADMIRAL WAY,,,0,Unknown,,0,0,0,0,0,0,0,2004/02/01 00:00:00+00,2/1/2004,Mid-Block (not related to intersection),11,"MOTOR VEHICLE STRUCK MOTOR VEHICLE, FRONT END AT ANGLE",,,,,,,4032030,,,,0,0,N
1279379.04,214395.1228,4094,17090,17090,1779563,Matched,Intersection,31481,M L KING JR WAY S AND S MCCLELLAN ST,,,2,Injury Collision,Left Turn,4,0,0,2,3,0,0,2004/03/29 00:00:00+00,3/29/2004 14:37,At Intersection (intersection related),11,"MOTOR VEHICLE STRUCK MOTOR VEHICLE, FRONT END AT ANGLE",,0,Clear,Dry,Daylight,,4089007,,28,From opposite direction - one left turn - one straight,0,0,N
1267802.53,227743.0307,4095,16744,16744,3615296,Unmatched,Block,,3RD AVE BETWEEN BLANCHARD ST AND BELL ST,NEI,"Not Enough Information, or Insufficient Location Information",0,Unknown,,0,0,0,0,0,0,0,2013/04/02 00:00:00+00,4/2/2013,,0,NOT ENOUGH INFORMATION / NOT APPLICABLE,,,,,,,,, ,,0,0,N
1277195.042,222946.6722,4096,308700,309980,3814294,Matched,Block,,E YESLER WAY BETWEEN 20TH AVE AND 21ST AVE, ,,1,Property Damage Only Collision,Parked Car,3,0,0,3,0,0,0,2018/12/22 00:00:00+00,12/22/2018 23:30,Mid-Block (not related to intersection),11,"MOTOR VEHICLE STRUCK MOTOR VEHICLE, FRONT END AT ANGLE",,N,Overcast,Dry,Dark - Street Lights On,,,,32,One parked--one moving,0,0,Y
1281761.301,214086.7102,4097,322500,324000,E939150,Matched,Block,,MOUNT ST HELENS PL S BETWEEN S MCCLELLAN ST AND S RIDGEWAY PL, ,,1,Property Damage Only Collision,Parked Car,2,0,0,2,0,0,0,2019/06/06 00:00:00+00,6/6/2019 17:31,Mid-Block (not related to intersection),16,"MOTOR VEHICLE STRUCK MOTOR VEHICLE, LEFT SIDE SIDESWIPE",,N,Overcast,Dry,Daylight,,,,32,One parked--one moving,0,0,Y
1268031.199,242196.0477,4098,206800,207000,3775762,Matched,Block,,N 39TH ST BETWEEN WOODLAND PARK AVE N AND BRIDGE WAY N, ,,1,Property Damage Only Collision,Parked Car,2,0,0,2,0,0,0,2015/11/06 00:00:00+00,11/6/2015 15:00,Mid-Block (not related to intersection),0,NOT ENOUGH INFORMATION / NOT APPLICABLE,Y,N,Unknown,Unknown,Daylight,,,,32,One parked--one moving,0,0,Y
1256485.671,202585.1607,4099,17361,17361,4291043,Unmatched,Block,,FAUNTLEROY WAY SW BETWEEN CALIFORNIA AVE SW AND 44TH AVE SW,,,0,Unknown,,0,0,0,0,0,0,0,2004/10/17 00:00:00+00,10/17/2004,Mid-Block (not related to intersection),14,"MOTOR VEHICLE STRUCK MOTOR VEHICLE, REAR END",,,,,,,4291043,,,,0,0,N
1267054.144,227552.688,4100,17220,17220,1482714,Matched,Block,,1ST AVE BETWEEN BELL ST AND BATTERY ST,,,1,Property Damage Only Collision,Parked Car,2,0,0,2,0,0,0,2004/05/29 00:00:00+00,5/29/2004 10:00,Mid-Block (not related to intersection),11,"MOTOR VEHICLE STRUCK MOTOR VEHICLE, FRONT END AT ANGLE",,0,Unknown,Unknown,Dark - Street Lights On,,4150036,,32,One parked--one moving,0,0,N
1277868.147,218082.2568,4101,17533,17533,1771517,Matched,Intersection,31514,23RD AVE S AND S MASSACHUSETTS ST,,,2,Injury Collision,Left Turn,3,0,0,2,2,0,0,2004/07/03 00:00:00+00,7/3/2004,At Intersection (intersection related),11,"MOTOR VEHICLE STRUCK MOTOR VEHICLE, FRONT END AT ANGLE",,0,Clear,Dry,Daylight,,4185020,,28,From opposite direction - one left turn - one straight,0,0,N
1259926.569,242372.791,4102,17330,17330,1060152,Unmatched,Intersection,26482,15TH EMERSON RP AND W EMERSON ST,,,0,Unknown,,0,0,0,0,0,0,0,2004/12/26 00:00:00+00,12/26/2004,At Intersection (intersection related),0,NOT ENOUGH INFORMATION / NOT APPLICABLE,,,,,,,4361004,,,,0,0,N
1268261.464,256078.6523,4103,17261,17261,1778336,Matched,Intersection,37365,AURORA AVE N AND N 87TH ST,,,2,Injury Collision,Rear Ended,4,0,0,3,1,0,0,2004/01/02 00:00:00+00,1/2/2004,At Intersection (but not related to intersection),14,"MOTOR VEHICLE STRUCK MOTOR VEHICLE, REAR END",Y,0,Overcast,Dry,Dark - Street Lights On,,4002004,,14,From same direction - both going straight - one stopped - rear-end,0,0,N
1274225.992,246089.5541,4104,16688,16688,3501514,Matched,Intersection,25787,8TH AVE NE AND NE 50TH ST, ,,1,Property Damage Only Collision,Left Turn,6,0,0,2,0,0,0,2013/04/07 00:00:00+00,4/7/2013 13:45,At Intersection (intersection related),11,"MOTOR VEHICLE STRUCK MOTOR VEHICLE, FRONT END AT ANGLE",,N,Raining,Wet,Daylight,,,,28,From opposite direction - one left turn - one straight,0,0,N
1280716.245,224633.3767,4105,17146,17146,1772196,Matched,Block,,32ND AVE BETWEEN E JEFFERSON ST AND E JAMES ST,,,1,Property Damage Only Collision,Parked Car,2,0,0,2,0,0,0,2004/07/13 00:00:00+00,7/13/2004 4:00,Mid-Block (not related to intersection),16,"MOTOR VEHICLE STRUCK MOTOR VEHICLE, LEFT SIDE SIDESWIPE",,0,Clear,Dry,Daylight,,4195014,,32,One parked--one moving,0,0,N
1263125.492,195136.196,4106,324100,325600,E965806,Matched,Intersection,34861,DELRIDGE WAY SW AND SW TRENTON ST, ,,1,Property Damage Only Collision,Angles,2,0,0,2,0,0,0,2019/09/26 00:00:00+00,9/26/2019 10:10,At Intersection (intersection related),11,"MOTOR VEHICLE STRUCK MOTOR VEHICLE, FRONT END AT ANGLE",,N,Clear,Dry,Daylight,,,,10,Entering at angle,0,0,N
,,4107,16554,16554,3644079,Unmatched,Block,,BATTERY ST TUNNEL NB BETWEEN ALASKAN WY VI NB AND AURORA AVE N, ,,1,Property Damage Only Collision,,1,0,0,0,0,0,0,2013/04/06 00:00:00+00,4/6/2013,Mid-Block (not related to intersection),26,MOTOR VEHICLE STRUCK OBJECT IN ROAD,,,,,,,,, ,,0,0,N
1283276.345,194934.0693,4108,17025,17025,1771372,Matched,Block,,M L KING JR WR WAY S BETWEEN S CLOVERDALE ST AND S TRENTON ST,,,1,Property Damage Only Collision,Sideswipe,2,0,0,2,0,0,0,2004/03/19 00:00:00+00,3/19/2004 15:33,Mid-Block (not related to intersection),16,"MOTOR VEHICLE STRUCK MOTOR VEHICLE, LEFT SIDE SIDESWIPE",,0,Clear,Dry,Daylight,,4079014,,11,From same direction - both going straight - both moving - sideswipe,0,0,N
1266348.421,236349.88,4109,328000,329500,E982938,Matched,Block,,NOB HILL AVE N BETWEEN CROCKETT ST AND BOSTON ST, ,,1,Property Damage Only Collision,Parked Car,2,0,0,2,0,0,0,2019/10/10 00:00:00+00,10/10/2019 14:30,Mid-Block (not related to intersection),11,"MOTOR VEHICLE STRUCK MOTOR VEHICLE, FRONT END AT ANGLE",,N,Clear,Dry,Daylight,,,,32,One parked--one moving,0,0,Y
1274412.219,235736.9077,4110,16681,16681,3476517,Matched,Block,,11TH AVE E BETWEEN E HOWE ST AND E NEWTON ST, ,,1,Property Damage Only Collision,Parked Car,2,0,0,2,0,0,0,2013/04/09 00:00:00+00,4/9/2013 7:50,Mid-Block (not related to intersection),14,"MOTOR VEHICLE STRUCK MOTOR VEHICLE, REAR END",,N,Unknown,Dry,Unknown,,,,32,One parked--one moving,0,0,N
1266866.857,229029.2333,4111,17856,17856,1777432,Matched,Intersection,29654,4TH AVE AND CEDAR ST,,,2,Injury Collision,Angles,3,0,0,2,1,0,0,2004/04/18 00:00:00+00,4/18/2004 10:26,At Intersection (intersection related),11,"MOTOR VEHICLE STRUCK MOTOR VEHICLE, FRONT END AT ANGLE",,0,Clear,Dry,Daylight,,4109016,,10,Entering at angle,0,0,N
1259173.347,197187.2298,4112,17351,17351,1481383,Unmatched,Intersection,34671,35TH AVE SW AND SW ELMGROVE S ST,,,0,Unknown,,0,0,0,0,0,0,0,2004/12/10 00:00:00+00,12/10/2004,At Intersection (intersection related),14,"MOTOR VEHICLE STRUCK MOTOR VEHICLE, REAR END",,,,,,,4345055,,,,0,0,N
1276107.016,246311.8813,4113,17868,17868,1476105,Matched,Block,,15TH AVE NE BETWEEN NE 50TH ST AND NE 52ND ST,,,1,Property Damage Only Collision,Sideswipe,3,0,0,2,0,0,0,2004/03/03 00:00:00+00,3/3/2004,Mid-Block (not related to intersection),16,"MOTOR VEHICLE STRUCK MOTOR VEHICLE, LEFT SIDE SIDESWIPE",Y,0,Raining,Wet,Daylight,,4063020,,11,From same direction - both going straight - both moving - sideswipe,0,0,N
1278707.831,232982.5102,4114,17825,17825,1327975,Matched,Intersection,29206,25TH AVE E AND E PROSPECT ST,,,1,Property Damage Only Collision,Other,1,0,0,1,0,0,0,2004/07/02 00:00:00+00,7/2/2004,At Intersection (intersection related),28,MOTOR VEHICLE RAN OFF ROAD - HIT FIXED OBJECT,,0,Overcast,Dry,Daylight,,4184009,,50,Fixed object,0,0,N
1266079.256,206388.2128,4115,298300,299440,3742468,Matched,Block,,WEST MARGINAL WAY SW BETWEEN PUGET WAY SW AND SW BRANDON ST, ,,2,Injury Collision,Sideswipe,3,0,0,2,1,0,0,2018/07/14 00:00:00+00,7/14/2018 0:06,Mid-Block (not related to intersection),11,"MOTOR VEHICLE STRUCK MOTOR VEHICLE, FRONT END AT ANGLE",,N,Clear,Dry,Dark - Street Lights On,,,,11,From same direction - both going straight - both moving - sideswipe,0,0,N
1265871.29,229338.4328,4116,205900,206060,3703620,Matched,Block,,DENNY WAY BETWEEN 2ND AVE AND 3RD AVE, ,,2,Injury Collision,Rear Ended,2,0,0,2,1,0,0,2015/10/30 00:00:00+00,10/30/2015 15:30,Mid-Block (not related to intersection),14,"MOTOR VEHICLE STRUCK MOTOR VEHICLE, REAR END",Y,N,Clear,Dry,Daylight,,,,14,From same direction - both going straight - one stopped - rear-end,0,0,N
1278912.752,247303.9912,4117,16953,16953,4078045,Unmatched,Intersection,25939,25TH AVE NE AND NE 55TH ST,,,0,Unknown,,0,0,0,0,0,0,0,2004/03/18 00:00:00+00,3/18/2004,At Intersection (intersection related),11,"MOTOR VEHICLE STRUCK MOTOR VEHICLE, FRONT END AT ANGLE",,,,,,,4078045,,,,0,0,N
1272283.643,260074.6567,4118,17323,17323,1792197,Matched,Intersection,37555,1ST AVE NE AND NE 103RD ST,,,1,Property Damage Only Collision,Left Turn,4,0,0,2,0,0,0,2004/12/31 00:00:00+00,12/31/2004 11:56,At Intersection (intersection related),11,"MOTOR VEHICLE STRUCK MOTOR VEHICLE, FRONT END AT ANGLE",,0,Unknown,Unknown,Daylight,,4366027,,28,From opposite direction - one left turn - one straight,0,0,N
1274884.321,246070.3024,4119,17112,17112,1779726,Matched,Block,,NE 50TH ST BETWEEN ROOSEVELT WAY NE AND 11TH AVE NE,,,1,Property Damage Only Collision,Sideswipe,4,0,0,2,0,0,0,2004/01/04 00:00:00+00,1/4/2004,Mid-Block (but intersection related),16,"MOTOR VEHICLE STRUCK MOTOR VEHICLE, LEFT SIDE SIDESWIPE",,0,Clear,Dry,Daylight,,4004006,,11,From same direction - both going straight - both moving - sideswipe,0,0,N
1280604.369,211603.8211,4120,16916,16916,3671747,Matched,Block,,33RD AVE S BETWEEN S SPOKANE ST AND RAINIER AVE S, ,,1,Property Damage Only Collision,Parked Car,2,0,0,2,0,0,0,2013/04/14 00:00:00+00,4/14/2013 16:50,Mid-Block (not related to intersection),14,"MOTOR VEHICLE STRUCK MOTOR VEHICLE, REAR END",,N,Clear,Dry,Daylight,,,,32,One parked--one moving,0,0,N
1272228.081,224634.2809,4121,302100,303320,E818123,Matched,Block,,CHERRY ST BETWEEN 8TH AVE AND 9TH AVE, ,,1,Property Damage Only Collision,Parked Car,2,0,0,2,0,0,0,2018/06/11 00:00:00+00,6/11/2018 12:58,Mid-Block (not related to intersection),14,"MOTOR VEHICLE STRUCK MOTOR VEHICLE, REAR END",,N,Clear,Dry,Daylight,,,,32,One parked--one moving,0,0,N
1264689.551,203726.3441,4122,17197,17197,1198102,Matched,Block,,16TH AVE SW BETWEEN SW FINDLAY ST AND SW MORGAN ST,,,1,Property Damage Only Collision,Parked Car,2,0,0,2,0,0,0,2004/11/04 00:00:00+00,11/4/2004,Mid-Block (not related to intersection),11,"MOTOR VEHICLE STRUCK MOTOR VEHICLE, FRONT END AT ANGLE",,0,Clear,Dry,Daylight,,4309034,,32,One parked--one moving,0,0,N
1279113.939,210848.2833,4123,16542,16542,3565112,Matched,Block,,M L KING JR WR WAY S BETWEEN S BRADFORD ST AND S ANDOVER ST, ,,1,Property Damage Only Collision,Other,1,0,0,1,0,0,0,2013/04/05 00:00:00+00,4/5/2013 21:45,Mid-Block (not related to intersection),28,MOTOR VEHICLE RAN OFF ROAD - HIT FIXED OBJECT,,Y,Raining,Wet,Dark - Street Lights On,,,,50,Fixed object,0,0,N
1273129.115,223744.8186,4124,17740,17740,1216977,Matched,Block,,ALDER ST BETWEEN 9TH AVE AND TERRY AVE,,,1,Property Damage Only Collision,Parked Car,2,0,0,2,0,0,0,2004/09/08 00:00:00+00,9/8/2004,Mid-Block (not related to intersection),11,"MOTOR VEHICLE STRUCK MOTOR VEHICLE, FRONT END AT ANGLE",,0,Overcast,Wet,Daylight,,4252019,,32,One parked--one moving,0,0,N
,,4125,16945,16945,1482222,Matched,Block,,ALASKAN WY VI NB BETWEEN S ROYAL BROUGHAM WAY ON RP AND SENECA ST OFF RP,,,2,Injury Collision,Rear Ended,3,0,0,3,1,0,0,2004/07/27 00:00:00+00,7/27/2004 9:30,Mid-Block (not related to intersection),14,"MOTOR VEHICLE STRUCK MOTOR VEHICLE, REAR END",,0,Clear,Dry,Daylight,,4209034,,13,From same direction - both going straight - both moving - rear-end,0,0,N
1284497.669,236070.4686,4126,17307,17307,1789488,Matched,Block,,43RD AVE E BETWEEN E NEWTON ST AND E LYNN ST,,,1,Property Damage Only Collision,Parked Car,2,0,0,2,0,0,0,2004/01/12 00:00:00+00,1/12/2004 6:30,Mid-Block (not related to intersection),11,"MOTOR VEHICLE STRUCK MOTOR VEHICLE, FRONT END AT ANGLE",,0,Overcast,Wet,Unknown,,4012016,,32,One parked--one moving,0,0,N
1274694.123,203306.8514,4127,306900,308180,3811187,Matched,Block,,AIRPORT WAY S BETWEEN 13TH AVE S AND S HARDY ST, ,,2,Injury Collision,Head On,2,0,0,2,1,0,0,2018/11/15 00:00:00+00,11/15/2018 17:38,Mid-Block (not related to intersection),11,"MOTOR VEHICLE STRUCK MOTOR VEHICLE, FRONT END AT ANGLE",,Y,Clear,Dry,Dark - Street Lights On,,,,24,From opposite direction - both moving - head-on,0,0,N
1269915.365,246204.1883,4128,16510,16510,3501990,Matched,Block,,N 50TH ST BETWEEN DENSMORE AVE N AND WALLINGFORD AVE N, ,,1,Property Damage Only Collision,Rear Ended,3,0,0,3,0,0,0,2013/04/05 00:00:00+00,4/5/2013 14:17,Mid-Block (not related to intersection),14,"MOTOR VEHICLE STRUCK MOTOR VEHICLE, REAR END",Y,N,Clear,Dry,Daylight,,,,14,From same direction - both going straight - one stopped - rear-end,0,0,N
1282385.156,207299.3429,4129,17411,17411,1772686,Matched,Block,,39TH AVE S BETWEEN S ANGELINE ST AND S EDMUNDS ST,,,1,Property Damage Only Collision,Other,2,0,0,2,0,0,0,2004/12/25 00:00:00+00,12/25/2004 2:30,Mid-Block (but intersection related),28,MOTOR VEHICLE RAN OFF ROAD - HIT FIXED OBJECT,,0,Unknown,Unknown,Unknown,,4360005,Y,50,Fixed object,0,0,N
1273574.993,229029.2311,4130,17347,17347,1477436,Unmatched,Block,,BROADWAY BETWEEN E HOWELL ST AND E DENNY WAY,,,0,Unknown,,0,0,0,0,0,0,0,2004/12/10 00:00:00+00,12/10/2004,Mid-Block (not related to intersection),14,"MOTOR VEHICLE STRUCK MOTOR VEHICLE, REAR END",,,,,,,4345037,,,,0,0,N
1277792.907,239925.001,4131,16850,16850,3503264,Matched,Block,,MONTLAKE BR BETWEEN POINT A AND NE PACIFIC ST, ,,1,Property Damage Only Collision,Sideswipe,4,0,0,2,0,0,0,2013/04/13 00:00:00+00,4/13/2013 11:30,Mid-Block (not related to intersection),11,"MOTOR VEHICLE STRUCK MOTOR VEHICLE, FRONT END AT ANGLE",,N,Overcast,Dry,Daylight,,,,12,From same direction - both going straight - one stopped - sideswipe,0,0,N
1270271.923,223832.0002,4132,17142,17142,1474749,Matched,Intersection,29969,2ND AVE AND COLUMBIA ST,,,2b,Serious Injury Collision,Angles,2,0,0,2,1,1,0,2004/07/26 00:00:00+00,7/26/2004 21:36,At Intersection (intersection related),11,"MOTOR VEHICLE STRUCK MOTOR VEHICLE, FRONT END AT ANGLE",,0,Clear,Dry,Dark - No Street Lights,,4208008,,10,Entering at angle,0,0,N
1266693.777,264186.1253,4133,17814,17814,1794434,Unmatched,Intersection,36382,EVANSTON AVE N AND N 117TH ST,,,0,Unknown,,0,0,0,0,0,0,0,2004/10/25 00:00:00+00,10/25/2004,At Intersection (intersection related),11,"MOTOR VEHICLE STRUCK MOTOR VEHICLE, FRONT END AT ANGLE",,,,,,,4299024,,,,0,0,N
1268421.122,271052.6814,4134,319300,320800,3733529,Matched,Block,,AURORA AVE N BETWEEN N 143RD ST AND ROOSEVELT WAY N, ,,2,Injury Collision,Rear Ended,2,0,0,2,1,0,0,2019/05/20 00:00:00+00,5/20/2019 10:21,Mid-Block (not related to intersection),14,"MOTOR VEHICLE STRUCK MOTOR VEHICLE, REAR END",,N,Raining,Wet,Daylight,,,,14,From same direction - both going straight - one stopped - rear-end,0,0,N
1260291.3,247719.728,4135,204500,204640,3737326,Matched,Intersection,25416,15TH AVE NW AND NW MARKET ST, ,,1,Property Damage Only Collision,Right Turn,2,0,0,2,0,0,0,2015/10/10 00:00:00+00,10/10/2015 8:40,At Intersection (intersection related),11,"MOTOR VEHICLE STRUCK MOTOR VEHICLE, FRONT END AT ANGLE",,N,Overcast,Wet,Daylight,,,,16,From same direction - one right turn - one straight,0,0,N
1268766.584,226374.9471,4136,17602,17602,1777433,Matched,Block,,2ND AVE BETWEEN PINE ST AND STEWART ST,,,2,Injury Collision,Pedestrian,2,1,0,1,1,0,0,2004/06/08 00:00:00+00,6/8/2004,Mid-Block (not related to intersection),24,MOTOR VEHCILE STRUCK PEDESTRIAN,,0,Clear,Dry,Daylight,,4160028,,2,Vehicle turning left hits pedestrian,0,0,N