X,Y,OBJECTID,INCKEY,COLDETKEY,REPORTNO,STATUS,ADDRTYPE,INTKEY,LOCATION,EXCEPTRSNCODE,EXCEPTRSNDESC,SEVERITYCODE,SEVERITYDESC,COLLISIONTYPE,PERSONCOUNT,PEDCOUNT,PEDCYLCOUNT,VEHCOUNT,INJURIES,SERIOUSINJURIES,FATALITIES,INCDATE,INCDTTM,JUNCTIONTYPE,SDOT_COLCODE,SDOT_COLDESC,INATTENTIONIND,UNDERINFL,WEATHER,ROADCOND,LIGHTCOND,PEDROWNOTGRNT,SDOTCOLNUM,SPEEDING,ST_COLCODE,ST_COLDESC,SEGLANEKEY,CROSSWALKKEY,HITPARKEDCAR
1277403.664,265883.7818,4137,17250,17250,1782312,Matched,Block,,NE 125TH ST BETWEEN 19TH AVE NE AND 20TH AVE NE,,,1,Property Damage Only Collision,Rear Ended,2,0,0,2,0,0,0,2004/05/16 00:00:00+00,5/16/2004 12:23,Mid-Block (not related to intersection),14,"MOTOR VEHICLE STRUCK MOTOR VEHICLE, REAR END",Y,0,Overcast,Dry,Daylight,,4137015,,14,From same direction - both going straight - one stopped - rear-end,0,0,N
1270966.098,227081.2949,4138,16752,16752,3548992,Matched,Block,,9TH AVE BETWEEN PIKE ST AND 9TH AV I5 EXPRESS ON RP, ,,2,Injury Collision,Sideswipe,3,0,0,2,1,0,0,2013/04/10 00:00:00+00,4/10/2013 10:05,Mid-Block (not related to intersection),15,"MOTOR VEHICLE STRUCK MOTOR VEHICLE, RIGHT SIDE SIDESWIPE",,N,Raining,Wet,Daylight,,,,12,From same direction - both going straight - one stopped - sideswipe,0,0,N
1274493.248,224651.3819,4139,300900,302120,3814139,Matched,Intersection,29809,12TH AVE AND E JEFFERSON ST, ,,1,Property Damage Only Collision,Pedestrian,2,1,0,1,0,0,0,2018/08/26 00:00:00+00,8/26/2018 20:21,At Intersection (intersection related),24,MOTOR VEHCILE STRUCK PEDESTRIAN,,N,Raining,Wet,Dark - Street Lights On,Y,,,2,Vehicle turning left hits pedestrian,0,521030,N
1271639.067,224996.6197,4140,16708,16708,3645774,Unmatched,Block,,MARION ST BETWEEN 7TH AVE AND 8TH AVE,NEI,"Not Enough Information, or Insufficient Location Information",0,Unknown,,0,0,0,0,0,0,0,2013/04/09 00:00:00+00,4/9/2013,,0,NOT ENOUGH INFORMATION / NOT APPLICABLE,,,,,,,,, ,,0,0,N
1259737.456,204818.0355,4141,17808,17808,1789183,Matched,Block,,34TH AVE SW BETWEEN SW FINDLAY ST AND SW JUNEAU ST,,,1,Property Damage Only Collision,Parked Car,2,0,0,2,0,0,0,2004/01/17 00:00:00+00,1/17/2004 10:00,Driveway Junction,16,"MOTOR VEHICLE STRUCK MOTOR VEHICLE, LEFT SIDE SIDESWIPE",,0,Clear,Dry,Daylight,,4017016,,32,One parked--one moving,0,0,N
1252794.151,215754.3168,4142,17071,17071,1775316,Matched,Block,,56TH AVE SW BETWEEN ALKI AVE SW AND SW LANDER ST,,,1,Property Damage Only Collision,Rear Ended,2,0,0,2,0,0,0,2004/04/25 00:00:00+00,4/25/2004 14:30,Mid-Block (not related to intersection),14,"MOTOR VEHICLE STRUCK MOTOR VEHICLE, REAR END",Y,0,Clear,Dry,Daylight,,4116015,,13,From same direction - both going straight - both moving - rear-end,0,0,N
1255005.113,239048.5849,4143,306400,307680,3811610,Matched,Intersection,27638,31ST AVE W AND W ARMOUR ST, ,,1,Property Damage Only Collision,Angles,2,0,0,2,0,0,0,2018/11/04 00:00:00+00,11/4/2018 15:17,At Intersection (intersection related),11,"MOTOR VEHICLE STRUCK MOTOR VEHICLE, FRONT END AT ANGLE",,N,Clear,Dry,Daylight,,,,10,Entering at angle,0,0,N
1261959.508,195155.2253,4144,17398,17398,1798272,Matched,Block,,SW TRENTON ST BETWEEN 25TH AVE SW AND 26TH AVE SW,,,2,Injury Collision,Other,2,0,0,2,1,0,0,2004/11/30 00:00:00+00,11/30/2004 15:13,Driveway Junction,11,"MOTOR VEHICLE STRUCK MOTOR VEHICLE, FRONT END AT ANGLE",,0,Raining,Wet,Daylight,,4335015,,22,One car leaving driveway access,0,0,N
1250905.411,213411.7505,4145,17770,17770,4198042,Unmatched,Block,,SW HINDS ST BETWEEN 61ST AVE SW AND 62ND AVE SW,,,0,Unknown,,0,0,0,0,0,0,0,2004/07/16 00:00:00+00,7/16/2004,Mid-Block (not related to intersection),16,"MOTOR VEHICLE STRUCK MOTOR VEHICLE, LEFT SIDE SIDESWIPE",,,,,,,4198042,,,,0,0,N
1272291.852,261068.4307,4146,17263,17263,1778418,Matched,Block,,1ST AVE NE BETWEEN NE 105TH ST AND I5 NB 1ST AV NE OFF RP,,,1,Property Damage Only Collision,Sideswipe,2,0,0,2,0,0,0,2004/01/14 00:00:00+00,1/14/2004 23:15,Mid-Block (not related to intersection),28,MOTOR VEHICLE RAN OFF ROAD - HIT FIXED OBJECT,,0,Raining,Wet,Dark - Street Lights On,,4014006,Y,12,From same direction - both going straight - one stopped - sideswipe,0,0,N
1271209.239,212119.0181,4147,331900,333400,EA38043,Matched,Intersection,32356,4TH AVE S AND S SPOKANE NR ST, ,,1,Property Damage Only Collision,Angles,2,0,0,2,0,0,0,2020/06/05 00:00:00+00,6/5/2020 21:00,At Intersection (intersection related),11,"MOTOR VEHICLE STRUCK MOTOR VEHICLE, FRONT END AT ANGLE",,N,Clear,Dry,Dark - Street Lights On,,,,10,Entering at angle,0,0,N
1268408.64,235271.5609,4148,17153,17153,1482352,Matched,Block,,DEXTER AVE N BETWEEN HAYES ST AND HOWE ST,,,1,Property Damage Only Collision,Rear Ended,3,0,0,2,0,0,0,2004/03/08 00:00:00+00,3/8/2004,Mid-Block (not related to intersection),14,"MOTOR VEHICLE STRUCK MOTOR VEHICLE, REAR END",Y,0,Clear,Dry,Dusk,,4068011,,14,From same direction - both going straight - one stopped - rear-end,0,0,N
1275141.232,214420.4998,4149,16634,16634,3617432,Matched,Block,,15TH AVE S BETWEEN S MCCLELLAN ST AND S FOREST ST, ,,1,Property Damage Only Collision,Parked Car,3,0,0,2,0,0,0,2013/04/06 00:00:00+00,4/6/2013 17:19,Mid-Block (not related to intersection),11,"MOTOR VEHICLE STRUCK MOTOR VEHICLE, FRONT END AT ANGLE",Y,N,Raining,Wet,Daylight,,,,20,One car leaving parked position,0,0,N
1275570.519,249271.8678,4150,18278,18278,1220226,Matched,Block,,BROOKLYN AVE NE BETWEEN NE 62ND ST AND NE 63RD ST,,,1,Property Damage Only Collision,Parked Car,3,0,0,3,0,0,0,2004/08/12 00:00:00+00,8/12/2004 1:34,Mid-Block (not related to intersection),13,"MOTOR VEHICLE STRUCK MOTOR VEHICLE, LEFT SIDE AT ANGLE",,0,Clear,Dry,Dark - Street Lights On,,4225005,,32,One parked--one moving,0,0,N
1268305.742,230981.4332,4151,16731,16731,3560966,Matched,Intersection,28775,DEXTER AVE N AND REPUBLICAN ST, ,,2,Injury Collision,Angles,2,0,0,2,1,0,0,2013/04/09 00:00:00+00,4/9/2013 8:30,At Intersection (intersection related),11,"MOTOR VEHICLE STRUCK MOTOR VEHICLE, FRONT END AT ANGLE",,N,Clear,Dry,Daylight,,,,10,Entering at angle,0,0,N
1268346.339,232567.0793,4152,321200,322700,E940067,Matched,Block,,DEXTER AVE N BETWEEN ALOHA ST AND WARD ST, ,,1,Property Damage Only Collision,Rear Ended,2,0,0,2,0,0,0,2019/07/12 00:00:00+00,7/12/2019 14:20,Mid-Block (not related to intersection),14,"MOTOR VEHICLE STRUCK MOTOR VEHICLE, REAR END",Y,N,Clear,Dry,Daylight,,,,13,From same direction - both going straight - both moving - rear-end,0,0,N
1271306.397,262090.9491,4153,17093,17093,1779712,Matched,Block,,N NORTHGATE WAY BETWEEN MERIDIAN AVE N AND CORLISS AVE N,,,1,Property Damage Only Collision,Pedestrian,2,1,0,1,0,0,0,2004/03/17 00:00:00+00,3/17/2004 16:19,Driveway Junction,24,MOTOR VEHCILE STRUCK PEDESTRIAN,,0,Overcast,Dry,Daylight,,4077010,,0,Vehicle going straight hits pedestrian,0,0,N
1270150.066,222182.4194,4154,16899,16899,3561263,Matched,Intersection,30365,1ST AVE S AND S JACKSON ST, ,,1,Property Damage Only Collision,Left Turn,2,0,0,2,0,0,0,2013/04/12 00:00:00+00,4/12/2013 17:40,At Intersection (intersection related),11,"MOTOR VEHICLE STRUCK MOTOR VEHICLE, FRONT END AT ANGLE",,N,Raining,Wet,Daylight,,,,28,From opposite direction - one left turn - one straight,0,0,N
1275168.945,216296.5687,4155,308300,309580,E865644,Unmatched,Block,,15TH AVE S BETWEEN S WALKER ST AND S COLLEGE ST, ,,0,Unknown,,0,0,0,0,0,0,0,2018/11/27 00:00:00+00,11/27/2018,Mid-Block (not related to intersection),16,"MOTOR VEHICLE STRUCK MOTOR VEHICLE, LEFT SIDE SIDESWIPE",,,,,,,,, ,,0,0,Y
1272382.523,254872.5643,4156,312000,313378,3809988,Matched,Block,,BANNER WAY NE BETWEEN 85TH ST ON RP AND NE 85TH ST OFF RP, ,,1,Property Damage Only Collision,Other,1,0,0,1,0,0,0,2019/01/22 00:00:00+00,1/22/2019 22:01,Mid-Block (not related to intersection),26,MOTOR VEHICLE STRUCK OBJECT IN ROAD,,N,Raining,Wet,Dark - Street Lights On,,,,50,Fixed object,0,0,N
,,4157,244300,244860,E659816,Unmatched,,,,NEI,"Not Enough Information, or Insufficient Location Information",0,Unknown,,0,0,0,0,0,0,0,2017/04/02 00:00:00+00,4/2/2017,,0,NOT ENOUGH INFORMATION / NOT APPLICABLE,,,,,,,,, ,,0,0,N
1272920.549,227975.5196,4158,17495,17495,1788699,Matched,Intersection,29734,BOYLSTON AVE AND E PINE ST,,,2,Injury Collision,Pedestrian,3,2,0,1,2,0,0,2004/03/17 00:00:00+00,3/17/2004 14:46,At Intersection (but not related to intersection),24,MOTOR VEHCILE STRUCK PEDESTRIAN,Y,0,Clear,Dry,Daylight,,4077011,,2,Vehicle turning left hits pedestrian,0,0,N
1266197.599,242302.9088,4159,17733,17733,1773901,Matched,Block,,N 39TH ST BETWEEN DAYTON E AVE N AND EVANSTON AVE N,,,1,Property Damage Only Collision,Other,4,0,0,4,0,0,0,2004/01/06 00:00:00+00,1/6/2004,Mid-Block (not related to intersection),16,"MOTOR VEHICLE STRUCK MOTOR VEHICLE, LEFT SIDE SIDESWIPE",,0,Snowing,Ice,Daylight,,4006005,,23,From same direction - all others,0,0,N
1277698.338,229702.2044,4160,17835,17835,4252057,Unmatched,Block,,E JOHN ST BETWEEN 21ST AVE E AND 22ND AVE E,,,0,Unknown,,0,0,0,0,0,0,0,2004/09/08 00:00:00+00,9/8/2004,Mid-Block (but intersection related),14,"MOTOR VEHICLE STRUCK MOTOR VEHICLE, REAR END",,,,,,,4252057,,,,0,0,N
1252437.854,215071.6161,4161,225200,225500,3505378,Unmatched,Block,,57TH AVE SW BETWEEN SW LANDER ST AND SW TEIG PL,NEI,"Not Enough Information, or Insufficient Location Information",0,Unknown,,0,0,0,0,0,0,0,2016/05/14 00:00:00+00,5/14/2016,,0,NOT ENOUGH INFORMATION / NOT APPLICABLE,,,,,,,,, ,,0,0,N
1268523.671,255873.6213,4162,17450,17450,1079656,Unmatched,Block,,NESBIT AVE N BETWEEN N 85TH ST AND N 88TH ST,,,0,Unknown,,0,0,0,0,0,0,0,2004/08/19 00:00:00+00,8/19/2004,Driveway Junction,34,DRIVERLESS VEHICLE STRUCK MOTOR VEHICLE REAR END,,,,,,,4232005,,,,0,0,N
1272693.823,217352.3196,4163,17621,17621,1777513,Matched,Intersection,31242,S HOLGATE BR AND S HOLGATE ST,,,2,Injury Collision,Right Turn,4,0,0,2,2,0,0,2004/05/24 00:00:00+00,5/24/2004 13:35,At Intersection (intersection related),11,"MOTOR VEHICLE STRUCK MOTOR VEHICLE, FRONT END AT ANGLE",,0,Clear,Dry,Daylight,,4145006,,16,From same direction - one right turn - one straight,0,0,N
1270912.498,225277.8562,4164,17258,17258,1777590,Matched,Intersection,29934,6TH AVE AND SPRING ST,,,1,Property Damage Only Collision,Angles,3,0,0,2,0,0,0,2004/12/20 00:00:00+00,12/20/2004 15:25,At Intersection (intersection related),11,"MOTOR VEHICLE STRUCK MOTOR VEHICLE, FRONT END AT ANGLE",,0,Overcast,Dry,Daylight,,4355032,,10,Entering at angle,0,0,N
1275555.81,246608.6015,4165,16522,16522,3507789,Matched,Intersection,25783,BROOKLYN AVE NE AND NE 52ND ST, ,,2,Injury Collision,Angles,4,0,0,2,3,0,0,2013/04/05 00:00:00+00,4/5/2013 18:10,At Intersection (intersection related),11,"MOTOR VEHICLE STRUCK MOTOR VEHICLE, FRONT END AT ANGLE",,N,Raining,Wet,Dusk,,,,10,Entering at angle,0,0,N
1271285.908,215464.8206,4166,17006,17006,4129047,Unmatched,Block,,4TH AVE S BETWEEN S STACY ST AND S LANDER ST,,,0,Unknown,,0,0,0,0,0,0,0,2004/05/08 00:00:00+00,5/8/2004,Driveway Junction,11,"MOTOR VEHICLE STRUCK MOTOR VEHICLE, FRONT END AT ANGLE",,,,,,,4129047,,,,0,0,N
1268841.167,206361.0008,4167,16443,16443,3672292,Matched,Intersection,33022,EAST MARGINAL WAY S AND S DAWSON ST, ,,2b,Serious Injury Collision,Left Turn,3,0,0,2,2,1,0,2013/03/28 00:00:00+00,3/28/2013 14:34,At Intersection (intersection related),11,"MOTOR VEHICLE STRUCK MOTOR VEHICLE, FRONT END AT ANGLE",,N,Clear,Dry,Daylight,,,,28,From opposite direction - one left turn - one straight,0,0,N
1282907.515,197367.5151,4168,17059,17059,4308045,Unmatched,Block,,M L KING JR ER WAY S BETWEEN S BOZEMAN ST AND S KENYON ST,,,0,Unknown,,0,0,0,0,0,0,0,2004/11/03 00:00:00+00,11/3/2004,Mid-Block (not related to intersection),14,"MOTOR VEHICLE STRUCK MOTOR VEHICLE, REAR END",,,,,,,4308045,,,,0,0,N
1259327.72,202504.7837,4169,336000,337500,3834864,Matched,Intersection,34008,35TH AVE SW AND SW MORGAN ST, ,,1,Property Damage Only Collision,Rear Ended,3,0,0,2,0,0,0,2020/11/24 00:00:00+00,11/24/2020 18:14,At Intersection (intersection related),14,"MOTOR VEHICLE STRUCK MOTOR VEHICLE, REAR END",,N,Raining,Wet,Dark - Street Lights On,,,,14,From same direction - both going straight - one stopped - rear-end,0,0,N
1285441.405,199546.8952,4170,17168,17168,1793507,Matched,Block,,RAINIER AVE S BETWEEN S ORCHARD ST AND S GARDEN ST,,,1,Property Damage Only Collision,Rear Ended,2,0,0,2,0,0,0,2004/09/24 00:00:00+00,9/24/2004 17:50,Mid-Block (not related to intersection),14,"MOTOR VEHICLE STRUCK MOTOR VEHICLE, REAR END",,0,Clear,Dry,Daylight,,4268056,,13,From same direction - both going straight - both moving - rear-end,0,0,N
1276198.141,253977.9599,4171,326800,328300,E993551,Unmatched,Intersection,24397,15TH AVE NE AND NE 80TH ST, ,,1,Property Damage Only Collision,,2,0,0,0,0,0,0,2019/12/12 00:00:00+00,12/12/2019,At Intersection (intersection related),11,"MOTOR VEHICLE STRUCK MOTOR VEHICLE, FRONT END AT ANGLE",,,,,,,,, ,,0,0,N
1263204.095,198417.6257,4172,16506,16506,3380710,Matched,Intersection,33984,DELRIDGE WAY SW AND SW HOLDEN ST, ,,2,Injury Collision,Angles,3,0,0,2,1,0,0,2013/04/04 00:00:00+00,4/4/2013 11:46,At Intersection (intersection related),11,"MOTOR VEHICLE STRUCK MOTOR VEHICLE, FRONT END AT ANGLE",,N,Raining,Wet,Daylight,,,,10,Entering at angle,0,0,N
1272386.553,252220.6916,4173,17695,17695,1782395,Matched,Intersection,24573,LATONA AVE NE AND EAST GREEN LAKE DR N,,,1,Property Damage Only Collision,Angles,3,0,0,2,0,0,0,2004/09/19 00:00:00+00,9/19/2004 9:11,At Intersection (intersection related),11,"MOTOR VEHICLE STRUCK MOTOR VEHICLE, FRONT END AT ANGLE",Y,0,Clear,Wet,Daylight,,4263017,,10,Entering at angle,0,0,N
1275186.289,232464.987,4174,17790,17790,1217185,Matched,Intersection,28968,14TH AVE E AND E WARD ST,,,1,Property Damage Only Collision,Angles,2,0,0,2,0,0,0,2004/08/08 00:00:00+00,8/8/2004,At Intersection (intersection related),11,"MOTOR VEHICLE STRUCK MOTOR VEHICLE, FRONT END AT ANGLE",,0,Clear,Dry,Daylight,,4221002,Y,10,Entering at angle,0,0,N
1273640.967,267125.0815,4175,17427,17427,1781785,Matched,Block,,5TH AVE NE BETWEEN 130TH ST OFF RP AND NE 130TH ST,,,2,Injury Collision,Rear Ended,2,0,0,2,1,0,0,2004/06/10 00:00:00+00,6/10/2004 23:22,Mid-Block (but intersection related),14,"MOTOR VEHICLE STRUCK MOTOR VEHICLE, REAR END",,0,Raining,Wet,Dark - Street Lights On,,4162006,,14,From same direction - both going straight - one stopped - rear-end,0,0,N
1276728.179,223774.2804,4176,17676,17676,1772198,Matched,Block,,19TH AVE BETWEEN E SPRUCE ST AND E ALDER ST,,,1,Property Damage Only Collision,Parked Car,2,0,0,2,0,0,0,2004/07/25 00:00:00+00,7/25/2004 13:10,Mid-Block (not related to intersection),11,"MOTOR VEHICLE STRUCK MOTOR VEHICLE, FRONT END AT ANGLE",,0,Clear,Dry,Daylight,,4207009,,32,One parked--one moving,0,0,N
1270916.775,240077.7156,4177,297700,298820,E817274,Unmatched,Block,,N NORTHLAKE WAY BETWEEN MERIDIAN AVE N AND CORLISS AVE N,NEI,"Not Enough Information, or Insufficient Location Information",0,Unknown,,0,0,0,0,0,0,0,2018/07/11 00:00:00+00,7/11/2018,,0,NOT ENOUGH INFORMATION / NOT APPLICABLE,,,,,,,,, ,,0,0,Y
1269973.98,213348.5118,4178,243300,243800,3756581,Matched,Block,,1ST AVE S BETWEEN S HANFORD ST AND S HORTON ST, ,,1,Property Damage Only Collision,Parked Car,2,0,0,2,0,0,0,2017/06/19 00:00:00+00,6/19/2017 6:55,Mid-Block (not related to intersection),14,"MOTOR VEHICLE STRUCK MOTOR VEHICLE, REAR END",,N,Clear,Dry,Daylight,,,,32,One parked--one moving,0,0,N
1270912.831,203009.7955,4179,17464,17464,1775395,Matched,Block,,4TH AVE S BETWEEN S FRONT ST AND S MICHIGAN ST,,,1,Property Damage Only Collision,Rear Ended,2,0,0,2,0,0,0,2004/05/26 00:00:00+00,5/26/2004 17:15,Driveway Junction,14,"MOTOR VEHICLE STRUCK MOTOR VEHICLE, REAR END",Y,0,Raining,Wet,Daylight,,4147046,,13,From same direction - both going straight - both moving - rear-end,0,0,N
1281507.853,253544.697,4180,17102,17102,1792189,Matched,Block,,35TH AVE NE BETWEEN NE 77TH ST AND NE 80TH ST,,,2,Injury Collision,Rear Ended,6,0,0,2,1,0,0,2004/12/28 00:00:00+00,12/28/2004 14:30,Mid-Block (not related to intersection),14,"MOTOR VEHICLE STRUCK MOTOR VEHICLE, REAR END",,1,Clear,Dry,Daylight,,4363022,,14,From same direction - both going straight - one stopped - rear-end,0,0,N
1280332.874,204383.3706,4181,16765,16765,3671827,Matched,Intersection,33624,32ND AVE S AND S ORCAS ST, ,,2,Injury Collision,Angles,2,0,0,2,2,0,0,2013/04/11 00:00:00+00,4/11/2013 9:15,At Intersection (intersection related),11,"MOTOR VEHICLE STRUCK MOTOR VEHICLE, FRONT END AT ANGLE",,N,Raining,Wet,Daylight,,,,10,Entering at angle,0,0,N
1275188.564,261979.3405,4182,16599,16599,3568636,Matched,Block,,NE NORTHGATE WAY BETWEEN ROOSEVELT WAY NE AND 11TH AVE NE, ,,1,Property Damage Only Collision,Other,3,0,0,2,0,0,0,2013/04/06 00:00:00+00,4/6/2013 14:00,Driveway Junction,11,"MOTOR VEHICLE STRUCK MOTOR VEHICLE, FRONT END AT ANGLE",,N,Clear,Dry,Daylight,,,,23,From same direction - all others,0,0,N
1271578.797,224783.219,4183,16540,16540,3562769,Matched,Block,,7TH AVE BETWEEN COLUMBIA ST AND MARION ST, ,,1,Property Damage Only Collision,Rear Ended,5,0,0,2,0,0,0,2013/04/05 00:00:00+00,4/5/2013 10:30,Mid-Block (not related to intersection),14,"MOTOR VEHICLE STRUCK MOTOR VEHICLE, REAR END",Y,N,Clear,Dry,Daylight,,,,14,From same direction - both going straight - one stopped - rear-end,0,0,N
1268417.745,270777.7341,4184,17505,17505,1930753,Matched,Intersection,35721,AURORA AVE N AND N 143RD ST,,,1,Property Damage Only Collision,Angles,2,0,0,2,0,0,0,2004/12/18 00:00:00+00,12/18/2004 12:39,At Intersection (intersection related),11,"MOTOR VEHICLE STRUCK MOTOR VEHICLE, FRONT END AT ANGLE",,0,Clear,Dry,Daylight,,4353017,,10,Entering at angle,0,0,N
1280444.074,265439.2113,4185,16941,16941,1794409,Matched,Block,,LAKE CITY WAY NE BETWEEN 30TH N AVE NE AND 31ST AVE NE,,,2,Injury Collision,Rear Ended,3,0,0,3,1,0,0,2004/11/04 00:00:00+00,11/4/2004,Mid-Block (but intersection related),14,"MOTOR VEHICLE STRUCK MOTOR VEHICLE, REAR END",,0,Clear,Dry,Daylight,,4309024,,14,From same direction - both going straight - one stopped - rear-end,0,0,N
1271306.397,262090.9491,4186,16877,16877,3507818,Matched,Block,,N NORTHGATE WAY BETWEEN MERIDIAN AVE N AND CORLISS AVE N, ,,2,Injury Collision,Rear Ended,6,0,0,3,1,0,0,2013/04/14 00:00:00+00,4/14/2013 18:45,Mid-Block (but intersection related),14,"MOTOR VEHICLE STRUCK MOTOR VEHICLE, REAR END",Y,N,Clear,Dry,Daylight,,,,14,From same direction - both going straight - one stopped - rear-end,0,0,N
1269890.984,227564.01,4187,16647,16647,3615294,Unmatched,Block,,7TH AVE BETWEEN OLIVE WAY AND STEWART ST,NEI,"Not Enough Information, or Insufficient Location Information",0,Unknown,,0,0,0,0,0,0,0,2013/01/11 00:00:00+00,1/11/2013,Mid-Block (not related to intersection),0,NOT ENOUGH INFORMATION / NOT APPLICABLE,,,,,,,,, ,,0,0,N
1285151.361,195236.2612,4188,17690,17690,1787792,Matched,Intersection,35248,50TH AVE S AND S CLOVERDALE ST,,,2,Injury Collision,Angles,3,0,0,2,1,0,0,2004/01/25 00:00:00+00,1/25/2004 9:11,At Intersection (intersection related),11,"MOTOR VEHICLE STRUCK MOTOR VEHICLE, FRONT END AT ANGLE",Y,0,Clear,Dry,Daylight,,4025005,,10,Entering at angle,0,0,N
1276478.835,244699.869,4189,17636,17636,1635225,Matched,Block,,NE 45TH ST BETWEEN 16TH AVE NE AND 17TH SB AVE NE,,,1,Property Damage Only Collision,Rear Ended,2,0,0,2,0,0,0,2004/12/01 00:00:00+00,12/1/2004,Mid-Block (but intersection related),14,"MOTOR VEHICLE STRUCK MOTOR VEHICLE, REAR END",,0,Clear,Wet,Dark - Street Lights On,,4336033,,14,From same direction - both going straight - one stopped - rear-end,0,0,N
1253290.537,214641.3113,4190,17126,17126,528275,Matched,Block,,SW STEVENS ST BETWEEN 53RD AVE SW AND SW ADMIRAL WAY,,,2,Injury Collision,Other,0,0,0,1,1,0,0,2004/06/17 00:00:00+00,6/17/2004 22:31,Mid-Block (not related to intersection),28,MOTOR VEHICLE RAN OFF ROAD - HIT FIXED OBJECT,,0,Clear,Dry,Dark - Street Lights On,,4169028,,50,Fixed object,0,0,N
1264939.08,255491.5719,4191,16994,16994,1781069,Matched,Block,,1ST AVE NW BETWEEN NW 84TH ST AND NW 85TH ST,,,1,Property Damage Only Collision,Parked Car,2,0,0,2,0,0,0,2004/06/06 00:00:00+00,6/6/2004,Mid-Block (not related to intersection),36,DRIVERLESS VEHICLE STRUCK MOTOR VEHICLE LEFT SIDE SIDESWIPE,,0,Overcast,Wet,Dark - Street Lights On,,4158034,,32,One parked--one moving,0,0,N
1275048.699,250040.0415,4192,17671,17671,1793851,Matched,Block,,NE 65TH ST BETWEEN ROOSEVELT WAY NE AND 12TH AVE NE,,,1,Property Damage Only Collision,Rear Ended,3,0,0,3,0,0,0,2004/07/28 00:00:00+00,7/28/2004 19:21,Mid-Block (not related to intersection),14,"MOTOR VEHICLE STRUCK MOTOR VEHICLE, REAR END",Y,0,Clear,Dry,Daylight,,4210013,,14,From same direction - both going straight - one stopped - rear-end,0,0,N
1258389.088,240725.3638,4193,318500,320000,3793085,Unmatched,Block,,21ST AVE W BETWEEN W DRAVUS ST AND W BERTONA ST, ,,0,Unknown,,2,0,0,0,0,0,0,2019/05/05 00:00:00+00,5/5/2019,Mid-Block (not related to intersection),13,"MOTOR VEHICLE STRUCK MOTOR VEHICLE, LEFT SIDE AT ANGLE",,,,,,,,, ,,0,0,Y
1259189.615,192583.0492,4194,16581,16581,3553740,Matched,Block,,SW ROXBURY ST BETWEEN 34TH AVE SW AND 35TH AVE SW, ,,1,Property Damage Only Collision,Rear Ended,2,0,0,2,0,0,0,2013/04/06 00:00:00+00,4/6/2013 16:11,Mid-Block (not related to intersection),14,"MOTOR VEHICLE STRUCK MOTOR VEHICLE, REAR END",,N,Raining,Wet,Daylight,,,,14,From same direction - both going straight - one stopped - rear-end,0,0,N
1260082.242,236411.707,4195,16783,16783,3581418,Matched,Intersection,27940,15TH AVE W AND W ARMORY WAY, ,,2,Injury Collision,Left Turn,3,0,0,2,1,0,0,2013/04/10 00:00:00+00,4/10/2013 8:20,At Intersection (intersection related),11,"MOTOR VEHICLE STRUCK MOTOR VEHICLE, FRONT END AT ANGLE",,N,Raining,Wet,Daylight,,,,28,From opposite direction - one left turn - one straight,0,0,N
1258884.077,250161.8787,4196,17605,17605,1205195,Matched,Intersection,25109,20TH AVE NW AND NW 64TH ST,,,2,Injury Collision,Angles,5,0,0,2,1,0,0,2004/01/08 00:00:00+00,1/8/2004,At Intersection (intersection related),11,"MOTOR VEHICLE STRUCK MOTOR VEHICLE, FRONT END AT ANGLE",,0,Overcast,Wet,Dark - Street Lights On,,4008019,,10,Entering at angle,0,0,N
1273100.858,200175.4021,4197,17240,17240,1317270,Matched,Block,,ELLIS AVE S BETWEEN S MYRTLE ST AND EAST MARGINAL WAY S,,,1,Property Damage Only Collision,Other,2,0,0,2,0,0,0,2004/05/15 00:00:00+00,5/15/2004 20:30,Driveway Junction,11,"MOTOR VEHICLE STRUCK MOTOR VEHICLE, FRONT END AT ANGLE",,0,Overcast,Dry,Daylight,,4136018,,21,One car entering driveway access,0,0,N
1261607.427,246371.0788,4198,17186,17186,1220188,Unmatched,Intersection,25445,11TH AVE NW AND NW 50TH ST,,,0,Unknown,,0,0,0,0,0,0,0,2004/12/21 00:00:00+00,12/21/2004,At Intersection (intersection related),11,"MOTOR VEHICLE STRUCK MOTOR VEHICLE, FRONT END AT ANGLE",,,,,,,4356003,,,,0,0,N
1267802.53,227743.0307,4199,16585,16585,3562738,Matched,Block,,3RD AVE BETWEEN BLANCHARD ST AND BELL ST, ,,1,Property Damage Only Collision,Rear Ended,2,0,0,2,0,0,0,2013/04/06 00:00:00+00,4/6/2013 17:31,Mid-Block (but intersection related),14,"MOTOR VEHICLE STRUCK MOTOR VEHICLE, REAR END",Y,N,Raining,Dry,Daylight,,,,14,From same direction - both going straight - one stopped - rear-end,0,0,N
1268584.361,208392.354,4200,17383,17383,1198129,Matched,Block,,EAST MARGINAL WAY S BETWEEN DIAGONAL AVE S AND S ALASKA ST,,,1,Property Damage Only Collision,Other,1,0,0,1,0,0,0,2004/11/18 00:00:00+00,11/18/2004 5:54,Mid-Block (but intersection related),28,MOTOR VEHICLE RAN OFF ROAD - HIT FIXED OBJECT,Y,0,Raining,Wet,Dark - Street Lights On,,4323003,,50,Fixed object,0,0,N
1256191.637,247945.3017,4201,320400,321900,E931618,Matched,Block,,28TH AVE NW BETWEEN NW MARKET ST AND NW 56TH ST, ,,1,Property Damage Only Collision,Parked Car,2,0,0,2,0,0,0,2019/06/18 00:00:00+00,6/18/2019 17:30,Mid-Block (not related to intersection),11,"MOTOR VEHICLE STRUCK MOTOR VEHICLE, FRONT END AT ANGLE",,N,Clear,Dry,Daylight,,,,32,One parked--one moving,0,0,Y