X,Y,OBJECTID,INCKEY,COLDETKEY,REPORTNO,STATUS,ADDRTYPE,INTKEY,LOCATION,EXCEPTRSNCODE,EXCEPTRSNDESC,SEVERITYCODE,SEVERITYDESC,COLLISIONTYPE,PERSONCOUNT,PEDCOUNT,PEDCYLCOUNT,VEHCOUNT,INJURIES,SERIOUSINJURIES,FATALITIES,INCDATE,INCDTTM,JUNCTIONTYPE,SDOT_COLCODE,SDOT_COLDESC,INATTENTIONIND,UNDERINFL,WEATHER,ROADCOND,LIGHTCOND,PEDROWNOTGRNT,SDOTCOLNUM,SPEEDING,ST_COLCODE,ST_COLDESC,SEGLANEKEY,CROSSWALKKEY,HITPARKEDCAR
1265721.378,245230.6221,4202,206000,206160,E477016,Matched,Intersection,25686,PHINNEY AVE N AND N 46TH ST, ,,2,Injury Collision,Angles,2,0,0,2,1,0,0,2015/10/25 00:00:00+00,10/25/2015 20:59,At Intersection (intersection related),11,"MOTOR VEHICLE STRUCK MOTOR VEHICLE, FRONT END AT ANGLE",,N,Raining,Wet,Dark - Street Lights On,,,,10,Entering at angle,0,0,N
1271138.341,223632.6568,4203,16954,16954,1482392,Unmatched,Intersection,30479,4TH AVE AND JAMES ST,,,0,Unknown,,0,0,0,0,0,0,0,2004/11/08 00:00:00+00,11/8/2004,At Intersection (intersection related),11,"MOTOR VEHICLE STRUCK MOTOR VEHICLE, FRONT END AT ANGLE",,,,,,,4313015,,,,0,0,N
1272609.621,225571.2107,4204,17612,17612,1772159,Matched,Intersection,29922,BOREN AVE AND MARION ST,,,1,Property Damage Only Collision,Cycles,2,0,1,1,0,0,0,2004/06/15 00:00:00+00,6/15/2004 8:15,At Intersection (intersection related),18,"MOTOR VEHICLE STRUCK PEDALCYCLIST, FRONT END AT ANGLE",,0,Clear,Dry,Daylight,Y,4167029,,45,Vehicle - Pedalcyclist,0,0,N
1279092.563,215692.5849,4205,16967,16967,1773251,Matched,Block,,M L KING JR WAY S BETWEEN S BAYVIEW N ST AND S BAYVIEW S ST,,,1,Property Damage Only Collision,Rear Ended,3,0,0,2,0,0,0,2004/09/14 00:00:00+00,9/14/2004 16:58,Mid-Block (but intersection related),14,"MOTOR VEHICLE STRUCK MOTOR VEHICLE, REAR END",,0,Raining,Wet,Daylight,,4258049,,14,From same direction - both going straight - one stopped - rear-end,0,0,N
1269803.236,192808.2945,4206,17050,17050,1798160,Matched,Block,,MYERS WAY S BETWEEN OLSON PL SW AND CITY LIMITS,,,1,Property Damage Only Collision,Rear Ended,2,0,0,2,0,0,0,2004/06/10 00:00:00+00,6/10/2004 11:00,Mid-Block (but intersection related),14,"MOTOR VEHICLE STRUCK MOTOR VEHICLE, REAR END",,0,Overcast,Wet,Daylight,,4162015,,14,From same direction - both going straight - one stopped - rear-end,0,0,N
1272693.823,217352.3196,4207,302200,303420,E825856,Matched,Intersection,31242,S HOLGATE BR AND S HOLGATE ST, ,,2,Injury Collision,Other,2,0,0,2,2,0,0,2018/07/10 00:00:00+00,7/10/2018 9:49,At Intersection (but not related to intersection),11,"MOTOR VEHICLE STRUCK MOTOR VEHICLE, FRONT END AT ANGLE",Y,N,Overcast,Dry,Daylight,,,,23,From same direction - all others,0,0,N
1259560.342,210731.8417,4208,335100,336600,3876359,Unmatched,Block,,35TH AVE SW BETWEEN SW ANDOVER S ST AND SW DAKOTA ST, ,,0,Unknown,,1,0,0,0,0,0,0,2020/10/07 00:00:00+00,10/7/2020,Mid-Block (not related to intersection),28,MOTOR VEHICLE RAN OFF ROAD - HIT FIXED OBJECT,,,,,,,,, ,,0,0,N
1271573.53,271376.9532,4209,17439,17439,C645434,Matched,Block,,N 145TH ST BETWEEN BAGLEY AVE N AND CORLISS AVE N,,,2,Injury Collision,Rear Ended,2,0,0,2,2,0,0,2004/05/27 00:00:00+00,5/27/2004 11:45,Mid-Block (not related to intersection),14,"MOTOR VEHICLE STRUCK MOTOR VEHICLE, REAR END",,0,Raining,Wet,Daylight,,4148060,,13,From same direction - both going straight - both moving - rear-end,0,0,N
1282961.57,198628.8676,4210,16946,16946,4005021,Unmatched,Block,,RENTON AVE S BETWEEN M L KING JR ER S WAY S AND S WEBSTER W ST,,,0,Unknown,,0,0,0,0,0,0,0,2004/01/05 00:00:00+00,1/5/2004,Mid-Block (but intersection related),14,"MOTOR VEHICLE STRUCK MOTOR VEHICLE, REAR END",,,,,,,4005021,,,,0,0,N
1275620.535,224622.725,4211,17159,17159,1789490,Matched,Block,,E JEFFERSON ST BETWEEN 15TH AVE AND 16TH AVE,,,1,Property Damage Only Collision,Parked Car,2,0,0,2,0,0,0,2004/01/14 00:00:00+00,1/14/2004 16:30,Mid-Block (not related to intersection),11,"MOTOR VEHICLE STRUCK MOTOR VEHICLE, FRONT END AT ANGLE",,0,Raining,Wet,Daylight,,4014013,,32,One parked--one moving,0,0,N
1267924.252,255558.0566,4212,325900,327400,3376168,Unmatched,Block,,N 85TH ST BETWEEN LINDEN AVE N AND AURORA AVE N, ,,1,Property Damage Only Collision,,4,0,0,0,0,0,0,2019/11/10 00:00:00+00,11/10/2019,Mid-Block (not related to intersection),14,"MOTOR VEHICLE STRUCK MOTOR VEHICLE, REAR END",,,,,,,,, ,,0,0,N
1285116.779,194029.5279,4213,17847,17847,1773181_1,Unmatched,Block,,50TH AVE S BETWEEN S HENDERSON ST AND S DIRECTOR ST,,,0,Unknown,,0,0,0,0,0,0,0,2004/12/21 00:00:00+00,12/21/2004,Driveway Junction,0,NOT ENOUGH INFORMATION / NOT APPLICABLE,,,,,,,4356026,,,,0,0,N
1263145.473,211862.9503,4214,17786,17786,1790499,Matched,Block,,DELRIDGE WAY SW BETWEEN W SEATTLE BR WB OFF RP AND SW CHARLESTOWN ST,,,1,Property Damage Only Collision,Other,1,0,0,1,0,0,0,2004/10/30 00:00:00+00,10/30/2004 8:25,Mid-Block (not related to intersection),26,MOTOR VEHICLE STRUCK OBJECT IN ROAD,,0,Clear,Dry,Daylight,,4304007,,50,Fixed object,0,0,N
1276711.903,222957.1593,4215,17127,17127,1798831,Matched,Intersection,30729,19TH AVE AND E YESLER WAY,,,1,Property Damage Only Collision,Left Turn,2,0,0,2,0,0,0,2004/09/25 00:00:00+00,9/25/2004 11:18,At Intersection (intersection related),11,"MOTOR VEHICLE STRUCK MOTOR VEHICLE, FRONT END AT ANGLE",,0,Clear,Dry,Daylight,,4269032,,28,From opposite direction - one left turn - one straight,0,0,N
1272652.404,204480.935,4216,16997,16997,1795537,Matched,Block,,PADILLA PL S BETWEEN S HOMER ST AND S ORCAS ST,,,1,Property Damage Only Collision,Parked Car,2,0,0,2,0,0,0,2004/10/22 00:00:00+00,10/22/2004 19:40,Mid-Block (but intersection related),16,"MOTOR VEHICLE STRUCK MOTOR VEHICLE, LEFT SIDE SIDESWIPE",,0,Clear,Dry,Dark - Street Lights On,,4296008,,32,One parked--one moving,0,0,N
1275062.554,211256.0622,4217,17816,17816,1771859,Matched,Block,,15TH AVE S BETWEEN 15TH AVS TURN RD AND S COLUMBIAN N WAY,,,2,Injury Collision,Rear Ended,3,0,0,2,1,0,0,2004/05/21 00:00:00+00,5/21/2004 17:07,Mid-Block (but intersection related),14,"MOTOR VEHICLE STRUCK MOTOR VEHICLE, REAR END",Y,0,Overcast,Dry,Daylight,,4142013,,14,From same direction - both going straight - one stopped - rear-end,0,0,N
1269774.183,203559.4329,4218,296900,298020,E816705,Matched,Block,,EAST MARGINAL WAY S BETWEEN 1ST AVE S AND 1ST AV S BR SB, ,,1,Property Damage Only Collision,Rear Ended,2,0,0,2,0,0,0,2018/06/25 00:00:00+00,6/25/2018 11:28,Mid-Block (not related to intersection),14,"MOTOR VEHICLE STRUCK MOTOR VEHICLE, REAR END",,N,Raining,Wet,Daylight,,,,13,From same direction - both going straight - both moving - rear-end,0,0,N
1273348.029,222723.0915,4219,272500,273340,3584956,Matched,Block,,S WASHINGTON ST BETWEEN YESLER WAY AND 10TH AVE S, ,,1,Property Damage Only Collision,Parked Car,2,0,0,2,0,0,0,2018/02/21 00:00:00+00,2/21/2018 21:00,Mid-Block (not related to intersection),11,"MOTOR VEHICLE STRUCK MOTOR VEHICLE, FRONT END AT ANGLE",,N,Snowing,Snow/Slush,Dark - Street Lights On,,,,32,One parked--one moving,0,0,Y
1254093.982,217469.9723,4220,16785,16785,3615308,Unmatched,Block,,ALKI AVE SW BETWEEN SW ILLINOIS ST AND BONAIR DR SW, ,,0,Unknown,,0,0,0,0,0,0,0,2013/04/01 00:00:00+00,4/1/2013,Mid-Block (not related to intersection),0,NOT ENOUGH INFORMATION / NOT APPLICABLE,,,,,,,,, ,,0,0,N
1273370.518,254075.8851,4221,17452,17452,1079853,Matched,Block,,NE 80TH ST BETWEEN 4TH AVE NE AND 5TH AVE NE,,,1,Property Damage Only Collision,Sideswipe,3,0,0,2,0,0,0,2004/07/11 00:00:00+00,7/11/2004 14:31,Mid-Block (not related to intersection),16,"MOTOR VEHICLE STRUCK MOTOR VEHICLE, LEFT SIDE SIDESWIPE",,0,Clear,Dry,Daylight,,4193007,,11,From same direction - both going straight - both moving - sideswipe,0,0,N
1272453.844,225834.5358,4222,17237,17237,4143050,Unmatched,Intersection,29920,BOREN AVE AND MADISON ST,,,0,Unknown,,0,0,0,0,0,0,0,2004/05/22 00:00:00+00,5/22/2004,At Intersection (intersection related),11,"MOTOR VEHICLE STRUCK MOTOR VEHICLE, FRONT END AT ANGLE",,,,,,,4143050,,,,0,0,N
1281187.387,202590.9781,4223,16904,16904,3579454,Matched,Block,,S GRAHAM ST BETWEEN 33RD AVE S AND M L KING JR WR WAY S, ,,1,Property Damage Only Collision,Sideswipe,2,0,0,2,0,0,0,2013/04/12 00:00:00+00,4/12/2013 16:54,Mid-Block (not related to intersection),11,"MOTOR VEHICLE STRUCK MOTOR VEHICLE, FRONT END AT ANGLE",,N,Raining,Wet,Daylight,,,,11,From same direction - both going straight - both moving - sideswipe,0,0,N
1264057.837,246064.5754,4224,300700,301920,E829342,Matched,Intersection,25351,3RD AVE NW AND NW 49TH ST, ,,2,Injury Collision,Angles,3,0,0,2,2,0,0,2018/08/02 00:00:00+00,8/2/2018 12:41,At Intersection (intersection related),11,"MOTOR VEHICLE STRUCK MOTOR VEHICLE, FRONT END AT ANGLE",,N,Raining,Wet,Daylight,,,,10,Entering at angle,0,0,N
1265258.522,252024.8583,4225,333700,335200,EA55850,Matched,Intersection,24095,PALATINE AVE N AND N 72ND ST, ,,1,Property Damage Only Collision,Angles,3,0,0,2,0,0,0,2020/08/15 00:00:00+00,8/15/2020 13:50,At Intersection (intersection related),11,"MOTOR VEHICLE STRUCK MOTOR VEHICLE, FRONT END AT ANGLE",,N,Clear,Dry,Daylight,,,,10,Entering at angle,0,0,N
1278979.441,252600.6968,4226,17360,17360,C649321,Matched,Intersection,24661,25TH AVE NE AND NE 75TH ST,,,1,Property Damage Only Collision,Left Turn,2,0,0,2,0,0,0,2004/10/15 00:00:00+00,10/15/2004 19:45,At Intersection (intersection related),11,"MOTOR VEHICLE STRUCK MOTOR VEHICLE, FRONT END AT ANGLE",,0,Overcast,Dry,Dark - Street Lights On,,4289035,,28,From opposite direction - one left turn - one straight,0,0,N
1259112.598,212888.1038,4227,17074,17074,1326658,Unmatched,Intersection,31834,37TH AVE SW AND SW HINDS ST,,,0,Unknown,,0,0,0,0,0,0,0,2004/10/11 00:00:00+00,10/11/2004,At Intersection (intersection related),11,"MOTOR VEHICLE STRUCK MOTOR VEHICLE, FRONT END AT ANGLE",,,,,,,4285016,,,,0,0,N
1256866.538,197740.5088,4228,17399,17399,1798282,Matched,Block,,SW MONROE ST BETWEEN 41ST AVE SW AND CALIFORNIA AVE SW,,,1,Property Damage Only Collision,Parked Car,2,0,0,2,0,0,0,2004/08/09 00:00:00+00,8/9/2004,Mid-Block (not related to intersection),16,"MOTOR VEHICLE STRUCK MOTOR VEHICLE, LEFT SIDE SIDESWIPE",,0,Clear,Dry,Dark - Street Lights On,,4222016,,32,One parked--one moving,0,0,N
1269992.607,221852.7584,4229,17342,17342,1777503,Matched,Block,,S KING ST BETWEEN ALASKAN E RDWY WAY S AND 1ST AVE S,,,1,Property Damage Only Collision,Parked Car,2,0,0,2,0,0,0,2004/02/11 00:00:00+00,2/11/2004 23:30,Mid-Block (not related to intersection),11,"MOTOR VEHICLE STRUCK MOTOR VEHICLE, FRONT END AT ANGLE",,0,Clear,Dry,Dark - Street Lights On,,4042026,,32,One parked--one moving,0,0,N
1270185.433,225558.4307,4230,17268,17268,537842,Matched,Block,,UNIVERSITY ST BETWEEN 4TH AVE AND 5TH AVE,,,2,Injury Collision,Pedestrian,0,1,0,1,1,0,0,2004/03/19 00:00:00+00,3/19/2004 9:09,Mid-Block (not related to intersection),24,MOTOR VEHCILE STRUCK PEDESTRIAN,,0,Clear,Dry,Daylight,Y,4079005,,3,Vehicle backing hits pedestrian,0,0,N
1273058.259,230649.592,4231,316000,317500,3814591,Unmatched,Block,,BOYLSTON AVE E BETWEEN E HARRISON ST AND E REPUBLICAN ST, ,,0,Unknown,,0,0,0,0,0,0,0,2019/03/08 00:00:00+00,3/8/2019,Mid-Block (not related to intersection),14,"MOTOR VEHICLE STRUCK MOTOR VEHICLE, REAR END",,,,,,,,, ,,0,0,N
1266728.998,266833.6949,4232,16867,16867,3504323,Matched,Intersection,35835,EVANSTON AVE N AND N 127TH ST, ,,1,Property Damage Only Collision,Angles,2,0,0,2,0,0,0,2013/04/13 00:00:00+00,4/13/2013 21:08,At Intersection (intersection related),11,"MOTOR VEHICLE STRUCK MOTOR VEHICLE, FRONT END AT ANGLE",,N,Overcast,Wet,Dark - Street Lights On,,,,10,Entering at angle,0,0,N
1268393.177,240376.6233,4233,304300,305540,E833171,Matched,Block,,STONE WAY N BETWEEN N 34TH ST AND N 35TH ST, ,,1,Property Damage Only Collision,Rear Ended,2,0,0,2,0,0,0,2018/07/13 00:00:00+00,7/13/2018 9:41,Mid-Block (not related to intersection),14,"MOTOR VEHICLE STRUCK MOTOR VEHICLE, REAR END",Y,N,Clear,Dry,Daylight,,,,14,From same direction - both going straight - one stopped - rear-end,0,0,N
1269053.63,255857.2465,4234,18133,18133,1780139,Unmatched,Block,,STONE AVE N BETWEEN N 85TH E ST AND N 88TH ST,,,0,Unknown,,0,0,0,0,0,0,0,2004/02/07 00:00:00+00,2/7/2004,Mid-Block (not related to intersection),11,"MOTOR VEHICLE STRUCK MOTOR VEHICLE, FRONT END AT ANGLE",,,,,,,4038007,,,,0,0,N
1269571.106,230097.5546,4235,16566,16566,3615273,Unmatched,Intersection,28794,TERRY AVE N AND THOMAS ST,NEI,"Not Enough Information, or Insufficient Location Information",0,Unknown,,0,0,0,0,0,0,0,2013/04/04 00:00:00+00,4/4/2013,At Intersection (intersection related),0,NOT ENOUGH INFORMATION / NOT APPLICABLE,,,,,,,,, ,,0,0,N
1270635.753,225114.0574,4236,300300,301500,3744621,Matched,Intersection,29933,5TH AVE AND SPRING ST,NEI,"Not Enough Information, or Insufficient Location Information",2,Injury Collision,Rear Ended,3,0,0,2,2,0,0,2018/08/11 00:00:00+00,8/11/2018 0:15,At Intersection (intersection related),0,NOT ENOUGH INFORMATION / NOT APPLICABLE,,N,Unknown,Unknown,Dark - Street Lights On,,,,14,From same direction - both going straight - one stopped - rear-end,0,0,N
1257980.356,247574.2638,4237,16893,16893,3552600,Matched,Block,,BALLARD AVE NW BETWEEN 22ND AVE NW AND NW MARKET ST, ,,1,Property Damage Only Collision,Parked Car,2,0,0,2,0,0,0,2013/04/13 00:00:00+00,4/13/2013 21:40,Mid-Block (not related to intersection),14,"MOTOR VEHICLE STRUCK MOTOR VEHICLE, REAR END",Y,Y,Raining,Wet,Dark - Street Lights On,,,,32,One parked--one moving,0,0,N
,,4238,16659,16659,3615317,Unmatched,,,,NEI,"Not Enough Information, or Insufficient Location Information",0,Unknown,,0,0,0,0,0,0,0,2013/04/08 00:00:00+00,4/8/2013,,0,NOT ENOUGH INFORMATION / NOT APPLICABLE,,,,,,,,, ,,0,0,N
1265784.083,216951.6009,4239,329900,331400,E998453,Matched,Block,,SW FLORIDA NR ST BETWEEN DEAD END AND 13TH AVE SW, ,,1,Property Damage Only Collision,Angles,2,0,0,2,0,0,0,2019/12/23 00:00:00+00,12/23/2019 9:13,Driveway Junction,11,"MOTOR VEHICLE STRUCK MOTOR VEHICLE, FRONT END AT ANGLE",,N,Unknown,Wet,Daylight,,,,10,Entering at angle,0,0,N
1278051.378,245472.0491,4240,206600,206800,3775709,Matched,Block,,22ND AVE NE BETWEEN 22ND WR S AVE NE AND NE 50TH ST,NEI,"Not Enough Information, or Insufficient Location Information",1,Property Damage Only Collision,Parked Car,2,0,0,2,0,0,0,2015/11/06 00:00:00+00,11/6/2015 7:00,,0,NOT ENOUGH INFORMATION / NOT APPLICABLE,,N,Unknown,Unknown,Unknown,,,,32,One parked--one moving,0,0,N
1273658.293,226547.2917,4241,17649,17649,1798806,Matched,Block,,E MADISON ST BETWEEN BROADWAY AND BROADWAY CT,,,1,Property Damage Only Collision,Sideswipe,2,0,0,2,0,0,0,2004/08/22 00:00:00+00,8/22/2004 2:43,Mid-Block (not related to intersection),16,"MOTOR VEHICLE STRUCK MOTOR VEHICLE, LEFT SIDE SIDESWIPE",,0,Raining,Wet,Dark - Street Lights On,,4235037,,11,From same direction - both going straight - both moving - sideswipe,0,0,N
1276418.64,264593.806,4242,17583,17583,1780023,Matched,Block,,NE 120TH ST BETWEEN 15TH AVE NE AND PINEHURST WAY NE,,,1,Property Damage Only Collision,Rear Ended,2,0,0,2,0,0,0,2004/05/05 00:00:00+00,5/5/2004,Mid-Block (but intersection related),14,"MOTOR VEHICLE STRUCK MOTOR VEHICLE, REAR END",Y,0,Clear,Dry,Daylight,,4126031,,14,From same direction - both going straight - one stopped - rear-end,0,0,N
1281780.246,207927.6571,4243,17829,17829,4227036,Unmatched,Block,,S ALASKA ST BETWEEN RAINIER AVE S AND 38TH AVE S,,,0,Unknown,,0,0,0,0,0,0,0,2004/08/14 00:00:00+00,8/14/2004,Mid-Block (not related to intersection),0,NOT ENOUGH INFORMATION / NOT APPLICABLE,,,,,,,4227036,,,,0,0,N
1270238.082,215049.3322,4244,274800,275643,E774538,Matched,Intersection,31371,OCCIDENTAL AVE S AND S LANDER ST, ,,1,Property Damage Only Collision,Angles,2,0,0,2,0,0,0,2018/02/28 00:00:00+00,2/28/2018 16:27,At Intersection (intersection related),11,"MOTOR VEHICLE STRUCK MOTOR VEHICLE, FRONT END AT ANGLE",,N,Raining,Wet,Daylight,,,,10,Entering at angle,0,0,N
1285265.67,245528.9284,4245,17887,17887,1782690,Matched,Block,,49TH AVE NE BETWEEN NE 47TH ST AND NE 50TH ST,,,1,Property Damage Only Collision,Parked Car,2,0,0,2,0,0,0,2004/08/29 00:00:00+00,8/29/2004 23:17,Mid-Block (not related to intersection),12,"MOTOR VEHICLE STRUCK MOTOR VEHICLE, RIGHT SIDE AT ANGLE",,0,Clear,Dry,Dark - Street Lights On,,4242005,,32,One parked--one moving,0,0,N
1272714.554,221668.1027,4246,17327,17327,617953,Unmatched,Block,,7TH AVE S BETWEEN S KING ST AND S WELLER ST,,,0,Unknown,,0,0,0,0,0,0,0,2004/12/11 00:00:00+00,12/11/2004,Mid-Block (not related to intersection),11,"MOTOR VEHICLE STRUCK MOTOR VEHICLE, FRONT END AT ANGLE",,,,,,,4346038,,,,0,0,N
1268093.894,234500.7875,4247,17260,17260,1778171,Matched,Block,,AURORA AVE N BETWEEN GALER ST AND GARFIELD ST,,,1,Property Damage Only Collision,Rear Ended,3,0,0,3,0,0,0,2004/03/17 00:00:00+00,3/17/2004 14:35,Mid-Block (not related to intersection),14,"MOTOR VEHICLE STRUCK MOTOR VEHICLE, REAR END",,0,Overcast,Dry,Daylight,,4077004,,13,From same direction - both going straight - both moving - rear-end,0,0,N
1267546.452,228411.0914,4248,330700,332200,3852282,Matched,Intersection,29672,4TH AVE AND BATTERY ST, ,,2,Injury Collision,Angles,2,0,0,2,1,0,0,2020/04/09 00:00:00+00,4/9/2020 19:35,At Intersection (intersection related),11,"MOTOR VEHICLE STRUCK MOTOR VEHICLE, FRONT END AT ANGLE",,N,Clear,Dry,Dusk,,,,10,Entering at angle,0,0,N
1262117.689,194818.822,4249,16858,16858,3615297,Matched,Block,,25TH AVE SW BETWEEN SW TRENTON ST AND SW HENDERSON ST,NEI,"Not Enough Information, or Insufficient Location Information",1,Property Damage Only Collision,Parked Car,2,0,0,2,0,0,0,2013/04/12 00:00:00+00,4/12/2013 13:00,,0,NOT ENOUGH INFORMATION / NOT APPLICABLE,,N,Unknown,Wet,Daylight,,,,32,One parked--one moving,0,0,N
1269395.978,226576.089,4250,324000,325500,3793292,Matched,Intersection,29579,4TH AVE AND PINE ST, ,,2,Injury Collision,Angles,4,0,0,2,1,0,0,2019/09/28 00:00:00+00,9/28/2019 5:30,At Intersection (intersection related),11,"MOTOR VEHICLE STRUCK MOTOR VEHICLE, FRONT END AT ANGLE",,N,Overcast,Wet,,,,,10,Entering at angle,0,0,N
1267511.566,245191.149,4251,16771,16771,3501877,Matched,Block,,N 46 UPPER ST BETWEEN AURORA AVE N AND WHITMAN AVE N, ,,1,Property Damage Only Collision,Other,1,0,0,1,0,0,0,2013/04/07 00:00:00+00,4/7/2013 15:20,Mid-Block (not related to intersection),26,MOTOR VEHICLE STRUCK OBJECT IN ROAD,,N,Raining,Wet,Daylight,,,,50,Fixed object,0,0,N
1271272.788,206263.2746,4252,335700,337200,EA72687,Matched,Intersection,33147,5TH AVE S AND S DAWSON ST, ,,2,Injury Collision,Cycles,3,0,1,1,1,0,0,2020/09/25 00:00:00+00,9/25/2020 16:30,At Intersection (intersection related),18,"MOTOR VEHICLE STRUCK PEDALCYCLIST, FRONT END AT ANGLE",,N,Overcast,Dry,Daylight,,,,5,Vehicle Strikes Pedalcyclist,0,0,N
1272919.964,242602.2948,4253,17438,17438,1782712_1,Unmatched,Block,,4TH AVE NE BETWEEN NE PACIFIC ST AND NE 40TH ST,,,0,Unknown,,0,0,0,0,0,0,0,2004/05/18 00:00:00+00,5/18/2004,Mid-Block (not related to intersection),13,"MOTOR VEHICLE STRUCK MOTOR VEHICLE, LEFT SIDE AT ANGLE",,,,,,,4139008,,,,0,0,N
1278951.057,200119.527,4254,17313,17313,1776451,Matched,Block,,BEACON WR AVE S BETWEEN 28TH AVE S AND S MYRTLE ST,,,1,Property Damage Only Collision,Rear Ended,2,0,0,2,0,0,0,2004/01/20 00:00:00+00,1/20/2004 18:30,Mid-Block (but intersection related),14,"MOTOR VEHICLE STRUCK MOTOR VEHICLE, REAR END",,0,Overcast,Dry,Dark - Street Lights On,,4020023,,14,From same direction - both going straight - one stopped - rear-end,0,0,N
1275253.332,249728.6763,4255,307100,308380,E861128,Matched,Intersection,25697,12TH AVE NE AND NE 64TH ST, ,,2,Injury Collision,Pedestrian,2,1,0,1,1,0,0,2018/11/09 00:00:00+00,11/9/2018 17:32,At Intersection (intersection related),24,MOTOR VEHCILE STRUCK PEDESTRIAN,,N,Clear,Dry,Dark - Street Lights On,Y,,,0,Vehicle going straight hits pedestrian,0,0,N
1256673.945,196662.6269,4256,16504,16504,3380712,Matched,Block,,SW THISTLE ST BETWEEN 42ND AVE SW AND CALIFORNIA AVE SW, ,,1,Property Damage Only Collision,Other,4,0,0,1,0,0,0,2013/04/07 00:00:00+00,4/7/2013 0:06,Mid-Block (but intersection related),26,MOTOR VEHICLE STRUCK OBJECT IN ROAD,,N,Raining,Wet,Dark - Street Lights On,,,Y,50,Fixed object,0,0,N
1265721.378,245230.6221,4257,17849,17849,1220405,Unmatched,Intersection,25686,PHINNEY AVE N AND N 46TH ST,,,0,Unknown,,0,0,0,0,0,0,0,2004/08/14 00:00:00+00,8/14/2004,At Intersection (intersection related),11,"MOTOR VEHICLE STRUCK MOTOR VEHICLE, FRONT END AT ANGLE",,,,,,,4227017,,,,0,0,N
1257236.714,209184.0101,4258,17638,17638,1795351,Matched,Intersection,31905,42ND AVE SW AND SW OREGON ST,,,1,Property Damage Only Collision,Left Turn,4,0,0,3,0,0,0,2004/10/17 00:00:00+00,10/17/2004 12:54,At Intersection (intersection related),11,"MOTOR VEHICLE STRUCK MOTOR VEHICLE, FRONT END AT ANGLE",,0,Raining,Wet,Daylight,,4291026,,28,From opposite direction - one left turn - one straight,0,0,N
1268698.563,227144.9819,4259,17426,17426,1777431,Matched,Block,,VIRGINIA ST BETWEEN 3RD AVE AND 4TH AVE,,,2,Injury Collision,Rear Ended,3,0,0,2,1,0,0,2004/03/28 00:00:00+00,3/28/2004 11:01,Mid-Block (but intersection related),14,"MOTOR VEHICLE STRUCK MOTOR VEHICLE, REAR END",Y,0,Clear,Dry,Daylight,,4088023,,14,From same direction - both going straight - one stopped - rear-end,0,0,N
1269011.817,245949.975,4260,17812,17812,1794120,Matched,Intersection,25545,STONE WAY N AND N 49TH ST,,,2,Injury Collision,Angles,5,0,0,3,1,0,0,2004/11/28 00:00:00+00,11/28/2004 15:40,At Intersection (intersection related),11,"MOTOR VEHICLE STRUCK MOTOR VEHICLE, FRONT END AT ANGLE",,0,Clear,Dry,Daylight,,4333010,,10,Entering at angle,0,0,N
1281779.836,208922.7978,4261,16737,16737,3615382,Matched,Block,,37TH AVE S BETWEEN S GENESEE ST AND S OREGON ST,NEI,"Not Enough Information, or Insufficient Location Information",1,Property Damage Only Collision,Parked Car,2,0,0,2,0,0,0,2013/04/10 00:00:00+00,4/10/2013 13:30,,0,NOT ENOUGH INFORMATION / NOT APPLICABLE,,N,Unknown,Unknown,Unknown,,,,32,One parked--one moving,0,0,N
1267999.347,226692.9689,4262,223900,224180,E552861,Unmatched,Block,,1ST AVE BETWEEN VIRGINIA ST AND LENORA ST,NEI,"Not Enough Information, or Insufficient Location Information",0,Unknown,,2,0,0,0,0,0,0,2016/06/10 00:00:00+00,6/10/2016,Mid-Block (not related to intersection),0,NOT ENOUGH INFORMATION / NOT APPLICABLE,,,,,,,,, ,,0,0,N
1273246.922,203206.4291,4263,17461,17461,1215383,Matched,Intersection,33134,CARLETON AVE S AND S BAILEY ST,,,2,Injury Collision,Left Turn,3,0,0,2,1,0,0,2004/03/07 00:00:00+00,3/7/2004,At Intersection (intersection related),11,"MOTOR VEHICLE STRUCK MOTOR VEHICLE, FRONT END AT ANGLE",,0,Clear,Dry,Dark - Street Lights On,,4067003,,28,From opposite direction - one left turn - one straight,0,0,N
1259357.07,254373.2657,4264,16961,16961,1794678,Matched,Block,,NW 80TH ST BETWEEN 18TH AVE NW AND 19TH AVE NW,,,2,Injury Collision,Rear Ended,4,0,0,3,2,0,0,2004/10/02 00:00:00+00,10/2/2004,Mid-Block (but intersection related),14,"MOTOR VEHICLE STRUCK MOTOR VEHICLE, REAR END",Y,0,Clear,Dry,Daylight,,4276027,,14,From same direction - both going straight - one stopped - rear-end,0,0,N
1259990.094,216880.6688,4265,17046,17046,1781463,Matched,Block,,HARBOR AVE SW BETWEEN SW BRONSON WAY AND LOTUS AVE SW,,,1,Property Damage Only Collision,Rear Ended,2,0,0,2,0,0,0,2004/02/18 00:00:00+00,2/18/2004 9:06,Mid-Block (not related to intersection),14,"MOTOR VEHICLE STRUCK MOTOR VEHICLE, REAR END",Y,0,Overcast,Wet,Daylight,,4049024,,14,From same direction - both going straight - one stopped - rear-end,0,0,N