X,Y,OBJECTID,INCKEY,COLDETKEY,REPORTNO,STATUS,ADDRTYPE,INTKEY,LOCATION,EXCEPTRSNCODE,EXCEPTRSNDESC,SEVERITYCODE,SEVERITYDESC,COLLISIONTYPE,PERSONCOUNT,PEDCOUNT,PEDCYLCOUNT,VEHCOUNT,INJURIES,SERIOUSINJURIES,FATALITIES,INCDATE,INCDTTM,JUNCTIONTYPE,SDOT_COLCODE,SDOT_COLDESC,INATTENTIONIND,UNDERINFL,WEATHER,ROADCOND,LIGHTCOND,PEDROWNOTGRNT,SDOTCOLNUM,SPEEDING,ST_COLCODE,ST_COLDESC,SEGLANEKEY,CROSSWALKKEY,HITPARKEDCAR
1269122.793,231500.8446,4266,16431,16431,3643958,Matched,Block,,MERCER NR ST BETWEEN 9TH AVE N AND WESTLAKE AVE N, ,,1,Property Damage Only Collision,Sideswipe,2,0,0,2,0,0,0,2013/03/27 00:00:00+00,3/27/2013 6:56,Mid-Block (not related to intersection),11,"MOTOR VEHICLE STRUCK MOTOR VEHICLE, FRONT END AT ANGLE",,N,Clear,Dry,Daylight,,,,11,From same direction - both going straight - both moving - sideswipe,0,0,N
1272864.884,221205.2909,4267,335000,336500,EA72979,Unmatched,Block,,S LANE ST BETWEEN 7TH AVE S AND 8TH AVE S, ,,0,Unknown,,2,0,0,0,0,0,0,2020/10/16 00:00:00+00,10/16/2020,Mid-Block (not related to intersection),0,NOT ENOUGH INFORMATION / NOT APPLICABLE,,,,,,,,, ,,0,0,Y
1266650.294,228791.1523,4268,17362,17362,1784760,Matched,Intersection,29669,3RD AVE AND CEDAR ST,,,1,Property Damage Only Collision,Angles,3,0,0,3,0,0,0,2004/09/18 00:00:00+00,9/18/2004 16:17,At Intersection (intersection related),11,"MOTOR VEHICLE STRUCK MOTOR VEHICLE, FRONT END AT ANGLE",,0,Clear,Dry,Daylight,,4262016,,10,Entering at angle,0,0,N
1264938.851,231542.7941,4269,16938,16938,4279067,Unmatched,Block,,MERCER ST BETWEEN QUEEN ANNE AVE N AND 1ST AVE N,,,0,Unknown,,0,0,0,0,0,0,0,2004/10/05 00:00:00+00,10/5/2004,Mid-Block (not related to intersection),14,"MOTOR VEHICLE STRUCK MOTOR VEHICLE, REAR END",,,,,,,4279067,,,,0,0,N
1269034.763,198600.0403,4270,17156,17156,1789232,Matched,Block,,2ND AVE SW BETWEEN 2ND AV SW OFF RP AND 1ST AVE S,,,1,Property Damage Only Collision,Other,1,0,0,1,0,0,0,2004/04/25 00:00:00+00,4/25/2004 0:22,Mid-Block (not related to intersection),28,MOTOR VEHICLE RAN OFF ROAD - HIT FIXED OBJECT,,0,Clear,Dry,Dark - Street Lights On,,4116006,,50,Fixed object,0,0,N
1272191.086,234969.0283,4271,16640,16640,3465924,Matched,Block,,FAIRVIEW AVE E BETWEEN E GARFIELD ST AND E BLAINE ST, ,,1,Property Damage Only Collision,Parked Car,2,0,0,2,0,0,0,2013/04/08 00:00:00+00,4/8/2013 17:42,Mid-Block (not related to intersection),14,"MOTOR VEHICLE STRUCK MOTOR VEHICLE, REAR END",Y,N,Overcast,Dry,Daylight,,,,32,One parked--one moving,0,0,N
1281980.544,201858.7272,4272,17689,17689,1787589,Matched,Block,,M L KING JR WR WAY S BETWEEN S MORGAN ST AND 38TH AVE S,,,2b,Serious Injury Collision,Other,9,0,0,2,5,1,0,2004/09/11 00:00:00+00,9/11/2004 22:08,Driveway Junction,11,"MOTOR VEHICLE STRUCK MOTOR VEHICLE, FRONT END AT ANGLE",,0,Overcast,Dry,Dark - Street Lights On,,4255015,Y,21,One car entering driveway access,0,0,N
1265492.484,260771.9071,4273,17338,17338,4255037,Unmatched,Block,,HOLMAN RD N BETWEEN N 104TH ST AND GREENWOOD AVE N,,,0,Unknown,,0,0,0,0,0,0,0,2004/09/11 00:00:00+00,9/11/2004,Mid-Block (but intersection related),14,"MOTOR VEHICLE STRUCK MOTOR VEHICLE, REAR END",,,,,,,4255037,,,,0,0,N
1267570.93,240414.9051,4274,16984,16984,4049035,Unmatched,Block,,N 34TH ST BETWEEN TROLL AVE N AND ALBION PL N,,,0,Unknown,,0,0,0,0,0,0,0,2004/02/18 00:00:00+00,2/18/2004,Mid-Block (but intersection related),11,"MOTOR VEHICLE STRUCK MOTOR VEHICLE, FRONT END AT ANGLE",,,,,,,4049035,,,,0,0,N
1268339.345,263486.02,4275,314700,316200,E896134,Matched,Intersection,36342,AURORA AVE N AND N 115TH ST, ,,2,Injury Collision,Pedestrian,3,1,0,1,1,0,0,2019/02/15 00:00:00+00,2/15/2019 13:00,At Intersection (intersection related),24,MOTOR VEHCILE STRUCK PEDESTRIAN,,Y,Overcast,Wet,Daylight,,,,2,Vehicle turning left hits pedestrian,0,0,N
1267480.983,212149.9143,4276,17559,17559,1781531,Matched,Intersection,32164,S SPOKANE ST AND S SPOKANE NR ST,,,1,Property Damage Only Collision,Sideswipe,2,0,0,2,0,0,0,2004/03/14 00:00:00+00,3/14/2004 11:30,At Intersection (intersection related),16,"MOTOR VEHICLE STRUCK MOTOR VEHICLE, LEFT SIDE SIDESWIPE",,0,Overcast,Dry,Daylight,,4074014,,11,From same direction - both going straight - both moving - sideswipe,0,0,N
1256971.59,236359.4825,4277,17067,17067,1478274,Matched,Block,,THORNDYKE AVE W BETWEEN W NEWTON ST AND W CROCKETT ST,,,1,Property Damage Only Collision,Parked Car,2,0,0,2,0,0,0,2004/04/15 00:00:00+00,4/15/2004 15:24,Mid-Block (not related to intersection),14,"MOTOR VEHICLE STRUCK MOTOR VEHICLE, REAR END",,0,Clear,Dry,Daylight,,4106022,,32,One parked--one moving,0,0,N
1268187.731,192559.9298,4278,337100,338600,EA86734,Matched,Block,,OLSON PL SW BETWEEN SW CAMBRIDGE PL AND SW ROXBURY ST, ,,1,Property Damage Only Collision,Sideswipe,2,0,0,2,0,0,0,2020/12/04 00:00:00+00,12/4/2020 8:58,Mid-Block (not related to intersection),11,"MOTOR VEHICLE STRUCK MOTOR VEHICLE, FRONT END AT ANGLE",,N,Clear,Dry,Daylight,,,,11,From same direction - both going straight - both moving - sideswipe,0,0,N
1269989.017,227930.8635,4279,299600,300800,3811659,Matched,Intersection,29539,8TH AVE AND STEWART ST, ,,2,Injury Collision,Pedestrian,2,1,0,1,1,0,0,2018/07/21 00:00:00+00,7/21/2018 16:35,At Intersection (intersection related),24,MOTOR VEHCILE STRUCK PEDESTRIAN,,N,Clear,Dry,Daylight,Y,,,2,Vehicle turning left hits pedestrian,0,523193,N
1275833.907,261960.8444,4280,17896,17896,1318125,Matched,Block,,NE NORTHGATE WAY BETWEEN 12TH AVE NE AND 14TH AVE NE,,,2b,Serious Injury Collision,Other,1,0,0,1,1,1,0,2004/06/16 00:00:00+00,6/16/2004 7:58,Mid-Block (not related to intersection),29,MOTOR VEHICLE OVERTURNED IN ROAD,,0,Clear,Dry,Daylight,,4168019,,52,Vehicle overturned,0,0,N
1260892.042,245482.183,4281,16957,16957,1780415,Matched,Block,,14TH AVE NW BETWEEN NW 46TH ST AND NW BALLARD WAY,,,2,Injury Collision,Rear Ended,2,0,0,2,1,0,0,2004/02/06 00:00:00+00,2/6/2004,Mid-Block (but intersection related),14,"MOTOR VEHICLE STRUCK MOTOR VEHICLE, REAR END",,0,Overcast,Wet,Dark - Street Lights On,,4037014,,14,From same direction - both going straight - one stopped - rear-end,0,0,N
1263011.11,258317.9115,4282,16749,16749,3501904,Matched,Intersection,37149,8TH AVE NW AND NW 95TH ST, ,,1,Property Damage Only Collision,Angles,4,0,0,2,0,0,0,2013/04/10 00:00:00+00,4/10/2013 8:04,At Intersection (intersection related),11,"MOTOR VEHICLE STRUCK MOTOR VEHICLE, FRONT END AT ANGLE",,N,Overcast,Wet,Daylight,,,,10,Entering at angle,0,0,N
1285416.735,191845.7983,4283,16661,16661,3615380,Matched,Intersection,35472,51ST AVE S AND S ROXBURY ST,NEI,"Not Enough Information, or Insufficient Location Information",1,Property Damage Only Collision,Angles,2,0,0,2,0,0,0,2013/04/08 00:00:00+00,4/8/2013 18:15,At Intersection (intersection related),0,NOT ENOUGH INFORMATION / NOT APPLICABLE,,N,Unknown,Unknown,Unknown,,,,10,Entering at angle,0,0,N
1273086.539,228821.4161,4284,16419,16419,3615288,Matched,Block,,E HOWELL ST BETWEEN BOYLSTON S AVE AND HARVARD AVE,NEI,"Not Enough Information, or Insufficient Location Information",1,Property Damage Only Collision,Parked Car,2,0,0,2,0,0,0,2013/04/01 00:00:00+00,4/1/2013 19:45,,0,NOT ENOUGH INFORMATION / NOT APPLICABLE,,N,Clear,Dry,Unknown,,,,32,One parked--one moving,0,0,N
1277438.125,226517.9725,4285,316400,317900,3814593,Unmatched,Block,,21ST AVE BETWEEN E MARION ST AND E UNION ST, ,,2,Injury Collision,,1,0,0,0,1,0,0,2019/03/16 00:00:00+00,3/16/2019,Mid-Block (not related to intersection),14,"MOTOR VEHICLE STRUCK MOTOR VEHICLE, REAR END",,,,,,,,, ,,0,0,Y
1275853.778,220580.3917,4286,17494,17494,1788094,Matched,Block,,RAINIER AVE S BETWEEN S DEARBORN ST AND S CHARLES N ST,,,2,Injury Collision,Other,1,0,0,1,1,0,0,2004/08/18 00:00:00+00,8/18/2004 16:54,Mid-Block (not related to intersection),28,MOTOR VEHICLE RAN OFF ROAD - HIT FIXED OBJECT,,0,Clear,Dry,Daylight,,4231021,,50,Fixed object,0,0,N
1259870.705,203818.1894,4287,16803,16803,3615031,Matched,Block,,SW RAYMOND ST BETWEEN 32ND AVE SW AND 34TH AVE SW,NEI,"Not Enough Information, or Insufficient Location Information",1,Property Damage Only Collision,Parked Car,2,0,0,2,0,0,0,2013/04/11 00:00:00+00,4/11/2013 23:45,Mid-Block (not related to intersection),0,NOT ENOUGH INFORMATION / NOT APPLICABLE,,N,Clear,Unknown,Dark - Street Lights On,,,,32,One parked--one moving,0,0,N
1283875.424,202515.6448,4288,17536,17536,1771640,Unmatched,Block,,S GRAHAM ST BETWEEN 44TH AVE S AND RAINIER AVE S,,,0,Unknown,,0,0,0,0,0,0,0,2004/03/01 00:00:00+00,3/1/2004,Mid-Block (but intersection related),11,"MOTOR VEHICLE STRUCK MOTOR VEHICLE, FRONT END AT ANGLE",,,,,,,4061022,,,,0,0,N
1277771.705,239098.5412,4289,17623,17623,1789881,Matched,Block,,MONTLAKE BLVD E BETWEEN E HAMLIN ST AND E SHELBY ST,,,1,Property Damage Only Collision,Rear Ended,4,0,0,2,0,0,0,2004/02/14 00:00:00+00,2/14/2004 20:05,Mid-Block (but intersection related),14,"MOTOR VEHICLE STRUCK MOTOR VEHICLE, REAR END",Y,0,Raining,Wet,Dark - Street Lights On,,4045003,,14,From same direction - both going straight - one stopped - rear-end,0,0,N
1271285.908,215464.8206,4290,17123,17123,1784695,Unmatched,Block,,4TH AVE S BETWEEN S STACY ST AND S LANDER ST,,,0,Unknown,,0,0,0,0,0,0,0,2004/12/16 00:00:00+00,12/16/2004,Driveway Junction,14,"MOTOR VEHICLE STRUCK MOTOR VEHICLE, REAR END",,,,,,,4351006,,,,0,0,N
1270227.933,254181.85,4291,313700,315178,E894759,Unmatched,Intersection,24233,WALLINGFORD AVE N AND N 80TH ST,NEI,"Not Enough Information, or Insufficient Location Information",0,Unknown,,0,0,0,0,0,0,0,2019/02/15 00:00:00+00,2/15/2019,At Intersection (intersection related),0,NOT ENOUGH INFORMATION / NOT APPLICABLE,,,,,,,,, ,,0,0,Y
1267042.235,244931.2465,4292,17285,17285,1080368,Matched,Intersection,26923,LINDEN AVE N AND N 45TH ST,,,1,Property Damage Only Collision,Angles,3,0,0,2,0,0,0,2004/07/23 00:00:00+00,7/23/2004 17:17,At Intersection (intersection related),11,"MOTOR VEHICLE STRUCK MOTOR VEHICLE, FRONT END AT ANGLE",,0,Clear,Dry,Daylight,,4205019,,10,Entering at angle,0,0,N
1260310.887,248667.5442,4293,16450,16450,3501333,Matched,Block,,15TH AVE NW BETWEEN NW 58TH ST AND NW 59TH ST, ,,2,Injury Collision,Rear Ended,2,0,0,2,1,0,0,2013/04/04 00:00:00+00,4/4/2013 15:37,Mid-Block (not related to intersection),14,"MOTOR VEHICLE STRUCK MOTOR VEHICLE, REAR END",,N,Raining,Wet,Daylight,,,,13,From same direction - both going straight - both moving - rear-end,0,0,N
1269374.465,227980.7193,4294,17550,17550,1783185,Matched,Block,,WESTLAKE AVE BETWEEN VIRGINIA ST AND 7TH AVE,,,1,Property Damage Only Collision,Angles,2,0,0,2,0,0,0,2004/06/19 00:00:00+00,6/19/2004 17:06,Mid-Block (but intersection related),26,MOTOR VEHICLE STRUCK OBJECT IN ROAD,,0,Clear,Dry,Daylight,,4171004,,10,Entering at angle,0,0,N
,,4295,17063,17063,1321682,Matched,Block,,BATTERY ST TUNNEL NB BETWEEN ALASKAN WY VI NB AND AURORA AVE N,,,1,Property Damage Only Collision,Other,1,0,0,1,0,0,0,2004/06/18 00:00:00+00,6/18/2004 2:18,Mid-Block (not related to intersection),26,MOTOR VEHICLE STRUCK OBJECT IN ROAD,,1,Raining,Wet,Dark - Street Lights On,,4170001,Y,50,Fixed object,0,0,N
1261663.797,245864.6255,4296,16723,16723,3508247,Matched,Block,,NW LEARY WAY BETWEEN LEARY WAY NW AND 11TH AVE NW, ,,1,Property Damage Only Collision,Parked Car,2,0,0,2,0,0,0,2013/04/09 00:00:00+00,4/9/2013 12:30,Mid-Block (not related to intersection),16,"MOTOR VEHICLE STRUCK MOTOR VEHICLE, LEFT SIDE SIDESWIPE",,N,Overcast,Dry,Daylight,,,,20,One car leaving parked position,0,0,N
1272623.477,229604.6707,4297,16739,16739,3606003,Matched,Block,,E JOHN ST BETWEEN SUMMIT AVE E AND E OLIVE WAY, ,,1,Property Damage Only Collision,Parked Car,2,0,0,2,0,0,0,2013/04/10 00:00:00+00,4/10/2013 7:35,Mid-Block (not related to intersection),11,"MOTOR VEHICLE STRUCK MOTOR VEHICLE, FRONT END AT ANGLE",,N,Raining,Wet,Daylight,,,,32,One parked--one moving,0,0,N
1275165.489,216166.62,4298,16655,16655,3672331,Matched,Intersection,31285,15TH AVE S AND S COLLEGE ST, ,,2,Injury Collision,Angles,3,0,0,2,1,0,0,2013/04/07 00:00:00+00,4/7/2013 10:45,At Intersection (intersection related),11,"MOTOR VEHICLE STRUCK MOTOR VEHICLE, FRONT END AT ANGLE",,N,Raining,Wet,Daylight,,,,10,Entering at angle,0,0,N
1275235.324,248797.1691,4299,310500,311820,3810101,Matched,Intersection,25725,12TH AVE NE AND NE 61ST ST, ,,1,Property Damage Only Collision,Other,1,0,0,1,0,0,0,2019/01/07 00:00:00+00,1/7/2019 2:00,At Intersection (intersection related),28,MOTOR VEHICLE RAN OFF ROAD - HIT FIXED OBJECT,,N,Overcast,Wet,Dark - Street Lights On,,,,50,Fixed object,0,0,N
1272227.382,255427.5565,4300,17860,17860,1794834,Matched,Intersection,37608,1ST AVE NE AND NE 85TH ST,,,2b,Serious Injury Collision,Other,1,0,0,1,1,1,0,2004/10/28 00:00:00+00,10/28/2004 14:48,At Intersection (intersection related),28,MOTOR VEHICLE RAN OFF ROAD - HIT FIXED OBJECT,,0,Raining,Wet,Daylight,,4302010,,50,Fixed object,0,0,N
1277961.39,225243.6924,4301,17348,17348,1478281,Matched,Intersection,30173,23RD AVE AND E CHERRY ST,,,1,Property Damage Only Collision,Angles,2,0,0,2,0,0,0,2004/10/08 00:00:00+00,10/8/2004,At Intersection (intersection related),11,"MOTOR VEHICLE STRUCK MOTOR VEHICLE, FRONT END AT ANGLE",,0,Raining,Wet,Daylight,,4282027,,10,Entering at angle,0,0,N
1272359.416,268441.0731,4302,17578,17578,4034029,Unmatched,Intersection,35947,1ST AVE NE AND ROOSEVELT WAY NE,,,0,Unknown,,0,0,0,0,0,0,0,2004/02/03 00:00:00+00,2/3/2004,At Intersection (intersection related),11,"MOTOR VEHICLE STRUCK MOTOR VEHICLE, FRONT END AT ANGLE",,,,,,,4034029,,,,0,0,N
1275142.75,231016.1017,4303,17380,17380,1798933,Matched,Block,,14TH AVE E BETWEEN E REPUBLICAN ST AND E MERCER ST,,,1,Property Damage Only Collision,Parked Car,2,0,0,2,0,0,0,2004/09/03 00:00:00+00,9/3/2004,Mid-Block (not related to intersection),14,"MOTOR VEHICLE STRUCK MOTOR VEHICLE, REAR END",,0,Clear,Dry,Daylight,,4247016,,32,One parked--one moving,0,0,N
1253992.017,211642.4053,4304,243000,243480,3744542,Matched,Block,,52ND AVE SW BETWEEN SW CHARLESTOWN W ST AND SW ANDOVER ST, ,,2,Injury Collision,Pedestrian,2,1,0,1,1,0,0,2017/06/21 00:00:00+00,6/21/2017 19:23,Mid-Block (not related to intersection),24,MOTOR VEHCILE STRUCK PEDESTRIAN,,N,Clear,Dry,Daylight,,,,0,Vehicle going straight hits pedestrian,0,0,N
1262563.17,231598.0517,4305,16706,16706,3643777,Matched,Intersection,28640,ELLIOTT AVE W AND W MERCER ST,NEI,"Not Enough Information, or Insufficient Location Information",1,Property Damage Only Collision,Sideswipe,6,0,0,3,0,0,0,2013/04/09 00:00:00+00,4/9/2013 21:20,At Intersection (intersection related),0,NOT ENOUGH INFORMATION / NOT APPLICABLE,,N,Clear,Dry,Dark - Street Lights On,,,,27,From opposite direction - both going straight - one stopped - sideswipe,0,0,N
1276331.718,227060.5454,4306,17354,17354,1789823,Matched,Block,,E UNION ST BETWEEN 17TH AVE AND 18TH AVE,,,1,Property Damage Only Collision,Parked Car,2,0,0,2,0,0,0,2004/03/19 00:00:00+00,3/19/2004 17:30,Mid-Block (not related to intersection),16,"MOTOR VEHICLE STRUCK MOTOR VEHICLE, LEFT SIDE SIDESWIPE",,0,Unknown,Unknown,Unknown,,4079011,,32,One parked--one moving,0,0,N
1279274.767,222316.2999,4307,16935,16935,1790005,Matched,Block,,M L KING JR WAY S BETWEEN S WASHINGTON ST AND S JACKSON ST,,,1,Property Damage Only Collision,Rear Ended,5,0,0,2,0,0,0,2004/05/04 00:00:00+00,5/4/2004,Mid-Block (but intersection related),14,"MOTOR VEHICLE STRUCK MOTOR VEHICLE, REAR END",Y,0,Clear,Dry,Daylight,,4125024,,14,From same direction - both going straight - one stopped - rear-end,0,0,N
1274544.214,228594.9669,4308,17677,17677,1772379,Matched,Block,,12TH AVE BETWEEN E OLIVE ST AND E HOWELL ST,,,2,Injury Collision,Parked Car,2,0,0,2,1,0,0,2004/05/01 00:00:00+00,5/1/2004,Mid-Block (not related to intersection),26,MOTOR VEHICLE STRUCK OBJECT IN ROAD,,0,Clear,Dry,Daylight,,4122026,,32,One parked--one moving,0,0,N
,,4309,17771,17771,4204043,Unmatched,,,,NEI,"Not Enough Information, or Insufficient Location Information",0,Unknown,,0,0,0,0,0,0,0,2004/07/22 00:00:00+00,7/22/2004,Mid-Block (not related to intersection),0,NOT ENOUGH INFORMATION / NOT APPLICABLE,,,,,,,4204043,,,,0,0,N
1268353.834,265256.6097,4310,16978,16978,1773619,Matched,Block,,AURORA AVE N BETWEEN N 117TH PL AND N 125TH ST,,,2,Injury Collision,Other,3,0,0,2,1,0,0,2004/06/07 00:00:00+00,6/7/2004,Driveway Junction,11,"MOTOR VEHICLE STRUCK MOTOR VEHICLE, FRONT END AT ANGLE",,0,Overcast,Dry,Daylight,,4159031,,21,One car entering driveway access,0,0,N
1273782.531,251014.3442,4311,16691,16691,3501828,Matched,Block,,WEEDIN PL NE BETWEEN NE 68TH ST AND NE 69TH ST, ,,2,Injury Collision,Angles,2,0,0,2,1,0,0,2013/04/06 00:00:00+00,4/6/2013 14:02,Mid-Block (not related to intersection),11,"MOTOR VEHICLE STRUCK MOTOR VEHICLE, FRONT END AT ANGLE",,N,Clear,Dry,Daylight,,,,10,Entering at angle,0,0,N
1273586.973,230427.7797,4312,17151,17151,1074721,Matched,Intersection,29024,BROADWAY E AND E HARRISON ST,,,2,Injury Collision,Rear Ended,4,0,0,3,2,0,0,2004/10/14 00:00:00+00,10/14/2004 22:28,At Intersection (but not related to intersection),14,"MOTOR VEHICLE STRUCK MOTOR VEHICLE, REAR END",Y,0,Clear,Dry,Dark - Street Lights On,,4288014,,14,From same direction - both going straight - one stopped - rear-end,0,0,N
1268904.492,246224.412,4313,16453,16453,3501827,Matched,Block,,N 50TH ST BETWEEN STONE AVE N AND GREEN LAKE WAY N, ,,2,Injury Collision,Cycles,2,0,1,1,1,0,0,2013/04/04 00:00:00+00,4/4/2013 17:05,Mid-Block (not related to intersection),54,PEDALCYCLIST STRUCK MOTOR VEHICLE REAR END,,N,Raining,Wet,Daylight,,,Y,45,Vehicle - Pedalcyclist,21592,0,N
1265204.957,229355.4211,4314,17566,17566,4228036,Unmatched,Block,,DENNY WAY BETWEEN 1ST AVE AND WARREN AVE N,,,0,Unknown,,0,0,0,0,0,0,0,2004/08/15 00:00:00+00,8/15/2004,Mid-Block (but intersection related),14,"MOTOR VEHICLE STRUCK MOTOR VEHICLE, REAR END",,,,,,,4228036,,,,0,0,N
1278714.904,245342.8177,4315,16729,16729,3551423,Matched,Block,,NE 47TH ST BETWEEN 24TH AVE NE AND 25TH AVE NE, ,,1,Property Damage Only Collision,Cycles,2,0,1,1,0,0,0,2013/04/08 00:00:00+00,4/8/2013 14:36,Mid-Block (but intersection related),18,"MOTOR VEHICLE STRUCK PEDALCYCLIST, FRONT END AT ANGLE",,N,Overcast,Dry,Daylight,,,,45,Vehicle - Pedalcyclist,0,0,N
1266110.728,256267.1483,4316,17171,17171,1793713,Matched,Block,,N 87TH ST BETWEEN PHINNEY AVE N AND DAYTON AVE N,,,1,Property Damage Only Collision,Parked Car,2,0,0,2,0,0,0,2004/06/06 00:00:00+00,6/6/2004,Mid-Block (not related to intersection),16,"MOTOR VEHICLE STRUCK MOTOR VEHICLE, LEFT SIDE SIDESWIPE",,0,Clear,Dry,Daylight,,4158020,,32,One parked--one moving,0,0,N
1267763.17,228649.2832,4317,16495,16495,3643910,Unmatched,Intersection,29532,5TH AVE AND BATTERY ST, ,,1,Property Damage Only Collision,,1,0,0,0,0,0,0,2013/04/03 00:00:00+00,4/3/2013,At Intersection (intersection related),28,MOTOR VEHICLE RAN OFF ROAD - HIT FIXED OBJECT,,,,,,,,, ,,0,0,N
1266866.857,229029.2333,4318,16516,16516,3503938,Matched,Intersection,29654,4TH AVE AND CEDAR ST, ,,1,Property Damage Only Collision,Angles,2,0,0,2,0,0,0,2013/04/05 00:00:00+00,4/5/2013 6:49,At Intersection (intersection related),11,"MOTOR VEHICLE STRUCK MOTOR VEHICLE, FRONT END AT ANGLE",,N,Overcast,Wet,Daylight,,,,10,Entering at angle,0,0,N
1270028.24,226454.6232,4319,17555,17555,1783756,Matched,Block,,PIKE ST BETWEEN 5TH AVE AND 6TH AVE,,,1,Property Damage Only Collision,Sideswipe,2,0,0,2,0,0,0,2004/08/25 00:00:00+00,8/25/2004 21:20,Mid-Block (not related to intersection),16,"MOTOR VEHICLE STRUCK MOTOR VEHICLE, LEFT SIDE SIDESWIPE",,0,Overcast,Dry,Dark - Street Lights On,,4238019,,11,From same direction - both going straight - both moving - sideswipe,0,0,N
1280325.224,265795.6751,4320,244800,245380,E693157,Matched,Intersection,36602,30TH AVE NE AND NE 125TH ST, ,,1,Property Damage Only Collision,Sideswipe,4,0,0,3,0,0,0,2017/07/18 00:00:00+00,7/18/2017 8:59,At Intersection (intersection related),11,"MOTOR VEHICLE STRUCK MOTOR VEHICLE, FRONT END AT ANGLE",Y,N,Clear,Dry,Daylight,,,,11,From same direction - both going straight - both moving - sideswipe,0,0,N
1276678.538,245024.26,4321,17493,17493,1776112,Matched,Block,,17TH NB AVE NE BETWEEN NE 45TH ST AND NE 47TH ST,,,1,Property Damage Only Collision,Parked Car,2,0,0,2,0,0,0,2004/08/09 00:00:00+00,8/9/2004,Mid-Block (not related to intersection),16,"MOTOR VEHICLE STRUCK MOTOR VEHICLE, LEFT SIDE SIDESWIPE",,0,Clear,Dry,Dark - Street Lights On,,4222040,,32,One parked--one moving,0,0,N
1261920.754,232333.8623,4322,17584,17584,1794396,Matched,Intersection,28700,ELLIOTT AVE W AND W MERCER PL,,,1,Property Damage Only Collision,Angles,5,0,0,2,0,0,0,2004/11/26 00:00:00+00,11/26/2004 21:11,At Intersection (intersection related),11,"MOTOR VEHICLE STRUCK MOTOR VEHICLE, FRONT END AT ANGLE",,0,Raining,Wet,Dark - Street Lights On,,4331009,,10,Entering at angle,0,0,N
1266563.566,197962.6317,4323,17822,17822,1781775,Matched,Block,,HIGHLAND PARK WAY SW BETWEEN SW PORTLAND ST AND 9TH AVE SW,,,1,Property Damage Only Collision,Parked Car,2,0,0,2,0,0,0,2004/09/09 00:00:00+00,9/9/2004,Driveway Junction,14,"MOTOR VEHICLE STRUCK MOTOR VEHICLE, REAR END",,0,Clear,Dry,Daylight,,4253020,,32,One parked--one moving,0,0,N
1268118.079,227455.9955,4324,224300,224580,3705269,Matched,Block,,3RD AVE BETWEEN LENORA ST AND BLANCHARD ST, ,,1,Property Damage Only Collision,Parked Car,3,0,0,2,0,0,0,2016/07/18 00:00:00+00,7/18/2016 20:16,Mid-Block (not related to intersection),11,"MOTOR VEHICLE STRUCK MOTOR VEHICLE, FRONT END AT ANGLE",,N,Clear,Dry,Daylight,,,,32,One parked--one moving,0,0,Y
,,4325,17441,17441,467354,Matched,Block,,1ST AV S OFF RP BETWEEN ALASKAN WY VI SB AND S ROYAL BROUGHAM WAY,,,1,Property Damage Only Collision,Rear Ended,0,0,0,2,0,0,0,2004/06/08 00:00:00+00,6/8/2004,Mid-Block (but intersection related),14,"MOTOR VEHICLE STRUCK MOTOR VEHICLE, REAR END",,0,Clear,Dry,Daylight,,4160010,,13,From same direction - both going straight - both moving - rear-end,0,0,N
1265622.202,257265.4977,4326,17614,17614,1781833,Matched,Block,,GREENWOOD AVE N BETWEEN N 90TH ST AND N 92ND ST,,,2,Injury Collision,Other,2,0,0,2,2,0,0,2004/07/22 00:00:00+00,7/22/2004 19:45,Driveway Junction,11,"MOTOR VEHICLE STRUCK MOTOR VEHICLE, FRONT END AT ANGLE",,0,Clear,Dry,Daylight,,4204028,,21,One car entering driveway access,0,0,N
1264634.683,235698.9242,4327,16971,16971,1794843,Matched,Block,,W HOWE ST BETWEEN QUEEN ANNE AVE N AND 1ST AVE W,,,1,Property Damage Only Collision,Parked Car,2,0,0,2,0,0,0,2004/12/06 00:00:00+00,12/6/2004,Mid-Block (not related to intersection),11,"MOTOR VEHICLE STRUCK MOTOR VEHICLE, FRONT END AT ANGLE",,0,Unknown,Unknown,Unknown,,4341043,,32,One parked--one moving,0,0,N
1262934.14,231696.0551,4328,16911,16911,3582040,Matched,Block,,W MERCER PL BETWEEN W MERCER ST AND 6TH AVE W, ,,1,Property Damage Only Collision,Sideswipe,2,0,0,2,0,0,0,2013/04/14 00:00:00+00,4/14/2013 19:43,Mid-Block (not related to intersection),11,"MOTOR VEHICLE STRUCK MOTOR VEHICLE, FRONT END AT ANGLE",,N,Overcast,Dry,Dark - Street Lights On,,,,11,From same direction - both going straight - both moving - sideswipe,0,0,N
1273908.209,244770.8172,4329,303100,304340,E841902,Matched,Intersection,27070,7TH AVE NE AND NE 45TH ST, ,,1,Property Damage Only Collision,Sideswipe,2,0,0,2,0,0,0,2018/09/21 00:00:00+00,9/21/2018 23:01,At Intersection (intersection related),11,"MOTOR VEHICLE STRUCK MOTOR VEHICLE, FRONT END AT ANGLE",,N,Raining,Wet,Dark - Street Lights On,,,,71,Same direction -- both turning right -- both moving -- sideswipe,0,0,N
1273949.962,264664.9945,4330,17057,17057,4170050,Unmatched,Block,,NE 120TH ST BETWEEN 5TH AVE NE AND 8TH AVE NE,,,0,Unknown,,0,0,0,0,0,0,0,2004/06/18 00:00:00+00,6/18/2004,Driveway Junction,11,"MOTOR VEHICLE STRUCK MOTOR VEHICLE, FRONT END AT ANGLE",,,,,,,4170050,,,,0,0,N