X,Y,OBJECTID,INCKEY,COLDETKEY,REPORTNO,STATUS,ADDRTYPE,INTKEY,LOCATION,EXCEPTRSNCODE,EXCEPTRSNDESC,SEVERITYCODE,SEVERITYDESC,COLLISIONTYPE,PERSONCOUNT,PEDCOUNT,PEDCYLCOUNT,VEHCOUNT,INJURIES,SERIOUSINJURIES,FATALITIES,INCDATE,INCDTTM,JUNCTIONTYPE,SDOT_COLCODE,SDOT_COLDESC,INATTENTIONIND,UNDERINFL,WEATHER,ROADCOND,LIGHTCOND,PEDROWNOTGRNT,SDOTCOLNUM,SPEEDING,ST_COLCODE,ST_COLDESC,SEGLANEKEY,CROSSWALKKEY,HITPARKEDCAR
1282464.986,193014.5398,4331,317400,318900,3814896,Matched,Block,,CARKEEK DR S BETWEEN 41ST AVE S AND 40TH AVE S, ,,1,Property Damage Only Collision,Other,1,0,0,1,0,0,0,2019/03/30 00:00:00+00,3/30/2019 4:35,Mid-Block (not related to intersection),28,MOTOR VEHICLE RAN OFF ROAD - HIT FIXED OBJECT,,N,Clear,Dry,Dark - Street Lights On,,,,50,Fixed object,0,0,N
1278049.204,228121.2043,4332,17885,17885,1772543,Matched,Block,,23RD AVE BETWEEN E PINE ST AND E OLIVE S ST,,,1,Property Damage Only Collision,Other,1,0,0,1,0,0,0,2004/06/13 00:00:00+00,6/13/2004 2:05,Mid-Block (not related to intersection),28,MOTOR VEHICLE RAN OFF ROAD - HIT FIXED OBJECT,,0,Raining,Wet,Dark - Street Lights On,,4165004,,50,Fixed object,0,0,N
1275097.865,204052.0432,4333,17027,17027,1771616,Matched,Block,,SWIFT AVE S BETWEEN 15TH AVE S AND 16TH AVE S,,,2,Injury Collision,Head On,3,0,0,2,2,0,0,2004/07/03 00:00:00+00,7/3/2004,Mid-Block (not related to intersection),11,"MOTOR VEHICLE STRUCK MOTOR VEHICLE, FRONT END AT ANGLE",,0,Clear,Dry,Daylight,,4185017,,24,From opposite direction - both moving - head-on,0,0,N
1277046.984,223620.7781,4334,326500,328000,E987786,Matched,Intersection,30214,20TH AVE AND E SPRUCE ST, ,,1,Property Damage Only Collision,Angles,2,0,0,2,0,0,0,2019/11/27 00:00:00+00,11/27/2019 8:45,At Intersection (intersection related),14,"MOTOR VEHICLE STRUCK MOTOR VEHICLE, REAR END",,N,Clear,Dry,Daylight,,,,10,Entering at angle,0,0,N
1274533.37,194014.7688,4335,16673,16673,3380697,Matched,Block,,S DIRECTOR ST BETWEEN 14TH AVE S AND 15TH PL S, ,,1,Property Damage Only Collision,Parked Car,2,0,0,2,0,0,0,2013/04/09 00:00:00+00,4/9/2013 7:22,Mid-Block (not related to intersection),11,"MOTOR VEHICLE STRUCK MOTOR VEHICLE, FRONT END AT ANGLE",,N,Clear,Dry,Daylight,,,,32,One parked--one moving,0,0,N
1262754.632,209081.3494,4336,17547,17547,1789239,Unmatched,Block,,SW OREGON ST BETWEEN 23RD AVE SW AND DELRIDGE WAY SW,,,0,Unknown,,0,0,0,0,0,0,0,2004/12/25 00:00:00+00,12/25/2004,Mid-Block (but intersection related),26,MOTOR VEHICLE STRUCK OBJECT IN ROAD,,,,,,,4360003,,,,0,0,N
1269182.236,244887.1005,4337,17484,17484,1773680,Matched,Block,,N 45TH ST BETWEEN INTERLAKE AVE N AND WOODLAWN W AVE N,,,1,Property Damage Only Collision,Parked Car,2,0,0,2,0,0,0,2004/02/07 00:00:00+00,2/7/2004,Mid-Block (not related to intersection),14,"MOTOR VEHICLE STRUCK MOTOR VEHICLE, REAR END",,0,Overcast,Dry,Dark - Street Lights On,,4038016,,32,One parked--one moving,0,0,N
1280895.717,204935.8524,4338,17724,17724,1773016,Matched,Intersection,33608,35TH AVE S AND S LUCILE ST,,,2,Injury Collision,Angles,3,0,0,2,2,0,0,2004/06/12 00:00:00+00,6/12/2004 18:35,At Intersection (intersection related),11,"MOTOR VEHICLE STRUCK MOTOR VEHICLE, FRONT END AT ANGLE",,0,Raining,Wet,Daylight,,4164031,,10,Entering at angle,0,0,N
1277755.885,216525.4499,4339,17522,17522,4215043,Unmatched,Block,,23RD AVE S BETWEEN RAINIER AVE S AND S WALKER ST,,,0,Unknown,,0,0,0,0,0,0,0,2004/08/02 00:00:00+00,8/2/2004,Mid-Block (but intersection related),11,"MOTOR VEHICLE STRUCK MOTOR VEHICLE, FRONT END AT ANGLE",,,,,,,4215043,,,,0,0,N
1271060.405,223764.3211,4340,16573,16573,3644026,Matched,Block,,4TH AVE BETWEEN JAMES ST AND CHERRY ST, ,,1,Property Damage Only Collision,Sideswipe,2,0,0,2,0,0,0,2013/04/05 00:00:00+00,4/5/2013 15:39,Mid-Block (not related to intersection),16,"MOTOR VEHICLE STRUCK MOTOR VEHICLE, LEFT SIDE SIDESWIPE",Y,N,Clear,Dry,Daylight,,,,11,From same direction - both going straight - both moving - sideswipe,0,0,N
1270116.021,224095.4131,4341,205300,205460,3789104,Matched,Intersection,29968,2ND AVE AND MARION ST, ,,2,Injury Collision,Angles,4,0,0,2,3,0,0,2015/10/17 00:00:00+00,10/17/2015 3:50,At Intersection (intersection related),11,"MOTOR VEHICLE STRUCK MOTOR VEHICLE, FRONT END AT ANGLE",,N,Clear,Dry,Dark - Street Lights On,,,,10,Entering at angle,0,0,N
1268968.133,259828.5006,4342,17455,17455,1079923,Matched,Block,,STONE AVE N BETWEEN N 100TH ST AND N 103RD ST,,,1,Property Damage Only Collision,Other,4,0,0,1,0,0,0,2004/09/04 00:00:00+00,9/4/2004,Mid-Block (not related to intersection),28,MOTOR VEHICLE RAN OFF ROAD - HIT FIXED OBJECT,,0,Clear,Dry,Daylight,,4248019,,50,Fixed object,0,0,N
1275533.041,252678.3037,4343,17251,17251,C634598,Unmatched,Block,,NE 75TH ST BETWEEN 12TH AVE NE AND BROOKLYN AVE NE,,,0,Unknown,,0,0,0,0,0,0,0,2004/06/17 00:00:00+00,6/17/2004,Mid-Block (but intersection related),14,"MOTOR VEHICLE STRUCK MOTOR VEHICLE, REAR END",,,,,,,4169039,,,,0,0,N
1269406.243,224030.3989,4344,16757,16757,3581937,Matched,Intersection,29619,MADISON ST AND WESTERN AVE, ,,1,Property Damage Only Collision,Other,3,0,0,2,0,0,0,2013/04/07 00:00:00+00,4/7/2013 16:27,At Intersection (intersection related),11,"MOTOR VEHICLE STRUCK MOTOR VEHICLE, FRONT END AT ANGLE",,N,Raining,Wet,Daylight,,,,23,From same direction - all others,0,0,N
1268384.186,228955.4983,4345,302000,303220,E835702,Matched,Block,,7TH AVE BETWEEN BELL ST AND DEXTER AVE, ,,2,Injury Collision,Cycles,2,0,1,1,1,0,0,2018/09/04 00:00:00+00,9/4/2018 16:06,Mid-Block (not related to intersection),11,"MOTOR VEHICLE STRUCK MOTOR VEHICLE, FRONT END AT ANGLE",,N,Clear,Dry,Daylight,,,,5,Vehicle Strikes Pedalcyclist,0,0,N
1264501.542,212140.166,4346,334200,335700,3834836,Matched,Block,,SW SPOKANE ST BETWEEN SW SPOKANE W BR AND TERMINAL 5 ACCESS RP, ,,1,Property Damage Only Collision,Rear Ended,5,0,0,3,0,0,0,2020/09/18 00:00:00+00,9/18/2020 22:10,Mid-Block (not related to intersection),14,"MOTOR VEHICLE STRUCK MOTOR VEHICLE, REAR END",,N,Overcast,Wet,Dark - Street Lights On,,,Y,14,From same direction - both going straight - one stopped - rear-end,0,0,N
1271444.315,222460.465,4347,17665,17665,1318320,Matched,Intersection,30502,4TH AVE S AND S MAIN ST,,,1,Property Damage Only Collision,Sideswipe,2,0,0,2,0,0,0,2004/05/22 00:00:00+00,5/22/2004 16:20,At Intersection (intersection related),16,"MOTOR VEHICLE STRUCK MOTOR VEHICLE, LEFT SIDE SIDESWIPE",,0,Clear,Dry,Daylight,,4143040,,81,Same direction -- both turning left -- both moving -- sideswipe,0,0,N
1277615.119,214280.1866,4348,17081,17081,1771885,Matched,Block,,23RD AVE S BETWEEN S MCCLELLAN ST AND S FOREST ST,,,1,Property Damage Only Collision,Rear Ended,2,0,0,2,0,0,0,2004/03/11 00:00:00+00,3/11/2004 7:50,Mid-Block (but intersection related),14,"MOTOR VEHICLE STRUCK MOTOR VEHICLE, REAR END",Y,0,Clear,Dry,Daylight,,4071004,,14,From same direction - both going straight - one stopped - rear-end,0,0,N
1272014.365,212057.2855,4349,17155,17155,1789095,Matched,Block,,S SPOKANE CR ST BETWEEN 6TH AVE S AND W SEA BR WB - 6TH AV S RP,,,1,Property Damage Only Collision,Left Turn,2,0,0,2,0,0,0,2004/05/21 00:00:00+00,5/21/2004 6:43,Mid-Block (but intersection related),16,"MOTOR VEHICLE STRUCK MOTOR VEHICLE, LEFT SIDE SIDESWIPE",,0,Overcast,Dry,Daylight,,4142021,,15,From same direction - one left turn - one straight,0,0,N
1270556.957,246191.8467,4350,16461,16461,3507864,Matched,Block,,N 50TH ST BETWEEN BURKE AVE N AND MERIDIAN AVE N, ,,2,Injury Collision,Rear Ended,2,0,0,2,1,0,0,2013/04/04 00:00:00+00,4/4/2013 7:31,Mid-Block (not related to intersection),14,"MOTOR VEHICLE STRUCK MOTOR VEHICLE, REAR END",,N,Raining,Wet,Daylight,,,,13,From same direction - both going straight - both moving - rear-end,0,0,N
1265758.945,228731.107,4351,17401,17401,1069901,Matched,Intersection,29665,1ST AVE AND BROAD ST,,,2,Injury Collision,Angles,3,0,0,2,1,0,0,2004/07/11 00:00:00+00,7/11/2004 18:40,At Intersection (intersection related),11,"MOTOR VEHICLE STRUCK MOTOR VEHICLE, FRONT END AT ANGLE",,0,Clear,Dry,Daylight,,4193027,,10,Entering at angle,0,0,N
1266152.62,250451.9297,4352,17631,17631,1773637,Matched,Block,,DAYTON AVE N BETWEEN N 65TH W ST AND N 66TH ST,,,1,Property Damage Only Collision,Parked Car,26,0,0,3,0,0,0,2004/03/26 00:00:00+00,3/26/2004 15:58,Mid-Block (but intersection related),11,"MOTOR VEHICLE STRUCK MOTOR VEHICLE, FRONT END AT ANGLE",Y,0,Raining,Wet,Daylight,,4086035,,32,One parked--one moving,0,0,N
1268397.512,269120.8902,4353,16848,16848,3502740,Matched,Block,,AURORA AVE N BETWEEN N 135TH ST AND N 137TH ST, ,,1,Property Damage Only Collision,Rear Ended,4,0,0,3,0,0,0,2013/04/13 00:00:00+00,4/13/2013 11:05,Mid-Block (not related to intersection),14,"MOTOR VEHICLE STRUCK MOTOR VEHICLE, REAR END",Y,N,Clear,Dry,Daylight,,,,14,From same direction - both going straight - one stopped - rear-end,0,0,N
1281807.142,194365.8204,4354,332400,333900,3857265,Unmatched,Block,,38TH AVE S BETWEEN S TRENTON ST AND BEACON ER N AVE S, ,,0,Unknown,,0,0,0,0,0,0,0,2020/06/12 00:00:00+00,6/12/2020,Mid-Block (not related to intersection),11,"MOTOR VEHICLE STRUCK MOTOR VEHICLE, FRONT END AT ANGLE",,,,,,,,, ,,0,0,Y
1263652.505,247646.4441,4355,16865,16865,3608780,Matched,Block,,NW MARKET ST BETWEEN NW 55TH ST AND 5TH AVE NW, ,,1,Property Damage Only Collision,Other,1,0,0,1,0,0,0,2013/04/12 00:00:00+00,4/12/2013 2:20,Mid-Block (not related to intersection),26,MOTOR VEHICLE STRUCK OBJECT IN ROAD,,Y,Clear,Dry,Dark - Street Lights On,,,,50,Fixed object,0,0,N
,,4356,17563,17563,1784828,Unmatched,Block,,BATTERY ST TUN ON RP BETWEEN BELL ST AND ALASKAN WY VI NB,,,0,Unknown,,0,0,0,0,0,0,0,2004/09/16 00:00:00+00,9/16/2004,Mid-Block (but intersection related),14,"MOTOR VEHICLE STRUCK MOTOR VEHICLE, REAR END",,,,,,,4260029,,,,0,0,N
1268788.414,230969.3312,4357,17068,17068,1478368,Matched,Block,,REPUBLICAN ST BETWEEN 8TH AVE N AND 9TH AVE N,,,1,Property Damage Only Collision,Parked Car,3,0,0,2,0,0,0,2004/06/09 00:00:00+00,6/9/2004,Mid-Block (not related to intersection),11,"MOTOR VEHICLE STRUCK MOTOR VEHICLE, FRONT END AT ANGLE",Y,0,Clear,Dry,Daylight,,4161032,,20,One car leaving parked position,0,0,N
1264493.909,236587.3072,4358,16733,16733,3562739,Matched,Intersection,27824,1ST AVE W AND W BOSTON ST, ,,1,Property Damage Only Collision,Angles,5,0,0,2,0,0,0,2013/04/08 00:00:00+00,4/8/2013 7:44,At Intersection (intersection related),11,"MOTOR VEHICLE STRUCK MOTOR VEHICLE, FRONT END AT ANGLE",,N,Clear,Wet,Daylight,,,,10,Entering at angle,0,0,N
1277821.237,247873.196,4359,321400,322900,3813527,Unmatched,Intersection,26003,PARK RD NE AND NE PARK RD, ,,1,Property Damage Only Collision,,1,0,0,0,0,0,0,2019/07/07 00:00:00+00,7/7/2019,At Intersection (intersection related),14,"MOTOR VEHICLE STRUCK MOTOR VEHICLE, REAR END",,,,,,,,, ,,0,0,N
1277379.715,224064.7679,4360,17096,17096,1788750,Matched,Block,,21ST AVE BETWEEN E ALDER ST AND E TERRACE ST,,,1,Property Damage Only Collision,Parked Car,2,0,0,2,0,0,0,2004/09/28 00:00:00+00,9/28/2004 19:00,Mid-Block (not related to intersection),11,"MOTOR VEHICLE STRUCK MOTOR VEHICLE, FRONT END AT ANGLE",,0,Clear,Dry,Dark - Street Lights On,,4272002,,32,One parked--one moving,0,0,N
1281764.645,199950.8568,4361,16741,16741,3671767,Matched,Block,,S MYRTLE ST BETWEEN 37TH AVE S AND 38TH AVE S, ,,1,Property Damage Only Collision,Parked Car,2,0,0,2,0,0,0,2013/04/09 00:00:00+00,4/9/2013 23:00,Mid-Block (not related to intersection),14,"MOTOR VEHICLE STRUCK MOTOR VEHICLE, REAR END",,N,Unknown,Unknown,Dark - Street Lights On,,,,32,One parked--one moving,0,0,N
1272419.054,226525.3483,4362,308900,310180,E874736,Unmatched,Intersection,29899,MINOR AVE AND SENECA ST, ,,0,Unknown,,2,0,0,0,0,0,0,2018/12/20 00:00:00+00,12/20/2018,At Intersection (intersection related),11,"MOTOR VEHICLE STRUCK MOTOR VEHICLE, FRONT END AT ANGLE",,,,,,,,, ,,0,0,N
1264368.544,198390.8845,4363,322200,323700,3587815,Matched,Block,,SW HOLDEN ST BETWEEN 16TH AVE SW AND 17TH AVE SW, ,,2,Injury Collision,Angles,4,0,0,2,2,0,0,2019/08/09 00:00:00+00,8/9/2019 12:56,Driveway Junction,11,"MOTOR VEHICLE STRUCK MOTOR VEHICLE, FRONT END AT ANGLE",Y,N,Clear,Dry,Daylight,,,,10,Entering at angle,0,0,N
1268303.046,212202.5448,4364,244400,244960,3756110,Matched,Block,,ALASKAN WY VI SB WSB WB OFF RP BETWEEN ALASKAN WY VI SB AND WEST SEATTLE BR WB, ,,1,Property Damage Only Collision,Rear Ended,5,0,0,2,0,0,0,2017/06/15 00:00:00+00,6/15/2017 16:06,Mid-Block (not related to intersection),14,"MOTOR VEHICLE STRUCK MOTOR VEHICLE, REAR END",,N,Raining,Wet,Daylight,,,,13,From same direction - both going straight - both moving - rear-end,0,0,N
1271661.042,227174.2459,4365,17802,17802,C649598,Matched,Block,,BOREN AVE BETWEEN UNION ST AND PIKE ST,,,1,Property Damage Only Collision,Sideswipe,2,0,0,2,0,0,0,2004/11/20 00:00:00+00,11/20/2004 11:15,Mid-Block (but intersection related),11,"MOTOR VEHICLE STRUCK MOTOR VEHICLE, FRONT END AT ANGLE",,0,Overcast,Dry,Daylight,,4325042,,11,From same direction - both going straight - both moving - sideswipe,0,0,N
1271278.378,215084.3521,4366,16801,16801,3615028,Matched,Intersection,31369,4TH AVE S AND S LANDER ST,NEI,"Not Enough Information, or Insufficient Location Information",1,Property Damage Only Collision,Rear Ended,2,0,0,2,0,0,0,2013/04/11 00:00:00+00,4/11/2013 8:10,At Intersection (intersection related),0,NOT ENOUGH INFORMATION / NOT APPLICABLE,,N,Unknown,Unknown,Daylight,,,,14,From same direction - both going straight - one stopped - rear-end,0,0,N
1275676.968,253764.0038,4367,17834,17834,1068846,Matched,Block,,LAKE CITY WAY NE BETWEEN 12TH AVE NE AND NE 80TH ST,,,1,Property Damage Only Collision,Other,4,0,0,4,0,0,0,2004/09/01 00:00:00+00,9/1/2004,Mid-Block (not related to intersection),28,MOTOR VEHICLE RAN OFF ROAD - HIT FIXED OBJECT,Y,0,Raining,Wet,Daylight,,4245002,,50,Fixed object,0,0,N
1264689.551,203726.3441,4368,17620,17620,1774849,Matched,Block,,16TH AVE SW BETWEEN SW FINDLAY ST AND SW MORGAN ST,,,2,Injury Collision,Other,4,0,0,2,1,0,0,2004/05/11 00:00:00+00,5/11/2004 10:34,Driveway Junction,11,"MOTOR VEHICLE STRUCK MOTOR VEHICLE, FRONT END AT ANGLE",,0,Clear,Dry,Daylight,,4132026,,21,One car entering driveway access,0,0,N
1265791.414,268346.1276,4369,16973,16973,1079624,Matched,Intersection,35818,GREENWOOD AVE N AND N 133RD ST,,,1,Property Damage Only Collision,Right Turn,2,0,0,2,0,0,0,2004/10/13 00:00:00+00,10/13/2004 15:41,At Intersection (intersection related),11,"MOTOR VEHICLE STRUCK MOTOR VEHICLE, FRONT END AT ANGLE",,0,Clear,Dry,Daylight,,4287032,,16,From same direction - one right turn - one straight,0,0,N
1275058.165,232746.3879,4370,17147,17147,1772288,Matched,Block,,E PROSPECT ST BETWEEN 13TH AVE E AND 14TH AVE E,,,1,Property Damage Only Collision,Sideswipe,4,0,0,2,0,0,0,2004/04/27 00:00:00+00,4/27/2004 15:45,Mid-Block (not related to intersection),16,"MOTOR VEHICLE STRUCK MOTOR VEHICLE, LEFT SIDE SIDESWIPE",,0,Raining,Wet,Daylight,,4118015,,26,From opposite direction - both going straight - sideswipe,0,0,N
1283764.281,204399.4415,4371,16446,16446,3672352,Matched,Intersection,33512,RAINIER AVE S AND S ORCAS ST, ,,1,Property Damage Only Collision,Left Turn,2,0,0,2,0,0,0,2013/03/28 00:00:00+00,3/28/2013 17:47,At Intersection (intersection related),11,"MOTOR VEHICLE STRUCK MOTOR VEHICLE, FRONT END AT ANGLE",,N,Clear,Dry,Daylight,,,,28,From opposite direction - one left turn - one straight,0,0,N
1278654.949,214892.7841,4372,17712,17712,4107065,Unmatched,Block,,RAINIER AVE S BETWEEN S BAYVIEW ST AND S MCCLELLAN ST,,,0,Unknown,,0,0,0,0,0,0,0,2004/04/16 00:00:00+00,4/16/2004,Driveway Junction,14,"MOTOR VEHICLE STRUCK MOTOR VEHICLE, REAR END",,,,,,,4107065,,,,0,0,N
1272775.758,247721.5262,4373,16924,16924,1779738,Matched,Intersection,25846,LATONA AVE NE AND NE 56TH ST,,,1,Property Damage Only Collision,Angles,2,0,0,2,0,0,0,2004/05/17 00:00:00+00,5/17/2004 18:17,At Intersection (intersection related),11,"MOTOR VEHICLE STRUCK MOTOR VEHICLE, FRONT END AT ANGLE",,0,Clear,Dry,Daylight,,4138018,,10,Entering at angle,0,0,N
1259623.407,247233.1913,4374,16722,16722,3508246,Matched,Block,,17TH AVE NW BETWEEN NW 53RD ST AND BARNES AVE NW, ,,1,Property Damage Only Collision,Parked Car,2,0,0,2,0,0,0,2013/04/08 00:00:00+00,4/8/2013 16:17,Mid-Block (not related to intersection),11,"MOTOR VEHICLE STRUCK MOTOR VEHICLE, FRONT END AT ANGLE",,N,Clear,Dry,Daylight,,,,32,One parked--one moving,0,0,N
1265788.686,241531.3735,4375,17310,17310,1219909,Unmatched,Intersection,27023,FRANCIS AVE N AND N 36TH ST,,,0,Unknown,,0,0,0,0,0,0,0,2004/11/19 00:00:00+00,11/19/2004,At Intersection (intersection related),11,"MOTOR VEHICLE STRUCK MOTOR VEHICLE, FRONT END AT ANGLE",,,,,,,4324018,,,,0,0,N
1260921.272,246891.3835,4376,328300,329800,EA08394,Matched,Intersection,25436,14TH AVE NW AND NW 52ND ST, ,,2,Injury Collision,Angles,3,0,0,2,1,0,0,2020/01/24 00:00:00+00,1/24/2020 9:11,At Intersection (intersection related),11,"MOTOR VEHICLE STRUCK MOTOR VEHICLE, FRONT END AT ANGLE",,N,Raining,Wet,Daylight,,,,10,Entering at angle,0,0,N
1273449.165,238639.7982,4377,309600,310880,E881649,Matched,Intersection,28200,HARVARD AVE E AND E EDGAR ST, ,,1,Property Damage Only Collision,Left Turn,5,0,0,2,0,0,0,2019/01/10 00:00:00+00,1/10/2019 16:48,At Intersection (intersection related),11,"MOTOR VEHICLE STRUCK MOTOR VEHICLE, FRONT END AT ANGLE",,N,Raining,Wet,Dark - Street Lights On,,,,28,From opposite direction - one left turn - one straight,0,0,N
1280339.335,267114.3352,4378,17861,17861,1794908,Matched,Intersection,36054,30TH AVE NE AND NE 130TH ST,,,2,Injury Collision,Angles,5,0,0,2,2,0,0,2004/12/03 00:00:00+00,12/3/2004,At Intersection (intersection related),11,"MOTOR VEHICLE STRUCK MOTOR VEHICLE, FRONT END AT ANGLE",,0,Clear,Dry,Daylight,,4338024,,10,Entering at angle,0,0,N
1271466.343,225605.6644,4379,17488,17488,1784310,Unmatched,Intersection,29926,8TH AVE AND SPRING ST,,,0,Unknown,,0,0,0,0,0,0,0,2004/12/15 00:00:00+00,12/15/2004,At Intersection (intersection related),11,"MOTOR VEHICLE STRUCK MOTOR VEHICLE, FRONT END AT ANGLE",,,,,,,4350032,,,,0,0,N
1254123.166,243504.8304,4380,17725,17725,1783192,Matched,Block,,34TH AVE W BETWEEN W THURMAN ST AND W ELMORE ST,,,1,Property Damage Only Collision,Other,4,0,0,2,0,0,0,2004/07/06 00:00:00+00,7/6/2004,Driveway Junction,11,"MOTOR VEHICLE STRUCK MOTOR VEHICLE, FRONT END AT ANGLE",,0,Clear,Wet,Daylight,,4188023,,22,One car leaving driveway access,0,0,N
1266672.414,243772.3563,4381,17531,17531,1080255,Matched,Block,,FREMONT AVE N BETWEEN N 42ND ST AND N MOTOR PL,,,1,Property Damage Only Collision,Other,1,0,0,1,0,0,0,2004/07/02 00:00:00+00,7/2/2004,Mid-Block (not related to intersection),26,MOTOR VEHICLE STRUCK OBJECT IN ROAD,,0,Clear,Dry,Daylight,,4184016,,50,Fixed object,0,0,N
1264068.528,250317.885,4382,298900,300080,3751459,Matched,Block,,NW 65TH ST BETWEEN 3RD AVE NW AND 4TH E AVE NW, ,,1,Property Damage Only Collision,Parked Car,2,0,0,2,0,0,0,2018/07/28 00:00:00+00,7/28/2018 0:43,Mid-Block (not related to intersection),11,"MOTOR VEHICLE STRUCK MOTOR VEHICLE, FRONT END AT ANGLE",,N,Clear,Dry,Dark - Street Lights On,,,,32,One parked--one moving,0,0,N
1269395.978,226576.089,4383,242400,242880,3746487,Matched,Intersection,29579,4TH AVE AND PINE ST, ,,1,Property Damage Only Collision,Sideswipe,2,0,0,2,0,0,0,2017/05/23 00:00:00+00,5/23/2017 16:27,At Intersection (but not related to intersection),14,"MOTOR VEHICLE STRUCK MOTOR VEHICLE, REAR END",,N,Clear,Dry,Daylight,,,,12,From same direction - both going straight - one stopped - sideswipe,0,0,N
1269217.158,205226.4988,4384,16814,16814,3579451,Matched,Block,,EAST MARGINAL WAY S BETWEEN S LUCILE ST AND S ORCAS ST, ,,2,Injury Collision,Sideswipe,2,0,0,2,1,0,0,2013/04/10 00:00:00+00,4/10/2013 18:15,Mid-Block (not related to intersection),16,"MOTOR VEHICLE STRUCK MOTOR VEHICLE, LEFT SIDE SIDESWIPE",,N,Clear,Dry,Daylight,,,,11,From same direction - both going straight - both moving - sideswipe,0,0,N
1272788.146,219703.216,4385,17610,17610,1772028,Matched,Block,,S ROYAL BROUGHAM WAY BETWEEN AIRPORT WAY S AND AIRPORT NB WAY S,,,1,Property Damage Only Collision,Rear Ended,5,0,0,2,0,0,0,2004/03/25 00:00:00+00,3/25/2004 2:10,Mid-Block (but intersection related),14,"MOTOR VEHICLE STRUCK MOTOR VEHICLE, REAR END",,1,Overcast,Wet,Dark - Street Lights On,,4085034,,14,From same direction - both going straight - one stopped - rear-end,0,0,N
1274870.303,254159.1691,4386,16839,16839,3466542,Matched,Block,,ROOSEVELT WAY NE BETWEEN NE 80TH ST AND NE 81ST ST, ,,1,Property Damage Only Collision,Sideswipe,3,0,0,2,0,0,0,2013/04/13 00:00:00+00,4/13/2013 10:19,Mid-Block (not related to intersection),11,"MOTOR VEHICLE STRUCK MOTOR VEHICLE, FRONT END AT ANGLE",,N,Clear,Dry,Daylight,,,,11,From same direction - both going straight - both moving - sideswipe,0,0,N
1262513.685,255133.8738,4387,17051,17051,1793745,Matched,Block,,NW 83RD ST BETWEEN DIBBLE AVE NW AND 9TH N AVE NW,,,1,Property Damage Only Collision,Parked Car,2,0,0,2,0,0,0,2004/12/05 00:00:00+00,12/5/2004,Mid-Block (but intersection related),14,"MOTOR VEHICLE STRUCK MOTOR VEHICLE, REAR END",,0,Overcast,Wet,Dark - Street Lights On,,4340020,,32,One parked--one moving,0,0,N
1292194.605,189587.9767,4388,322800,324300,3806877,Matched,Block,,RAINIER AVE S BETWEEN 72ND AVE S AND 75TH AVE S, ,,1,Property Damage Only Collision,Parked Car,2,0,0,2,0,0,0,2019/08/22 00:00:00+00,8/22/2019 23:05,Mid-Block (not related to intersection),14,"MOTOR VEHICLE STRUCK MOTOR VEHICLE, REAR END",,N,Clear,Dry,Dark - Street Lights On,,,,32,One parked--one moving,0,0,Y
1270153.444,222335.973,4389,16776,16776,3562743,Matched,Block,,1ST AVE S BETWEEN S MAIN ST AND S JACKSON ST, ,,2,Injury Collision,Cycles,2,0,1,1,1,0,0,2013/04/11 00:00:00+00,4/11/2013 14:09,Mid-Block (not related to intersection),18,"MOTOR VEHICLE STRUCK PEDALCYCLIST, FRONT END AT ANGLE",,N,Raining,Wet,Daylight,Y,,,45,Vehicle - Pedalcyclist,36127,0,N
1268724.599,225683.6179,4390,16716,16716,3599484,Matched,Block,,PIKE ST BETWEEN PIKE PL AND 1ST AVE, ,,1,Property Damage Only Collision,Parked Car,3,0,0,3,0,0,0,2013/04/09 00:00:00+00,4/9/2013 22:53,Mid-Block (not related to intersection),16,"MOTOR VEHICLE STRUCK MOTOR VEHICLE, LEFT SIDE SIDESWIPE",,N,Clear,Dry,Dark - Street Lights On,,,,32,One parked--one moving,0,0,N
1273129.115,223744.8186,4391,17881,17881,1074788,Matched,Block,,ALDER ST BETWEEN 9TH AVE AND TERRY AVE,,,1,Property Damage Only Collision,Parked Car,2,0,0,2,0,0,0,2004/07/20 00:00:00+00,7/20/2004 12:08,Mid-Block (not related to intersection),11,"MOTOR VEHICLE STRUCK MOTOR VEHICLE, FRONT END AT ANGLE",Y,0,Clear,Dry,Daylight,,4202031,,32,One parked--one moving,0,0,N
1270968.973,205455.0604,4392,16947,16947,4006049,Unmatched,Intersection,33170,4TH AVE S AND S LUCILE ST,,,0,Unknown,,0,0,0,0,0,0,0,2004/01/06 00:00:00+00,1/6/2004,At Intersection (intersection related),11,"MOTOR VEHICLE STRUCK MOTOR VEHICLE, FRONT END AT ANGLE",,,,,,,4006049,,,,0,0,N
1282051.805,201251.6325,4393,16874,16874,3671746,Matched,Block,,S HOLLY ST BETWEEN 38TH AVE S AND M L KING JR WR WAY S, ,,1,Property Damage Only Collision,Angles,2,0,0,2,0,0,0,2013/04/13 00:00:00+00,4/13/2013 18:38,Mid-Block (not related to intersection),11,"MOTOR VEHICLE STRUCK MOTOR VEHICLE, FRONT END AT ANGLE",Y,N,Overcast,Wet,Daylight,,,,10,Entering at angle,0,0,N
1276059.822,244708.5347,4394,307300,308580,E862641,Matched,Intersection,27061,15TH AVE NE AND NE 45TH ST, ,,1,Property Damage Only Collision,Sideswipe,2,0,0,2,0,0,0,2018/11/09 00:00:00+00,11/9/2018 7:42,At Intersection (intersection related),11,"MOTOR VEHICLE STRUCK MOTOR VEHICLE, FRONT END AT ANGLE",,N,Clear,Dry,Daylight,,,,27,From opposite direction - both going straight - one stopped - sideswipe,0,0,N