X,Y,OBJECTID,INCKEY,COLDETKEY,REPORTNO,STATUS,ADDRTYPE,INTKEY,LOCATION,EXCEPTRSNCODE,EXCEPTRSNDESC,SEVERITYCODE,SEVERITYDESC,COLLISIONTYPE,PERSONCOUNT,PEDCOUNT,PEDCYLCOUNT,VEHCOUNT,INJURIES,SERIOUSINJURIES,FATALITIES,INCDATE,INCDTTM,JUNCTIONTYPE,SDOT_COLCODE,SDOT_COLDESC,INATTENTIONIND,UNDERINFL,WEATHER,ROADCOND,LIGHTCOND,PEDROWNOTGRNT,SDOTCOLNUM,SPEEDING,ST_COLCODE,ST_COLDESC,SEGLANEKEY,CROSSWALKKEY,HITPARKEDCAR
1271415.525,223796.8639,4395,309300,310580,E880520,Matched,Intersection,29972,5TH AVE AND JAMES ST, ,,1,Property Damage Only Collision,Angles,2,0,0,2,0,0,0,2019/01/08 00:00:00+00,1/8/2019 11:50,At Intersection (intersection related),11,"MOTOR VEHICLE STRUCK MOTOR VEHICLE, FRONT END AT ANGLE",,N,Raining,Wet,Daylight,,,,10,Entering at angle,0,0,N
1272053.795,220916.7845,4396,17545,17545,1777048,Matched,Intersection,30542,6TH AVE S AND S DEARBORN ST,,,2,Injury Collision,Cycles,1,0,1,0,1,0,0,2004/06/17 00:00:00+00,6/17/2004 11:12,At Intersection (intersection related),51,PEDALCYCLIST STRUCK MOTOR VEHICLE FRONT END AT ANGLE,,0,Clear,Dry,Daylight,,4169017,,45,Vehicle - Pedalcyclist,0,0,N
1285309.627,202504.8392,4397,17635,17635,1784090,Unmatched,Block,,S GRAHAM ST BETWEEN 48TH AVE S AND 51ST AVE S,,,0,Unknown,,0,0,0,0,0,0,0,2004/12/20 00:00:00+00,12/20/2004,Driveway Junction,12,"MOTOR VEHICLE STRUCK MOTOR VEHICLE, RIGHT SIDE AT ANGLE",,,,,,,4355001,,,,0,0,N
1271734.675,224520.0503,4398,17572,17572,1782640,Unmatched,Block,,7TH AVE BETWEEN CHERRY ST AND COLUMBIA ST,,,0,Unknown,,0,0,0,0,0,0,0,2004/01/06 00:00:00+00,1/6/2004,Mid-Block (not related to intersection),11,"MOTOR VEHICLE STRUCK MOTOR VEHICLE, FRONT END AT ANGLE",,,,,,,4006033,,,,0,0,N
1274218.621,228171.4754,4399,17138,17138,1079759,Matched,Block,,11TH AVE BETWEEN E PINE ST AND E OLIVE ST,,,1,Property Damage Only Collision,Parked Car,2,0,0,2,0,0,0,2004/07/27 00:00:00+00,7/27/2004 13:30,Mid-Block (not related to intersection),13,"MOTOR VEHICLE STRUCK MOTOR VEHICLE, LEFT SIDE AT ANGLE",,0,Clear,Dry,Daylight,,4209040,,32,One parked--one moving,0,0,N
1273638.907,204534.1612,4400,17373,17373,1781332,Matched,Block,,AIRPORT WAY S BETWEEN S CARSTENS PL AND S HOMER ST,,,1,Property Damage Only Collision,Other,3,0,0,2,0,0,0,2004/04/28 00:00:00+00,4/28/2004 13:37,Driveway Junction,11,"MOTOR VEHICLE STRUCK MOTOR VEHICLE, FRONT END AT ANGLE",,0,Clear,Dry,Daylight,,4119024,,22,One car leaving driveway access,0,0,N
1274305.033,223372.2921,4401,319900,321400,E927365,Matched,Block,,E FIR ST BETWEEN 11TH AVE AND 12TH AVE, ,,1,Property Damage Only Collision,Parked Car,2,0,0,2,0,0,0,2019/06/02 00:00:00+00,6/2/2019 21:00,Mid-Block (not related to intersection),14,"MOTOR VEHICLE STRUCK MOTOR VEHICLE, REAR END",,N,Unknown,Unknown,Unknown,,,,32,One parked--one moving,0,0,Y
1275019.078,231228.9129,4402,271100,271940,3702383,Matched,Block,,E MERCER ST BETWEEN 13TH AVE E AND 14TH AVE E, ,,1,Property Damage Only Collision,Left Turn,2,0,0,2,0,0,0,2018/02/02 00:00:00+00,2/2/2018 7:33,Driveway Junction,11,"MOTOR VEHICLE STRUCK MOTOR VEHICLE, FRONT END AT ANGLE",,N,Raining,Wet,Dawn,,,,15,From same direction - one left turn - one straight,0,0,N
1274890.683,243670.8318,4403,17751,17751,1204784,Matched,Intersection,27087,11TH AVE NE AND NE 42ND ST,,,2b,Serious Injury Collision,Angles,3,0,0,3,1,1,0,2004/08/04 00:00:00+00,8/4/2004,At Intersection (intersection related),11,"MOTOR VEHICLE STRUCK MOTOR VEHICLE, FRONT END AT ANGLE",,0,Clear,Dry,Daylight,,4217001,,10,Entering at angle,0,0,N
1270038.146,224226.9701,4404,17099,17099,1071219,Matched,Block,,2ND AVE BETWEEN MARION ST AND MADISON ST,,,1,Property Damage Only Collision,Parked Car,2,0,0,2,0,0,0,2004/04/21 00:00:00+00,4/21/2004 14:00,Mid-Block (not related to intersection),11,"MOTOR VEHICLE STRUCK MOTOR VEHICLE, FRONT END AT ANGLE",Y,0,Clear,Dry,Daylight,,4112026,,32,One parked--one moving,0,0,N
1261920.754,232333.8623,4405,17039,17039,1787591,Matched,Intersection,28700,ELLIOTT AVE W AND W MERCER PL,,,1,Property Damage Only Collision,Rear Ended,2,0,0,2,0,0,0,2004/09/28 00:00:00+00,9/28/2004 16:30,At Intersection (intersection related),16,"MOTOR VEHICLE STRUCK MOTOR VEHICLE, LEFT SIDE SIDESWIPE",,0,Clear,Dry,Daylight,,4272029,,73,Same direction -- both turning right -- both moving -- rear end,0,0,N
1281507.853,253544.697,4406,301800,303020,E835372,Matched,Block,,35TH AVE NE BETWEEN NE 77TH ST AND NE 80TH ST, ,,1,Property Damage Only Collision,Sideswipe,2,0,0,2,0,0,0,2018/08/22 00:00:00+00,8/22/2018 16:00,Mid-Block (not related to intersection),11,"MOTOR VEHICLE STRUCK MOTOR VEHICLE, FRONT END AT ANGLE",,N,Fog/Smog/Smoke,Dry,Daylight,,,,11,From same direction - both going straight - both moving - sideswipe,0,0,N
1270205.582,228168.8739,4407,17512,17512,4044035,Unmatched,Intersection,29538,9TH AVE AND STEWART ST,,,0,Unknown,,0,0,0,0,0,0,0,2004/02/13 00:00:00+00,2/13/2004,At Intersection (intersection related),11,"MOTOR VEHICLE STRUCK MOTOR VEHICLE, FRONT END AT ANGLE",,,,,,,4044035,,,,0,0,N
1268599.21,209154.1559,4408,16931,16931,1795510,Unmatched,Block,,EAST MARGINAL WAY S BETWEEN S IDAHO ST AND DIAGONAL AVE S,,,0,Unknown,,0,0,0,0,0,0,0,2004/12/14 00:00:00+00,12/14/2004,Mid-Block (but intersection related),14,"MOTOR VEHICLE STRUCK MOTOR VEHICLE, REAR END",,,,,,,4349012,,,,0,0,N
1272384.237,224370.5894,4409,17929,17929,1772641,Unmatched,Block,,JAMES ST BETWEEN 8TH AVE AND 9TH AVE,,,0,Unknown,,0,0,0,0,0,0,0,2004/12/10 00:00:00+00,12/10/2004,Mid-Block (not related to intersection),14,"MOTOR VEHICLE STRUCK MOTOR VEHICLE, REAR END",,,,,,,4345017,,,,0,0,N
1254004.929,238550.5804,4410,18290,18290,1478436,Matched,Intersection,27464,34TH AVE W AND W RAYE ST,,,2,Injury Collision,Angles,5,0,0,2,1,0,0,2004/06/11 00:00:00+00,6/11/2004 8:40,At Intersection (intersection related),11,"MOTOR VEHICLE STRUCK MOTOR VEHICLE, FRONT END AT ANGLE",,0,Raining,Wet,Daylight,,4163049,,10,Entering at angle,0,0,N
1265071.496,230423.3451,4411,18571,18571,4253043,Unmatched,Block,,1ST AVE N BETWEEN THOMAS ST AND HARRISON ST,,,0,Unknown,,0,0,0,0,0,0,0,2004/09/09 00:00:00+00,9/9/2004,Mid-Block (but intersection related),16,"MOTOR VEHICLE STRUCK MOTOR VEHICLE, LEFT SIDE SIDESWIPE",,,,,,,4253043,,,,0,0,N
,,4412,18489,18489,1687708_1,Unmatched,,,,NEI,"Not Enough Information, or Insufficient Location Information",0,Unknown,,0,0,0,0,0,0,0,2007/05/28 00:00:00+00,5/28/2007,,0,NOT ENOUGH INFORMATION / NOT APPLICABLE,,,,,,,4149063,, ,,0,0,N
1268330.075,231932.1833,4413,18120,18120,1784766,Matched,Block,,DEXTER AVE N BETWEEN ROY ST AND VALLEY ST,,,1,Property Damage Only Collision,Sideswipe,2,0,0,2,0,0,0,2004/09/30 00:00:00+00,9/30/2004 13:09,Mid-Block (but intersection related),11,"MOTOR VEHICLE STRUCK MOTOR VEHICLE, FRONT END AT ANGLE",,0,Clear,Dry,Daylight,,4274004,,11,From same direction - both going straight - both moving - sideswipe,0,0,N
1274327.555,221785.0009,4414,18734,18734,1788613,Matched,Intersection,30430,12TH AVE S AND S KING ST,,,1,Property Damage Only Collision,Angles,3,0,0,2,0,0,0,2004/01/10 00:00:00+00,1/10/2004 13:25,At Intersection (intersection related),11,"MOTOR VEHICLE STRUCK MOTOR VEHICLE, FRONT END AT ANGLE",,0,Overcast,Wet,Daylight,,4010022,,10,Entering at angle,0,0,N
1269975.804,240424.2155,4415,18455,18455,1781917,Matched,Intersection,26903,WALLINGFORD AVE N AND N 35TH ST,,,1,Property Damage Only Collision,Angles,2,0,0,2,0,0,0,2004/08/21 00:00:00+00,8/21/2004 16:55,At Intersection (intersection related),11,"MOTOR VEHICLE STRUCK MOTOR VEHICLE, FRONT END AT ANGLE",,0,Raining,Wet,Daylight,,4234028,,10,Entering at angle,0,0,N
1265126.014,193754.2053,4416,18032,18032,1790307,Matched,Block,,SW BARTON ST BETWEEN 13TH AVE SW AND 14TH AVE SW,,,2,Injury Collision,Parked Car,2,0,0,2,1,0,0,2004/09/06 00:00:00+00,9/6/2004,Mid-Block (not related to intersection),14,"MOTOR VEHICLE STRUCK MOTOR VEHICLE, REAR END",,0,Clear,Dry,Daylight,,4250011,,32,One parked--one moving,0,0,N
1266701.71,264847.6231,4417,18842,18842,1220511,Matched,Intersection,36374,EVANSTON AVE N AND N 120TH ST,,,2,Injury Collision,Angles,3,0,0,2,2,0,0,2004/09/23 00:00:00+00,9/23/2004 17:33,At Intersection (intersection related),11,"MOTOR VEHICLE STRUCK MOTOR VEHICLE, FRONT END AT ANGLE",,0,Clear,Dry,Daylight,,4267043,,10,Entering at angle,0,0,N
1264781.905,231705.6826,4418,18279,18279,1220296,Matched,Block,,QUEEN ANNE AVE N BETWEEN MERCER ST AND ROY ST,,,1,Property Damage Only Collision,Parked Car,2,0,0,2,0,0,0,2004/10/28 00:00:00+00,10/28/2004 8:45,Mid-Block (but intersection related),16,"MOTOR VEHICLE STRUCK MOTOR VEHICLE, LEFT SIDE SIDESWIPE",,0,Overcast,Dry,Daylight,,4302003,,32,One parked--one moving,0,0,N
1277037.514,223132.449,4419,18864,18864,1319924,Matched,Block,,20TH AVE BETWEEN E YESLER WAY AND E FIR ST,,,1,Property Damage Only Collision,Parked Car,2,0,0,2,0,0,0,2004/02/09 00:00:00+00,2/9/2004,Mid-Block (but intersection related),11,"MOTOR VEHICLE STRUCK MOTOR VEHICLE, FRONT END AT ANGLE",,0,Unknown,Unknown,Unknown,,4040003,,32,One parked--one moving,0,0,N
1262242.291,231965.5804,4420,18481,18481,1319618,Matched,Block,,ELLIOTT AVE W BETWEEN W MERCER ST AND W MERCER PL,,,1,Property Damage Only Collision,Parked Car,2,0,0,2,0,0,0,2004/05/03 00:00:00+00,5/3/2004,Mid-Block (not related to intersection),14,"MOTOR VEHICLE STRUCK MOTOR VEHICLE, REAR END",,0,Clear,Dry,Daylight,,4124030,,32,One parked--one moving,0,0,N
1278049.204,228121.2043,4421,18188,18188,1772657,Matched,Block,,23RD AVE BETWEEN E PINE ST AND E OLIVE S ST,,,2,Injury Collision,Other,2,0,0,1,2,0,0,2004/05/10 00:00:00+00,5/10/2004 7:58,Mid-Block (not related to intersection),26,MOTOR VEHICLE STRUCK OBJECT IN ROAD,Y,0,Overcast,Dry,Daylight,,4131004,,50,Fixed object,0,0,N
1272922.148,242677.3749,4422,17971,17971,1794704,Matched,Intersection,27228,4TH AVE NE AND NE 40TH ST,,,1,Property Damage Only Collision,Angles,2,0,0,2,0,0,0,2004/10/27 00:00:00+00,10/27/2004 9:52,At Intersection (intersection related),11,"MOTOR VEHICLE STRUCK MOTOR VEHICLE, FRONT END AT ANGLE",,0,Clear,Dry,Daylight,,4301024,,10,Entering at angle,0,0,N
1252965.994,249235.5444,4423,18805,18805,1774011,Matched,Block,,SEAVIEW AVE NW BETWEEN 38TH AVE NW AND NW 61ST ST,,,1,Property Damage Only Collision,Other,1,0,0,1,0,0,0,2004/03/12 00:00:00+00,3/12/2004 23:19,Mid-Block (not related to intersection),28,MOTOR VEHICLE RAN OFF ROAD - HIT FIXED OBJECT,,1,Clear,Dry,Dark - Street Lights On,,4072008,,50,Fixed object,0,0,N
1263868.004,198402.3594,4424,19577,19577,1798541,Matched,Intersection,33987,18TH AVE SW AND SW HOLDEN ST,,,2,Injury Collision,Left Turn,3,0,0,3,2,0,0,2004/08/10 00:00:00+00,8/10/2004 11:38,At Intersection (intersection related),11,"MOTOR VEHICLE STRUCK MOTOR VEHICLE, FRONT END AT ANGLE",,0,Clear,Dry,Daylight,,4223021,,28,From opposite direction - one left turn - one straight,0,0,N
1272930.272,203265.8316,4425,18451,18451,1781762,Matched,Intersection,33135,CORSON AVE S AND S MICHIGAN ST,,,2,Injury Collision,Left Turn,2,0,0,2,1,0,0,2004/03/20 00:00:00+00,3/20/2004 11:45,At Intersection (intersection related),11,"MOTOR VEHICLE STRUCK MOTOR VEHICLE, FRONT END AT ANGLE",,0,Clear,Dry,Daylight,,4080012,,28,From opposite direction - one left turn - one straight,0,0,N
1265630.647,257926.0035,4426,18366,18366,1779996,Matched,Block,,GREENWOOD AVE N BETWEEN N 92ND ST AND N 95TH ST,,,2,Injury Collision,Pedestrian,2,1,0,1,1,0,0,2004/12/10 00:00:00+00,12/10/2004 17:23,Mid-Block (but intersection related),24,MOTOR VEHCILE STRUCK PEDESTRIAN,,0,Raining,Wet,Dark - Street Lights On,,4345012,,0,Vehicle going straight hits pedestrian,0,0,N
1268026.728,238245.8674,4427,18104,18104,1186514,Matched,Block,,WESTLAKE AVE N BETWEEN HALLADAY ST AND NEWELL ST,,,2,Injury Collision,Other,1,0,0,1,1,0,0,2004/05/29 00:00:00+00,5/29/2004 2:00,Mid-Block (not related to intersection),26,MOTOR VEHICLE STRUCK OBJECT IN ROAD,,1,Overcast,Dry,Dark - Street Lights On,,4150002,Y,50,Fixed object,0,0,N
1275455.31,243649.9895,4428,18940,18940,4065051,Unmatched,Intersection,27089,BROOKLYN AVE NE AND NE 42ND ST,,,0,Unknown,,0,0,0,0,0,0,0,2004/03/05 00:00:00+00,3/5/2004,At Intersection (intersection related),11,"MOTOR VEHICLE STRUCK MOTOR VEHICLE, FRONT END AT ANGLE",,,,,,,4065051,,,,0,0,N
1266653.967,229318.3287,4429,18949,18949,1482413,Matched,Intersection,29656,4TH AVE AND DENNY WAY,,,2,Injury Collision,Angles,3,0,0,2,1,0,0,2004/08/03 00:00:00+00,8/3/2004,At Intersection (intersection related),11,"MOTOR VEHICLE STRUCK MOTOR VEHICLE, FRONT END AT ANGLE",,0,Clear,Dry,Dark - Street Lights On,,4216011,,10,Entering at angle,0,0,N
1256824.065,206713.4175,4430,18529,18529,1790401,Matched,Block,,CALIFORNIA AVE SW BETWEEN SW DAWSON N ST AND SW DAWSON S ST,,,1,Property Damage Only Collision,Other,2,0,0,2,0,0,0,2004/04/24 00:00:00+00,4/24/2004 11:55,Driveway Junction,11,"MOTOR VEHICLE STRUCK MOTOR VEHICLE, FRONT END AT ANGLE",,0,Clear,Dry,Daylight,,4115006,,22,One car leaving driveway access,0,0,N
1273078.54,227971.5406,4431,18349,18349,1789487,Matched,Block,,E PINE ST BETWEEN BOYLSTON AVE AND HARVARD AVE,,,1,Property Damage Only Collision,Parked Car,2,0,0,2,0,0,0,2004/01/02 00:00:00+00,1/2/2004,Mid-Block (not related to intersection),14,"MOTOR VEHICLE STRUCK MOTOR VEHICLE, REAR END",,0,Unknown,Unknown,Unknown,,4002008,,32,One parked--one moving,0,0,N
1273592.342,231051.872,4432,18124,18124,1772561,Matched,Block,,BROADWAY E BETWEEN E REPUBLICAN ST AND E MERCER ST,,,1,Property Damage Only Collision,Parked Car,2,0,0,2,0,0,0,2004/05/26 00:00:00+00,5/26/2004 16:00,Mid-Block (not related to intersection),13,"MOTOR VEHICLE STRUCK MOTOR VEHICLE, LEFT SIDE AT ANGLE",,0,Raining,Wet,Daylight,,4147025,,32,One parked--one moving,0,0,N
1270807.327,222780.4976,4433,18596,18596,1182107,Matched,Intersection,30491,2ND AVE S AND S WASHINGTON ST,,,1,Property Damage Only Collision,Angles,3,0,0,2,0,0,0,2004/09/19 00:00:00+00,9/19/2004 0:11,At Intersection (intersection related),11,"MOTOR VEHICLE STRUCK MOTOR VEHICLE, FRONT END AT ANGLE",,0,Overcast,Dry,Dark - Street Lights On,,4263012,,10,Entering at angle,0,0,N
1275547.528,246328.7597,4434,18767,18767,1796852,Unmatched,Block,,BROOKLYN AVE NE BETWEEN NE 50TH ST AND NE 52ND ST,,,0,Unknown,,0,0,0,0,0,0,0,2004/10/23 00:00:00+00,10/23/2004,Mid-Block (not related to intersection),11,"MOTOR VEHICLE STRUCK MOTOR VEHICLE, FRONT END AT ANGLE",,,,,,,4297030,,,,0,0,N
1269952.85,239579.4049,4435,18175,18175,1328900,Matched,Block,,N NORTHLAKE WAY BETWEEN DENSMORE AVE N AND BURKE AVE N,,,2,Injury Collision,Other,6,0,0,4,1,0,0,2004/02/27 00:00:00+00,2/27/2004 11:17,Driveway Junction,11,"MOTOR VEHICLE STRUCK MOTOR VEHICLE, FRONT END AT ANGLE",Y,0,Clear,Wet,Daylight,,4058039,,22,One car leaving driveway access,0,0,N
1265794.418,268510.649,4436,18855,18855,1212056,Matched,Block,,GREENWOOD AVE N BETWEEN N 133RD ST AND N 134TH ST,,,1,Property Damage Only Collision,Rear Ended,2,0,0,2,0,0,0,2004/05/12 00:00:00+00,5/12/2004 11:50,Mid-Block (not related to intersection),14,"MOTOR VEHICLE STRUCK MOTOR VEHICLE, REAR END",,0,Clear,Dry,Daylight,,4133021,,14,From same direction - both going straight - one stopped - rear-end,0,0,N
1273899.295,244641.1576,4437,18442,18442,4271031,Unmatched,Block,,7TH AVE NE BETWEEN NE 45TH ST OFF RP AND NE 45TH ST,,,0,Unknown,,0,0,0,0,0,0,0,2004/09/27 00:00:00+00,9/27/2004,Mid-Block (but intersection related),14,"MOTOR VEHICLE STRUCK MOTOR VEHICLE, REAR END",,,,,,,4271031,,,,0,0,N
1277559.603,212299.0931,4438,17950,17950,1771624,Matched,Block,,23RD AVE S BETWEEN S HINDS ST AND S SPOKANE ST,,,2,Injury Collision,Other,2,0,0,1,2,0,0,2004/08/21 00:00:00+00,8/21/2004 18:29,Mid-Block (not related to intersection),28,MOTOR VEHICLE RAN OFF ROAD - HIT FIXED OBJECT,,0,Overcast,Wet,Daylight,,4234008,Y,50,Fixed object,0,0,N
1259238.75,199847.3768,4439,18096,18096,1797908,Matched,Intersection,34034,35TH AVE SW AND SW OTHELLO ST,,,1,Property Damage Only Collision,Angles,2,0,0,2,0,0,0,2004/08/09 00:00:00+00,8/9/2004,At Intersection (intersection related),11,"MOTOR VEHICLE STRUCK MOTOR VEHICLE, FRONT END AT ANGLE",,0,Clear,Dry,Daylight,,4222037,,10,Entering at angle,0,0,N
1262990.05,257003.1969,4440,18633,18633,1774246,Unmatched,Intersection,37158,8TH AVE NW AND NW 90TH ST,,,0,Unknown,,0,0,0,0,0,0,0,2004/12/25 00:00:00+00,12/25/2004,At Intersection (intersection related),11,"MOTOR VEHICLE STRUCK MOTOR VEHICLE, FRONT END AT ANGLE",,,,,,,4360009,,,,0,0,N
1268516.536,242710.0937,4441,18525,18525,1776756,Unmatched,Intersection,26848,STONE WAY N AND N 40TH ST,,,0,Unknown,,0,0,0,0,0,0,0,2004/12/08 00:00:00+00,12/8/2004,At Intersection (intersection related),11,"MOTOR VEHICLE STRUCK MOTOR VEHICLE, FRONT END AT ANGLE",,,,,,,4343047,,,,0,0,N
1264295.422,231558.9216,4442,18115,18115,1213516,Matched,Block,,W MERCER ST BETWEEN 1ST AVE W AND 2ND AVE W,,,1,Property Damage Only Collision,Other,4,0,0,2,0,0,0,2004/05/27 00:00:00+00,5/27/2004 8:50,Driveway Junction,11,"MOTOR VEHICLE STRUCK MOTOR VEHICLE, FRONT END AT ANGLE",,0,Raining,Wet,Daylight,,4148024,,22,One car leaving driveway access,0,0,N
1281552.389,263776.2499,4443,18744,18744,1780528,Matched,Block,,35TH AVE NE BETWEEN 34TH AVE NE AND 33RD PL NE,,,1,Property Damage Only Collision,Parked Car,2,0,0,2,0,0,0,2004/01/02 00:00:00+00,1/2/2004,Mid-Block (not related to intersection),14,"MOTOR VEHICLE STRUCK MOTOR VEHICLE, REAR END",,0,Clear,Ice,Daylight,,4002070,Y,32,One parked--one moving,0,0,N
1281647.009,207698.0268,4444,18607,18607,1771699,Matched,Block,,RAINIER AVE S BETWEEN S ALASKA ST AND S ANGELINE ST,,,2,Injury Collision,Rear Ended,4,0,0,2,1,0,0,2004/05/05 00:00:00+00,5/5/2004,Mid-Block (not related to intersection),14,"MOTOR VEHICLE STRUCK MOTOR VEHICLE, REAR END",Y,0,Clear,Dry,Daylight,,4126012,,14,From same direction - both going straight - one stopped - rear-end,0,0,N
1272041.073,231295.3282,4445,18321,18321,1776552,Matched,Block,,E MERCER ST BETWEEN MELROSE AVE E AND BELLEVUE AVE E,,,1,Property Damage Only Collision,Parked Car,2,0,0,2,0,0,0,2004/08/03 00:00:00+00,8/3/2004,Mid-Block (not related to intersection),11,"MOTOR VEHICLE STRUCK MOTOR VEHICLE, FRONT END AT ANGLE",,0,Clear,Dry,Daylight,,4216001,,32,One parked--one moving,0,0,N
1263815.777,230000.7794,4446,18989,18989,1785032,Matched,Block,,ELLIOTT AVE W BETWEEN ELLIOTT ER AVE W AND W THOMAS S ST,,,1,Property Damage Only Collision,Rear Ended,3,0,0,2,0,0,0,2004/10/23 00:00:00+00,10/23/2004 20:30,Mid-Block (not related to intersection),14,"MOTOR VEHICLE STRUCK MOTOR VEHICLE, REAR END",,0,Clear,Dry,Dark - Street Lights On,,4297010,,14,From same direction - both going straight - one stopped - rear-end,0,0,N
1279787.109,212593.7408,4447,18068,18068,1771394,Matched,Block,,RAINIER AVE S BETWEEN S BYRON ST AND S WALDEN ST,,,2,Injury Collision,Rear Ended,3,0,0,2,1,0,0,2004/05/25 00:00:00+00,5/25/2004 13:10,Mid-Block (not related to intersection),14,"MOTOR VEHICLE STRUCK MOTOR VEHICLE, REAR END",,0,Clear,Dry,Daylight,,4146020,,14,From same direction - both going straight - one stopped - rear-end,0,0,N
1266836.681,250755.7807,4448,18285,18285,1793762,Matched,Block,,FREMONT AVE N BETWEEN N 66TH ST AND N 67TH ST,,,1,Property Damage Only Collision,Parked Car,2,0,0,2,0,0,0,2004/09/22 00:00:00+00,9/22/2004 16:00,Mid-Block (not related to intersection),16,"MOTOR VEHICLE STRUCK MOTOR VEHICLE, LEFT SIDE SIDESWIPE",,0,Overcast,Unknown,Unknown,,4266056,,32,One parked--one moving,0,0,N
1278001.528,226795.3196,4449,18726,18726,1211589,Matched,Block,,23RD AVE BETWEEN E SPRING ST AND E UNION ST,,,2,Injury Collision,Rear Ended,2,0,0,2,1,0,0,2004/09/11 00:00:00+00,9/11/2004 14:08,Mid-Block (not related to intersection),14,"MOTOR VEHICLE STRUCK MOTOR VEHICLE, REAR END",,0,Clear,Dry,Daylight,,4255021,,14,From same direction - both going straight - one stopped - rear-end,0,0,N
1270733.974,246188.4303,4450,18925,18925,4267052,Unmatched,Intersection,25525,MERIDIAN AVE N AND N 50TH ST,,,0,Unknown,,0,0,0,0,0,0,0,2004/09/23 00:00:00+00,9/23/2004,At Intersection (intersection related),11,"MOTOR VEHICLE STRUCK MOTOR VEHICLE, FRONT END AT ANGLE",,,,,,,4267052,,,,0,0,N
1281469.392,215873.8943,4451,18057,18057,1181121,Matched,Block,,LAKE PARK DR S BETWEEN LAKE WASHINGTON BLVD S AND SHORELAND DR S,,,1,Property Damage Only Collision,Rear Ended,2,0,0,2,0,0,0,2004/01/13 00:00:00+00,1/13/2004 12:00,Mid-Block (but intersection related),14,"MOTOR VEHICLE STRUCK MOTOR VEHICLE, REAR END",,0,Clear,Wet,Daylight,,4013021,,14,From same direction - both going straight - one stopped - rear-end,0,0,N
1272295.528,262062.2952,4452,18254,18254,1476113,Matched,Intersection,36586,1ST AVE NE AND NE NORTHGATE WAY,,,1,Property Damage Only Collision,Angles,2,0,0,2,0,0,0,2004/07/11 00:00:00+00,7/11/2004 15:00,At Intersection (intersection related),11,"MOTOR VEHICLE STRUCK MOTOR VEHICLE, FRONT END AT ANGLE",,0,Clear,Dry,Daylight,,4193010,,10,Entering at angle,0,0,N
1278889.297,223871.215,4453,18499,18499,1788457,Matched,Intersection,30099,26TH AVE AND E ALDER ST,,,2,Injury Collision,Angles,3,0,0,2,2,0,0,2004/04/14 00:00:00+00,4/14/2004 11:44,At Intersection (intersection related),11,"MOTOR VEHICLE STRUCK MOTOR VEHICLE, FRONT END AT ANGLE",,0,Clear,Wet,Daylight,,4105038,,10,Entering at angle,0,0,N
1275874.952,212719.8019,4454,19292,19292,1779105,Matched,Block,,LAFAYETTE AVE S BETWEEN S HORTON ST AND S HINDS ST,,,1,Property Damage Only Collision,Parked Car,2,0,0,2,0,0,0,2004/04/03 00:00:00+00,4/3/2004,Mid-Block (not related to intersection),14,"MOTOR VEHICLE STRUCK MOTOR VEHICLE, REAR END",,0,Clear,Unknown,Dark - Street Lights On,,4094037,,32,One parked--one moving,0,0,N
1276280.375,252325.3579,4455,18310,18310,1482099,Matched,Block,,15TH AVE NE BETWEEN NE 73RD ST AND NE 75TH ST,,,1,Property Damage Only Collision,Parked Car,2,0,0,2,0,0,0,2004/01/12 00:00:00+00,1/12/2004 0:01,Mid-Block (not related to intersection),16,"MOTOR VEHICLE STRUCK MOTOR VEHICLE, LEFT SIDE SIDESWIPE",Y,0,Clear,Dry,Dark - Street Lights On,,4012002,,32,One parked--one moving,0,0,N
1268590.538,227026.244,4456,17959,17959,1333794,Matched,Intersection,29563,3RD AVE AND VIRGINIA ST,,,2,Injury Collision,Left Turn,2,0,0,2,1,0,0,2004/02/08 00:00:00+00,2/8/2004,At Intersection (intersection related),11,"MOTOR VEHICLE STRUCK MOTOR VEHICLE, FRONT END AT ANGLE",,0,Overcast,Wet,Daylight,,4039009,,28,From opposite direction - one left turn - one straight,0,0,N
1278140.206,247112.0593,4457,18959,18959,1794649,Matched,Intersection,26085,22ND AVE NE AND NE 54TH ST,,,1,Property Damage Only Collision,Angles,3,0,0,2,0,0,0,2004/12/17 00:00:00+00,12/17/2004 14:24,At Intersection (intersection related),11,"MOTOR VEHICLE STRUCK MOTOR VEHICLE, FRONT END AT ANGLE",,0,Clear,Dry,Daylight,,4352039,,10,Entering at angle,0,0,N
1269856.985,202516.4567,4458,18976,18976,1795129,Unmatched,Block,,1ST AV S BR NB BETWEEN EAST MARGINAL WAY S AND 1ST AV S NB OFF RP,,,0,Unknown,,0,0,0,0,0,0,0,2004/12/08 00:00:00+00,12/8/2004,Mid-Block (but intersection related),14,"MOTOR VEHICLE STRUCK MOTOR VEHICLE, REAR END",,,,,,,4343038,,,,0,0,N
1282372.748,270699.0186,4459,18284,18284,1793758,Matched,Block,,37TH AVE NE BETWEEN NE 143RD ST AND NE 145TH ST,,,1,Property Damage Only Collision,Parked Car,2,0,0,2,0,0,0,2004/09/04 00:00:00+00,9/4/2004,Driveway Junction,13,"MOTOR VEHICLE STRUCK MOTOR VEHICLE, LEFT SIDE AT ANGLE",,0,Clear,Dry,Daylight,,4248007,,32,One parked--one moving,0,0,N
1281166.651,212690.3781,4460,18857,18857,1773258,Matched,Intersection,32631,35TH AVE S AND S HORTON ST,,,1,Property Damage Only Collision,Angles,2,0,0,2,0,0,0,2004/10/30 00:00:00+00,10/30/2004 14:14,At Intersection (intersection related),11,"MOTOR VEHICLE STRUCK MOTOR VEHICLE, FRONT END AT ANGLE",,0,Clear,Dry,Daylight,,4304024,,10,Entering at angle,0,0,N