X,Y,OBJECTID,INCKEY,COLDETKEY,REPORTNO,STATUS,ADDRTYPE,INTKEY,LOCATION,EXCEPTRSNCODE,EXCEPTRSNDESC,SEVERITYCODE,SEVERITYDESC,COLLISIONTYPE,PERSONCOUNT,PEDCOUNT,PEDCYLCOUNT,VEHCOUNT,INJURIES,SERIOUSINJURIES,FATALITIES,INCDATE,INCDTTM,JUNCTIONTYPE,SDOT_COLCODE,SDOT_COLDESC,INATTENTIONIND,UNDERINFL,WEATHER,ROADCOND,LIGHTCOND,PEDROWNOTGRNT,SDOTCOLNUM,SPEEDING,ST_COLCODE,ST_COLDESC,SEGLANEKEY,CROSSWALKKEY,HITPARKEDCAR
1265882.093,228401.0963,4461,18913,18913,1783460,Matched,Block,,CLAY ST BETWEEN WESTERN AVE AND 1ST AVE,,,1,Property Damage Only Collision,Parked Car,2,0,0,2,0,0,0,2004/10/13 00:00:00+00,10/13/2004 22:00,Mid-Block (not related to intersection),11,"MOTOR VEHICLE STRUCK MOTOR VEHICLE, FRONT END AT ANGLE",,0,Unknown,Unknown,Unknown,,4287040,,20,One car leaving parked position,0,0,N
1271443.828,227541.038,4462,18048,18048,C650834,Matched,Block,,BOREN AVE BETWEEN PIKE ST AND PINE ST,,,2,Injury Collision,Rear Ended,3,0,0,3,1,0,0,2004/12/21 00:00:00+00,12/21/2004 15:15,Mid-Block (but intersection related),14,"MOTOR VEHICLE STRUCK MOTOR VEHICLE, REAR END",,0,Unknown,Dry,Daylight,,4356041,,14,From same direction - both going straight - one stopped - rear-end,0,0,N
1260581.938,233927.8494,4463,18938,18938,4055037,Unmatched,Block,,ELLIOTT AVE W BETWEEN W LEE ST AND W GALER ST FLYOVER,,,0,Unknown,,0,0,0,0,0,0,0,2004/02/24 00:00:00+00,2/24/2004,Mid-Block (not related to intersection),14,"MOTOR VEHICLE STRUCK MOTOR VEHICLE, REAR END",,,,,,,4055037,,,,0,0,N
1282783.301,245563.9764,4464,19431,19431,1794857,Matched,Block,,40TH AVE NE BETWEEN SAND POINT WAY NE AND NE 50TH ST,,,2,Injury Collision,Rear Ended,2,0,0,2,1,0,0,2004/11/20 00:00:00+00,11/20/2004 10:53,Mid-Block (but intersection related),14,"MOTOR VEHICLE STRUCK MOTOR VEHICLE, REAR END",,0,Clear,Dry,Daylight,,4325017,,14,From same direction - both going straight - one stopped - rear-end,0,0,N
1257543.987,250431.6321,4465,18444,18444,1480705,Matched,Intersection,23943,24TH AVE NW AND NW 65TH ST,,,2,Injury Collision,Angles,2,0,0,2,2,0,0,2004/10/02 00:00:00+00,10/2/2004,At Intersection (intersection related),11,"MOTOR VEHICLE STRUCK MOTOR VEHICLE, FRONT END AT ANGLE",,0,Clear,Dry,Dark - Street Lights On,,4276008,,10,Entering at angle,0,0,N
1262693.809,204747.1925,4466,17953,17953,1781305,Matched,Block,,DELRIDGE WAY SW BETWEEN SW FINDLAY ST AND SW JUNEAU ST,,,1,Property Damage Only Collision,Rear Ended,2,0,0,2,0,0,0,2004/06/11 00:00:00+00,6/11/2004 9:15,Mid-Block (not related to intersection),14,"MOTOR VEHICLE STRUCK MOTOR VEHICLE, REAR END",Y,0,Overcast,Dry,Daylight,,4163046,,14,From same direction - both going straight - one stopped - rear-end,0,0,N
1273373.751,224595.6954,4467,18240,18240,1217019,Matched,Block,,JEFFERSON ST BETWEEN BOREN AVE AND BROADWAY,,,2,Injury Collision,Other,5,0,0,3,2,0,0,2004/11/22 00:00:00+00,11/22/2004 11:14,Driveway Junction,11,"MOTOR VEHICLE STRUCK MOTOR VEHICLE, FRONT END AT ANGLE",,0,Overcast,Dry,Daylight,,4327037,,22,One car leaving driveway access,0,0,N
1270199.493,218937.1721,4468,18642,18642,1072245,Matched,Block,,EDGAR MARTINEZ DR S BETWEEN 1ST AVE S AND OCCIDENTAL AVE S,,,1,Property Damage Only Collision,Right Turn,4,0,0,2,0,0,0,2004/08/12 00:00:00+00,8/12/2004 15:53,Mid-Block (but intersection related),11,"MOTOR VEHICLE STRUCK MOTOR VEHICLE, FRONT END AT ANGLE",Y,0,Clear,Dry,Daylight,,4225018,,16,From same direction - one right turn - one straight,0,0,N
1266717.78,246134.1085,4469,18954,18954,1779922,Matched,Block,,FREMONT AVE N BETWEEN N 49TH ST AND N 50TH ST,,,1,Property Damage Only Collision,Parked Car,2,0,0,2,0,0,0,2004/05/17 00:00:00+00,5/17/2004 11:48,Mid-Block (not related to intersection),11,"MOTOR VEHICLE STRUCK MOTOR VEHICLE, FRONT END AT ANGLE",,0,Unknown,Unknown,Unknown,,4138026,,32,One parked--one moving,0,0,N
1271376.242,220019.2769,4470,18837,18837,1213647,Matched,Block,,4TH AVE S BETWEEN I90 WB 4TH AV OFF RP AND S ROYAL BROUGHAM WAY,,,1,Property Damage Only Collision,Rear Ended,2,0,0,2,0,0,0,2004/12/17 00:00:00+00,12/17/2004 17:13,Mid-Block (not related to intersection),14,"MOTOR VEHICLE STRUCK MOTOR VEHICLE, REAR END",,0,Clear,Dry,Dusk,,4352043,,14,From same direction - both going straight - one stopped - rear-end,0,0,N
1276317.156,212323.1007,4471,18069,18069,1771406,Matched,Block,,BEACON AVE S BETWEEN S HINDS ST AND S SPOKANE ST,,,2,Injury Collision,Other,2,0,0,2,1,0,0,2004/03/06 00:00:00+00,3/6/2004,Mid-Block (but intersection related),11,"MOTOR VEHICLE STRUCK MOTOR VEHICLE, FRONT END AT ANGLE",,0,Clear,Dry,Daylight,,4066013,,23,From same direction - all others,0,0,N
1266505.16,198493.2195,4472,18273,18273,1783932,Unmatched,Intersection,34153,HIGHLAND PARK WAY SW AND SW HOLDEN N ST,,,0,Unknown,,0,0,0,0,0,0,0,2004/12/06 00:00:00+00,12/6/2004,At Intersection (intersection related),11,"MOTOR VEHICLE STRUCK MOTOR VEHICLE, FRONT END AT ANGLE",,,,,,,4341023,,,,0,0,N
1268965.238,227120.8087,4473,18890,18890,1745304,Unmatched,Block,,4TH AVE BETWEEN STEWART ST AND VIRGINIA ST,,,0,Unknown,,0,0,0,0,0,0,0,2004/12/26 00:00:00+00,12/26/2004,Mid-Block (not related to intersection),16,"MOTOR VEHICLE STRUCK MOTOR VEHICLE, LEFT SIDE SIDESWIPE",,,,,,,4361025,,,,0,0,N
1277069.267,212095.5191,4474,18902,18902,1779599,Matched,Intersection,32539,20TH AVE S AND S SPOKANE ST,,,1,Property Damage Only Collision,Left Turn,2,0,0,2,0,0,0,2004/04/02 00:00:00+00,4/2/2004,At Intersection (intersection related),11,"MOTOR VEHICLE STRUCK MOTOR VEHICLE, FRONT END AT ANGLE",,0,Clear,Dry,Daylight,,4093024,,28,From opposite direction - one left turn - one straight,0,0,N
1258197.108,207843.463,4475,18042,18042,1775314,Matched,Intersection,32764,FAUNTLEROY WAY SW AND SW EDMUNDS ST,,,1,Property Damage Only Collision,Angles,2,0,0,2,0,0,0,2004/04/11 00:00:00+00,4/11/2004 0:55,At Intersection (intersection related),11,"MOTOR VEHICLE STRUCK MOTOR VEHICLE, FRONT END AT ANGLE",,0,Clear,Dry,Dark - Street Lights On,,4102006,,10,Entering at angle,0,0,N
1265549.152,230198.394,4476,18556,18556,1795327,Unmatched,Block,,THOMAS ST BETWEEN WARREN AVE N AND 2ND AVE N,,,0,Unknown,,0,0,0,0,0,0,0,2004/11/07 00:00:00+00,11/7/2004,Mid-Block (not related to intersection),14,"MOTOR VEHICLE STRUCK MOTOR VEHICLE, REAR END",,,,,,,4312019,,,,0,0,N
1269770.026,225312.218,4477,18012,18012,1321798,Unmatched,Intersection,29601,3RD AVE AND UNIVERSITY ST,,,0,Unknown,,0,0,0,0,0,0,0,2004/10/14 00:00:00+00,10/14/2004,At Intersection (intersection related),24,MOTOR VEHCILE STRUCK PEDESTRIAN,,,,,,,4288003,,,,0,0,N
1271890.214,217394.8718,4478,18364,18364,1482622,Matched,Block,,S HOLGATE ST BETWEEN 5TH AVE S AND 6TH AVE S,,,2,Injury Collision,Sideswipe,5,0,0,2,2,0,0,2004/06/26 00:00:00+00,6/26/2004 17:05,Mid-Block (but intersection related),15,"MOTOR VEHICLE STRUCK MOTOR VEHICLE, RIGHT SIDE SIDESWIPE",,0,Clear,Dry,Daylight,,4178006,,12,From same direction - both going straight - one stopped - sideswipe,0,0,N
1260279.706,247170.9513,4479,18235,18235,1475621,Matched,Intersection,25426,15TH AVE NW AND NW 53RD ST,,,2,Injury Collision,Left Turn,2,0,0,2,1,0,0,2004/07/30 00:00:00+00,7/30/2004 12:59,At Intersection (intersection related),11,"MOTOR VEHICLE STRUCK MOTOR VEHICLE, FRONT END AT ANGLE",,0,Clear,Dry,Daylight,,4212037,,28,From opposite direction - one left turn - one straight,0,0,N
1277505.32,206143.3496,4480,18933,18933,4017025,Unmatched,Block,,BEACON ER AVE S BETWEEN S DAWSON ST AND S BENNETT N ST,,,0,Unknown,,0,0,0,0,0,0,0,2004/01/17 00:00:00+00,1/17/2004,Mid-Block (but intersection related),14,"MOTOR VEHICLE STRUCK MOTOR VEHICLE, REAR END",,,,,,,4017025,,,,0,0,N
,,4481,18501,18501,1321218,Matched,Block,,ALASKAN WY VI NB BETWEEN S ROYAL BROUGHAM WAY ON RP AND SENECA ST OFF RP,,,1,Property Damage Only Collision,Other,2,0,0,1,0,0,0,2004/08/06 00:00:00+00,8/6/2004,Mid-Block (but intersection related),16,"MOTOR VEHICLE STRUCK MOTOR VEHICLE, LEFT SIDE SIDESWIPE",,0,Raining,Wet,Daylight,,4219035,,50,Fixed object,0,0,N
1283860.601,194403.218,4482,19284,19284,1325959,Matched,Block,,RENTON AVE S BETWEEN S TRENTON ST AND S HENDERSON ST,,,1,Property Damage Only Collision,Head On,2,0,0,2,0,0,0,2004/02/14 00:00:00+00,2/14/2004 20:04,Mid-Block (but intersection related),11,"MOTOR VEHICLE STRUCK MOTOR VEHICLE, FRONT END AT ANGLE",,0,Raining,Wet,Dark - Street Lights On,,4045004,Y,30,From opposite direction - all others,0,0,N
1260667.426,242360.1427,4483,18305,18305,1777329,Matched,Block,,W EMERSON ST BETWEEN 13TH AVE W AND 14TH AVE W,,,1,Property Damage Only Collision,Parked Car,2,0,0,2,0,0,0,2004/01/28 00:00:00+00,1/28/2004 12:15,Mid-Block (not related to intersection),15,"MOTOR VEHICLE STRUCK MOTOR VEHICLE, RIGHT SIDE SIDESWIPE",,0,Unknown,Unknown,Unknown,,4028030,,32,One parked--one moving,0,0,N
1269683.396,224194.5494,4484,18222,18222,1776477,Matched,Intersection,29621,1ST AVE AND MADISON ST,,,1,Property Damage Only Collision,Sideswipe,2,0,0,2,0,0,0,2004/03/23 00:00:00+00,3/23/2004 16:15,At Intersection (intersection related),16,"MOTOR VEHICLE STRUCK MOTOR VEHICLE, LEFT SIDE SIDESWIPE",,0,Raining,Wet,Daylight,,4083015,,11,From same direction - both going straight - both moving - sideswipe,0,0,N
1278257.401,237931.5114,4485,18105,18105,1772278,Matched,Block,,EAST MONTLAKE PL E BETWEEN 24TH AVE E AND E ROANOKE ST,,,1,Property Damage Only Collision,Rear Ended,4,0,0,3,0,0,0,2004/04/21 00:00:00+00,4/21/2004 16:59,Mid-Block (not related to intersection),14,"MOTOR VEHICLE STRUCK MOTOR VEHICLE, REAR END",Y,0,Clear,Dry,Daylight,,4112012,Y,13,From same direction - both going straight - both moving - rear-end,0,0,N
1269449.773,224589.0554,4486,18494,18494,1776179,Matched,Block,,1ST AVE BETWEEN SPRING ST AND SENECA ST,,,1,Property Damage Only Collision,Other,1,0,0,1,0,0,0,2004/02/11 00:00:00+00,2/11/2004 13:52,Mid-Block (but intersection related),28,MOTOR VEHICLE RAN OFF ROAD - HIT FIXED OBJECT,,0,Clear,Dry,Daylight,,4042005,,50,Fixed object,0,0,N
1261257.905,193836.8662,4487,18517,18517,C646032,Matched,Block,,SW BARTON ST BETWEEN 26TH AVE SW AND 29TH AVE SW,,,1,Property Damage Only Collision,Other,2,0,0,2,0,0,0,2004/07/05 00:00:00+00,7/5/2004,Driveway Junction,11,"MOTOR VEHICLE STRUCK MOTOR VEHICLE, FRONT END AT ANGLE",,0,Clear,Dry,Dusk,,4187034,,22,One car leaving driveway access,0,0,N
1259663.959,249213.8406,4488,18973,18973,1773835,Matched,Block,,17TH AVE NW BETWEEN NW 60TH ST AND NW 61ST ST,,,1,Property Damage Only Collision,Parked Car,2,0,0,2,0,0,0,2004/03/11 00:00:00+00,3/11/2004 14:30,Mid-Block (not related to intersection),14,"MOTOR VEHICLE STRUCK MOTOR VEHICLE, REAR END",,0,Unknown,Unknown,Daylight,,4071001,,32,One parked--one moving,0,0,N
1260580.247,202271.8542,4489,18348,18348,1789205,Matched,Intersection,34012,SYLVAN WAY SW AND SW MORGAN E ST,,,1,Property Damage Only Collision,Rear Ended,2,0,0,2,0,0,0,2004/03/01 00:00:00+00,3/1/2004,At Intersection (intersection related),14,"MOTOR VEHICLE STRUCK MOTOR VEHICLE, REAR END",Y,0,Clear,Dry,Daylight,,4061015,,13,From same direction - both going straight - both moving - rear-end,0,0,N
1281838.052,207313.822,4490,18415,18415,4273028,Unmatched,Block,,RAINIER AVE S BETWEEN S ANGELINE ST AND S EDMUNDS ST,,,0,Unknown,,0,0,0,0,0,0,0,2004/09/29 00:00:00+00,9/29/2004,Mid-Block (not related to intersection),16,"MOTOR VEHICLE STRUCK MOTOR VEHICLE, LEFT SIDE SIDESWIPE",,,,,,,4273028,,,,0,0,N
1283008.321,192630.8134,4491,18892,18892,1764260,Unmatched,Block,,M L KING JR WR WAY S BETWEEN BEACON AVE S AND MERTON WAY S,,,0,Unknown,,0,0,0,0,0,0,0,2004/12/08 00:00:00+00,12/8/2004,Mid-Block (not related to intersection),14,"MOTOR VEHICLE STRUCK MOTOR VEHICLE, REAR END",,,,,,,4343046,,,,0,0,N
1265766.669,211957.0471,4492,18609,18609,1781163,Matched,Block,,WEST SEATTLE BR EB BETWEEN ALASKAN WY VI NB ON RP AND DELRIDGE-W SEATTLE BR EB ON RP,,,2,Injury Collision,Sideswipe,3,0,0,2,1,0,0,2004/10/19 00:00:00+00,10/19/2004 6:49,Mid-Block (not related to intersection),16,"MOTOR VEHICLE STRUCK MOTOR VEHICLE, LEFT SIDE SIDESWIPE",,0,Raining,Wet,Dark - Street Lights On,,4293027,,11,From same direction - both going straight - both moving - sideswipe,0,0,N
1270635.753,225114.0574,4493,18177,18177,1334400,Matched,Intersection,29933,5TH AVE AND SPRING ST,,,2,Injury Collision,Pedestrian,2,1,0,1,1,0,0,2004/03/11 00:00:00+00,3/11/2004 12:54,At Intersection (intersection related),24,MOTOR VEHCILE STRUCK PEDESTRIAN,,0,Clear,Dry,Daylight,Y,4071035,,2,Vehicle turning left hits pedestrian,0,0,N
1257951.046,201070.036,4494,18558,18558,1795451,Matched,Block,,39TH AVE SW BETWEEN SW WILLOW ST AND SW FRONTENAC ST,,,1,Property Damage Only Collision,Parked Car,2,0,0,2,0,0,0,2004/09/27 00:00:00+00,9/27/2004 2:00,Mid-Block (not related to intersection),16,"MOTOR VEHICLE STRUCK MOTOR VEHICLE, LEFT SIDE SIDESWIPE",,0,Clear,Dry,Dark - Street Lights On,,4271014,,32,One parked--one moving,0,0,N
1275853.778,220580.3917,4495,18430,18430,1213956,Matched,Block,,RAINIER AVE S BETWEEN S DEARBORN ST AND S CHARLES N ST,,,1,Property Damage Only Collision,Sideswipe,3,0,0,2,0,0,0,2004/05/03 00:00:00+00,5/3/2004,Mid-Block (but intersection related),11,"MOTOR VEHICLE STRUCK MOTOR VEHICLE, FRONT END AT ANGLE",,0,Clear,Dry,Daylight,,4124020,,11,From same direction - both going straight - both moving - sideswipe,0,0,N
1270725.377,240403.8895,4496,18076,18076,1781977,Matched,Block,,N 35TH ST BETWEEN MERIDIAN AVE N AND BAGLEY AVE N,,,1,Property Damage Only Collision,Parked Car,3,0,0,3,0,0,0,2004/04/23 00:00:00+00,4/23/2004 10:01,Mid-Block (not related to intersection),11,"MOTOR VEHICLE STRUCK MOTOR VEHICLE, FRONT END AT ANGLE",,0,Clear,Dry,Daylight,,4114027,,32,One parked--one moving,0,0,N
1268347.38,264382.4604,4497,17967,17967,1773617,Matched,Intersection,36339,AURORA AVE N AND N 117TH PL,,,2,Injury Collision,Pedestrian,2,1,0,1,1,0,0,2004/06/07 00:00:00+00,6/7/2004,At Intersection (intersection related),24,MOTOR VEHCILE STRUCK PEDESTRIAN,,0,Overcast,Dry,Daylight,Y,4159023,,1,Vehicle turning right hits pedestrian,0,0,N
1272774.529,226557.3958,4498,18937,18937,1198207,Matched,Block,,SUMMIT AVE BETWEEN SPRING ST AND SENECA ST,,,1,Property Damage Only Collision,Rear Ended,2,0,0,2,0,0,0,2004/10/29 00:00:00+00,10/29/2004 9:00,Mid-Block (but intersection related),14,"MOTOR VEHICLE STRUCK MOTOR VEHICLE, REAR END",Y,0,Overcast,Dry,Daylight,,4303033,,14,From same direction - both going straight - one stopped - rear-end,0,0,N
1288181.805,192950.6399,4499,18672,18672,1773021,Matched,Block,,RAINIER AVE S BETWEEN ITHACA PL S AND S CARVER ST,,,2,Injury Collision,Other,3,0,0,2,1,0,0,2004/07/11 00:00:00+00,7/11/2004 15:20,Driveway Junction,11,"MOTOR VEHICLE STRUCK MOTOR VEHICLE, FRONT END AT ANGLE",,0,Clear,Dry,Daylight,,4193018,,22,One car leaving driveway access,0,0,N
1280560.053,223797.7846,4500,18266,18266,1788497,Matched,Block,,E ALDER ST BETWEEN 31ST AVE AND 32ND S AVE,,,1,Property Damage Only Collision,Other,2,0,0,2,0,0,0,2004/04/16 00:00:00+00,4/16/2004 21:38,Mid-Block (but intersection related),28,MOTOR VEHICLE RAN OFF ROAD - HIT FIXED OBJECT,,0,Clear,Dry,Dark - Street Lights On,,4107001,Y,50,Fixed object,0,0,N
1280348.893,220444.1957,4501,19028,19028,1771619,Matched,Block,,31ST AVE S BETWEEN S LANE ST AND S NORMAN ST,,,2,Injury Collision,Pedestrian,4,1,0,3,2,0,0,2004/07/15 00:00:00+00,7/15/2004 11:45,Mid-Block (not related to intersection),24,MOTOR VEHCILE STRUCK PEDESTRIAN,,0,Clear,Dry,Daylight,,4197004,,0,Vehicle going straight hits pedestrian,0,0,N
1273715.999,230840.882,4502,18460,18460,1798548,Matched,Block,,E REPUBLICAN ST BETWEEN BROADWAY E AND 10TH AVE E,,,1,Property Damage Only Collision,Parked Car,2,0,0,2,0,0,0,2004/09/13 00:00:00+00,9/13/2004 17:00,Mid-Block (not related to intersection),16,"MOTOR VEHICLE STRUCK MOTOR VEHICLE, LEFT SIDE SIDESWIPE",,0,Clear,Dry,Daylight,,4257026,,32,One parked--one moving,0,0,N
1271042.422,240642.2857,4503,18171,18171,1775823,Matched,Block,,N PACIFIC ST BETWEEN N 35TH ST AND N 36TH ST,,,2,Injury Collision,Rear Ended,2,0,0,2,1,0,0,2004/04/14 00:00:00+00,4/14/2004 17:28,Mid-Block (but intersection related),14,"MOTOR VEHICLE STRUCK MOTOR VEHICLE, REAR END",Y,0,Clear,Dry,Daylight,,4105013,,14,From same direction - both going straight - one stopped - rear-end,0,0,N
1269831.486,228074.1611,4504,18847,18847,1777290,Matched,Block,,8TH AVE BETWEEN STEWART ST AND VIRGINIA ST,,,1,Property Damage Only Collision,Rear Ended,2,0,0,2,0,0,0,2004/03/15 00:00:00+00,3/15/2004 7:21,Mid-Block (but intersection related),14,"MOTOR VEHICLE STRUCK MOTOR VEHICLE, REAR END",Y,0,Clear,Dry,Daylight,,4075005,,13,From same direction - both going straight - both moving - rear-end,0,0,N
1276028.822,250008.9286,4505,18198,18198,4208038,Unmatched,Block,,NE 65TH ST BETWEEN 14TH AVE NE AND 15TH AVE NE,,,0,Unknown,,0,0,0,0,0,0,0,2004/07/26 00:00:00+00,7/26/2004,Mid-Block (but intersection related),11,"MOTOR VEHICLE STRUCK MOTOR VEHICLE, FRONT END AT ANGLE",,,,,,,4208038,,,,0,0,N
1271465.066,210549.8252,4506,18283,18283,1223672,Matched,Block,,S INDUSTRIAL WB WAY BETWEEN 4TH AVE S AND 6TH AVE S,,,1,Property Damage Only Collision,Other,2,0,0,2,0,0,0,2004/11/22 00:00:00+00,11/22/2004 14:51,Driveway Junction,11,"MOTOR VEHICLE STRUCK MOTOR VEHICLE, FRONT END AT ANGLE",,0,Overcast,Dry,Daylight,,4327009,,21,One car entering driveway access,0,0,N
1274833.286,249736.7198,4507,18572,18572,4255040,Unmatched,Intersection,25698,ROOSEVELT WAY NE AND NE 64TH ST,,,0,Unknown,,0,0,0,0,0,0,0,2004/09/11 00:00:00+00,9/11/2004,At Intersection (intersection related),11,"MOTOR VEHICLE STRUCK MOTOR VEHICLE, FRONT END AT ANGLE",,,,,,,4255040,,,,0,0,N
1273835.238,230629.4829,4508,18780,18780,4085054,Unmatched,Block,,10TH AVE E BETWEEN E HARRISON ST AND E REPUBLICAN ST,,,0,Unknown,,0,0,0,0,0,0,0,2004/03/25 00:00:00+00,3/25/2004,Mid-Block (but intersection related),14,"MOTOR VEHICLE STRUCK MOTOR VEHICLE, REAR END",,,,,,,4085054,,,,0,0,N
1265542.19,245234.5274,4509,17927,17927,1080140,Matched,Block,,N 46TH ST BETWEEN GREENWOOD S AVE N AND PHINNEY AVE N,,,1,Property Damage Only Collision,Other,2,0,0,2,0,0,0,2004/10/05 00:00:00+00,10/5/2004,Driveway Junction,11,"MOTOR VEHICLE STRUCK MOTOR VEHICLE, FRONT END AT ANGLE",,0,Overcast,Dry,Daylight,,4279049,,22,One car leaving driveway access,0,0,N
,,4510,18396,18396,1774310,Matched,Alley,,,,,1,Property Damage Only Collision,Other,1,0,0,1,0,0,0,2004/07/14 00:00:00+00,7/14/2004 2:17,,0,NOT ENOUGH INFORMATION / NOT APPLICABLE,,0,Clear,Dry,Dark - Street Lights On,,4196002,Y,50,Fixed object,0,0,N
1275119.17,230233.2799,4511,18650,18650,1198728,Unmatched,Block,,14TH AVE E BETWEEN E THOMAS W ST AND E HARRISON ST,,,0,Unknown,,0,0,0,0,0,0,0,2004/12/19 00:00:00+00,12/19/2004,Mid-Block (not related to intersection),14,"MOTOR VEHICLE STRUCK MOTOR VEHICLE, REAR END",,,,,,,4354039,,,,0,0,N
1265540.345,207455.739,4512,19295,19295,1789296,Matched,Block,,WEST MARGINAL WAY SW BETWEEN SW EDMUNDS ST AND PUGET WAY SW,,,1,Property Damage Only Collision,Other,1,0,0,1,0,0,0,2004/03/26 00:00:00+00,3/26/2004 10:27,Mid-Block (not related to intersection),29,MOTOR VEHICLE OVERTURNED IN ROAD,,0,Raining,Wet,Daylight,,4086009,,52,Vehicle overturned,0,0,N
1262175.665,236405.8551,4513,18448,18448,1212961,Matched,Intersection,27936,8TH AVE W AND W CROCKETT ST,,,1,Property Damage Only Collision,Angles,2,0,0,2,0,0,0,2004/02/13 00:00:00+00,2/13/2004 7:52,At Intersection (intersection related),11,"MOTOR VEHICLE STRUCK MOTOR VEHICLE, FRONT END AT ANGLE",,0,Clear,Dry,Daylight,,4044003,,10,Entering at angle,0,0,N
1274819.509,214427.9045,4514,18090,18090,1779489,Matched,Block,,14TH AVE S BETWEEN S MCCLELLAN ST AND S FOREST ST,,,1,Property Damage Only Collision,Sideswipe,3,0,0,2,0,0,0,2004/04/05 00:00:00+00,4/5/2004,Mid-Block (not related to intersection),16,"MOTOR VEHICLE STRUCK MOTOR VEHICLE, LEFT SIDE SIDESWIPE",Y,0,Clear,Dry,Daylight,,4096020,,12,From same direction - both going straight - one stopped - sideswipe,0,0,N
,,4515,18819,18819,4032028,Unmatched,,,,NEI,"Not Enough Information, or Insufficient Location Information",0,Unknown,,0,0,0,0,0,0,0,2004/02/01 00:00:00+00,2/1/2004,Mid-Block (not related to intersection),0,NOT ENOUGH INFORMATION / NOT APPLICABLE,,,,,,,4032028,,,,0,0,N
1282917.43,200741.8761,4516,18539,18539,1227620,Matched,Block,,42ND AVE S BETWEEN S BRIGHTON ST AND S WILLOW ST,,,1,Property Damage Only Collision,Parked Car,3,0,0,3,0,0,0,2004/07/23 00:00:00+00,7/23/2004 13:20,Mid-Block (not related to intersection),16,"MOTOR VEHICLE STRUCK MOTOR VEHICLE, LEFT SIDE SIDESWIPE",Y,1,Clear,Dry,Daylight,,4205013,,32,One parked--one moving,0,0,N
1280551.313,191773.9179,4517,17936,17936,1779626,Matched,Block,,AIRPORT WAY S BETWEEN CITY LIMITS C AND S NORFOLK ST,,,2,Injury Collision,Rear Ended,2,0,0,2,1,0,0,2004/01/15 00:00:00+00,1/15/2004 16:25,Mid-Block (but intersection related),14,"MOTOR VEHICLE STRUCK MOTOR VEHICLE, REAR END",,0,Raining,Wet,Dusk,,4015031,,14,From same direction - both going straight - one stopped - rear-end,0,0,N
1285213.786,192288.081,4518,18565,18565,1779270,Matched,Intersection,35300,50TH AVE S AND RENTON AVE S,,,1,Property Damage Only Collision,Other,3,0,0,2,0,0,0,2004/07/04 00:00:00+00,7/4/2004,At Intersection (intersection related),11,"MOTOR VEHICLE STRUCK MOTOR VEHICLE, FRONT END AT ANGLE",,0,Clear,Dry,Dusk,,4186022,,22,One car leaving driveway access,0,0,N
1259539.978,209927.1569,4519,18613,18613,1781474,Matched,Intersection,31898,FAUNTLEROY WAY SW AND WEST SEATTLE BR EB,,,1,Property Damage Only Collision,Left Turn,4,0,0,2,0,0,0,2004/03/12 00:00:00+00,3/12/2004 9:04,At Intersection (intersection related),11,"MOTOR VEHICLE STRUCK MOTOR VEHICLE, FRONT END AT ANGLE",,0,Overcast,Dry,Daylight,,4072030,,28,From opposite direction - one left turn - one straight,0,0,N
1256210.393,248890.532,4520,18335,18335,1794345,Matched,Intersection,25213,28TH AVE NW AND NW 59TH ST,,,2b,Serious Injury Collision,Cycles,2,0,1,1,1,1,0,2004/09/09 00:00:00+00,9/9/2004,At Intersection (intersection related),51,PEDALCYCLIST STRUCK MOTOR VEHICLE FRONT END AT ANGLE,,0,Clear,Dry,Daylight,,4253021,,45,Vehicle - Pedalcyclist,0,0,N
1281895.085,207163.46,4521,19003,19003,1793270,Matched,Intersection,33568,RAINIER AVE S AND S EDMUNDS ST,,,1,Property Damage Only Collision,Left Turn,2,0,0,2,0,0,0,2004/10/05 00:00:00+00,10/5/2004,At Intersection (intersection related),11,"MOTOR VEHICLE STRUCK MOTOR VEHICLE, FRONT END AT ANGLE",,0,Clear,Dry,Daylight,,4279006,,15,From same direction - one left turn - one straight,0,0,N
1270625.754,221838.9028,4522,18023,18023,1321502,Unmatched,Block,,S KING ST BETWEEN OCCIDENTAL E AVE S AND 2ND AVE S,,,0,Unknown,,0,0,0,0,0,0,0,2004/10/24 00:00:00+00,10/24/2004,Mid-Block (not related to intersection),14,"MOTOR VEHICLE STRUCK MOTOR VEHICLE, REAR END",,,,,,,4298003,,,,0,0,N
1270306.74,231478.6133,4523,18228,18228,1798906,Matched,Intersection,28760,FAIRVIEW AVE N AND MERCER ST,,,1,Property Damage Only Collision,Pedestrian,2,1,0,1,0,0,0,2004/08/22 00:00:00+00,8/22/2004 7:30,At Intersection (intersection related),24,MOTOR VEHCILE STRUCK PEDESTRIAN,,0,Raining,Wet,Unknown,,4235011,,0,Vehicle going straight hits pedestrian,0,0,N
1273284.667,262033.6431,4524,17973,17973,1794779,Matched,Block,,NE NORTHGATE WAY BETWEEN 3RD AVE NE AND 5TH AVE NE,,,1,Property Damage Only Collision,Rear Ended,2,0,0,2,0,0,0,2004/11/29 00:00:00+00,11/29/2004 21:19,Mid-Block (not related to intersection),14,"MOTOR VEHICLE STRUCK MOTOR VEHICLE, REAR END",,0,Raining,Wet,Dark - Street Lights On,,4334011,,13,From same direction - both going straight - both moving - rear-end,0,0,N
1273436.61,227141.3717,4525,18939,18939,4056040,Unmatched,Block,,E UNION ST BETWEEN SENECA ST AND BROADWAY,,,0,Unknown,,0,0,0,0,0,0,0,2004/02/25 00:00:00+00,2/25/2004,Mid-Block (not related to intersection),14,"MOTOR VEHICLE STRUCK MOTOR VEHICLE, REAR END",,,,,,,4056040,,,,0,0,N