X,Y,OBJECTID,INCKEY,COLDETKEY,REPORTNO,STATUS,ADDRTYPE,INTKEY,LOCATION,EXCEPTRSNCODE,EXCEPTRSNDESC,SEVERITYCODE,SEVERITYDESC,COLLISIONTYPE,PERSONCOUNT,PEDCOUNT,PEDCYLCOUNT,VEHCOUNT,INJURIES,SERIOUSINJURIES,FATALITIES,INCDATE,INCDTTM,JUNCTIONTYPE,SDOT_COLCODE,SDOT_COLDESC,INATTENTIONIND,UNDERINFL,WEATHER,ROADCOND,LIGHTCOND,PEDROWNOTGRNT,SDOTCOLNUM,SPEEDING,ST_COLCODE,ST_COLDESC,SEGLANEKEY,CROSSWALKKEY,HITPARKEDCAR
1264489.505,229448.5907,4526,18815,18815,882648,Matched,Block,,WESTERN AVE W BETWEEN W DENNY WAY AND 1ST AVE W,,,1,Property Damage Only Collision,Parked Car,0,0,0,2,0,0,0,2004/01/12 00:00:00+00,1/12/2004 20:00,Mid-Block (not related to intersection),13,"MOTOR VEHICLE STRUCK MOTOR VEHICLE, LEFT SIDE AT ANGLE",,0,Other,Unknown,Unknown,,4012007,,32,One parked--one moving,0,0,N
1267287.648,238079.9549,4527,18675,18675,1783557,Unmatched,Block,,AURORA AVE N BETWEEN HALLADAY ST AND RAYE ST,,,0,Unknown,,0,0,0,0,0,0,0,2004/09/12 00:00:00+00,9/12/2004,Mid-Block (not related to intersection),14,"MOTOR VEHICLE STRUCK MOTOR VEHICLE, REAR END",,,,,,,4256027,,,,0,0,N
1272999.538,224912.32,4528,18412,18412,1790077,Matched,Block,,BOREN AVE BETWEEN JAMES ST AND CHERRY ST,,,2,Injury Collision,Rear Ended,3,0,0,3,1,0,0,2004/03/02 00:00:00+00,3/2/2004,Mid-Block (but intersection related),14,"MOTOR VEHICLE STRUCK MOTOR VEHICLE, REAR END",Y,0,Clear,Dry,Daylight,,4062016,,14,From same direction - both going straight - one stopped - rear-end,0,0,N
1278010.534,204919.8237,4529,19030,19030,1779088,Matched,Intersection,33257,25TH AVE S AND S LUCILE ST,,,1,Property Damage Only Collision,Other,1,0,0,1,0,0,0,2004/09/08 00:00:00+00,9/8/2004,At Intersection (intersection related),28,MOTOR VEHICLE RAN OFF ROAD - HIT FIXED OBJECT,,0,Raining,Wet,Daylight,,4252007,Y,50,Fixed object,0,0,N
1271786.877,226328.9147,4530,18758,18758,1217170,Unmatched,Block,,TERRY AVE BETWEEN SENECA ST AND UNIVERSITY ST,,,0,Unknown,,0,0,0,0,0,0,0,2004/12/17 00:00:00+00,12/17/2004,Mid-Block (not related to intersection),14,"MOTOR VEHICLE STRUCK MOTOR VEHICLE, REAR END",,,,,,,4352046,,,,0,0,N
1270337.78,232003.7511,4531,18324,18324,1213377,Matched,Block,,FAIRVIEW AVE N BETWEEN VALLEY UPPER ST AND FAIRVIEW PL N,,,2,Injury Collision,Sideswipe,2,0,0,2,2,0,0,2004/01/26 00:00:00+00,1/26/2004 12:05,Mid-Block (but intersection related),11,"MOTOR VEHICLE STRUCK MOTOR VEHICLE, FRONT END AT ANGLE",,0,Overcast,Dry,Daylight,,4026013,,11,From same direction - both going straight - both moving - sideswipe,0,0,N
1269043.199,267619.569,4532,18552,18552,1780642,Matched,Block,,STONE AVE N BETWEEN N 130TH ST AND N 131ST ST,,,2,Injury Collision,Rear Ended,3,0,0,2,1,0,0,2004/01/16 00:00:00+00,1/16/2004 12:21,Mid-Block (but intersection related),14,"MOTOR VEHICLE STRUCK MOTOR VEHICLE, REAR END",,0,Overcast,Dry,Daylight,,4016021,,14,From same direction - both going straight - one stopped - rear-end,0,0,N
1259272.287,249621.8773,4533,18435,18435,1774643,Matched,Block,,NW 62ND ST BETWEEN 17TH AVE NW AND 20TH AVE NW,,,1,Property Damage Only Collision,Parked Car,3,0,0,3,0,0,0,2004/05/17 00:00:00+00,5/17/2004 1:00,Mid-Block (not related to intersection),16,"MOTOR VEHICLE STRUCK MOTOR VEHICLE, LEFT SIDE SIDESWIPE",,0,Clear,Dry,Dark - Street Lights On,,4138037,Y,32,One parked--one moving,0,0,N
1266703.617,231292.018,4534,18221,18221,1776427,Matched,Block,,4TH AVE N BETWEEN REPUBLICAN ST AND MERCER ST,,,1,Property Damage Only Collision,Other,3,0,0,2,0,0,0,2004/02/12 00:00:00+00,2/12/2004 23:03,Mid-Block (but intersection related),11,"MOTOR VEHICLE STRUCK MOTOR VEHICLE, FRONT END AT ANGLE",,1,Clear,Dry,Dark - Street Lights On,,4043026,,23,From same direction - all others,0,0,N
1258636.871,251300.9022,4535,17966,17966,1205254,Matched,Block,,21ST AVE NW BETWEEN NW 67TH ST AND NW SLOOP PL,,,1,Property Damage Only Collision,Parked Car,2,0,0,2,0,0,0,2004/06/27 00:00:00+00,6/27/2004 19:03,Mid-Block (not related to intersection),13,"MOTOR VEHICLE STRUCK MOTOR VEHICLE, LEFT SIDE AT ANGLE",,0,Unknown,Unknown,Unknown,,4179012,,32,One parked--one moving,0,0,N
1270912.831,203009.7955,4536,18488,18488,1944567,Unmatched,Block,,4TH AVE S BETWEEN S FRONT ST AND S MICHIGAN ST,,,0,Unknown,,0,0,0,0,0,0,0,2004/09/02 00:00:00+00,9/2/2004,Mid-Block (not related to intersection),16,"MOTOR VEHICLE STRUCK MOTOR VEHICLE, LEFT SIDE SIDESWIPE",,,,,,,4246001,,,,0,0,N
1277495.156,204475.6687,4537,18669,18669,1772890,Matched,Block,,S ORCAS ST BETWEEN 23RD AVE S AND BEACON WR AVE S,,,1,Property Damage Only Collision,Other,1,0,0,1,0,0,0,2004/05/28 00:00:00+00,5/28/2004 17:40,Mid-Block (not related to intersection),0,NOT ENOUGH INFORMATION / NOT APPLICABLE,,0,Clear,Dry,Daylight,,4149035,,50,Fixed object,0,0,N
1261557.259,210826.6349,4538,18403,18403,1790777,Matched,Intersection,32134,28TH AVE SW AND SW YANCY ST,,,2b,Serious Injury Collision,Cycles,2,0,1,1,2,1,0,2004/08/31 00:00:00+00,8/31/2004 13:51,At Intersection (intersection related),51,PEDALCYCLIST STRUCK MOTOR VEHICLE FRONT END AT ANGLE,,0,Clear,Dry,Daylight,,4244003,,45,Vehicle - Pedalcyclist,0,0,N
1271067.324,246179.0784,4539,18883,18883,1328923,Matched,Block,,N 50TH ST BETWEEN MERIDIAN AVE N AND KEYSTONE WR PL N,,,1,Property Damage Only Collision,Rear Ended,2,0,0,2,0,0,0,2004/07/09 00:00:00+00,7/9/2004,Mid-Block (but intersection related),14,"MOTOR VEHICLE STRUCK MOTOR VEHICLE, REAR END",,0,Clear,Dry,Daylight,,4191025,,13,From same direction - both going straight - both moving - rear-end,0,0,N
1268375.185,267293.2981,4540,18749,18749,1796652,Matched,Block,,AURORA AVE N BETWEEN N 128TH ST AND N 130TH ST,,,2,Injury Collision,Rear Ended,5,0,0,3,2,0,0,2004/12/19 00:00:00+00,12/19/2004 15:20,Mid-Block (not related to intersection),14,"MOTOR VEHICLE STRUCK MOTOR VEHICLE, REAR END",Y,1,Raining,Wet,Daylight,,4354006,,14,From same direction - both going straight - one stopped - rear-end,0,0,N
,,4541,18033,18033,4171033,Unmatched,,,,NEI,"Not Enough Information, or Insufficient Location Information",0,Unknown,,0,0,0,0,0,0,0,2004/06/19 00:00:00+00,6/19/2004,,0,NOT ENOUGH INFORMATION / NOT APPLICABLE,,,,,,,4171033,,,,0,0,N
1276299.876,265588.7411,4542,18843,18843,1220542,Unmatched,Block,,15TH AVE NE BETWEEN NE 123RD ST AND NE 125TH ST,,,0,Unknown,,0,0,0,0,0,0,0,2004/11/18 00:00:00+00,11/18/2004,Driveway Junction,11,"MOTOR VEHICLE STRUCK MOTOR VEHICLE, FRONT END AT ANGLE",,,,,,,4323032,,,,0,0,N
1261301.803,255711.2235,4543,17997,17997,1079620,Matched,Intersection,37268,13TH AVE NW AND NW 85TH ST,,,1,Property Damage Only Collision,Angles,4,0,0,2,0,0,0,2004/09/29 00:00:00+00,9/29/2004 17:10,At Intersection (intersection related),11,"MOTOR VEHICLE STRUCK MOTOR VEHICLE, FRONT END AT ANGLE",,0,Clear,Dry,Daylight,,4273005,,10,Entering at angle,0,0,N
1269088.29,242455.113,4544,18869,18869,1790137,Matched,Block,,ASHWORTH AVE N BETWEEN N 39TH N ST AND N DOROTHY PL,,,1,Property Damage Only Collision,Parked Car,2,0,0,2,0,0,0,2004/06/19 00:00:00+00,6/19/2004 12:05,Mid-Block (not related to intersection),15,"MOTOR VEHICLE STRUCK MOTOR VEHICLE, RIGHT SIDE SIDESWIPE",,0,Clear,Dry,Daylight,,4171020,,32,One parked--one moving,0,0,N
1285496.145,195563.1703,4545,18776,18776,1771557,Matched,Block,,RAINIER AVE S BETWEEN S THISTLE ST AND S CLOVERDALE ST,,,1,Property Damage Only Collision,Rear Ended,2,0,0,2,0,0,0,2004/04/20 00:00:00+00,4/20/2004 8:27,Mid-Block (not related to intersection),14,"MOTOR VEHICLE STRUCK MOTOR VEHICLE, REAR END",,0,Clear,Dry,Daylight,,4111029,,14,From same direction - both going straight - one stopped - rear-end,0,0,N
1285935.559,186635.0944,4546,18193,18193,1772962,Unmatched,Intersection,38332,53RD AVE S AND S LEO ST,,,0,Unknown,,0,0,0,0,0,0,0,2004/12/10 00:00:00+00,12/10/2004,At Intersection (intersection related),11,"MOTOR VEHICLE STRUCK MOTOR VEHICLE, FRONT END AT ANGLE",,,,,,,4345032,,,,0,0,N
1280309.77,207051.2358,4547,17980,17980,1771828,Matched,Block,,M L KING JR WR WAY S BETWEEN S EDMUNDS ST AND S FERDINAND ST,,,2,Injury Collision,Rear Ended,2,0,0,2,1,0,0,2004/05/01 00:00:00+00,5/1/2004,Mid-Block (but intersection related),14,"MOTOR VEHICLE STRUCK MOTOR VEHICLE, REAR END",,0,Clear,Dry,Dark - Street Lights On,,4122030,,13,From same direction - both going straight - both moving - rear-end,0,0,N
1279509.897,249937.871,4548,18645,18645,1931102,Unmatched,Intersection,24697,27TH AVE NE AND NE 65TH ST,,,0,Unknown,,0,0,0,0,0,0,0,2004/12/15 00:00:00+00,12/15/2004,At Intersection (intersection related),11,"MOTOR VEHICLE STRUCK MOTOR VEHICLE, FRONT END AT ANGLE",,,,,,,4350006,,,,0,0,N
1275779.9,244716.6202,4549,19427,19427,4154047,Unmatched,Intersection,27062,UNIVERSITY WAY NE AND NE 45TH ST,,,0,Unknown,,0,0,0,0,0,0,0,2004/06/02 00:00:00+00,6/2/2004,At Intersection (intersection related),11,"MOTOR VEHICLE STRUCK MOTOR VEHICLE, FRONT END AT ANGLE",,,,,,,4154047,,,,0,0,N
1273574.993,229029.2311,4550,18518,18518,1217081,Matched,Block,,BROADWAY BETWEEN E HOWELL ST AND E DENNY WAY,,,2,Injury Collision,Rear Ended,2,0,0,2,1,0,0,2004/07/30 00:00:00+00,7/30/2004 12:07,Mid-Block (but intersection related),14,"MOTOR VEHICLE STRUCK MOTOR VEHICLE, REAR END",Y,1,Clear,Dry,Daylight,,4212009,,14,From same direction - both going straight - one stopped - rear-end,0,0,N
,,4551,18121,18121,1784820,Matched,Block,,AURORA AVE N BETWEEN BATTERY ST TUNNEL NB AND THOMAS ST,,,1,Property Damage Only Collision,Other,2,0,0,1,0,0,0,2004/10/10 00:00:00+00,10/10/2004 21:46,Mid-Block (not related to intersection),26,MOTOR VEHICLE STRUCK OBJECT IN ROAD,,0,Clear,Dry,Dark - Street Lights On,,4284004,,50,Fixed object,0,0,N
1280693.569,223913.6716,4552,18880,18880,1326988,Matched,Intersection,30092,32ND AVE AND E ALDER N ST,,,2,Injury Collision,Cycles,2,0,1,1,1,0,0,2004/05/14 00:00:00+00,5/14/2004 19:43,At Intersection (intersection related),18,"MOTOR VEHICLE STRUCK PEDALCYCLIST, FRONT END AT ANGLE",,0,Clear,Dry,Daylight,,4135042,,45,Vehicle - Pedalcyclist,0,0,N
1273801.699,250079.7005,4553,18755,18755,1080082,Matched,Block,,NE 65TH ST BETWEEN NE RAVENNA WB BV AND OSWEGO PL NE,,,2,Injury Collision,Rear Ended,2,0,0,2,1,0,0,2004/07/13 00:00:00+00,7/13/2004 15:49,Mid-Block (not related to intersection),14,"MOTOR VEHICLE STRUCK MOTOR VEHICLE, REAR END",,0,Clear,Dry,Daylight,,4195016,,14,From same direction - both going straight - one stopped - rear-end,0,0,N
1276002.806,247694.7168,4554,17903,17903,1780968,Matched,Block,,NE 56TH ST BETWEEN UNIVERSITY WAY NE AND 15TH AVE NE,,,1,Property Damage Only Collision,Parked Car,2,0,0,2,0,0,0,2004/01/13 00:00:00+00,1/13/2004 9:30,Mid-Block (not related to intersection),11,"MOTOR VEHICLE STRUCK MOTOR VEHICLE, FRONT END AT ANGLE",,0,Unknown,Unknown,Unknown,,4013025,,32,One parked--one moving,0,0,N
1271306.397,262090.9491,4555,18986,18986,1774062,Matched,Block,,N NORTHGATE WAY BETWEEN MERIDIAN AVE N AND CORLISS AVE N,,,1,Property Damage Only Collision,Other,2,0,0,2,0,0,0,2004/06/10 00:00:00+00,6/10/2004 9:10,Driveway Junction,11,"MOTOR VEHICLE STRUCK MOTOR VEHICLE, FRONT END AT ANGLE",,0,Raining,Wet,Daylight,,4162004,,22,One car leaving driveway access,0,0,N
1261506.18,236089.4336,4556,18421,18421,1777332,Matched,Block,,10TH AVE W BETWEEN W HOWE ST AND W CROCKETT ST,,,1,Property Damage Only Collision,Parked Car,2,0,0,2,0,0,0,2004/02/17 00:00:00+00,2/17/2004 9:15,Mid-Block (not related to intersection),11,"MOTOR VEHICLE STRUCK MOTOR VEHICLE, FRONT END AT ANGLE",,0,Clear,Dry,Daylight,,4048023,,32,One parked--one moving,0,0,N
1269129.818,242697.6793,4557,18728,18728,1773595,Matched,Block,,ASHWORTH AVE N BETWEEN N DOROTHY PL AND N 40TH ST,,,1,Property Damage Only Collision,Parked Car,2,0,0,2,0,0,0,2004/08/07 00:00:00+00,8/7/2004,Mid-Block (not related to intersection),11,"MOTOR VEHICLE STRUCK MOTOR VEHICLE, FRONT END AT ANGLE",,0,Unknown,Unknown,Unknown,,4220001,,32,One parked--one moving,0,0,N
1256950.879,254397.1456,4558,18482,18482,C649747,Matched,Block,,NW 80TH ST BETWEEN 26TH AVE NW AND 27TH AVE NW,,,1,Property Damage Only Collision,Parked Car,2,0,0,2,0,0,0,2004/12/07 00:00:00+00,12/7/2004,Mid-Block (not related to intersection),11,"MOTOR VEHICLE STRUCK MOTOR VEHICLE, FRONT END AT ANGLE",,0,Raining,Wet,Dusk,,4342063,,20,One car leaving parked position,0,0,N
1275184.863,227087.6763,4559,18056,18056,1181095,Matched,Intersection,29763,14TH AVE AND E UNION ST,,,2,Injury Collision,Left Turn,5,0,0,2,2,0,0,2004/01/10 00:00:00+00,1/10/2004 11:48,At Intersection (intersection related),11,"MOTOR VEHICLE STRUCK MOTOR VEHICLE, FRONT END AT ANGLE",,0,Overcast,Wet,Daylight,,4010023,,28,From opposite direction - one left turn - one straight,0,0,N
1281190.277,232299.7095,4560,18402,18402,1790622,Matched,Block,,E MADISON ST BETWEEN 32ND AVE E AND 33RD AVE E,,,1,Property Damage Only Collision,Parked Car,3,0,0,3,0,0,0,2004/12/07 00:00:00+00,12/7/2004,Mid-Block (not related to intersection),16,"MOTOR VEHICLE STRUCK MOTOR VEHICLE, LEFT SIDE SIDESWIPE",,0,Raining,Wet,Dark - Street Lights On,,4342049,,32,One parked--one moving,0,0,N
1258664.445,215824.2446,4561,18508,18508,1790837,Unmatched,Intersection,31061,38TH AVE SW AND SW ADMIRAL WAY,,,0,Unknown,,0,0,0,0,0,0,0,2004/10/27 00:00:00+00,10/27/2004,At Intersection (intersection related),11,"MOTOR VEHICLE STRUCK MOTOR VEHICLE, FRONT END AT ANGLE",,,,,,,4301013,,,,0,0,N
1271692.215,223960.6673,4562,19579,19579,1213888,Matched,Intersection,29973,6TH AVE AND JAMES ST,,,2,Injury Collision,Angles,2,0,0,2,1,0,0,2004/08/18 00:00:00+00,8/18/2004 8:30,At Intersection (intersection related),11,"MOTOR VEHICLE STRUCK MOTOR VEHICLE, FRONT END AT ANGLE",,0,Clear,Dry,Daylight,,4231011,,10,Entering at angle,0,0,N
1262000.212,202781.9313,4563,18309,18309,1481997,Matched,Block,,26TH AVE SW BETWEEN SW GRAHAM ST AND DEAD END 1,,,2,Injury Collision,Other,3,0,0,2,1,0,0,2004/03/06 00:00:00+00,3/6/2004,Mid-Block (not related to intersection),11,"MOTOR VEHICLE STRUCK MOTOR VEHICLE, FRONT END AT ANGLE",Y,0,Clear,Dry,Daylight,,4066017,,23,From same direction - all others,0,0,N
1257060.416,208536.135,4564,17951,17951,1781252,Matched,Block,,SW ALASKA ST BETWEEN 42ND AVE SW AND CALIFORNIA AVE SW,,,1,Property Damage Only Collision,Parked Car,2,0,0,2,0,0,0,2004/03/01 00:00:00+00,3/1/2004,Mid-Block (not related to intersection),13,"MOTOR VEHICLE STRUCK MOTOR VEHICLE, LEFT SIDE AT ANGLE",Y,0,Unknown,Unknown,Unknown,,4061023,,32,One parked--one moving,0,0,N
1276199.294,244705.6791,4565,18962,18962,1211948,Matched,Block,,NE 45TH ST BETWEEN 15TH AVE NE AND 16TH AVE NE,,,1,Property Damage Only Collision,Sideswipe,2,0,0,2,0,0,0,2004/10/04 00:00:00+00,10/4/2004,Mid-Block (but intersection related),15,"MOTOR VEHICLE STRUCK MOTOR VEHICLE, RIGHT SIDE SIDESWIPE",,0,Clear,Dry,Dark - Street Lights On,,4278009,,12,From same direction - both going straight - one stopped - sideswipe,0,0,N
1266836.393,227313.3531,4566,18983,18983,1482707,Matched,Block,,WESTERN AVE BETWEEN BELL ST AND BATTERY ST,,,1,Property Damage Only Collision,Rear Ended,2,0,0,2,0,0,0,2004/05/10 00:00:00+00,5/10/2004 13:40,Mid-Block (not related to intersection),14,"MOTOR VEHICLE STRUCK MOTOR VEHICLE, REAR END",,0,Raining,Wet,Daylight,,4131048,,14,From same direction - both going straight - one stopped - rear-end,0,0,N
1270170.302,223100.4991,4567,18352,18352,1785208,Unmatched,Intersection,30357,1ST AVE AND YESLER WAY,,,0,Unknown,,0,0,0,0,0,0,0,2004/12/19 00:00:00+00,12/19/2004,At Intersection (intersection related),11,"MOTOR VEHICLE STRUCK MOTOR VEHICLE, FRONT END AT ANGLE",,,,,,,4354040,,,,0,0,N
1257086.093,215527.2629,4568,18863,18863,C649440,Matched,Block,,CALIFORNIA AVE SW BETWEEN SW ADMIRAL WAY AND SW LANDER ST,,,2,Injury Collision,Other,3,0,0,2,1,0,0,2004/10/21 00:00:00+00,10/21/2004 18:05,Driveway Junction,11,"MOTOR VEHICLE STRUCK MOTOR VEHICLE, FRONT END AT ANGLE",,0,Clear,Dry,Daylight,,4295027,,22,One car leaving driveway access,0,0,N
1271278.481,228715.3144,4569,18595,18595,1181749,Matched,Block,,HOWELL ST BETWEEN MINOR AVE AND YALE AVE,,,2b,Serious Injury Collision,Rear Ended,3,0,0,2,2,1,0,2004/07/25 00:00:00+00,7/25/2004 23:13,Mid-Block (but intersection related),14,"MOTOR VEHICLE STRUCK MOTOR VEHICLE, REAR END",,0,Clear,Dry,Dark - Street Lights On,,4207015,,14,From same direction - both going straight - one stopped - rear-end,0,0,N
1273221.25,222115.3782,4570,18769,18769,1069339,Matched,Block,,S JACKSON ST BETWEEN 8TH AVE S AND 9TH AVE S,,,1,Property Damage Only Collision,Rear Ended,2,0,0,2,0,0,0,2004/11/16 00:00:00+00,11/16/2004 16:09,Mid-Block (not related to intersection),14,"MOTOR VEHICLE STRUCK MOTOR VEHICLE, REAR END",Y,0,Clear,Wet,Dusk,,4321009,,14,From same direction - both going straight - one stopped - rear-end,0,0,N
1264248.207,229667.8695,4571,17919,17919,1777824,Matched,Block,,WESTERN AVE W BETWEEN 1ST AVE W AND 2ND AVE W,,,2,Injury Collision,Rear Ended,3,0,0,3,2,0,0,2004/04/20 00:00:00+00,4/20/2004 7:06,Mid-Block (not related to intersection),14,"MOTOR VEHICLE STRUCK MOTOR VEHICLE, REAR END",,0,Clear,Wet,Daylight,,4111009,,13,From same direction - both going straight - both moving - rear-end,0,0,N
1263900.013,264255.8543,4572,18998,18998,1780840,Matched,Block,,NW 117TH ST BETWEEN 4TH AVE NW AND 6TH AVE NW,,,1,Property Damage Only Collision,Parked Car,2,0,0,2,0,0,0,2004/08/06 00:00:00+00,8/6/2004,Mid-Block (but intersection related),28,MOTOR VEHICLE RAN OFF ROAD - HIT FIXED OBJECT,,1,Overcast,Wet,Daylight,,4219007,,32,One parked--one moving,0,0,N
1275581.875,229332.3001,4573,18437,18437,1789748,Matched,Block,,15TH AVE E BETWEEN E DENNY WAY AND E JOHN SR ST,,,2,Injury Collision,Cycles,2,0,1,1,1,0,0,2004/09/28 00:00:00+00,9/28/2004 9:01,Mid-Block (not related to intersection),56,PEDALCYCLIST STRUCK MOTOR VEHICLE LEFT SIDE SIDESWIPE,,0,Overcast,Dry,Daylight,,4272032,,45,Vehicle - Pedalcyclist,0,0,N
1278393.103,215424.9174,4574,18073,18073,1771695,Matched,Block,,RAINIER AVE S BETWEEN 25TH AVE S AND S BAYVIEW ST,,,2,Injury Collision,Rear Ended,6,0,0,4,2,0,0,2004/03/29 00:00:00+00,3/29/2004 13:25,Driveway Junction,14,"MOTOR VEHICLE STRUCK MOTOR VEHICLE, REAR END",Y,0,Clear,Dry,Daylight,,4089024,,14,From same direction - both going straight - one stopped - rear-end,0,0,N
1275277.747,257997.4787,4575,18383,18383,1780489,Matched,Block,,NE 95TH ST BETWEEN ROOSEVELT WAY NE AND 12TH AVE NE,,,1,Property Damage Only Collision,Parked Car,3,0,0,3,0,0,0,2004/05/29 00:00:00+00,5/29/2004 23:10,Mid-Block (not related to intersection),11,"MOTOR VEHICLE STRUCK MOTOR VEHICLE, FRONT END AT ANGLE",,0,Overcast,Dry,Dark - Street Lights On,,4150009,Y,32,One parked--one moving,0,0,N
1274302.086,266704.2695,4576,18644,18644,1930857,Unmatched,Intersection,35891,ROOSEVELT WAY NE AND NE 127TH ST,,,0,Unknown,,0,0,0,0,0,0,0,2004/12/03 00:00:00+00,12/3/2004,At Intersection (intersection related),11,"MOTOR VEHICLE STRUCK MOTOR VEHICLE, FRONT END AT ANGLE",,,,,,,4338023,,,,0,0,N
1275309.238,215445.0768,4577,18509,18509,1792990,Matched,Block,,S BAYVIEW ST BETWEEN 15TH AVE S AND 16TH AVE S,,,1,Property Damage Only Collision,Head On,3,0,0,2,0,0,0,2004/09/03 00:00:00+00,9/3/2004,Mid-Block (not related to intersection),11,"MOTOR VEHICLE STRUCK MOTOR VEHICLE, FRONT END AT ANGLE",,0,Clear,Dry,Daylight,,4247022,,30,From opposite direction - all others,0,0,N
1257060.416,208536.135,4578,18528,18528,1790382,Matched,Block,,SW ALASKA ST BETWEEN 42ND AVE SW AND CALIFORNIA AVE SW,,,1,Property Damage Only Collision,Sideswipe,2,0,0,2,0,0,0,2004/09/09 00:00:00+00,9/9/2004,Mid-Block (not related to intersection),11,"MOTOR VEHICLE STRUCK MOTOR VEHICLE, FRONT END AT ANGLE",,0,Clear,Dry,Daylight,,4253028,,12,From same direction - both going straight - one stopped - sideswipe,0,0,N
1281567.304,220484.7656,4579,18267,18267,1788512,Matched,Block,,LAKESIDE AVE S BETWEEN S DEARBORN ST AND S CHARLES ST,,,1,Property Damage Only Collision,Parked Car,2,0,0,2,0,0,0,2004/01/23 00:00:00+00,1/23/2004 7:00,Driveway Junction,13,"MOTOR VEHICLE STRUCK MOTOR VEHICLE, LEFT SIDE AT ANGLE",,0,Raining,Wet,Dawn,,4023007,,32,One parked--one moving,0,0,N
1271306.397,262090.9491,4580,18583,18583,1080334,Matched,Block,,N NORTHGATE WAY BETWEEN MERIDIAN AVE N AND CORLISS AVE N,,,1,Property Damage Only Collision,Other,4,0,0,3,0,0,0,2004/06/20 00:00:00+00,6/20/2004 19:38,Driveway Junction,11,"MOTOR VEHICLE STRUCK MOTOR VEHICLE, FRONT END AT ANGLE",,0,Clear,Dry,Daylight,,4172011,,21,One car entering driveway access,0,0,N
1269832.374,195770.6577,4581,18760,18760,1197982,Matched,Block,,S CLOVERDALE ST BETWEEN 1ST AVE S AND CLOVERDALE ST OFF RP,,,1,Property Damage Only Collision,Other,2,0,0,2,0,0,0,2004/12/28 00:00:00+00,12/28/2004 8:31,Mid-Block (not related to intersection),11,"MOTOR VEHICLE STRUCK MOTOR VEHICLE, FRONT END AT ANGLE",,0,Fog/Smog/Smoke,Dry,Daylight,,4363020,,23,From same direction - all others,0,0,N
1268922.815,229900.2245,4582,18330,18330,1773905,Unmatched,Block,,9TH AVE N BETWEEN JOHN ST AND THOMAS ST,,,0,Unknown,,0,0,0,0,0,0,0,2004/01/07 00:00:00+00,1/7/2004,Mid-Block (not related to intersection),11,"MOTOR VEHICLE STRUCK MOTOR VEHICLE, FRONT END AT ANGLE",,,,,,,4007024,,,,0,0,N
1270016.518,215490.2052,4583,18693,18693,1181474,Matched,Block,,1ST AVE S BETWEEN S STACY ST AND S LANDER ST,,,2,Injury Collision,Rear Ended,2,0,0,2,1,0,0,2004/10/22 00:00:00+00,10/22/2004 16:52,Mid-Block (but intersection related),14,"MOTOR VEHICLE STRUCK MOTOR VEHICLE, REAR END",Y,0,Clear,Dry,Daylight,,4296012,,14,From same direction - both going straight - one stopped - rear-end,0,0,N
1260723.47,237914.2788,4584,18431,18431,1214051,Matched,Block,,13TH AVE W BETWEEN W WHEELER ST AND W RAYE ST,,,1,Property Damage Only Collision,Parked Car,2,0,0,2,0,0,0,2004/05/08 00:00:00+00,5/8/2004,Mid-Block (not related to intersection),14,"MOTOR VEHICLE STRUCK MOTOR VEHICLE, REAR END",,0,Overcast,Wet,Daylight,,4129035,,32,One parked--one moving,0,0,N
,,4585,19015,19015,531038,Matched,Alley,,,,,1,Property Damage Only Collision,Other,0,0,0,1,0,0,0,2004/09/21 00:00:00+00,9/21/2004 16:52,Mid-Block (not related to intersection),0,NOT ENOUGH INFORMATION / NOT APPLICABLE,Y,0,Clear,Dry,Daylight,,4265002,,50,Fixed object,0,0,N
1273735.313,221952.7189,4586,18930,18930,1074762,Matched,Block,,10TH AVE S BETWEEN S JACKSON ST AND S KING ST,,,1,Property Damage Only Collision,Other,2,0,0,2,0,0,0,2004/01/16 00:00:00+00,1/16/2004 14:29,Mid-Block (but intersection related),14,"MOTOR VEHICLE STRUCK MOTOR VEHICLE, REAR END",,0,Clear,Dry,Daylight,,4016022,,23,From same direction - all others,0,0,N
1276130.886,265924.6319,4587,18260,18260,1775685,Unmatched,Block,,NE 125TH ST BETWEEN 14TH AVE NE AND 15TH AVE NE,,,0,Unknown,,0,0,0,0,0,0,0,2004/10/26 00:00:00+00,10/26/2004,Driveway Junction,11,"MOTOR VEHICLE STRUCK MOTOR VEHICLE, FRONT END AT ANGLE",,,,,,,4300030,,,,0,0,N
1284225.994,198191.369,4588,18580,18580,1784859,Matched,Block,,46TH AVE S BETWEEN S AUSTIN ST AND S HOLDEN N ST,,,1,Property Damage Only Collision,Other,1,0,0,1,0,0,0,2004/11/08 00:00:00+00,11/8/2004,Mid-Block (not related to intersection),28,MOTOR VEHICLE RAN OFF ROAD - HIT FIXED OBJECT,,0,Clear,Dry,Dark - No Street Lights,,4313005,,50,Fixed object,0,0,N
1263885.501,238685.7576,4589,18896,18896,1777508,Matched,Intersection,27778,3RD AVE W AND W NEWELL ST,,,1,Property Damage Only Collision,Angles,2,0,0,2,0,0,0,2004/02/25 00:00:00+00,2/25/2004 17:05,At Intersection (intersection related),11,"MOTOR VEHICLE STRUCK MOTOR VEHICLE, FRONT END AT ANGLE",,0,Clear,Dry,Dusk,,4056002,,10,Entering at angle,0,0,N
1263915.303,247329.1439,4590,17901,17901,1780889,Matched,Block,,NW MARKET ST BETWEEN 3RD AVE NW AND NW 55TH ST,,,1,Property Damage Only Collision,Other,1,0,0,1,0,0,0,2004/08/05 00:00:00+00,8/5/2004,Mid-Block (but intersection related),26,MOTOR VEHICLE STRUCK OBJECT IN ROAD,,0,Clear,Dry,Daylight,,4218002,Y,50,Fixed object,0,0,N