X,Y,OBJECTID,INCKEY,COLDETKEY,REPORTNO,STATUS,ADDRTYPE,INTKEY,LOCATION,EXCEPTRSNCODE,EXCEPTRSNDESC,SEVERITYCODE,SEVERITYDESC,COLLISIONTYPE,PERSONCOUNT,PEDCOUNT,PEDCYLCOUNT,VEHCOUNT,INJURIES,SERIOUSINJURIES,FATALITIES,INCDATE,INCDTTM,JUNCTIONTYPE,SDOT_COLCODE,SDOT_COLDESC,INATTENTIONIND,UNDERINFL,WEATHER,ROADCOND,LIGHTCOND,PEDROWNOTGRNT,SDOTCOLNUM,SPEEDING,ST_COLCODE,ST_COLDESC,SEGLANEKEY,CROSSWALKKEY,HITPARKEDCAR
1269729.323,231889.0343,4591,18686,18686,4173030,Unmatched,Block,,VALLEY ST BETWEEN TERRY AVE N AND LAKE UNION PARK ACCESS RD,,,0,Unknown,,0,0,0,0,0,0,0,2004/06/21 00:00:00+00,6/21/2004,Mid-Block (not related to intersection),14,"MOTOR VEHICLE STRUCK MOTOR VEHICLE, REAR END",,,,,,,4173030,,,,0,0,N
1265975.947,228969.5269,4592,18428,18428,1213852,Matched,Intersection,29666,2ND AVE AND BROAD ST,,,2,Injury Collision,Left Turn,2,0,0,2,1,0,0,2004/06/07 00:00:00+00,6/7/2004,At Intersection (intersection related),11,"MOTOR VEHICLE STRUCK MOTOR VEHICLE, FRONT END AT ANGLE",,0,Raining,Wet,Daylight,,4159033,,28,From opposite direction - one left turn - one straight,0,0,N
1274615.235,261995.6508,4593,18859,18859,1773616,Matched,Block,,NE NORTHGATE WAY BETWEEN 8TH AVE NE AND ROOSEVELT WAY NE,,,1,Property Damage Only Collision,Rear Ended,2,0,0,2,0,0,0,2004/06/03 00:00:00+00,6/3/2004,Mid-Block (but intersection related),14,"MOTOR VEHICLE STRUCK MOTOR VEHICLE, REAR END",,0,Clear,Dry,Daylight,,4155018,,14,From same direction - both going straight - one stopped - rear-end,0,0,N
1283139.332,227977.008,4594,18623,18623,1772250,Matched,Block,,40TH AVE BETWEEN E PINE ST AND E OLIVE ST,,,1,Property Damage Only Collision,Other,2,0,0,1,0,0,0,2004/05/04 00:00:00+00,5/4/2004,Mid-Block (not related to intersection),28,MOTOR VEHICLE RAN OFF ROAD - HIT FIXED OBJECT,,1,Clear,Dry,Dark - Street Lights On,,4125032,,50,Fixed object,0,0,N
1272637.494,219661.9117,4595,18342,18342,1072230,Matched,Intersection,30555,AIRPORT WAY S AND S ROYAL BROUGHAM WAY,,,2,Injury Collision,Angles,2,0,0,2,2,0,0,2004/05/14 00:00:00+00,5/14/2004 16:15,At Intersection (intersection related),11,"MOTOR VEHICLE STRUCK MOTOR VEHICLE, FRONT END AT ANGLE",,0,Clear,Dry,Daylight,,4135013,,10,Entering at angle,0,0,N
1272357.785,205146.287,4596,18250,18250,1789023,Matched,Intersection,33105,7TH AVE S AND S FINDLAY ST,,,1,Property Damage Only Collision,Right Turn,2,0,0,2,0,0,0,2004/01/27 00:00:00+00,1/27/2004 18:30,At Intersection (intersection related),11,"MOTOR VEHICLE STRUCK MOTOR VEHICLE, FRONT END AT ANGLE",,1,Clear,Dry,Dark - Street Lights On,,4027022,,16,From same direction - one right turn - one straight,0,0,N
1268412.082,270314.1294,4597,18506,18506,1973334,Matched,Intersection,35722,AURORA AVE N AND N 141ST ST,,,1,Property Damage Only Collision,Left Turn,3,0,0,3,0,0,0,2004/09/07 00:00:00+00,9/7/2004,At Intersection (intersection related),11,"MOTOR VEHICLE STRUCK MOTOR VEHICLE, FRONT END AT ANGLE",Y,0,Clear,Dry,Daylight,,4251014,,28,From opposite direction - one left turn - one straight,0,0,N
1274351.773,243123.7211,4598,18710,18710,1776109,Matched,Block,,9TH AVE NE BETWEEN NE 40TH ALLEY ST AND NE 42ND ST,,,1,Property Damage Only Collision,Parked Car,2,0,0,2,0,0,0,2004/02/20 00:00:00+00,2/20/2004 18:18,Driveway Junction,12,"MOTOR VEHICLE STRUCK MOTOR VEHICLE, RIGHT SIDE AT ANGLE",,0,Clear,Dry,Daylight,,4051022,,32,One parked--one moving,0,0,N
1266836.393,227313.3531,4599,18028,18028,1778149,Matched,Block,,WESTERN AVE BETWEEN BELL ST AND BATTERY ST,,,2,Injury Collision,Rear Ended,4,0,0,2,3,0,0,2004/09/02 00:00:00+00,9/2/2004,Mid-Block (not related to intersection),14,"MOTOR VEHICLE STRUCK MOTOR VEHICLE, REAR END",Y,0,Clear,Dry,Daylight,,4246033,,14,From same direction - both going straight - one stopped - rear-end,0,0,N
1268373.661,226787.9029,4600,18226,18226,1777069,Matched,Intersection,29562,2ND AVE AND VIRGINIA ST,,,1,Property Damage Only Collision,Angles,2,0,0,2,0,0,0,2004/06/17 00:00:00+00,6/17/2004 15:30,At Intersection (intersection related),11,"MOTOR VEHICLE STRUCK MOTOR VEHICLE, FRONT END AT ANGLE",,0,Clear,Dry,Daylight,,4169006,,10,Entering at angle,0,0,N
1257176.07,247784.8753,4601,18244,18244,4039026,Unmatched,Block,,NW MARKET ST BETWEEN 24TH AVE NW AND 26TH AVE NW,,,0,Unknown,,0,0,0,0,0,0,0,2004/02/08 00:00:00+00,2/8/2004,Mid-Block (but intersection related),14,"MOTOR VEHICLE STRUCK MOTOR VEHICLE, REAR END",,,,,,,4039026,,,,0,0,N
1274777.869,212126.8506,4602,18658,18658,1771834,Matched,Block,,S COLUMBIAN WAY BETWEEN 14TH AVE S AND S SPOKANE ST,,,2,Injury Collision,Rear Ended,2,0,0,2,2,0,0,2004/06/24 00:00:00+00,6/24/2004 22:11,Mid-Block (but intersection related),16,"MOTOR VEHICLE STRUCK MOTOR VEHICLE, LEFT SIDE SIDESWIPE",,0,Clear,Dry,Dark - Street Lights On,,4176021,,73,Same direction -- both turning right -- both moving -- rear end,0,0,N
1281164.405,260172.9971,4603,18673,18673,1782049,Matched,Block,,NE 104TH ST BETWEEN 32ND AVE NE AND 35TH AVE NE,,,1,Property Damage Only Collision,Parked Car,2,0,0,2,0,0,0,2004/08/07 00:00:00+00,8/7/2004,Mid-Block (but intersection related),28,MOTOR VEHICLE RAN OFF ROAD - HIT FIXED OBJECT,,0,Raining,Wet,Dark - Street Lights On,,4220034,,32,One parked--one moving,0,0,N
1280606.341,206274.4865,4604,18202,18202,1793230,Matched,Block,,M L KING JR WR WAY S BETWEEN S HUDSON ST AND S DAWSON ST,,,1,Property Damage Only Collision,Other,1,0,0,1,0,0,0,2004/10/27 00:00:00+00,10/27/2004 1:07,Mid-Block (not related to intersection),14,"MOTOR VEHICLE STRUCK MOTOR VEHICLE, REAR END",Y,0,Clear,Dry,Dark - Street Lights On,,4301004,,66,Vehicle Hits Other Road or Construction Machinery,0,0,N
1290877.875,189696.0561,4605,18272,18272,1783876,Matched,Block,,RAINIER AVE S BETWEEN 68TH AVE S AND CORNELL AVE S,,,1,Property Damage Only Collision,Other,6,0,0,1,0,0,0,2004/10/23 00:00:00+00,10/23/2004 17:01,Mid-Block (not related to intersection),26,MOTOR VEHICLE STRUCK OBJECT IN ROAD,,1,Clear,Dry,Daylight,,4297044,,50,Fixed object,0,0,N
1256485.671,202585.1607,4606,18747,18747,1795326,Unmatched,Block,,FAUNTLEROY WAY SW BETWEEN CALIFORNIA AVE SW AND 44TH AVE SW,,,0,Unknown,,0,0,0,0,0,0,0,2004/11/03 00:00:00+00,11/3/2004,Driveway Junction,11,"MOTOR VEHICLE STRUCK MOTOR VEHICLE, FRONT END AT ANGLE",,,,,,,4308041,,,,0,0,N
1285474.795,199305.1338,4607,18773,18773,1771396,Matched,Block,,RAINIER AVE S BETWEEN S GARDEN ST AND S OTHELLO ST,,,1,Property Damage Only Collision,Rear Ended,2,0,0,2,0,0,0,2004/06/11 00:00:00+00,6/11/2004 16:10,Mid-Block (not related to intersection),14,"MOTOR VEHICLE STRUCK MOTOR VEHICLE, REAR END",,0,Clear,Dry,Daylight,,4163045,,14,From same direction - both going straight - one stopped - rear-end,0,0,N
1278009.938,220704.8933,4608,18332,18332,1789996,Matched,Intersection,30786,23RD AVE S AND S DEARBORN ST,,,2,Injury Collision,Left Turn,3,0,0,2,1,0,0,2004/04/24 00:00:00+00,4/24/2004 14:03,At Intersection (intersection related),11,"MOTOR VEHICLE STRUCK MOTOR VEHICLE, FRONT END AT ANGLE",,0,Clear,Dry,Daylight,,4115007,,28,From opposite direction - one left turn - one straight,0,0,N
,,4609,18705,18705,1205316,Matched,Alley,,,,,1,Property Damage Only Collision,Other,1,0,0,1,0,0,0,2004/04/30 00:00:00+00,4/30/2004 12:14,,0,NOT ENOUGH INFORMATION / NOT APPLICABLE,Y,0,Clear,Dry,Daylight,,4121030,,50,Fixed object,0,0,N
1275424.798,227589.7059,4610,18439,18439,1789813,Matched,Block,,E MADISON ST BETWEEN E PIKE ST AND 15TH AVE,,,2,Injury Collision,Rear Ended,4,0,0,3,3,0,0,2004/01/08 00:00:00+00,1/8/2004,Mid-Block (but intersection related),14,"MOTOR VEHICLE STRUCK MOTOR VEHICLE, REAR END",Y,1,Raining,Wet,Dark - Street Lights On,,4008018,,14,From same direction - both going straight - one stopped - rear-end,0,0,N
1261937.067,251010.8131,4611,18214,18214,4149059,Unmatched,Intersection,24201,10TH AVE NW AND NW 67TH ST,,,0,Unknown,,0,0,0,0,0,0,0,2004/05/28 00:00:00+00,5/28/2004,At Intersection (intersection related),11,"MOTOR VEHICLE STRUCK MOTOR VEHICLE, FRONT END AT ANGLE",,,,,,,4149059,,,,0,0,N
1258889.446,209292.7157,4612,17963,17963,1798355,Matched,Intersection,31925,37TH AVE SW AND FAUNTLEROY WAY SW,,,1,Property Damage Only Collision,Left Turn,2,0,0,2,0,0,0,2004/05/25 00:00:00+00,5/25/2004 16:25,At Intersection (intersection related),11,"MOTOR VEHICLE STRUCK MOTOR VEHICLE, FRONT END AT ANGLE",,0,Raining,Wet,Dawn,,4146039,,28,From opposite direction - one left turn - one straight,0,0,N
1265639.072,258586.5809,4613,18787,18787,1773881,Matched,Block,,GREENWOOD AVE N BETWEEN N 95TH ST AND N 97TH ST,,,1,Property Damage Only Collision,Other,5,0,0,3,0,0,0,2004/01/09 00:00:00+00,1/9/2004,Driveway Junction,14,"MOTOR VEHICLE STRUCK MOTOR VEHICLE, REAR END",Y,0,Raining,Wet,Dark - Street Lights On,,4009031,,21,One car entering driveway access,0,0,N
1274832.468,215767.6768,4614,18668,18668,1772788,Matched,Intersection,31286,14TH AVE S AND BEACON AVE S,,,1,Property Damage Only Collision,Angles,3,0,0,2,0,0,0,2004/07/07 00:00:00+00,7/7/2004,At Intersection (intersection related),11,"MOTOR VEHICLE STRUCK MOTOR VEHICLE, FRONT END AT ANGLE",,0,Clear,Dry,Daylight,,4189008,,10,Entering at angle,0,0,N
1272697.334,244804.3833,4615,18162,18162,1930983,Unmatched,Block,,NE 45TH ST BETWEEN THACKERAY PL NE AND LATONA AVE NE,,,0,Unknown,,0,0,0,0,0,0,0,2004/12/10 00:00:00+00,12/10/2004,Mid-Block (not related to intersection),14,"MOTOR VEHICLE STRUCK MOTOR VEHICLE, REAR END",,,,,,,4345046,,,,0,0,N
1272055.98,255395.2189,4616,18230,18230,527095,Unmatched,Block,,BANNER WAY NE BETWEEN NE 85TH ST OFF RP AND CORLISS WAY N,,,0,Unknown,,0,0,0,0,0,0,0,2004/08/16 00:00:00+00,8/16/2004,Mid-Block (not related to intersection),29,MOTOR VEHICLE OVERTURNED IN ROAD,,,,,,,4229020,,,,0,0,N
1264116.738,230873.0976,4617,18387,18387,1794845,Unmatched,Block,,2ND AVE W BETWEEN W HARRISON ST AND W REPUBLICAN ST,,,0,Unknown,,0,0,0,0,0,0,0,2004/12/13 00:00:00+00,12/13/2004,Mid-Block (not related to intersection),13,"MOTOR VEHICLE STRUCK MOTOR VEHICLE, LEFT SIDE AT ANGLE",,,,,,,4348021,,,,0,0,N
1279698.991,230502.2261,4618,18812,18812,4247041,Unmatched,Intersection,29259,M L KING JR WAY E AND E HARRISON ST,,,0,Unknown,,0,0,0,0,0,0,0,2004/09/03 00:00:00+00,9/3/2004,At Intersection (intersection related),11,"MOTOR VEHICLE STRUCK MOTOR VEHICLE, FRONT END AT ANGLE",,,,,,,4247041,,,,0,0,N
1265375.477,245701.0232,4619,18832,18832,1781937,Matched,Block,,GREENWOOD AVE N BETWEEN N 47TH N ST AND N 48TH ST,,,1,Property Damage Only Collision,Parked Car,3,0,0,2,0,0,0,2004/06/19 00:00:00+00,6/19/2004 11:00,Mid-Block (not related to intersection),11,"MOTOR VEHICLE STRUCK MOTOR VEHICLE, FRONT END AT ANGLE",,0,Clear,Dry,Daylight,,4171013,,32,One parked--one moving,0,0,N
1271306.397,262090.9491,4620,17939,17939,1794180,Matched,Block,,N NORTHGATE WAY BETWEEN MERIDIAN AVE N AND CORLISS AVE N,,,2,Injury Collision,Other,2,0,0,2,1,0,0,2004/10/06 00:00:00+00,10/6/2004,Driveway Junction,11,"MOTOR VEHICLE STRUCK MOTOR VEHICLE, FRONT END AT ANGLE",,0,Overcast,Dry,Daylight,,4280017,,21,One car entering driveway access,0,0,N
1274062.195,237484.2715,4621,19010,19010,1795863,Matched,Block,,E MILLER ST BETWEEN 10TH AVE E AND FEDERAL AVE E,,,1,Property Damage Only Collision,Parked Car,2,0,0,2,0,0,0,2004/10/19 00:00:00+00,10/19/2004 12:00,Mid-Block (not related to intersection),11,"MOTOR VEHICLE STRUCK MOTOR VEHICLE, FRONT END AT ANGLE",,0,Unknown,Unknown,Unknown,,4293042,,32,One parked--one moving,0,0,N
1260525.774,215001.6667,4622,19037,19037,1785847,Matched,Block,,HARBOR AVE SW BETWEEN SW FLORIDA ST AND SW HARBOR LN,,,1,Property Damage Only Collision,Other,1,0,0,1,0,0,0,2004/06/30 00:00:00+00,6/30/2004 10:20,Mid-Block (not related to intersection),28,MOTOR VEHICLE RAN OFF ROAD - HIT FIXED OBJECT,Y,0,Clear,Dry,Daylight,,4182020,,50,Fixed object,0,0,N
1264394.466,192771.0116,4623,18479,18479,1317220,Matched,Block,,16TH AVE SW BETWEEN SW CAMBRIDGE ST AND SW ROXBURY ST,,,2,Injury Collision,Other,3,0,0,2,1,0,0,2004/03/18 00:00:00+00,3/18/2004 19:05,Driveway Junction,14,"MOTOR VEHICLE STRUCK MOTOR VEHICLE, REAR END",Y,0,Clear,Wet,Dark - Street Lights On,,4078034,,21,One car entering driveway access,0,0,N
1263477.298,235721.6626,4624,18336,18336,1069526,Matched,Intersection,27839,4TH AVE W AND W HOWE ST,,,1,Property Damage Only Collision,Other,2,0,0,2,0,0,0,2004/11/01 00:00:00+00,11/1/2004,At Intersection (intersection related),26,MOTOR VEHICLE STRUCK OBJECT IN ROAD,,0,Raining,Wet,Daylight,,4306002,,65,Vehicle Struck by City Road or Construction Machinery,0,0,N
1274331.183,221940.253,4625,18554,18554,1074770,Matched,Block,,12TH AVE S BETWEEN S JACKSON ST AND S KING ST,,,2,Injury Collision,Head On,3,0,0,2,1,0,0,2004/03/28 00:00:00+00,3/28/2004 18:50,Mid-Block (but intersection related),11,"MOTOR VEHICLE STRUCK MOTOR VEHICLE, FRONT END AT ANGLE",,1,Clear,Dry,Dark - Street Lights On,,4088017,,25,From opposite direction - one stopped - head-on,0,0,N
1270522.223,226252.9795,4626,18298,18298,4059024,Unmatched,Block,,UNION ST BETWEEN 6TH AVE AND 7TH AVE,,,0,Unknown,,0,0,0,0,0,0,0,2004/02/28 00:00:00+00,2/28/2004,Mid-Block (not related to intersection),11,"MOTOR VEHICLE STRUCK MOTOR VEHICLE, FRONT END AT ANGLE",,,,,,,4059024,,,,0,0,N
1277853.374,202769.8541,4627,18212,18212,1787890,Unmatched,Block,,S GRAHAM ST BETWEEN 24TH AVE S AND BEACON WR AVE S,,,0,Unknown,,0,0,0,0,0,0,0,2004/12/15 00:00:00+00,12/15/2004,Mid-Block (but intersection related),14,"MOTOR VEHICLE STRUCK MOTOR VEHICLE, REAR END",,,,,,,4350019,,,,0,0,N
1257766.935,220754.464,4628,18098,18098,1798153,Matched,Block,,HARBOR AVE SW BETWEEN ALKI AVE SW AND SW CALIFORNIA PL,,,1,Property Damage Only Collision,Parked Car,2,0,0,2,0,0,0,2004/06/05 00:00:00+00,6/5/2004,Mid-Block (not related to intersection),13,"MOTOR VEHICLE STRUCK MOTOR VEHICLE, LEFT SIDE AT ANGLE",,0,Overcast,Wet,Dark - Street Lights On,,4157029,,32,One parked--one moving,0,0,N
1272864.57,202991.0729,4629,18497,18497,1798239,Matched,Block,,CORSON AVE S BETWEEN S MICHIGAN ST AND S EDDY ST,,,1,Property Damage Only Collision,Parked Car,2,0,0,2,0,0,0,2004/10/16 00:00:00+00,10/16/2004 23:30,Mid-Block (not related to intersection),14,"MOTOR VEHICLE STRUCK MOTOR VEHICLE, REAR END",,0,Other,Unknown,Unknown,,4290011,,32,One parked--one moving,0,0,N
1253929.064,207297.2398,4630,18828,18828,1798387,Matched,Block,,SW HUDSON ST BETWEEN AUTUMN LN SW AND SW JACOBSEN RD,,,1,Property Damage Only Collision,Other,1,0,0,1,0,0,0,2004/09/08 00:00:00+00,9/8/2004,Mid-Block (but intersection related),28,MOTOR VEHICLE RAN OFF ROAD - HIT FIXED OBJECT,,0,Raining,Wet,Daylight,,4252008,,51,Other object,0,0,N
1264011.092,237039.7714,4631,18116,18116,1213558,Matched,Block,,W MCGRAW ST BETWEEN W MCGRAW E PL AND W MCGRAW W PL,,,1,Property Damage Only Collision,Parked Car,3,0,0,2,0,0,0,2004/04/09 00:00:00+00,4/9/2004,Mid-Block (but intersection related),11,"MOTOR VEHICLE STRUCK MOTOR VEHICLE, FRONT END AT ANGLE",,0,Clear,Dry,Daylight,,4100005,,19,One car entering parked position,0,0,N
1267958.189,258531.1608,4632,18889,18889,1794801,Matched,Block,,N 96TH ST BETWEEN LINDEN AVE N AND AURORA N AVE N,,,1,Property Damage Only Collision,Parked Car,2,0,0,2,0,0,0,2004/09/19 00:00:00+00,9/19/2004 16:12,Mid-Block (not related to intersection),13,"MOTOR VEHICLE STRUCK MOTOR VEHICLE, LEFT SIDE AT ANGLE",Y,0,Clear,Wet,Dark - Street Lights On,,4263027,,32,One parked--one moving,0,0,N
1251414.304,214050.2962,4633,18757,18757,4214018,Unmatched,Intersection,30988,60TH AVE SW AND SW ADMIRAL WAY,,,0,Unknown,,0,0,0,0,0,0,0,2004/08/01 00:00:00+00,8/1/2004,At Intersection (intersection related),11,"MOTOR VEHICLE STRUCK MOTOR VEHICLE, FRONT END AT ANGLE",,,,,,,4214018,,,,0,0,N
1268569.591,207352.2591,4634,18041,18041,1775247,Matched,Block,,EAST MARGINAL WAY S BETWEEN XW ALASKA AND S HUDSON ST,,,1,Property Damage Only Collision,Angles,3,0,0,2,0,0,0,2004/05/03 00:00:00+00,5/3/2004,Driveway Junction,11,"MOTOR VEHICLE STRUCK MOTOR VEHICLE, FRONT END AT ANGLE",,0,Clear,Dry,Daylight,,4124028,,10,Entering at angle,0,0,N
1267917.909,192335.891,4635,18550,18550,1690471,Matched,Block,,SW ROXBURY ST BETWEEN OLSON PL SW AND 5TH AVE SW,,,1,Property Damage Only Collision,Sideswipe,2,0,0,2,0,0,0,2004/03/07 00:00:00+00,3/7/2004,Mid-Block (not related to intersection),16,"MOTOR VEHICLE STRUCK MOTOR VEHICLE, LEFT SIDE SIDESWIPE",,0,Raining,Wet,Dark - Street Lights On,,4067030,,11,From same direction - both going straight - both moving - sideswipe,0,0,N
1276423.158,247686.8159,4636,18064,18064,1778750,Matched,Intersection,26011,16TH AVE NE AND NE 56TH ST,,,2,Injury Collision,Angles,2,0,0,2,1,0,0,2004/05/29 00:00:00+00,5/29/2004 10:16,At Intersection (intersection related),11,"MOTOR VEHICLE STRUCK MOTOR VEHICLE, FRONT END AT ANGLE",,0,Clear,Dry,Daylight,,4150019,,10,Entering at angle,0,0,N
1260589.239,245888.1554,4637,18015,18015,1931276,Matched,Block,,NW LEARY WAY BETWEEN 14TH AVE NW AND 15TH NB AVE NW,,,1,Property Damage Only Collision,Parked Car,2,0,0,2,0,0,0,2004/11/11 00:00:00+00,11/11/2004 15:00,Mid-Block (not related to intersection),16,"MOTOR VEHICLE STRUCK MOTOR VEHICLE, LEFT SIDE SIDESWIPE",,0,Clear,Dry,Daylight,,4316039,,32,One parked--one moving,0,0,N
1269958.371,203008.9932,4638,18872,18872,1790488,Matched,Block,,EAST MARGINAL WAY S BETWEEN 1ST AV S BR NB AND S FRONT ST,,,1,Property Damage Only Collision,Other,1,0,0,1,0,0,0,2004/09/11 00:00:00+00,9/11/2004 4:28,Mid-Block (not related to intersection),28,MOTOR VEHICLE RAN OFF ROAD - HIT FIXED OBJECT,,0,Overcast,Wet,Dark - Street Lights On,,4255032,,50,Fixed object,0,0,N
1275485.085,244457.2806,4639,18790,18790,1776686,Matched,Block,,BROOKLYN AVE NE BETWEEN NE 43RD ST AND NE 45TH ST,,,1,Property Damage Only Collision,Rear Ended,5,0,0,2,0,0,0,2004/11/30 00:00:00+00,11/30/2004 22:43,Mid-Block (but intersection related),14,"MOTOR VEHICLE STRUCK MOTOR VEHICLE, REAR END",,1,Clear,Dry,Dark - Street Lights On,,4335001,,14,From same direction - both going straight - one stopped - rear-end,0,0,N
,,4640,18110,18110,1069977,Matched,Block,,ALASKAN WAY S BETWEEN S ROYAL BROUGHAM WAY AND S ATLANTIC ST,,,1,Property Damage Only Collision,Rear Ended,3,0,0,2,0,0,0,2004/09/25 00:00:00+00,9/25/2004 17:05,Mid-Block (not related to intersection),14,"MOTOR VEHICLE STRUCK MOTOR VEHICLE, REAR END",Y,0,Clear,Dry,Daylight,,4269025,,13,From same direction - both going straight - both moving - rear-end,0,0,N
1279821.326,266469.7439,4641,18730,18730,1773687,Matched,Block,,NE 127TH ST BETWEEN 27TH AVE NE AND 28TH AVE NE,,,1,Property Damage Only Collision,Other,1,0,0,1,0,0,0,2004/05/24 00:00:00+00,5/24/2004 0:01,Mid-Block (but intersection related),28,MOTOR VEHICLE RAN OFF ROAD - HIT FIXED OBJECT,Y,0,Clear,Dry,Dark - Street Lights On,,4145034,,50,Fixed object,0,0,N
1269423.327,228874.9867,4642,18603,18603,4097044,Unmatched,Block,,9TH AVE BETWEEN LENORA ST AND BLANCHARD ST,,,0,Unknown,,0,0,0,0,0,0,0,2004/04/06 00:00:00+00,4/6/2004,Mid-Block (not related to intersection),11,"MOTOR VEHICLE STRUCK MOTOR VEHICLE, FRONT END AT ANGLE",,,,,,,4097044,,,,0,0,N
1264481.294,236144.9625,4643,19293,19293,1777050,Matched,Intersection,27833,1ST AVE W AND W CROCKETT ST,,,2,Injury Collision,Angles,2,0,0,2,1,0,0,2004/07/07 00:00:00+00,7/7/2004,At Intersection (intersection related),11,"MOTOR VEHICLE STRUCK MOTOR VEHICLE, FRONT END AT ANGLE",,0,Clear,Dry,Daylight,,4189020,,10,Entering at angle,0,0,N
1270976.687,262100.5007,4644,17908,17908,1930979,Unmatched,Intersection,36584,MERIDIAN AVE N AND N NORTHGATE WAY,,,0,Unknown,,0,0,0,0,0,0,0,2004/12/10 00:00:00+00,12/10/2004,At Intersection (intersection related),11,"MOTOR VEHICLE STRUCK MOTOR VEHICLE, FRONT END AT ANGLE",,,,,,,4345068,,,,0,0,N
1278577.087,217316.7525,4645,18537,18537,1474214,Matched,Block,,S HOLGATE ST BETWEEN 25TH AVE S AND 26TH AVE S,,,1,Property Damage Only Collision,Parked Car,2,0,0,2,0,0,0,2004/03/10 00:00:00+00,3/10/2004 9:10,Driveway Junction,13,"MOTOR VEHICLE STRUCK MOTOR VEHICLE, LEFT SIDE AT ANGLE",Y,0,Clear,Dry,Daylight,,4070010,,32,One parked--one moving,0,0,N
1285518.057,198991.8929,4646,18424,18424,1771907,Matched,Block,,RAINIER AVE S BETWEEN S OTHELLO ST AND S FONTANELLE ST,,,2,Injury Collision,Rear Ended,3,0,0,2,1,0,0,2004/06/27 00:00:00+00,6/27/2004 12:22,Mid-Block (not related to intersection),14,"MOTOR VEHICLE STRUCK MOTOR VEHICLE, REAR END",,0,Clear,Dry,Daylight,,4179024,,13,From same direction - both going straight - both moving - rear-end,0,0,N
1265060.706,229997.6011,4647,18861,18861,1790088,Matched,Block,,1ST AVE N BETWEEN JOHN ST AND THOMAS ST,,,2,Injury Collision,Other,3,0,0,2,2,0,0,2004/04/03 00:00:00+00,4/3/2004,Mid-Block (but intersection related),11,"MOTOR VEHICLE STRUCK MOTOR VEHICLE, FRONT END AT ANGLE",,0,Unknown,Dry,Unknown,,4094030,,23,From same direction - all others,0,0,N
1257236.714,209184.0101,4648,18919,18919,1795377,Unmatched,Intersection,31905,42ND AVE SW AND SW OREGON ST,,,0,Unknown,,0,0,0,0,0,0,0,2004/12/08 00:00:00+00,12/8/2004,At Intersection (intersection related),11,"MOTOR VEHICLE STRUCK MOTOR VEHICLE, FRONT END AT ANGLE",,,,,,,4343045,,,,0,0,N
1285514.911,196619.6606,4649,18191,18191,1772938,Matched,Block,,RAINIER AVE S BETWEEN S ELMGROVE ST AND S ROSE N ST,,,2,Injury Collision,Sideswipe,6,0,0,2,3,0,0,2004/06/20 00:00:00+00,6/20/2004 17:10,Mid-Block (not related to intersection),16,"MOTOR VEHICLE STRUCK MOTOR VEHICLE, LEFT SIDE SIDESWIPE",,0,Clear,Dry,Daylight,,4172009,,11,From same direction - both going straight - both moving - sideswipe,0,0,N
1258972.298,246821.6228,4650,18389,18389,1220411,Matched,Block,,LEARY AVE NW BETWEEN NW IONE PL AND 20TH AVE NW,,,1,Property Damage Only Collision,Sideswipe,3,0,0,2,0,0,0,2004/09/07 00:00:00+00,9/7/2004,Mid-Block (not related to intersection),16,"MOTOR VEHICLE STRUCK MOTOR VEHICLE, LEFT SIDE SIDESWIPE",,0,Clear,Dry,Daylight,,4251015,,11,From same direction - both going straight - both moving - sideswipe,0,0,N
1272158.961,226015.7015,4651,18810,18810,4224061,Unmatched,Block,,SPRING ST BETWEEN TERRY AVE AND BOREN AVE,,,0,Unknown,,0,0,0,0,0,0,0,2004/08/11 00:00:00+00,8/11/2004,Mid-Block (not related to intersection),13,"MOTOR VEHICLE STRUCK MOTOR VEHICLE, LEFT SIDE AT ANGLE",,,,,,,4224061,,,,0,0,N
1285425.447,199662.4383,4652,19572,19572,1773127,Matched,Intersection,34451,RAINIER AVE S AND S ORCHARD ST,,,1,Property Damage Only Collision,Left Turn,2,0,0,2,0,0,0,2004/09/20 00:00:00+00,9/20/2004 17:07,At Intersection (intersection related),11,"MOTOR VEHICLE STRUCK MOTOR VEHICLE, FRONT END AT ANGLE",,0,Clear,Wet,Daylight,,4264006,,28,From opposite direction - one left turn - one straight,0,0,N
1275879.975,243634.3479,4653,18452,18452,1781779,Matched,Block,,NE 42ND ST BETWEEN UNIVERSITY WAY NE AND 15TH AVE NE,,,1,Property Damage Only Collision,Parked Car,2,0,0,2,0,0,0,2004/05/16 00:00:00+00,5/16/2004 10:45,Driveway Junction,13,"MOTOR VEHICLE STRUCK MOTOR VEHICLE, LEFT SIDE AT ANGLE",,0,Overcast,Dry,Daylight,,4137018,,32,One parked--one moving,0,0,N
1265355.715,239672.7185,4654,18086,18086,1068140,Unmatched,Block,,FLORENTIA ST BETWEEN 1ST AVE N AND WARREN AVE N,,,0,Unknown,,0,0,0,0,0,0,0,2004/12/10 00:00:00+00,12/10/2004,Mid-Block (not related to intersection),13,"MOTOR VEHICLE STRUCK MOTOR VEHICLE, LEFT SIDE AT ANGLE",,,,,,,4345021,,,,0,0,N
1281509.992,252882.4459,4655,18107,18107,1779688,Matched,Block,,35TH AVE NE BETWEEN NE 75TH ST AND NE 77TH ST,,,1,Property Damage Only Collision,Rear Ended,2,0,0,2,0,0,0,2004/08/06 00:00:00+00,8/6/2004,Mid-Block (not related to intersection),14,"MOTOR VEHICLE STRUCK MOTOR VEHICLE, REAR END",Y,0,Overcast,Wet,Daylight,,4219028,,14,From same direction - both going straight - one stopped - rear-end,0,0,N