X,Y,OBJECTID,INCKEY,COLDETKEY,REPORTNO,STATUS,ADDRTYPE,INTKEY,LOCATION,EXCEPTRSNCODE,EXCEPTRSNDESC,SEVERITYCODE,SEVERITYDESC,COLLISIONTYPE,PERSONCOUNT,PEDCOUNT,PEDCYLCOUNT,VEHCOUNT,INJURIES,SERIOUSINJURIES,FATALITIES,INCDATE,INCDTTM,JUNCTIONTYPE,SDOT_COLCODE,SDOT_COLDESC,INATTENTIONIND,UNDERINFL,WEATHER,ROADCOND,LIGHTCOND,PEDROWNOTGRNT,SDOTCOLNUM,SPEEDING,ST_COLCODE,ST_COLDESC,SEGLANEKEY,CROSSWALKKEY,HITPARKEDCAR
1267087.475,235406.4213,4656,18797,18797,4004017,Unmatched,Block,,5TH AVE N BETWEEN TAYLOR AVE N AND HOWE ST,,,0,Unknown,,0,0,0,0,0,0,0,2004/01/04 00:00:00+00,1/4/2004,Mid-Block (not related to intersection),14,"MOTOR VEHICLE STRUCK MOTOR VEHICLE, REAR END",,,,,,,4004017,,,,0,0,N
1282909.084,199261.5604,4657,18511,18511,1793177,Matched,Intersection,34465,42ND AVE S AND S OTHELLO ST,,,1,Property Damage Only Collision,Angles,7,0,0,2,0,0,0,2004/07/12 00:00:00+00,7/12/2004 17:52,At Intersection (intersection related),11,"MOTOR VEHICLE STRUCK MOTOR VEHICLE, FRONT END AT ANGLE",,0,Clear,Dry,Daylight,,4194016,,10,Entering at angle,0,0,N
1271833.904,228667.5061,4658,18680,18680,1772505,Matched,Intersection,29848,MELROSE AVE AND E OLIVE PL,,,2,Injury Collision,Angles,2,0,0,2,1,0,0,2004/05/21 00:00:00+00,5/21/2004 15:46,At Intersection (intersection related),11,"MOTOR VEHICLE STRUCK MOTOR VEHICLE, FRONT END AT ANGLE",,0,Overcast,Dry,Daylight,,4142017,,10,Entering at angle,0,0,N
1276249.362,256640.8829,4659,18356,18356,C649430,Matched,Intersection,37534,15TH AVE NE AND NE 90TH ST,,,2,Injury Collision,Angles,2,0,0,2,1,0,0,2004/10/21 00:00:00+00,10/21/2004 8:30,At Intersection (intersection related),11,"MOTOR VEHICLE STRUCK MOTOR VEHICLE, FRONT END AT ANGLE",,0,Overcast,Dry,Daylight,,4295018,,10,Entering at angle,0,0,N
1271344.915,225178.1291,4660,18420,18420,4043038,Unmatched,Intersection,29935,7TH AVE AND MADISON ST,,,0,Unknown,,0,0,0,0,0,0,0,2004/02/12 00:00:00+00,2/12/2004,At Intersection (intersection related),11,"MOTOR VEHICLE STRUCK MOTOR VEHICLE, FRONT END AT ANGLE",,,,,,,4043038,,,,0,0,N
1286167.538,209913.1518,4661,18885,18885,1334213,Matched,Block,,LAKE WASHINGTON BLVD S BETWEEN 51ST AVE S AND S ADAMS ST,,,2,Injury Collision,Other,2,0,0,2,1,0,0,2004/04/24 00:00:00+00,4/24/2004 16:10,Driveway Junction,11,"MOTOR VEHICLE STRUCK MOTOR VEHICLE, FRONT END AT ANGLE",,0,Clear,Dry,Daylight,,4115023,,22,One car leaving driveway access,0,0,N
1276371.663,228776.5838,4662,18762,18762,1198355,Unmatched,Block,,E HOWELL ST BETWEEN 17TH AVE AND 18TH AVE,,,0,Unknown,,0,0,0,0,0,0,0,2004/11/06 00:00:00+00,11/6/2004,Mid-Block (not related to intersection),16,"MOTOR VEHICLE STRUCK MOTOR VEHICLE, LEFT SIDE SIDESWIPE",,,,,,,4311038,,,,0,0,N
1275424.798,227589.7059,4663,17909,17909,1198193,Matched,Block,,E MADISON ST BETWEEN E PIKE ST AND 15TH AVE,,,1,Property Damage Only Collision,Sideswipe,2,0,0,2,0,0,0,2004/11/20 00:00:00+00,11/20/2004 19:30,Mid-Block (not related to intersection),16,"MOTOR VEHICLE STRUCK MOTOR VEHICLE, LEFT SIDE SIDESWIPE",,0,Clear,Dry,Dark - Street Lights On,,4325012,,11,From same direction - both going straight - both moving - sideswipe,0,0,N
1264784.056,245713.3641,4664,18995,18995,1780525,Unmatched,Block,,NW MARKET ST BETWEEN 1ST AVE NW AND NW 48TH ST,,,0,Unknown,,0,0,0,0,0,0,0,2004/09/29 00:00:00+00,9/29/2004,Mid-Block (not related to intersection),28,MOTOR VEHICLE RAN OFF ROAD - HIT FIXED OBJECT,,,,,,,4273021,,,,0,0,N
1278988.585,218037.977,4665,18302,18302,4082027,Unmatched,Intersection,31402,M L KING JR WAY S AND S MASSACHUSETTS ST,,,0,Unknown,,0,0,0,0,0,0,0,2004/03/22 00:00:00+00,3/22/2004,At Intersection (intersection related),11,"MOTOR VEHICLE STRUCK MOTOR VEHICLE, FRONT END AT ANGLE",,,,,,,4082027,,,,0,0,N
1282668.063,199600.0543,4666,17948,17948,1771483,Matched,Block,,M L KING JR WR WAY S BETWEEN S MYRTLE ST AND S OTHELLO ST,,,2,Injury Collision,Rear Ended,5,0,0,3,2,0,0,2004/03/24 00:00:00+00,3/24/2004 15:00,Mid-Block (not related to intersection),14,"MOTOR VEHICLE STRUCK MOTOR VEHICLE, REAR END",,0,Raining,Wet,Daylight,,4084023,Y,14,From same direction - both going straight - one stopped - rear-end,0,0,N
1264233.018,253104.1235,4667,17968,17968,1780216,Matched,Block,,3RD AVE NW BETWEEN NW 75TH ST AND NW 76TH ST,,,2,Injury Collision,Parked Car,4,0,0,2,3,0,0,2004/02/05 00:00:00+00,2/5/2004,Mid-Block (not related to intersection),14,"MOTOR VEHICLE STRUCK MOTOR VEHICLE, REAR END",Y,0,Overcast,Dry,Daylight,,4036009,,32,One parked--one moving,0,0,N
1278369.125,232593.6519,4668,18630,18630,1799176,Matched,Intersection,29216,24TH AVE E AND TURNER WAY E,,,1,Property Damage Only Collision,Other,1,0,0,1,0,0,0,2004/10/08 00:00:00+00,10/8/2004,At Intersection (intersection related),26,MOTOR VEHICLE STRUCK OBJECT IN ROAD,,0,Raining,Wet,Dark - Street Lights On,,4282014,,50,Fixed object,0,0,N
1265863.72,244296.6553,4669,18967,18967,1773503,Matched,Block,,FRANCIS AVE N BETWEEN N 43RD ST AND N 44TH ST,,,1,Property Damage Only Collision,Parked Car,2,0,0,2,0,0,0,2004/02/08 00:00:00+00,2/8/2004,Mid-Block (not related to intersection),16,"MOTOR VEHICLE STRUCK MOTOR VEHICLE, LEFT SIDE SIDESWIPE",Y,0,Unknown,Unknown,Dark - Street Lights On,,4039001,,32,One parked--one moving,0,0,N
1270479.872,225377.2761,4670,17987,17987,1783852,Matched,Intersection,29929,5TH AVE AND SENECA ST,,,1,Property Damage Only Collision,Pedestrian,2,1,0,1,0,0,0,2004/08/09 00:00:00+00,8/9/2004,At Intersection (intersection related),24,MOTOR VEHCILE STRUCK PEDESTRIAN,,0,Clear,Dry,Daylight,,4222024,,0,Vehicle going straight hits pedestrian,0,0,N
1270359.453,245269.0479,4671,18577,18577,1773929,Matched,Block,,BURKE AVE N BETWEEN N 46TH ST AND N 47TH ST,,,1,Property Damage Only Collision,Parked Car,2,0,0,2,0,0,0,2004/01/14 00:00:00+00,1/14/2004 17:00,Mid-Block (not related to intersection),16,"MOTOR VEHICLE STRUCK MOTOR VEHICLE, LEFT SIDE SIDESWIPE",,0,Clear,Wet,Dark - Street Lights On,,4014016,,32,One parked--one moving,0,0,N
1257703.259,203578.2756,4672,18462,18462,1774836,Matched,Block,,FAUNTLEROY WAY SW BETWEEN SW RAYMOND ST AND SW GRAHAM ST,,,1,Property Damage Only Collision,Parked Car,2,0,0,2,0,0,0,2004/01/02 00:00:00+00,1/2/2004,Mid-Block (not related to intersection),14,"MOTOR VEHICLE STRUCK MOTOR VEHICLE, REAR END",,0,Overcast,Ice,Dawn,,4002067,Y,32,One parked--one moving,0,0,N
1254410.749,255298.8597,4673,18318,18318,1220081,Unmatched,Block,,GOLDEN GARDENS DR NW BETWEEN NW 85TH ST AND SEAVIEW PL NW,,,0,Unknown,,0,0,0,0,0,0,0,2004/11/24 00:00:00+00,11/24/2004,Mid-Block (not related to intersection),28,MOTOR VEHICLE RAN OFF ROAD - HIT FIXED OBJECT,,,,,,,4329015,,,,0,0,N
1260105.646,237835.1948,4674,18848,18848,1777313,Matched,Block,,15TH AVE W BETWEEN W WHEELER ST AND GILMAN DR W,,,1,Property Damage Only Collision,Parked Car,2,0,0,2,0,0,0,2004/03/12 00:00:00+00,3/12/2004 13:00,Mid-Block (not related to intersection),13,"MOTOR VEHICLE STRUCK MOTOR VEHICLE, LEFT SIDE AT ANGLE",,0,Unknown,Unknown,Daylight,,4072033,,32,One parked--one moving,0,0,N
1267982.118,260578.655,4675,18065,18065,1778783,Unmatched,Block,,N 104TH ST BETWEEN LINDEN AVE N AND AURORA AVE N,,,0,Unknown,,0,0,0,0,0,0,0,2004/04/27 00:00:00+00,4/27/2004,Mid-Block (not related to intersection),14,"MOTOR VEHICLE STRUCK MOTOR VEHICLE, REAR END",,,,,,,4118002,,,,0,0,N
1285496.145,195563.1703,4676,18007,18007,1787944,Unmatched,Block,,RAINIER AVE S BETWEEN S THISTLE ST AND S CLOVERDALE ST,,,0,Unknown,,0,0,0,0,0,0,0,2004/01/09 00:00:00+00,1/9/2004,Mid-Block (but intersection related),14,"MOTOR VEHICLE STRUCK MOTOR VEHICLE, REAR END",,,,,,,4009010,,,,0,0,N
1275053.433,247394.1462,4677,18575,18575,1220477,Matched,Intersection,25763,11TH AVE NE AND NE 55TH ST,,,1,Property Damage Only Collision,Left Turn,2,0,0,2,0,0,0,2004/08/10 00:00:00+00,8/10/2004 16:38,At Intersection (intersection related),11,"MOTOR VEHICLE STRUCK MOTOR VEHICLE, FRONT END AT ANGLE",,0,Clear,Dry,Daylight,,4223027,,28,From opposite direction - one left turn - one straight,0,0,N
1270410.557,223202.7095,4678,18782,18782,1213012,Matched,Block,,JAMES ST BETWEEN YESLER WAY AND 2ND AVE,,,1,Property Damage Only Collision,Parked Car,2,0,0,2,0,0,0,2004/07/18 00:00:00+00,7/18/2004 11:30,Mid-Block (not related to intersection),16,"MOTOR VEHICLE STRUCK MOTOR VEHICLE, LEFT SIDE SIDESWIPE",,0,Clear,Dry,Dark - Street Lights On,,4200016,,32,One parked--one moving,0,0,N
1282778.375,245224.6246,4679,18197,18197,4203049,Unmatched,Intersection,26247,40TH AVE NE AND SAND POINT WAY NE,,,0,Unknown,,0,0,0,0,0,0,0,2004/07/21 00:00:00+00,7/21/2004,At Intersection (intersection related),11,"MOTOR VEHICLE STRUCK MOTOR VEHICLE, FRONT END AT ANGLE",,,,,,,4203049,,,,0,0,N
1285626.281,192961.3912,4680,18255,18255,1476914,Matched,Block,,RAINIER AVE S BETWEEN 51ST AVE S AND STURTEVANT AVE S,,,2,Injury Collision,Rear Ended,2,0,0,2,1,0,0,2004/04/03 00:00:00+00,4/3/2004,Mid-Block (but intersection related),14,"MOTOR VEHICLE STRUCK MOTOR VEHICLE, REAR END",Y,0,Clear,Dry,Daylight,,4094039,,14,From same direction - both going straight - one stopped - rear-end,0,0,N
1275282.35,251359.8893,4681,18653,18653,1774693,Matched,Intersection,24473,12TH AVE NE AND NE 70TH ST,,,2,Injury Collision,Angles,2,0,0,2,1,0,0,2004/02/09 00:00:00+00,2/9/2004,At Intersection (intersection related),11,"MOTOR VEHICLE STRUCK MOTOR VEHICLE, FRONT END AT ANGLE",,0,Clear,Dry,Daylight,,4040016,,10,Entering at angle,0,0,N
1272078.787,227780.4652,4682,19145,19145,1772467,Matched,Block,,BELLEVUE AVE BETWEEN E PIKE ST AND E PINE ST,,,1,Property Damage Only Collision,Parked Car,3,0,0,3,0,0,0,2004/06/24 00:00:00+00,6/24/2004 11:02,Mid-Block (not related to intersection),13,"MOTOR VEHICLE STRUCK MOTOR VEHICLE, LEFT SIDE AT ANGLE",,0,Clear,Dry,Daylight,,4176006,,32,One parked--one moving,0,0,N
1271306.397,262090.9491,4683,18446,18446,1212543,Unmatched,Block,,N NORTHGATE WAY BETWEEN MERIDIAN AVE N AND CORLISS AVE N,,,0,Unknown,,0,0,0,0,0,0,0,2004/10/28 00:00:00+00,10/28/2004,Mid-Block (but intersection related),14,"MOTOR VEHICLE STRUCK MOTOR VEHICLE, REAR END",,,,,,,4302032,,,,0,0,N
1286712.198,251119.9029,4684,17958,17958,1780121,Matched,Block,,NE 70TH ST BETWEEN 54TH E AVE NE AND 55TH AVE NE,,,2,Injury Collision,Parked Car,2,0,0,2,1,0,0,2004/04/22 00:00:00+00,4/22/2004 22:33,Mid-Block (not related to intersection),14,"MOTOR VEHICLE STRUCK MOTOR VEHICLE, REAR END",Y,0,Clear,Dry,Dark - Street Lights On,,4113032,,32,One parked--one moving,0,0,N
1269455.295,227106.8494,4685,18409,18409,1777499,Matched,Intersection,29567,5TH AVE AND OLIVE WAY,,,1,Property Damage Only Collision,Sideswipe,2,0,0,2,0,0,0,2004/06/27 00:00:00+00,6/27/2004 2:18,At Intersection (intersection related),16,"MOTOR VEHICLE STRUCK MOTOR VEHICLE, LEFT SIDE SIDESWIPE",,0,Clear,Dry,Dark - Street Lights On,,4179014,,11,From same direction - both going straight - both moving - sideswipe,0,0,N
1270479.872,225377.2761,4686,18581,18581,1784867,Unmatched,Intersection,29929,5TH AVE AND SENECA ST,,,0,Unknown,,0,0,0,0,0,0,0,2004/12/20 00:00:00+00,12/20/2004,At Intersection (intersection related),11,"MOTOR VEHICLE STRUCK MOTOR VEHICLE, FRONT END AT ANGLE",,,,,,,4355014,,,,0,0,N
1278959.356,265833.103,4687,18766,18766,1796702,Unmatched,Intersection,36606,25TH AVE NE AND NE 125TH ST,,,0,Unknown,,0,0,0,0,0,0,0,2004/12/08 00:00:00+00,12/8/2004,At Intersection (intersection related),11,"MOTOR VEHICLE STRUCK MOTOR VEHICLE, FRONT END AT ANGLE",,,,,,,4343020,,,,0,0,N
1269522.889,240016.8016,4688,18180,18180,1774598,Matched,Block,,N 34TH ST BETWEEN WOODLAWN AVE N AND DENSMORE AVE N,,,2,Injury Collision,Rear Ended,7,0,0,2,1,0,0,2004/02/27 00:00:00+00,2/27/2004 8:46,Mid-Block (but intersection related),14,"MOTOR VEHICLE STRUCK MOTOR VEHICLE, REAR END",Y,0,Overcast,Wet,Daylight,,4058040,,14,From same direction - both going straight - one stopped - rear-end,0,0,N
1283268.781,245894.8331,4689,18551,18551,1780535,Matched,Intersection,26239,SAND POINT WAY NE AND NE 50TH ST,,,2,Injury Collision,Right Turn,4,0,0,3,1,0,0,2004/03/11 00:00:00+00,3/11/2004 7:43,At Intersection (intersection related),11,"MOTOR VEHICLE STRUCK MOTOR VEHICLE, FRONT END AT ANGLE",,0,Clear,Dry,Daylight,,4071013,,16,From same direction - one right turn - one straight,0,0,N
1263680.527,237046.3492,4690,18063,18063,1474800,Matched,Block,,W MCGRAW ST BETWEEN W MCGRAW W PL AND 4TH AVE W,,,1,Property Damage Only Collision,Parked Car,2,0,0,2,0,0,0,2004/04/17 00:00:00+00,4/17/2004 1:30,Mid-Block (not related to intersection),14,"MOTOR VEHICLE STRUCK MOTOR VEHICLE, REAR END",,1,Raining,Wet,Dark - Street Lights On,,4108007,,32,One parked--one moving,0,0,N
1269038.212,267256.566,4691,18433,18433,1774195,Matched,Block,,STONE AVE N BETWEEN N 128TH ST AND N 130TH ST,,,2,Injury Collision,Parked Car,3,0,0,3,1,0,0,2004/10/02 00:00:00+00,10/2/2004,Mid-Block (not related to intersection),11,"MOTOR VEHICLE STRUCK MOTOR VEHICLE, FRONT END AT ANGLE",Y,0,Clear,Dry,Daylight,,4276028,Y,32,One parked--one moving,0,0,N
1269958.371,203008.9932,4692,18870,18870,1790266,Matched,Block,,EAST MARGINAL WAY S BETWEEN 1ST AV S BR NB AND S FRONT ST,,,2,Injury Collision,Rear Ended,2,0,0,2,1,0,0,2004/06/23 00:00:00+00,6/23/2004 9:55,Mid-Block (but intersection related),14,"MOTOR VEHICLE STRUCK MOTOR VEHICLE, REAR END",Y,0,Clear,Dry,Daylight,,4175028,,14,From same direction - both going straight - one stopped - rear-end,0,0,N
1268655.43,261160.9789,4693,18927,18927,1794283,Matched,Block,,MIDVALE AVE N BETWEEN N NORTHGATE WAY AND N 107TH ST,,,1,Property Damage Only Collision,Parked Car,2,0,0,2,0,0,0,2004/05/30 00:00:00+00,5/30/2004 11:51,Mid-Block (not related to intersection),13,"MOTOR VEHICLE STRUCK MOTOR VEHICLE, LEFT SIDE AT ANGLE",,0,Unknown,Unknown,Unknown,,4151010,,32,One parked--one moving,0,0,N
1281511.162,251558.9398,4694,17925,17925,1796951,Matched,Block,,35TH AVE NE BETWEEN NE 70TH ST AND NE 73RD ST,,,2,Injury Collision,Pedestrian,2,1,0,1,1,0,0,2004/11/03 00:00:00+00,11/3/2004,Driveway Junction,24,MOTOR VEHCILE STRUCK PEDESTRIAN,,0,Clear,Dry,Daylight,Y,4308005,,1,Vehicle turning right hits pedestrian,0,0,N
1284556.916,250175.1153,4695,18111,18111,1072723,Matched,Block,,47TH AVE NE BETWEEN NE 65TH ST AND NE 68TH ST,,,1,Property Damage Only Collision,Parked Car,2,0,0,2,0,0,0,2004/06/28 00:00:00+00,6/28/2004 22:30,Mid-Block (not related to intersection),15,"MOTOR VEHICLE STRUCK MOTOR VEHICLE, RIGHT SIDE SIDESWIPE",,0,Clear,Dry,Unknown,,4180011,,32,One parked--one moving,0,0,N
1269570.646,225016.6737,4696,19026,19026,1316818,Matched,Block,,2ND AVE BETWEEN SENECA ST AND UNIVERSITY ST,,,1,Property Damage Only Collision,Other,1,0,0,1,0,0,0,2004/01/27 00:00:00+00,1/27/2004 6:00,Mid-Block (not related to intersection),28,MOTOR VEHICLE RAN OFF ROAD - HIT FIXED OBJECT,,0,Clear,Dry,Dark - Street Lights On,,4027026,,50,Fixed object,0,0,N
1265813.199,269527.0909,4697,18604,18604,4099043,Unmatched,Intersection,35799,GREENWOOD AVE N AND N 137TH ST,,,0,Unknown,,0,0,0,0,0,0,0,2004/04/08 00:00:00+00,4/8/2004,At Intersection (intersection related),11,"MOTOR VEHICLE STRUCK MOTOR VEHICLE, FRONT END AT ANGLE",,,,,,,4099043,,,,0,0,N
1270645.49,258463.8183,4698,18453,18453,1781810,Matched,Block,,COLLEGE WAY N BETWEEN N 95TH ST AND N 97TH ST,,,2,Injury Collision,Sideswipe,2,0,0,2,1,0,0,2004/07/01 00:00:00+00,7/1/2004,Mid-Block (not related to intersection),14,"MOTOR VEHICLE STRUCK MOTOR VEHICLE, REAR END",,0,Clear,Dry,Daylight,,4183026,,11,From same direction - both going straight - both moving - sideswipe,0,0,N
1283675.575,188500.3419,4699,18089,18089,1477145,Matched,Block,,S RYAN WAY BETWEEN M L KING JR WAY S AND CITY LIMITS,,,1,Property Damage Only Collision,Rear Ended,3,0,0,2,0,0,0,2004/07/19 00:00:00+00,7/19/2004 22:26,Mid-Block (but intersection related),14,"MOTOR VEHICLE STRUCK MOTOR VEHICLE, REAR END",,0,Clear,Dry,Dark - Street Lights On,,4201003,,14,From same direction - both going straight - one stopped - rear-end,0,0,N
1267948.143,257672.1415,4700,18961,18961,1209441,Matched,Block,,N 93RD ST BETWEEN LINDEN AVE N AND AURORA AVE N,,,1,Property Damage Only Collision,Parked Car,2,0,0,2,0,0,0,2004/04/13 00:00:00+00,4/13/2004 17:00,Mid-Block (not related to intersection),14,"MOTOR VEHICLE STRUCK MOTOR VEHICLE, REAR END",Y,0,Clear,Dry,Daylight,,4104008,,32,One parked--one moving,0,0,N
1266866.857,229029.2333,4701,18541,18541,1777179,Matched,Intersection,29654,4TH AVE AND CEDAR ST,,,1,Property Damage Only Collision,Angles,2,0,0,2,0,0,0,2004/02/09 00:00:00+00,2/9/2004,At Intersection (intersection related),11,"MOTOR VEHICLE STRUCK MOTOR VEHICLE, FRONT END AT ANGLE",,0,Clear,Dry,Daylight,,4040019,,10,Entering at angle,0,0,N
1268371.13,266961.4181,4702,17998,17998,1079748,Matched,Block,,AURORA AVE N BETWEEN N 127TH ST AND N 128TH ST,,,2,Injury Collision,Rear Ended,6,0,0,3,2,0,0,2004/09/26 00:00:00+00,9/26/2004 13:46,Mid-Block (not related to intersection),14,"MOTOR VEHICLE STRUCK MOTOR VEHICLE, REAR END",,0,Clear,Dry,Daylight,,4270007,,14,From same direction - both going straight - one stopped - rear-end,0,0,N
1271612.317,227887.7815,4703,18860,18860,1790033,Matched,Intersection,29864,MINOR AVE AND PINE ST,,,1,Property Damage Only Collision,Angles,2,0,0,2,0,0,0,2004/03/13 00:00:00+00,3/13/2004 4:15,At Intersection (intersection related),11,"MOTOR VEHICLE STRUCK MOTOR VEHICLE, FRONT END AT ANGLE",,0,Clear,Dry,Dark - Street Lights On,,4073022,,10,Entering at angle,0,0,N
,,4704,18914,18914,1783750,Matched,Block,,BATTERY ST TUNNEL NB BETWEEN ALASKAN WY VI NB AND AURORA AVE N,,,1,Property Damage Only Collision,Other,1,0,0,1,0,0,0,2004/11/25 00:00:00+00,11/25/2004 14:35,Mid-Block (not related to intersection),26,MOTOR VEHICLE STRUCK OBJECT IN ROAD,,0,Raining,Dry,Daylight,,4330002,,50,Fixed object,0,0,N
1281760,199275.8275,4705,18333,18333,1787888,Matched,Block,,S OTHELLO ST BETWEEN S MYRTLE PL AND 38TH AVE S,,,1,Property Damage Only Collision,Rear Ended,2,0,0,2,0,0,0,2004/10/05 00:00:00+00,10/5/2004,Mid-Block (not related to intersection),14,"MOTOR VEHICLE STRUCK MOTOR VEHICLE, REAR END",Y,0,Fog/Smog/Smoke,Dry,Daylight,,4279054,,14,From same direction - both going straight - one stopped - rear-end,0,0,N
1276116.688,261953.0701,4706,18804,18804,1773970,Matched,Block,,NE NORTHGATE WAY BETWEEN 14TH AVE NE AND 15TH AVE NE,,,1,Property Damage Only Collision,Rear Ended,6,0,0,2,0,0,0,2004/07/21 00:00:00+00,7/21/2004 16:40,Mid-Block (but intersection related),14,"MOTOR VEHICLE STRUCK MOTOR VEHICLE, REAR END",,0,Clear,Dry,Daylight,,4203027,,14,From same direction - both going straight - one stopped - rear-end,0,0,N
1267417.829,227003.6438,4707,19285,19285,1326657,Matched,Block,,BLANCHARD ST BETWEEN WESTERN AVE AND 1ST AVE,,,1,Property Damage Only Collision,Parked Car,2,0,0,2,0,0,0,2004/09/25 00:00:00+00,9/25/2004 20:00,Mid-Block (not related to intersection),14,"MOTOR VEHICLE STRUCK MOTOR VEHICLE, REAR END",,0,Unknown,Unknown,Unknown,,4269002,,32,One parked--one moving,0,0,N
1269793.34,202649.1328,4708,18296,18296,4044042,Unmatched,Block,,1ST AV S BR SB BETWEEN EAST MARGINAL WAY S AND 1ST AV S SB ON RP,,,0,Unknown,,0,0,0,0,0,0,0,2004/02/13 00:00:00+00,2/13/2004,Mid-Block (but intersection related),14,"MOTOR VEHICLE STRUCK MOTOR VEHICLE, REAR END",,,,,,,4044042,,,,0,0,N
1269001.1,224322.5658,4709,18083,18083,664802,Matched,Block,,ALASKAN E RDWY WAY BETWEEN SPRING ST AND SENECA ST,,,1,Property Damage Only Collision,Parked Car,0,0,0,2,0,0,0,2004/07/31 00:00:00+00,7/31/2004 14:04,Mid-Block (but intersection related),11,"MOTOR VEHICLE STRUCK MOTOR VEHICLE, FRONT END AT ANGLE",,0,Overcast,Dry,Daylight,,4213022,,19,One car entering parked position,0,0,N
1276942.756,207694.4623,4710,17978,17978,1779614,Matched,Intersection,33305,COLUMBIA DR S AND S COLUMBIAN WAY,,,2,Injury Collision,Head On,7,0,0,3,1,0,0,2004/09/13 00:00:00+00,9/13/2004 16:31,At Intersection (intersection related),11,"MOTOR VEHICLE STRUCK MOTOR VEHICLE, FRONT END AT ANGLE",,0,Clear,Dry,Daylight,,4257022,,30,From opposite direction - all others,0,0,N
1270009.609,227435.3847,4711,18638,18638,1069476,Matched,Intersection,29553,7TH AVE AND OLIVE WAY,,,1,Property Damage Only Collision,Angles,2,0,0,2,0,0,0,2004/11/23 00:00:00+00,11/23/2004 12:40,At Intersection (intersection related),11,"MOTOR VEHICLE STRUCK MOTOR VEHICLE, FRONT END AT ANGLE",,0,Overcast,Dry,Daylight,,4328043,,10,Entering at angle,0,0,N
1276089.215,245702.6055,4712,18513,18513,C650796,Matched,Block,,15TH AVE NE BETWEEN NE 47TH ST AND NE 50TH ST,,,1,Property Damage Only Collision,Rear Ended,2,0,0,2,0,0,0,2004/12/10 00:00:00+00,12/10/2004 18:15,Mid-Block (not related to intersection),14,"MOTOR VEHICLE STRUCK MOTOR VEHICLE, REAR END",,0,Raining,Wet,Dark - Street Lights On,,4345084,,14,From same direction - both going straight - one stopped - rear-end,0,0,N
1266489.794,229535.133,4713,18677,18677,1783761,Matched,Block,,BROAD ST BETWEEN DENNY WAY AND 4TH AVE N,,,2,Injury Collision,Rear Ended,4,0,0,2,1,0,0,2004/09/13 00:00:00+00,9/13/2004 21:13,Mid-Block (but intersection related),14,"MOTOR VEHICLE STRUCK MOTOR VEHICLE, REAR END",Y,0,Overcast,Dry,Dark - Street Lights On,,4257038,,14,From same direction - both going straight - one stopped - rear-end,0,0,N
1278654.949,214892.7841,4714,18072,18072,1771670,Unmatched,Block,,RAINIER AVE S BETWEEN S BAYVIEW ST AND S MCCLELLAN ST,,,0,Unknown,,0,0,0,0,0,0,0,2004/11/24 00:00:00+00,11/24/2004,Driveway Junction,11,"MOTOR VEHICLE STRUCK MOTOR VEHICLE, FRONT END AT ANGLE",,,,,,,4329051,,,,0,0,N
1277079.567,229812.3097,4715,18125,18125,1772629,Matched,Block,,E THOMAS ST BETWEEN 19TH AVE E AND 20TH AVE E,,,2,Injury Collision,Pedestrian,2,1,0,1,1,0,0,2004/05/28 00:00:00+00,5/28/2004 22:09,Mid-Block (not related to intersection),24,MOTOR VEHCILE STRUCK PEDESTRIAN,,0,Clear,Wet,Dark - Street Lights On,,4149004,,0,Vehicle going straight hits pedestrian,0,0,N
1269602.935,200554.1557,4716,18891,18891,1754961,Matched,Block,,1ST AV S BR NB BETWEEN POINT A AND SR509 NB,,,2,Injury Collision,Rear Ended,3,0,0,3,3,0,0,2004/06/01 00:00:00+00,6/1/2004,Mid-Block (not related to intersection),14,"MOTOR VEHICLE STRUCK MOTOR VEHICLE, REAR END",,0,Clear,Dry,Daylight,,4153038,Y,14,From same direction - both going straight - one stopped - rear-end,0,0,N
1259962.491,247727.8475,4717,18472,18472,4133031,Unmatched,Block,,NW MARKET ST BETWEEN 15TH AVE NW AND 17TH AVE NW,,,0,Unknown,,0,0,0,0,0,0,0,2004/05/12 00:00:00+00,5/12/2004,Mid-Block (but intersection related),14,"MOTOR VEHICLE STRUCK MOTOR VEHICLE, REAR END",,,,,,,4133031,,,,0,0,N
1279487.867,263169.9911,4718,18181,18181,1774719,Matched,Intersection,36655,LAKE CITY WAY NE AND NE 115TH ST,,,1,Property Damage Only Collision,Cycles,2,0,1,1,0,0,0,2004/05/20 00:00:00+00,5/20/2004 8:50,At Intersection (intersection related),18,"MOTOR VEHICLE STRUCK PEDALCYCLIST, FRONT END AT ANGLE",,0,Overcast,Dry,Daylight,Y,4141022,,45,Vehicle - Pedalcyclist,0,0,N
1272157.574,252442.4734,4719,18853,18853,1204695,Matched,Block,,EAST GREEN LAKE DR N BETWEEN LATONA AVE NE AND SUNNYSIDE AVE N,,,1,Property Damage Only Collision,Rear Ended,5,0,0,3,0,0,0,2004/03/08 00:00:00+00,3/8/2004,Mid-Block (but intersection related),14,"MOTOR VEHICLE STRUCK MOTOR VEHICLE, REAR END",Y,0,Clear,Dry,Daylight,,4068048,,14,From same direction - both going straight - one stopped - rear-end,0,0,N
1278867.785,246139.958,4720,18293,18293,4184029,Unmatched,Block,,25TH AVE NE BETWEEN NE 49TH ST AND NE BLAKELEY ST,,,0,Unknown,,0,0,0,0,0,0,0,2004/07/02 00:00:00+00,7/2/2004,Mid-Block (not related to intersection),11,"MOTOR VEHICLE STRUCK MOTOR VEHICLE, FRONT END AT ANGLE",,,,,,,4184029,,,,0,0,N