X,Y,OBJECTID,INCKEY,COLDETKEY,REPORTNO,STATUS,ADDRTYPE,INTKEY,LOCATION,EXCEPTRSNCODE,EXCEPTRSNDESC,SEVERITYCODE,SEVERITYDESC,COLLISIONTYPE,PERSONCOUNT,PEDCOUNT,PEDCYLCOUNT,VEHCOUNT,INJURIES,SERIOUSINJURIES,FATALITIES,INCDATE,INCDTTM,JUNCTIONTYPE,SDOT_COLCODE,SDOT_COLDESC,INATTENTIONIND,UNDERINFL,WEATHER,ROADCOND,LIGHTCOND,PEDROWNOTGRNT,SDOTCOLNUM,SPEEDING,ST_COLCODE,ST_COLDESC,SEGLANEKEY,CROSSWALKKEY,HITPARKEDCAR
1269939.469,219702.9623,4721,17945,17945,C649751,Matched,Block,,S ROYAL BROUGHAM WAY BETWEEN EAST FRONTAGE RD S AND 1ST AVE S,,,1,Property Damage Only Collision,Other,2,0,0,2,0,0,0,2004/12/07 00:00:00+00,12/7/2004,Mid-Block (but intersection related),11,"MOTOR VEHICLE STRUCK MOTOR VEHICLE, FRONT END AT ANGLE",,0,Clear,Dry,Dark - Street Lights On,,4342068,,23,From same direction - all others,0,0,N
1264852.62,237693.1148,4722,18377,18377,1778019,Matched,Intersection,27800,QUEEN ANNE AVE N AND SMITH ST,,,2,Injury Collision,Angles,3,0,0,2,2,0,0,2004/04/18 00:00:00+00,4/18/2004 20:35,At Intersection (intersection related),11,"MOTOR VEHICLE STRUCK MOTOR VEHICLE, FRONT END AT ANGLE",,0,Overcast,Dry,Dark - Street Lights On,,4109018,,10,Entering at angle,0,0,N
1275885.729,241688.878,4723,18785,18785,1773728,Matched,Intersection,27149,15TH AVE NE AND NE PACIFIC ST,,,2,Injury Collision,Angles,2,0,0,2,1,0,0,2004/01/21 00:00:00+00,1/21/2004 11:20,At Intersection (intersection related),11,"MOTOR VEHICLE STRUCK MOTOR VEHICLE, FRONT END AT ANGLE",Y,0,Overcast,Dry,Daylight,,4021018,,10,Entering at angle,0,0,N
1278644.258,200220.4643,4724,18671,18671,1772905,Matched,Block,,S AVON CREST PL BETWEEN MILITARY RD S AND BEACON WR AVE S,,,1,Property Damage Only Collision,Other,1,0,0,1,0,0,0,2004/05/04 00:00:00+00,5/4/2004,Mid-Block (not related to intersection),48,DRIVERLESS VEHICLE RAN OFF ROAD - HIT FIXED OBJECT,,0,Overcast,Wet,Daylight,,4125006,,50,Fixed object,0,0,N
1270170.302,223100.4991,4725,18119,18119,1784726,Unmatched,Intersection,30357,1ST AVE AND YESLER WAY,,,0,Unknown,,0,0,0,0,0,0,0,2004/10/30 00:00:00+00,10/30/2004,At Intersection (intersection related),11,"MOTOR VEHICLE STRUCK MOTOR VEHICLE, FRONT END AT ANGLE",,,,,,,4304025,,,,0,0,N
1277450.042,246565.8774,4726,19024,19024,1314249,Matched,Intersection,26046,20TH AVE NE AND NE 52ND ST,,,2b,Serious Injury Collision,Angles,2,0,0,2,2,1,0,2004/06/04 00:00:00+00,6/4/2004,At Intersection (intersection related),11,"MOTOR VEHICLE STRUCK MOTOR VEHICLE, FRONT END AT ANGLE",,0,Clear,Dry,Daylight,,4156015,Y,10,Entering at angle,0,0,N
1277023.584,233817.3367,4727,18898,18898,1189625,Matched,Block,,19TH AVE E BETWEEN E HIGHLAND DR AND E GALER ST,,,1,Property Damage Only Collision,Parked Car,2,0,0,2,0,0,0,2004/07/27 00:00:00+00,7/27/2004 10:30,Mid-Block (not related to intersection),11,"MOTOR VEHICLE STRUCK MOTOR VEHICLE, FRONT END AT ANGLE",,0,Clear,Dry,Daylight,,4209037,,32,One parked--one moving,0,0,N
1269648.388,200448.3813,4728,19150,19150,1788934,Matched,Block,,1ST AVE S BETWEEN SW MICHIGAN ST AND WEST MARGINAL WAY S,,,1,Property Damage Only Collision,Other,1,0,0,1,0,0,0,2004/05/12 00:00:00+00,5/12/2004 15:00,Mid-Block (not related to intersection),28,MOTOR VEHICLE RAN OFF ROAD - HIT FIXED OBJECT,Y,0,Clear,Dry,Daylight,,4133005,,50,Fixed object,0,0,N
1267601.673,236880.2314,4729,18173,18173,4341052,Unmatched,Block,,AURORA AVE N BETWEEN LYNN ST AND MCGRAW ST,,,0,Unknown,,0,0,0,0,0,0,0,2004/12/06 00:00:00+00,12/6/2004,Mid-Block (not related to intersection),14,"MOTOR VEHICLE STRUCK MOTOR VEHICLE, REAR END",,,,,,,4341052,,,,0,0,N
,,4730,18699,18699,1794962,Matched,,,,NEI,"Not Enough Information, or Insufficient Location Information",1,Property Damage Only Collision,Parked Car,2,0,0,2,0,0,0,2004/11/19 00:00:00+00,11/19/2004 17:30,Mid-Block (but intersection related),13,"MOTOR VEHICLE STRUCK MOTOR VEHICLE, LEFT SIDE AT ANGLE",,0,Unknown,Unknown,Daylight,,4324013,,32,One parked--one moving,0,0,N
1268599.411,212042.4042,4731,17922,17922,1790823,Matched,Intersection,32162,EAST MARGINAL WAY S AND S SPOKANE SR ST,,,1,Property Damage Only Collision,Right Turn,2,0,0,2,0,0,0,2004/12/08 00:00:00+00,12/8/2004,At Intersection (intersection related),11,"MOTOR VEHICLE STRUCK MOTOR VEHICLE, FRONT END AT ANGLE",,0,Raining,Wet,Daylight,,4343011,,16,From same direction - one right turn - one straight,0,0,N
1269555.015,246211.3036,4732,18002,18002,1318046,Matched,Intersection,25529,WOODLAWN AVE N AND N 50TH E ST,,,2,Injury Collision,Angles,2,0,0,2,1,0,0,2004/04/16 00:00:00+00,4/16/2004 18:10,At Intersection (intersection related),11,"MOTOR VEHICLE STRUCK MOTOR VEHICLE, FRONT END AT ANGLE",,0,Clear,Dry,Daylight,,4107045,,10,Entering at angle,0,0,N
1275188.564,261979.3405,4733,19021,19021,4300038,Unmatched,Block,,NE NORTHGATE WAY BETWEEN ROOSEVELT WAY NE AND 11TH AVE NE,,,0,Unknown,,0,0,0,0,0,0,0,2004/10/26 00:00:00+00,10/26/2004,Driveway Junction,15,"MOTOR VEHICLE STRUCK MOTOR VEHICLE, RIGHT SIDE SIDESWIPE",,,,,,,4300038,,,,0,0,N
1280249.222,207323.4828,4734,18619,18619,1779502,Matched,Block,,M L KING JR ER WAY S BETWEEN S ANGELINE ST AND S EDMUNDS ST,,,2,Injury Collision,Rear Ended,3,0,0,2,1,0,0,2004/04/16 00:00:00+00,4/16/2004 8:21,Mid-Block (not related to intersection),14,"MOTOR VEHICLE STRUCK MOTOR VEHICLE, REAR END",Y,0,Raining,Wet,Daylight,,4107029,,14,From same direction - both going straight - one stopped - rear-end,0,0,N
1287357.008,202274.7958,4735,18196,18196,1773032,Matched,Block,,SEWARD PARK AVE S BETWEEN OAKHURST S RD S AND WILSON N AVE S,,,1,Property Damage Only Collision,Other,1,0,0,1,0,0,0,2004/07/21 00:00:00+00,7/21/2004 8:15,Mid-Block (not related to intersection),28,MOTOR VEHICLE RAN OFF ROAD - HIT FIXED OBJECT,,0,Clear,Dry,Daylight,,4203007,,50,Fixed object,0,0,N
1268248.913,255153.1582,4736,18395,18395,1777479,Matched,Block,,AURORA AVE N BETWEEN GREEN LAKE DR N AND N 84TH ST,,,1,Property Damage Only Collision,Sideswipe,2,0,0,2,0,0,0,2004/03/05 00:00:00+00,3/5/2004,Mid-Block (but intersection related),16,"MOTOR VEHICLE STRUCK MOTOR VEHICLE, LEFT SIDE SIDESWIPE",,1,Clear,Dry,Dark - Street Lights On,,4065021,,11,From same direction - both going straight - both moving - sideswipe,0,0,N
,,4737,18504,18504,1777618,Matched,Block,,1ST AVE S BETWEEN 1ST AVS ON N RP AND S ROYAL BROUGHAM WAY,,,1,Property Damage Only Collision,Rear Ended,3,0,0,2,0,0,0,2004/06/28 00:00:00+00,6/28/2004 13:18,Mid-Block (but intersection related),14,"MOTOR VEHICLE STRUCK MOTOR VEHICLE, REAR END",,0,Clear,Dry,Daylight,,4180026,,14,From same direction - both going straight - one stopped - rear-end,0,0,N
1258157.486,215653.6536,4738,18707,18707,1775189,Matched,Block,,FAIRMOUNT AVE SW BETWEEN SW PRINCE ST AND SW FOREST ST,,,1,Property Damage Only Collision,Head On,8,0,0,2,0,0,0,2004/04/03 00:00:00+00,4/3/2004,Mid-Block (not related to intersection),27,MOTOR VEHICLE RAN OFF ROAD - NO COLLISION,,0,Clear,Dry,Daylight,,4094016,Y,30,From opposite direction - all others,0,0,N
1276068.598,222971.1249,4739,18307,18307,1789829,Matched,Intersection,30727,17TH AVE AND E YESLER WAY,,,2,Injury Collision,Angles,2,0,0,2,1,0,0,2004/01/23 00:00:00+00,1/23/2004 9:11,At Intersection (intersection related),11,"MOTOR VEHICLE STRUCK MOTOR VEHICLE, FRONT END AT ANGLE",,0,Raining,Wet,Daylight,,4023008,,10,Entering at angle,0,0,N
1268632.417,259506.2447,4740,18094,18094,1797096,Matched,Block,,N 100TH ST BETWEEN AURORA AVE N AND STONE AVE N,,,1,Property Damage Only Collision,Other,2,0,0,2,0,0,0,2004/12/04 00:00:00+00,12/4/2004,Driveway Junction,11,"MOTOR VEHICLE STRUCK MOTOR VEHICLE, FRONT END AT ANGLE",,0,Raining,Wet,Daylight,,4339052,,22,One car leaving driveway access,0,0,N
1272565.049,207762.254,4741,18820,18820,1481199,Matched,Intersection,33064,AIRPORT WAY S AND S EDMUNDS ST,,,2,Injury Collision,Left Turn,2,0,0,2,1,0,0,2004/02/05 00:00:00+00,2/5/2004,At Intersection (intersection related),29,MOTOR VEHICLE OVERTURNED IN ROAD,,0,Overcast,Wet,Dark - Street Lights On,,4036003,,28,From opposite direction - one left turn - one straight,0,0,N
1269107.114,225167.7148,4742,18540,18540,1777162,Matched,Block,,1ST AVE BETWEEN UNIVERSITY ST AND UNION ST,,,1,Property Damage Only Collision,Sideswipe,2,0,0,2,0,0,0,2004/06/06 00:00:00+00,6/6/2004,Mid-Block (not related to intersection),16,"MOTOR VEHICLE STRUCK MOTOR VEHICLE, LEFT SIDE SIDESWIPE",,0,Overcast,Dry,Daylight,,4158036,,12,From same direction - both going straight - one stopped - sideswipe,0,0,N
1267373.953,237943.0873,4743,17935,17935,1783437,Unmatched,Block,,HALLADAY ST BETWEEN AURORA AVE N AND BIRCH AVE N,,,0,Unknown,,0,0,0,0,0,0,0,2004/10/08 00:00:00+00,10/8/2004,Mid-Block (but intersection related),11,"MOTOR VEHICLE STRUCK MOTOR VEHICLE, FRONT END AT ANGLE",,,,,,,4282017,,,,0,0,N
1265060.706,229997.6011,4744,19007,19007,4108042,Unmatched,Block,,1ST AVE N BETWEEN JOHN ST AND THOMAS ST,,,0,Unknown,,0,0,0,0,0,0,0,2004/04/17 00:00:00+00,4/17/2004,Mid-Block (not related to intersection),11,"MOTOR VEHICLE STRUCK MOTOR VEHICLE, FRONT END AT ANGLE",,,,,,,4108042,,,,0,0,N
1281647.009,207698.0268,4745,18910,18910,1773107,Matched,Block,,RAINIER AVE S BETWEEN S ALASKA ST AND S ANGELINE ST,,,1,Property Damage Only Collision,Sideswipe,2,0,0,2,0,0,0,2004/07/28 00:00:00+00,7/28/2004 13:20,Mid-Block (but intersection related),16,"MOTOR VEHICLE STRUCK MOTOR VEHICLE, LEFT SIDE SIDESWIPE",,0,Clear,Dry,Daylight,,4210033,,12,From same direction - both going straight - one stopped - sideswipe,0,0,N
1278001.528,226795.3196,4746,18185,18185,1198428,Matched,Block,,23RD AVE BETWEEN E SPRING ST AND E UNION ST,,,2,Injury Collision,Other,2,0,0,2,1,0,0,2004/11/22 00:00:00+00,11/22/2004 7:59,Driveway Junction,14,"MOTOR VEHICLE STRUCK MOTOR VEHICLE, REAR END",,0,Overcast,Dry,Daylight,,4327012,,22,One car leaving driveway access,0,0,N
1280100.022,209950.1234,4747,19002,19002,1793187,Unmatched,Intersection,32468,RENTON AVE S AND S DAKOTA ST,,,0,Unknown,,0,0,0,0,0,0,0,2004/12/15 00:00:00+00,12/15/2004,At Intersection (intersection related),11,"MOTOR VEHICLE STRUCK MOTOR VEHICLE, FRONT END AT ANGLE",,,,,,,4350005,,,,0,0,N
1260505.774,242363.0215,4748,18443,18443,4274034,Unmatched,Intersection,26729,14TH AVE W AND W EMERSON ST,,,0,Unknown,,0,0,0,0,0,0,0,2004/09/30 00:00:00+00,9/30/2004,At Intersection (intersection related),13,"MOTOR VEHICLE STRUCK MOTOR VEHICLE, LEFT SIDE AT ANGLE",,,,,,,4274034,,,,0,0,N
1254613.637,214902.9059,4749,17952,17952,1781361,Matched,Block,,GARLOUGH AVE SW BETWEEN SW ADMIRAL W WAY AND SW STEVENS ST,,,1,Property Damage Only Collision,Other,1,0,0,1,0,0,0,2004/06/12 00:00:00+00,6/12/2004 23:00,Mid-Block (but intersection related),28,MOTOR VEHICLE RAN OFF ROAD - HIT FIXED OBJECT,,0,Unknown,Unknown,Dark - Street Lights On,,4164002,,50,Fixed object,0,0,N
1265668.49,260898.8218,4750,18390,18390,1220524,Unmatched,Intersection,36419,GREENWOOD AVE N AND HOLMAN RD N,,,0,Unknown,,0,0,0,0,0,0,0,2004/11/12 00:00:00+00,11/12/2004,At Intersection (intersection related),11,"MOTOR VEHICLE STRUCK MOTOR VEHICLE, FRONT END AT ANGLE",,,,,,,4317024,,,,0,0,N
1264883.351,229363.6142,4751,18796,18796,1783754,Matched,Block,,DENNY WAY BETWEEN QUEEN ANNE AVE N AND 1ST AVE,,,2,Injury Collision,Rear Ended,6,0,0,2,2,0,0,2004/08/08 00:00:00+00,8/8/2004,Mid-Block (but intersection related),14,"MOTOR VEHICLE STRUCK MOTOR VEHICLE, REAR END",Y,1,Clear,Dry,Dark - Street Lights On,,4221014,,14,From same direction - both going straight - one stopped - rear-end,0,0,N
1270358.493,224949.8047,4752,18662,18662,1482330,Matched,Intersection,29949,4TH AVE AND SPRING ST,,,1,Property Damage Only Collision,Angles,2,0,0,2,0,0,0,2004/03/12 00:00:00+00,3/12/2004 21:45,At Intersection (intersection related),11,"MOTOR VEHICLE STRUCK MOTOR VEHICLE, FRONT END AT ANGLE",,0,Clear,Dry,Dark - Street Lights On,,4072020,,10,Entering at angle,0,0,N
1277902.738,222059.445,4753,18834,18834,4118043,Unmatched,Block,,S JACKSON ST BETWEEN 22ND AVE S AND 23RD AVE S,,,0,Unknown,,0,0,0,0,0,0,0,2004/04/27 00:00:00+00,4/27/2004,Mid-Block (not related to intersection),0,NOT ENOUGH INFORMATION / NOT APPLICABLE,,,,,,,4118043,,,,0,0,N
1273614.38,262024.0936,4754,17993,17993,C630643,Matched,Intersection,36499,5TH AVE NE AND NE NORTHGATE WAY,,,1,Property Damage Only Collision,Sideswipe,2,0,0,2,0,0,0,2004/03/09 00:00:00+00,3/9/2004,At Intersection (intersection related),14,"MOTOR VEHICLE STRUCK MOTOR VEHICLE, REAR END",,0,Raining,Wet,Daylight,,4069028,,11,From same direction - both going straight - both moving - sideswipe,0,0,N
1286603.706,186810.8706,4755,18584,18584,1771417,Matched,Block,,55TH AVE S BETWEEN S FOUNTAIN ST AND S LEO ST,,,1,Property Damage Only Collision,Other,1,0,0,1,0,0,0,2004/07/31 00:00:00+00,7/31/2004 3:36,Mid-Block (but intersection related),28,MOTOR VEHICLE RAN OFF ROAD - HIT FIXED OBJECT,,0,Clear,Dry,Dark - Street Lights On,,4213016,,50,Fixed object,0,0,N
1274618.49,230818.7071,4756,18468,18468,1787197,Matched,Intersection,29015,12TH AVE E AND E REPUBLICAN ST,,,1,Property Damage Only Collision,Angles,2,0,0,2,0,0,0,2004/04/20 00:00:00+00,4/20/2004 17:48,At Intersection (intersection related),11,"MOTOR VEHICLE STRUCK MOTOR VEHICLE, FRONT END AT ANGLE",,0,Clear,Dry,Daylight,,4111025,,10,Entering at angle,0,0,N
1276138.41,247362.2955,4757,18958,18958,1780381,Matched,Intersection,26013,15TH AVE NE AND NE 55TH ST,,,2,Injury Collision,Angles,3,0,0,2,1,0,0,2004/03/20 00:00:00+00,3/20/2004 21:07,At Intersection (intersection related),11,"MOTOR VEHICLE STRUCK MOTOR VEHICLE, FRONT END AT ANGLE",,0,Clear,Dry,Dark - Street Lights On,,4080009,,10,Entering at angle,0,0,N
1272520.278,231590.4823,4758,18688,18688,1798804,Matched,Intersection,29114,SUMMIT AVE E AND E ROY ST,,,1,Property Damage Only Collision,Angles,4,0,0,2,0,0,0,2004/08/21 00:00:00+00,8/21/2004 16:15,At Intersection (intersection related),11,"MOTOR VEHICLE STRUCK MOTOR VEHICLE, FRONT END AT ANGLE",,0,Raining,Wet,Daylight,,4234031,,10,Entering at angle,0,0,N
1263018.849,232048.2523,4759,18422,18422,880089,Matched,Block,,W ROY ST BETWEEN 5TH AVE W AND DEAD END 1,,,1,Property Damage Only Collision,Parked Car,0,0,0,2,0,0,0,2004/02/23 00:00:00+00,2/23/2004 7:00,Mid-Block (not related to intersection),13,"MOTOR VEHICLE STRUCK MOTOR VEHICLE, LEFT SIDE AT ANGLE",Y,0,Unknown,Unknown,Unknown,,4054022,,32,One parked--one moving,0,0,N
1269058.073,224002.2718,4760,18568,18568,4236044,Unmatched,Block,,ALASKAN WAY BETWEEN MADISON ST AND SPRING ST,,,0,Unknown,,0,0,0,0,0,0,0,2004/08/23 00:00:00+00,8/23/2004,Mid-Block (not related to intersection),15,"MOTOR VEHICLE STRUCK MOTOR VEHICLE, RIGHT SIDE SIDESWIPE",,,,,,,4236044,,,,0,0,N
1261287.095,247698.5982,4761,18768,18768,1080214,Matched,Block,,NW MARKET ST BETWEEN 11TH AVE NW AND 14TH AVE NW,,,1,Property Damage Only Collision,Other,2,0,0,2,0,0,0,2004/10/05 00:00:00+00,10/5/2004,Driveway Junction,14,"MOTOR VEHICLE STRUCK MOTOR VEHICLE, REAR END",Y,0,Overcast,Dry,Daylight,,4279007,,22,One car leaving driveway access,0,0,N
1275533.112,265941.9289,4762,18334,18334,1794234,Matched,Block,,NE 125TH ST BETWEEN 11TH AVE NE AND 12TH AVE NE,,,1,Property Damage Only Collision,Rear Ended,3,0,0,2,0,0,0,2004/11/06 00:00:00+00,11/6/2004,Mid-Block (not related to intersection),14,"MOTOR VEHICLE STRUCK MOTOR VEHICLE, REAR END",,0,Raining,Wet,Daylight,,4311003,,14,From same direction - both going straight - one stopped - rear-end,0,0,N
1282047.161,233127.0061,4763,19430,19430,1798931,Matched,Intersection,29424,36TH AVE E AND E MADISON ST,,,2,Injury Collision,Rear Ended,3,0,0,3,1,0,0,2004/08/31 00:00:00+00,8/31/2004 10:07,At Intersection (intersection related),14,"MOTOR VEHICLE STRUCK MOTOR VEHICLE, REAR END",,0,Clear,Dry,Daylight,,4244018,,14,From same direction - both going straight - one stopped - rear-end,0,0,N
1278912.752,247303.9912,4764,18156,18156,1782767,Matched,Intersection,25939,25TH AVE NE AND NE 55TH ST,,,1,Property Damage Only Collision,Left Turn,3,0,0,2,0,0,0,2004/07/08 00:00:00+00,7/8/2004,At Intersection (intersection related),11,"MOTOR VEHICLE STRUCK MOTOR VEHICLE, FRONT END AT ANGLE",,0,Other,Dry,Daylight,,4190003,,28,From opposite direction - one left turn - one straight,0,0,N
1267415.452,247468.3993,4765,18369,18369,1220403,Matched,Block,,AURORA AVE N BETWEEN N 50 UPPER ST AND N 59TH ST,,,3,Fatality Collision,Other,2,0,0,2,1,0,1,2004/08/11 00:00:00+00,8/11/2004 11:55,Mid-Block (not related to intersection),11,"MOTOR VEHICLE STRUCK MOTOR VEHICLE, FRONT END AT ANGLE",,0,Clear,Dry,Daylight,,4224001,Y,23,From same direction - all others,0,0,N
1265624.893,229344.7429,4766,17976,17976,1324973,Matched,Block,,DENNY WAY BETWEEN 2ND WR AVE AND 2ND AVE,,,1,Property Damage Only Collision,Left Turn,4,0,0,2,0,0,0,2004/05/05 00:00:00+00,5/5/2004,Mid-Block (but intersection related),11,"MOTOR VEHICLE STRUCK MOTOR VEHICLE, FRONT END AT ANGLE",,0,Clear,Dry,Dark - Street Lights On,,4126040,,28,From opposite direction - one left turn - one straight,0,0,N
1265269.233,245277.4536,4767,18493,18493,1776152,Matched,Block,,N MARKET ST BETWEEN N 46TH E ST AND GREENWOOD AVE N,,,1,Property Damage Only Collision,Sideswipe,2,0,0,2,0,0,0,2004/03/12 00:00:00+00,3/12/2004 21:30,Mid-Block (but intersection related),11,"MOTOR VEHICLE STRUCK MOTOR VEHICLE, FRONT END AT ANGLE",,0,Clear,Dry,Dark - Street Lights On,,4072043,,11,From same direction - both going straight - both moving - sideswipe,0,0,N
1262695.041,241584.566,4768,18952,18952,1482580,Matched,Block,,W NICKERSON ST BETWEEN 6TH AVE W AND 8TH AVE W,,,2,Injury Collision,Rear Ended,2,0,0,2,2,0,0,2004/06/05 00:00:00+00,6/5/2004,Mid-Block (not related to intersection),14,"MOTOR VEHICLE STRUCK MOTOR VEHICLE, REAR END",Y,0,Clear,Dry,Daylight,,4157019,,13,From same direction - both going straight - both moving - rear-end,0,0,N
1269457.39,227979.2762,4769,18676,18676,1783751,Matched,Intersection,29540,7TH AVE AND VIRGINIA ST,,,1,Property Damage Only Collision,Angles,3,0,0,2,0,0,0,2004/08/01 00:00:00+00,8/1/2004,At Intersection (intersection related),11,"MOTOR VEHICLE STRUCK MOTOR VEHICLE, FRONT END AT ANGLE",,0,Clear,Dry,Daylight,,4214015,,10,Entering at angle,0,0,N
1283715.956,204537.0849,4770,18414,18414,4268058,Unmatched,Block,,RAINIER AVE S BETWEEN S FINDLAY ST AND S ORCAS ST,,,0,Unknown,,0,0,0,0,0,0,0,2004/09/24 00:00:00+00,9/24/2004,Mid-Block (not related to intersection),11,"MOTOR VEHICLE STRUCK MOTOR VEHICLE, FRONT END AT ANGLE",,,,,,,4268058,,,,0,0,N
1267261.305,239739.3068,4771,18884,18884,1333836,Matched,Block,,AURORA BR BETWEEN RAYE ST AND BRIDGE WAY N,,,2,Injury Collision,Rear Ended,2,0,0,2,2,0,0,2004/05/27 00:00:00+00,5/27/2004 15:41,Mid-Block (not related to intersection),11,"MOTOR VEHICLE STRUCK MOTOR VEHICLE, FRONT END AT ANGLE",,0,Raining,Wet,Daylight,,4148028,,13,From same direction - both going straight - both moving - rear-end,0,0,N
1260876.731,244820.8626,4772,18470,18470,1780837,Matched,Intersection,26712,14TH AVE NW AND SHILSHOLE AVE NW,,,3,Fatality Collision,Pedestrian,2,1,0,1,0,0,1,2004/05/09 00:00:00+00,5/9/2004,At Intersection (intersection related),44,DRIVERLESS VEHICLE STRUCK PEDESTRIAN,,0,Clear,Dry,Daylight,,4130021,,4,Vehicle hits Pedestrian - All Other Actions,0,0,N
1276094.718,220091.9227,4773,17913,17913,1477940,Matched,Block,,RAINIER AVE S BETWEEN S CHARLES S ST AND S NORMAN ST,,,2,Injury Collision,Rear Ended,5,0,0,2,2,0,0,2004/07/26 00:00:00+00,7/26/2004 22:47,Mid-Block (but intersection related),14,"MOTOR VEHICLE STRUCK MOTOR VEHICLE, REAR END",,0,Clear,Dry,Dark - Street Lights On,,4208016,,14,From same direction - both going straight - one stopped - rear-end,0,0,N
1260437.237,189172.6312,4774,18555,18555,1781128,Matched,Intersection,38111,SEOLA BEACH DR SW AND SW 106TH ST,,,1,Property Damage Only Collision,Parked Car,2,0,0,2,0,0,0,2004/03/01 00:00:00+00,3/1/2004,At Intersection (intersection related),14,"MOTOR VEHICLE STRUCK MOTOR VEHICLE, REAR END",,0,Clear,Dry,Unknown,,4061001,,32,One parked--one moving,0,0,N
,,4775,18008,18008,4140040,Unmatched,Alley,,,,,0,Unknown,,0,0,0,0,0,0,0,2004/05/19 00:00:00+00,5/19/2004,,0,NOT ENOUGH INFORMATION / NOT APPLICABLE,,,,,,,4140040,,,,0,0,N
1268278.341,257531.6818,4776,18213,18213,4148064,Unmatched,Block,,AURORA AVE N BETWEEN N 92ND ST AND N 93RD ST,,,0,Unknown,,0,0,0,0,0,0,0,2004/05/27 00:00:00+00,5/27/2004,Mid-Block (but intersection related),14,"MOTOR VEHICLE STRUCK MOTOR VEHICLE, REAR END",,,,,,,4148064,,,,0,0,N
1256135.851,216739.7018,4777,18237,18237,1215381,Matched,Block,,46TH AVE SW BETWEEN SW WALKER ST AND SW COLLEGE ST,,,2,Injury Collision,Parked Car,5,0,0,3,3,0,0,2004/02/21 00:00:00+00,2/21/2004 2:17,Mid-Block (not related to intersection),14,"MOTOR VEHICLE STRUCK MOTOR VEHICLE, REAR END",Y,0,Fog/Smog/Smoke,Dry,Dark - Street Lights On,,4052008,,32,One parked--one moving,0,0,N
1265492.484,260771.9071,4778,18931,18931,1475323,Matched,Block,,HOLMAN RD N BETWEEN N 104TH ST AND GREENWOOD AVE N,,,1,Property Damage Only Collision,Other,1,0,0,1,0,0,0,2004/01/02 00:00:00+00,1/2/2004,Mid-Block (not related to intersection),28,MOTOR VEHICLE RAN OFF ROAD - HIT FIXED OBJECT,,0,Overcast,Ice,Dark - Street Lights On,,4002030,Y,50,Fixed object,0,0,N
1265136.573,245361.3247,4779,18522,18522,1220034,Unmatched,Block,,N MARKET ST BETWEEN PALATINE AVE N AND N 46TH E ST,,,0,Unknown,,0,0,0,0,0,0,0,2004/12/12 00:00:00+00,12/12/2004,Mid-Block (not related to intersection),16,"MOTOR VEHICLE STRUCK MOTOR VEHICLE, LEFT SIDE SIDESWIPE",,,,,,,4347009,,,,0,0,N
1279340.185,211605.5818,4780,17988,17988,1784218,Unmatched,Block,,RENTON AVE S BETWEEN M L KING JR ER N WAY S AND S CHARLESTOWN ST,,,0,Unknown,,0,0,0,0,0,0,0,2004/11/09 00:00:00+00,11/9/2004,Mid-Block (but intersection related),14,"MOTOR VEHICLE STRUCK MOTOR VEHICLE, REAR END",,,,,,,4314013,,,,0,0,N
1265325.785,228254.2862,4781,18876,18876,C649679,Matched,Intersection,29680,BROAD ST AND ELLIOTT AVE,,,1,Property Damage Only Collision,Angles,2,0,0,2,0,0,0,2004/11/29 00:00:00+00,11/29/2004 9:10,At Intersection (intersection related),11,"MOTOR VEHICLE STRUCK MOTOR VEHICLE, FRONT END AT ANGLE",,0,Overcast,Dry,Daylight,,4334040,,10,Entering at angle,0,0,N
1256215.179,208241.4403,4782,18459,18459,1798487,Matched,Block,,45TH AVE SW BETWEEN SW ALASKA ST AND SW EDMUNDS ST,,,1,Property Damage Only Collision,Parked Car,2,0,0,2,0,0,0,2004/08/22 00:00:00+00,8/22/2004 14:00,Mid-Block (not related to intersection),16,"MOTOR VEHICLE STRUCK MOTOR VEHICLE, LEFT SIDE SIDESWIPE",,0,Unknown,Unknown,Unknown,,4235025,,32,One parked--one moving,0,0,N
1262130.612,245986.8725,4783,18316,18316,1218472,Matched,Block,,9TH AVE NW BETWEEN NW 48TH ST AND NW 49TH ST,,,1,Property Damage Only Collision,Parked Car,2,0,0,2,0,0,0,2004/04/28 00:00:00+00,4/28/2004 10:10,Mid-Block (but intersection related),11,"MOTOR VEHICLE STRUCK MOTOR VEHICLE, FRONT END AT ANGLE",,0,Clear,Dry,Daylight,,4119033,,32,One parked--one moving,0,0,N
1281381.515,270723.3357,4784,18991,18991,1079662,Matched,Block,,LAKE CITY WAY NE BETWEEN NE 143RD ST AND NE 145TH ST,,,1,Property Damage Only Collision,Other,2,0,0,2,0,0,0,2004/10/06 00:00:00+00,10/6/2004,Driveway Junction,11,"MOTOR VEHICLE STRUCK MOTOR VEHICLE, FRONT END AT ANGLE",,0,Clear,Dry,Dark - Street Lights On,,4280008,,21,One car entering driveway access,0,0,N
1273154.259,250542.7266,4785,18282,18282,1220794,Matched,Block,,5TH AVE NE BETWEEN NE 65TH E ST AND WOODLAWN AVE NE,,,1,Property Damage Only Collision,Parked Car,2,0,0,2,0,0,0,2004/02/25 00:00:00+00,2/25/2004 17:00,Mid-Block (not related to intersection),13,"MOTOR VEHICLE STRUCK MOTOR VEHICLE, LEFT SIDE AT ANGLE",,0,Unknown,Unknown,Unknown,,4056022,,32,One parked--one moving,0,0,N
1260114.23,238338.4358,4786,19018,19018,1213901,Matched,Intersection,27900,15TH AVE W AND GILMAN UPPER DR W,,,1,Property Damage Only Collision,Left Turn,2,0,0,2,0,0,0,2004/05/15 00:00:00+00,5/15/2004 14:32,At Intersection (intersection related),11,"MOTOR VEHICLE STRUCK MOTOR VEHICLE, FRONT END AT ANGLE",,0,Overcast,Dry,Daylight,,4136012,,28,From opposite direction - one left turn - one straight,0,0,N