X,Y,OBJECTID,INCKEY,COLDETKEY,REPORTNO,STATUS,ADDRTYPE,INTKEY,LOCATION,EXCEPTRSNCODE,EXCEPTRSNDESC,SEVERITYCODE,SEVERITYDESC,COLLISIONTYPE,PERSONCOUNT,PEDCOUNT,PEDCYLCOUNT,VEHCOUNT,INJURIES,SERIOUSINJURIES,FATALITIES,INCDATE,INCDTTM,JUNCTIONTYPE,SDOT_COLCODE,SDOT_COLDESC,INATTENTIONIND,UNDERINFL,WEATHER,ROADCOND,LIGHTCOND,PEDROWNOTGRNT,SDOTCOLNUM,SPEEDING,ST_COLCODE,ST_COLDESC,SEGLANEKEY,CROSSWALKKEY,HITPARKEDCAR
1279677.896,229184.1366,4916,18546,18546,1789517,Matched,Intersection,29288,M L KING JR WAY AND E DENNY WAY,,,1,Property Damage Only Collision,Angles,2,0,0,2,0,0,0,2004/05/07 00:00:00+00,5/7/2004,At Intersection (intersection related),11,"MOTOR VEHICLE STRUCK MOTOR VEHICLE, FRONT END AT ANGLE",,0,Clear,Dry,Daylight,,4128037,,10,Entering at angle,0,0,N
1283848.484,194575.9543,4917,18067,18067,1771370,Matched,Intersection,35264,RENTON AVE S AND S TRENTON ST,,,2,Injury Collision,Angles,2,0,0,2,1,0,0,2004/03/18 00:00:00+00,3/18/2004 16:15,At Intersection (intersection related),11,"MOTOR VEHICLE STRUCK MOTOR VEHICLE, FRONT END AT ANGLE",,0,Overcast,Wet,Daylight,,4078031,,10,Entering at angle,0,0,N
1268343.075,263934.2424,4918,18434,18434,1774241,Matched,Block,,AURORA AVE N BETWEEN N 115TH ST AND N 117TH PL,,,2,Injury Collision,Rear Ended,6,0,0,2,2,0,0,2004/10/03 00:00:00+00,10/3/2004,Mid-Block (but intersection related),14,"MOTOR VEHICLE STRUCK MOTOR VEHICLE, REAR END",Y,0,Clear,Dry,Daylight,,4277016,,14,From same direction - both going straight - one stopped - rear-end,0,0,N
1280170.781,214616.9724,4919,18727,18727,1773320,Matched,Block,,31ST AVE S BETWEEN S LANDER ST AND S MCCLELLAN ST,,,1,Property Damage Only Collision,Other,1,0,0,1,0,0,0,2004/11/13 00:00:00+00,11/13/2004 3:30,Mid-Block (but intersection related),28,MOTOR VEHICLE RAN OFF ROAD - HIT FIXED OBJECT,,0,Unknown,Wet,Dark - Street Lights On,,4318003,,50,Fixed object,0,0,N
1277603.233,213680.4475,4920,18777,18777,1771609,Matched,Block,,23RD AVE S BETWEEN S STEVENS ST AND S WINTHROP ST,,,1,Property Damage Only Collision,Rear Ended,3,0,0,2,0,0,0,2004/05/27 00:00:00+00,5/27/2004 15:50,Mid-Block (but intersection related),14,"MOTOR VEHICLE STRUCK MOTOR VEHICLE, REAR END",Y,0,Raining,Wet,Daylight,,4148027,,14,From same direction - both going straight - one stopped - rear-end,0,0,N
1270416.91,255483.2605,4921,18054,18054,1080337,Matched,Block,,N 85TH ST BETWEEN WALLINGFORD AVE N AND BURKE AVE N,,,1,Property Damage Only Collision,Rear Ended,2,0,0,2,0,0,0,2004/07/28 00:00:00+00,7/28/2004 14:05,Mid-Block (but intersection related),14,"MOTOR VEHICLE STRUCK MOTOR VEHICLE, REAR END",,0,Clear,Dry,Daylight,,4210018,,14,From same direction - both going straight - one stopped - rear-end,0,0,N
1267150.307,249087.1759,4922,18256,18256,1778633,Matched,Intersection,25614,LINDEN AVE N AND WOODLAND S PL N,,,2,Injury Collision,Angles,7,0,0,2,1,0,0,2004/04/10 00:00:00+00,4/10/2004 12:45,At Intersection (intersection related),11,"MOTOR VEHICLE STRUCK MOTOR VEHICLE, FRONT END AT ANGLE",,0,Clear,Dry,Daylight,,4101017,,10,Entering at angle,0,0,N
1282818.003,199264.2157,4923,19023,19023,C649407,Matched,Intersection,486567,M L KING JR ER WAY S AND S OTHELLO ST,,,2,Injury Collision,Angles,3,0,0,2,1,0,0,2004/11/01 00:00:00+00,11/1/2004,At Intersection (intersection related),11,"MOTOR VEHICLE STRUCK MOTOR VEHICLE, FRONT END AT ANGLE",,0,Overcast,Wet,Daylight,,4306068,,10,Entering at angle,0,0,N
1279089.25,219611.8696,4924,18897,18897,1789733,Matched,Intersection,30674,M L KING JR WAY S AND S ELMWOOD PL,,,2,Injury Collision,Parked Car,2,0,0,2,1,0,0,2004/01/15 00:00:00+00,1/15/2004 16:34,At Intersection (intersection related),11,"MOTOR VEHICLE STRUCK MOTOR VEHICLE, FRONT END AT ANGLE",,0,Raining,Wet,Dark - Street Lights On,,4015010,,20,One car leaving parked position,0,0,N
1271888.022,231603.0532,4925,19146,19146,1772517,Matched,Intersection,29117,MELROSE AVE E AND E ROY ST,,,1,Property Damage Only Collision,Other,1,0,0,1,0,0,0,2004/12/03 00:00:00+00,12/3/2004,At Intersection (intersection related),28,MOTOR VEHICLE RAN OFF ROAD - HIT FIXED OBJECT,Y,1,Clear,Dry,Dark - Street Lights On,,4338001,,22,One car leaving driveway access,0,0,N
1268651.367,255537.8133,4926,18157,18157,1782839,Matched,Block,,N 85TH ST BETWEEN NESBIT AVE N AND MIDVALE AVE N,,,1,Property Damage Only Collision,Rear Ended,2,0,0,2,0,0,0,2004/04/07 00:00:00+00,4/7/2004,Mid-Block (not related to intersection),14,"MOTOR VEHICLE STRUCK MOTOR VEHICLE, REAR END",Y,0,Clear,Dry,Daylight,,4098018,,14,From same direction - both going straight - one stopped - rear-end,0,0,N
1274204.362,223012.3294,4927,17956,17956,1074649,Unmatched,Intersection,30411,BOREN AVE AND E YESLER WAY,,,0,Unknown,,0,0,0,0,0,0,0,2004/12/10 00:00:00+00,12/10/2004,At Intersection (intersection related),11,"MOTOR VEHICLE STRUCK MOTOR VEHICLE, FRONT END AT ANGLE",,,,,,,4345058,,,,0,0,N
1270139.575,229229.2708,4928,18818,18818,4022033,Unmatched,Block,,DENNY WAY BETWEEN BOREN AVE AND FAIRVIEW AVE,,,0,Unknown,,0,0,0,0,0,0,0,2004/01/22 00:00:00+00,1/22/2004,Mid-Block (but intersection related),11,"MOTOR VEHICLE STRUCK MOTOR VEHICLE, FRONT END AT ANGLE",,,,,,,4022033,,,,0,0,N
1264407.365,265237.3416,4929,18841,18841,1220505,Matched,Block,,3RD AVE NW BETWEEN NW 120TH ST AND NW 122ND ST,,,1,Property Damage Only Collision,Other,1,0,0,1,0,0,0,2004/09/11 00:00:00+00,9/11/2004 2:10,Mid-Block (not related to intersection),28,MOTOR VEHICLE RAN OFF ROAD - HIT FIXED OBJECT,,0,Unknown,Unknown,Unknown,,4255023,,50,Fixed object,0,0,N
1265609.599,256279.2798,4930,18281,18281,1220501,Matched,Intersection,37448,GREENWOOD AVE N AND N 87TH ST,,,1,Property Damage Only Collision,Left Turn,2,0,0,2,0,0,0,2004/08/11 00:00:00+00,8/11/2004 2:00,At Intersection (intersection related),14,"MOTOR VEHICLE STRUCK MOTOR VEHICLE, REAR END",,1,Clear,Dry,Dark - Street Lights On,,4224044,,15,From same direction - one left turn - one straight,0,0,N
1275197.461,229655.2119,4931,18715,18715,1772230,Matched,Intersection,29057,14TH AVE E AND E JOHN ST,,,1,Property Damage Only Collision,Angles,2,0,0,2,0,0,0,2004/04/03 00:00:00+00,4/3/2004,At Intersection (intersection related),11,"MOTOR VEHICLE STRUCK MOTOR VEHICLE, FRONT END AT ANGLE",,1,Clear,Dry,Dark - Street Lights On,,4094040,,10,Entering at angle,0,0,N
1271607.15,241214.6164,4932,18916,18916,1781075,Unmatched,Block,,N NORTHLAKE WAY BETWEEN N 36TH ST AND EASTERN AVE N,,,0,Unknown,,0,0,0,0,0,0,0,2004/12/16 00:00:00+00,12/16/2004,Driveway Junction,28,MOTOR VEHICLE RAN OFF ROAD - HIT FIXED OBJECT,,,,,,,4351001,,,,0,0,N
1278824.13,227462.3763,4933,18187,18187,1198727,Unmatched,Block,,E PIKE ST BETWEEN 25TH AVE AND 26TH AVE,,,0,Unknown,,0,0,0,0,0,0,0,2004/12/17 00:00:00+00,12/17/2004,Driveway Junction,28,MOTOR VEHICLE RAN OFF ROAD - HIT FIXED OBJECT,,,,,,,4352028,,,,0,0,N
1260886.335,245215.6687,4934,18942,18942,4075031,Unmatched,Block,,14TH AVE NW BETWEEN NW 45TH ST AND NW 46TH ST,,,0,Unknown,,0,0,0,0,0,0,0,2004/03/15 00:00:00+00,3/15/2004,Mid-Block (not related to intersection),11,"MOTOR VEHICLE STRUCK MOTOR VEHICLE, FRONT END AT ANGLE",,,,,,,4075031,,,,0,0,N
1262877.341,211357.4066,4935,19433,19433,1795178,Matched,Block,,DELRIDGE WAY SW BETWEEN DELRIDGE-W SEATTLE BR EB ON RP AND SW ANDOVER ST,,,2,Injury Collision,Rear Ended,5,0,0,2,1,0,0,2004/09/03 00:00:00+00,9/3/2004,Mid-Block (but intersection related),16,"MOTOR VEHICLE STRUCK MOTOR VEHICLE, LEFT SIDE SIDESWIPE",,0,Overcast,Dry,Dark - Street Lights On,,4247005,,14,From same direction - both going straight - one stopped - rear-end,0,0,N
1270670.338,224423.0934,4936,18025,18025,1777767,Matched,Intersection,29953,4TH AVE AND MARION ST,,,1,Property Damage Only Collision,Angles,5,0,0,3,0,0,0,2004/01/17 00:00:00+00,1/17/2004 13:06,At Intersection (intersection related),11,"MOTOR VEHICLE STRUCK MOTOR VEHICLE, FRONT END AT ANGLE",,0,Clear,Dry,Daylight,,4017003,,10,Entering at angle,0,0,N
1278269.684,220700.624,4937,18367,18367,1789512,Matched,Intersection,30639,24TH AVE S AND S DEARBORN ST,,,2,Injury Collision,Angles,2,0,0,2,1,0,0,2004/01/18 00:00:00+00,1/18/2004 13:41,At Intersection (intersection related),11,"MOTOR VEHICLE STRUCK MOTOR VEHICLE, FRONT END AT ANGLE",,0,Overcast,Dry,Daylight,,4018016,,10,Entering at angle,0,0,N
1266681.754,244509.1424,4938,17972,17972,1794754,Matched,Intersection,26939,FREMONT AVE N AND N 44TH ST,,,1,Property Damage Only Collision,Angles,3,0,0,2,0,0,0,2004/11/22 00:00:00+00,11/22/2004 14:51,At Intersection (intersection related),11,"MOTOR VEHICLE STRUCK MOTOR VEHICLE, FRONT END AT ANGLE",Y,0,Clear,Dry,Daylight,,4327026,,10,Entering at angle,0,0,N
1280299.504,223441.6118,4939,18492,18492,1216873,Matched,Block,,E SPRUCE ST BETWEEN 30TH S AVE AND 31ST AVE,,,1,Property Damage Only Collision,Parked Car,2,0,0,2,0,0,0,2004/07/26 00:00:00+00,7/26/2004 8:29,Mid-Block (not related to intersection),11,"MOTOR VEHICLE STRUCK MOTOR VEHICLE, FRONT END AT ANGLE",,0,Clear,Dry,Daylight,,4208003,,32,One parked--one moving,0,0,N
1266773.448,228243.8284,4940,18948,18948,1482320,Matched,Block,,2ND AVE BETWEEN WALL ST AND VINE ST,,,1,Property Damage Only Collision,Parked Car,2,0,0,2,0,0,0,2004/05/26 00:00:00+00,5/26/2004 7:18,Mid-Block (not related to intersection),13,"MOTOR VEHICLE STRUCK MOTOR VEHICLE, LEFT SIDE AT ANGLE",,0,Overcast,Wet,Daylight,,4147013,,32,One parked--one moving,0,0,N
1270041.754,242777.2292,4941,18838,18838,1220402,Matched,Intersection,26842,WALLINGFORD AVE N AND N 40TH ST,,,2,Injury Collision,Angles,4,0,0,2,1,0,0,2004/08/07 00:00:00+00,8/7/2004,At Intersection (intersection related),11,"MOTOR VEHICLE STRUCK MOTOR VEHICLE, FRONT END AT ANGLE",,0,Clear,Dry,Daylight,,4220017,,10,Entering at angle,0,0,N
1281654.943,202920.858,4942,18070,18070,1771518,Matched,Block,,M L KING JR WR WAY S BETWEEN S RAYMOND ST AND S GRAHAM ST,,,2,Injury Collision,Rear Ended,4,0,0,3,4,0,0,2004/07/24 00:00:00+00,7/24/2004 13:43,Mid-Block (not related to intersection),14,"MOTOR VEHICLE STRUCK MOTOR VEHICLE, REAR END",Y,0,Clear,Dry,Daylight,,4206019,,14,From same direction - both going straight - one stopped - rear-end,0,0,N
1270275.262,226354.0821,4943,18122,18122,1784926,Matched,Block,,6TH AVE BETWEEN UNION ST AND PIKE ST,,,1,Property Damage Only Collision,Parked Car,2,0,0,2,0,0,0,2004/09/17 00:00:00+00,9/17/2004 10:00,Mid-Block (not related to intersection),15,"MOTOR VEHICLE STRUCK MOTOR VEHICLE, RIGHT SIDE SIDESWIPE",Y,0,Clear,Dry,Daylight,,4261052,,32,One parked--one moving,0,0,N
1265482.736,239670.6336,4944,18589,18589,1068144,Unmatched,Intersection,28049,FLORENTIA ST AND WARREN AVE N,,,0,Unknown,,0,0,0,0,0,0,0,2004/12/30 00:00:00+00,12/30/2004,At Intersection (intersection related),11,"MOTOR VEHICLE STRUCK MOTOR VEHICLE, FRONT END AT ANGLE",,,,,,,4365003,,,,0,0,N
1275723.474,250834.1869,4945,18904,18904,1779821,Matched,Block,,NE 68TH ST BETWEEN 12TH AVE NE AND 15TH N AVE NE,,,1,Property Damage Only Collision,Parked Car,2,0,0,2,0,0,0,2004/06/09 00:00:00+00,6/9/2004,Mid-Block (not related to intersection),12,"MOTOR VEHICLE STRUCK MOTOR VEHICLE, RIGHT SIDE AT ANGLE",,0,Unknown,Unknown,Unknown,,4161011,,32,One parked--one moving,0,0,N
1275795.866,230849.3774,4946,18039,18039,1216817,Matched,Block,,E REPUBLICAN ST BETWEEN 15TH N AVE E AND 16TH AVE E,,,1,Property Damage Only Collision,Parked Car,2,0,0,2,0,0,0,2004/07/15 00:00:00+00,7/15/2004 2:00,Mid-Block (not related to intersection),11,"MOTOR VEHICLE STRUCK MOTOR VEHICLE, FRONT END AT ANGLE",,0,Unknown,Unknown,Unknown,,4197024,,32,One parked--one moving,0,0,N
1256897.12,208545.7642,4947,18560,18560,1476172,Unmatched,Intersection,31916,CALIFORNIA AVE SW AND SW ALASKA ST,,,0,Unknown,,0,0,0,0,0,0,0,2004/12/27 00:00:00+00,12/27/2004,At Intersection (intersection related),11,"MOTOR VEHICLE STRUCK MOTOR VEHICLE, FRONT END AT ANGLE",,,,,,,4362032,,,,0,0,N
1258210.837,208519.652,4948,18014,18014,1333995,Matched,Intersection,31920,FAUNTLEROY WAY SW AND SW ALASKA ST,,,2,Injury Collision,Other,1,0,0,1,1,0,0,2004/07/10 00:00:00+00,7/10/2004 9:00,At Intersection (intersection related),29,MOTOR VEHICLE OVERTURNED IN ROAD,,0,Clear,Oil,Daylight,,4192003,,52,Vehicle overturned,0,0,N
1261292.18,252691.9023,4949,18359,18359,1319739,Matched,Block,,13TH AVE NW BETWEEN NW 73RD ST AND NW 75TH ST,,,1,Property Damage Only Collision,Parked Car,2,0,0,2,0,0,0,2004/04/13 00:00:00+00,4/13/2004 21:00,Mid-Block (not related to intersection),14,"MOTOR VEHICLE STRUCK MOTOR VEHICLE, REAR END",,0,Unknown,Unknown,Unknown,,4104001,,32,One parked--one moving,0,0,N
1271630.17,226908.8299,4950,18238,18238,1216577,Matched,Block,,UNION ST BETWEEN TERRY AVE AND BOREN AVE,,,1,Property Damage Only Collision,Parked Car,2,0,0,2,0,0,0,2004/05/28 00:00:00+00,5/28/2004 11:25,Mid-Block (not related to intersection),16,"MOTOR VEHICLE STRUCK MOTOR VEHICLE, LEFT SIDE SIDESWIPE",,0,Clear,Dry,Daylight,,4149052,,32,One parked--one moving,0,0,N
1269938.67,225659.2309,4951,18935,18935,4041030,Unmatched,Block,,4TH AVE BETWEEN UNIVERSITY ST AND UNION ST,,,0,Unknown,,0,0,0,0,0,0,0,2004/02/10 00:00:00+00,2/10/2004,Mid-Block (not related to intersection),14,"MOTOR VEHICLE STRUCK MOTOR VEHICLE, REAR END",,,,,,,4041030,,,,0,0,N
1270133.372,223750.0333,4952,18526,18526,1777005,Matched,Block,,COLUMBIA ST BETWEEN 1ST AVE AND 2ND AVE,,,1,Property Damage Only Collision,Other,2,0,0,2,0,0,0,2004/01/30 00:00:00+00,1/30/2004 13:40,Mid-Block (not related to intersection),11,"MOTOR VEHICLE STRUCK MOTOR VEHICLE, FRONT END AT ANGLE",,0,Clear,Dry,Daylight,,4030034,,23,From same direction - all others,0,0,N
1260223.177,245629.7259,4953,18118,18118,1773848,Matched,Intersection,25188,BALLARD BR ON RP AND NW BALLARD WAY,,,2,Injury Collision,Cycles,2,0,1,1,1,0,0,2004/08/11 00:00:00+00,8/11/2004 11:41,At Intersection (intersection related),18,"MOTOR VEHICLE STRUCK PEDALCYCLIST, FRONT END AT ANGLE",,0,Clear,Dry,Daylight,,4224045,,45,Vehicle - Pedalcyclist,0,0,N
1260375.701,251367.2702,4954,18882,18882,1328921,Matched,Block,,MARY AVE NW BETWEEN NW 67TH ST AND NW 70TH W ST,,,1,Property Damage Only Collision,Parked Car,2,0,0,2,0,0,0,2004/05/20 00:00:00+00,5/20/2004 4:00,Mid-Block (not related to intersection),14,"MOTOR VEHICLE STRUCK MOTOR VEHICLE, REAR END",,0,Unknown,Unknown,Unknown,,4141017,,32,One parked--one moving,0,0,N
1263973.403,231567.3128,4955,18754,18754,C632001,Matched,Block,,W MERCER ST BETWEEN 2ND AVE W AND 3RD AVE W,,,1,Property Damage Only Collision,Rear Ended,2,0,0,2,0,0,0,2004/03/17 00:00:00+00,3/17/2004 7:10,Mid-Block (but intersection related),14,"MOTOR VEHICLE STRUCK MOTOR VEHICLE, REAR END",,0,Raining,Wet,Daylight,,4077040,,14,From same direction - both going straight - one stopped - rear-end,0,0,N
1279221.858,244543.5238,4956,19289,19289,1778617,Matched,Block,,NE 45TH ST RP BETWEEN MONTLAKE BLVD NE AND NE 45TH ST,,,2,Injury Collision,Rear Ended,6,0,0,4,4,0,0,2004/10/05 00:00:00+00,10/5/2004,Mid-Block (but intersection related),14,"MOTOR VEHICLE STRUCK MOTOR VEHICLE, REAR END",,0,Raining,Wet,Dark - Street Lights On,,4279028,Y,13,From same direction - both going straight - both moving - rear-end,0,0,N
1264422.446,230227.0875,4957,18169,18169,1775622,Matched,Intersection,28659,1ST AVE W AND W THOMAS ST,,,1,Property Damage Only Collision,Angles,2,0,0,2,0,0,0,2004/06/08 00:00:00+00,6/8/2004,At Intersection (intersection related),11,"MOTOR VEHICLE STRUCK MOTOR VEHICLE, FRONT END AT ANGLE",,0,Clear,Dry,Daylight,,4160003,,10,Entering at angle,0,0,N
1279295.323,244632.1437,4958,18553,18553,1780773,Matched,Block,,NE 45TH ST BETWEEN NE 45TH ST RP AND MONTLAKE BLVD NE,,,1,Property Damage Only Collision,Sideswipe,2,0,0,2,0,0,0,2004/03/25 00:00:00+00,3/25/2004 14:01,Mid-Block (but intersection related),16,"MOTOR VEHICLE STRUCK MOTOR VEHICLE, LEFT SIDE SIDESWIPE",,0,Raining,Wet,Daylight,,4085012,,11,From same direction - both going straight - both moving - sideswipe,0,0,N
1267920.181,228504.5669,4959,18001,18001,4290058,Unmatched,Block,,5TH AVE BETWEEN BELL ST AND BATTERY ST,,,0,Unknown,,0,0,0,0,0,0,0,2004/10/16 00:00:00+00,10/16/2004,Mid-Block (not related to intersection),16,"MOTOR VEHICLE STRUCK MOTOR VEHICLE, LEFT SIDE SIDESWIPE",,,,,,,4290058,,,,0,0,N
1263723.41,206577.8031,4960,19020,19020,1795691,Matched,Block,,SW DAWSON ST BETWEEN 18TH AVE SW AND 21ST AVE SW,,,3,Fatality Collision,Other,3,0,0,2,0,0,1,2004/10/13 00:00:00+00,10/13/2004 17:42,Mid-Block (not related to intersection),11,"MOTOR VEHICLE STRUCK MOTOR VEHICLE, FRONT END AT ANGLE",,0,Clear,Dry,Daylight,,4287018,,52,Vehicle overturned,0,0,N
1270583.695,223305.2346,4961,18483,18483,C650762,Matched,Intersection,30482,2ND AVE AND JAMES ST,,,2,Injury Collision,Angles,2,0,0,2,1,0,0,2004/12/10 00:00:00+00,12/10/2004 8:15,At Intersection (intersection related),11,"MOTOR VEHICLE STRUCK MOTOR VEHICLE, FRONT END AT ANGLE",,0,Overcast,Wet,Daylight,,4345076,,10,Entering at angle,0,0,N
1270819.937,206275.3679,4962,18557,18557,1795406,Matched,Block,,S DAWSON ST BETWEEN 3RD AVE S AND 4TH AVE S,,,1,Property Damage Only Collision,Other,1,0,0,1,0,0,0,2004/11/30 00:00:00+00,11/30/2004 13:30,Mid-Block (but intersection related),28,MOTOR VEHICLE RAN OFF ROAD - HIT FIXED OBJECT,,0,Raining,Wet,Daylight,,4335035,,50,Fixed object,0,0,N
1267314.138,260066.2131,4963,18445,18445,1212324,Matched,Block,,N 102ND ST BETWEEN FREMONT AVE N AND LINDEN AVE N,,,1,Property Damage Only Collision,Parked Car,2,0,0,2,0,0,0,2004/03/18 00:00:00+00,3/18/2004 11:59,Mid-Block (not related to intersection),12,"MOTOR VEHICLE STRUCK MOTOR VEHICLE, RIGHT SIDE AT ANGLE",,0,Unknown,Unknown,Unknown,,4078017,,32,One parked--one moving,0,0,N
1263864.118,260218.401,4964,18077,18077,1782060,Matched,Block,,NW 100TH PL BETWEEN 4TH AVE NW AND 6TH AVE NW,,,1,Property Damage Only Collision,Other,1,0,0,1,0,0,0,2004/09/13 00:00:00+00,9/13/2004 13:51,Mid-Block (not related to intersection),48,DRIVERLESS VEHICLE RAN OFF ROAD - HIT FIXED OBJECT,,0,Raining,Wet,Daylight,,4257020,,50,Fixed object,0,0,N
1274213.232,227535.8215,4965,18239,18239,1216860,Matched,Intersection,29747,11TH AVE AND E PIKE ST,,,1,Property Damage Only Collision,Rear Ended,2,0,0,2,0,0,0,2004/07/09 00:00:00+00,7/9/2004,At Intersection (intersection related),14,"MOTOR VEHICLE STRUCK MOTOR VEHICLE, REAR END",Y,0,Overcast,Wet,Daylight,,4191037,,14,From same direction - both going straight - one stopped - rear-end,0,0,N
1272228.081,224634.2809,4966,18934,18934,1789876_1,Unmatched,Block,,CHERRY ST BETWEEN 8TH AVE AND 9TH AVE,,,0,Unknown,,0,0,0,0,0,0,0,2004/02/02 00:00:00+00,2/2/2004,Mid-Block (not related to intersection),14,"MOTOR VEHICLE STRUCK MOTOR VEHICLE, REAR END",,,,,,,4033008,,,,0,0,N
1275975.32,246596.3773,4967,18524,18524,1776532,Matched,Block,,NE 52ND ST BETWEEN UNIVERSITY WAY NE AND 15TH AVE NE,,,1,Property Damage Only Collision,Other,1,0,0,1,0,0,0,2004/10/02 00:00:00+00,10/2/2004,Mid-Block (not related to intersection),28,MOTOR VEHICLE RAN OFF ROAD - HIT FIXED OBJECT,,1,Clear,Dry,Dark - Street Lights On,,4276006,,50,Fixed object,0,0,N
1253974.769,237403.4755,4968,18261,18261,1776184,Matched,Block,,34TH AVE W BETWEEN W MCGRAW ST AND W SMITH S ST,,,1,Property Damage Only Collision,Parked Car,2,0,0,2,0,0,0,2004/03/12 00:00:00+00,3/12/2004 19:57,Mid-Block (not related to intersection),11,"MOTOR VEHICLE STRUCK MOTOR VEHICLE, FRONT END AT ANGLE",,0,Clear,Dry,Dark - Street Lights On,,4072001,,32,One parked--one moving,0,0,N
1274871.113,217256.1102,4969,19029,19029,1771665,Matched,Block,,14TH AVE S BETWEEN S HOLGATE ST AND S PLUM ST,,,1,Property Damage Only Collision,Other,2,0,0,2,0,0,0,2004/03/31 00:00:00+00,3/31/2004 18:03,Mid-Block (not related to intersection),28,MOTOR VEHICLE RAN OFF ROAD - HIT FIXED OBJECT,,0,Overcast,Dry,Daylight,,4091003,,50,Fixed object,0,0,N
1259025.397,242425.0937,4970,18752,18752,4047036,Unmatched,Block,,W EMERSON PL BETWEEN W EMERSON ST AND FISHERMAN TERM DR,,,0,Unknown,,0,0,0,0,0,0,0,2004/02/16 00:00:00+00,2/16/2004,Mid-Block (but intersection related),14,"MOTOR VEHICLE STRUCK MOTOR VEHICLE, REAR END",,,,,,,4047036,,,,0,0,N
1256905.205,249930.5167,4971,18317,18317,1219813,Matched,Intersection,25196,26TH AVE NW AND NW 63RD ST,,,1,Property Damage Only Collision,Angles,2,0,0,2,0,0,0,2004/11/07 00:00:00+00,11/7/2004,At Intersection (intersection related),11,"MOTOR VEHICLE STRUCK MOTOR VEHICLE, FRONT END AT ANGLE",,0,Clear,Dry,Daylight,,4312009,,10,Entering at angle,0,0,N
1271012.916,228739.9853,4972,18845,18845,1777183,Matched,Block,,MINOR AVE BETWEEN HOWELL ST AND STEWART ST,,,1,Property Damage Only Collision,Parked Car,2,0,0,2,0,0,0,2004/03/22 00:00:00+00,3/22/2004 11:28,Mid-Block (not related to intersection),11,"MOTOR VEHICLE STRUCK MOTOR VEHICLE, FRONT END AT ANGLE",,0,Clear,Dry,Daylight,,4082009,,20,One car leaving parked position,0,0,N
1271306.24,219129.9337,4973,18199,18199,C647042,Matched,Block,,4TH AVE SB ON RP BETWEEN 4TH AVE S AND EDGAR MARTINEZ DR S,,,2,Injury Collision,Rear Ended,3,0,0,2,1,0,0,2004/08/04 00:00:00+00,8/4/2004,Mid-Block (but intersection related),14,"MOTOR VEHICLE STRUCK MOTOR VEHICLE, REAR END",,0,Clear,Dry,Dark - Street Lights On,,4217040,,14,From same direction - both going straight - one stopped - rear-end,0,0,N
1274615.235,261995.6508,4974,18003,18003,1316880,Matched,Block,,NE NORTHGATE WAY BETWEEN 8TH AVE NE AND ROOSEVELT WAY NE,,,1,Property Damage Only Collision,Other,3,0,0,2,0,0,0,2004/05/11 00:00:00+00,5/11/2004 9:20,Driveway Junction,11,"MOTOR VEHICLE STRUCK MOTOR VEHICLE, FRONT END AT ANGLE",,0,Clear,Dry,Daylight,,4132027,,22,One car leaving driveway access,0,0,N
1268832.918,242520.8026,4975,18573,18573,1220171,Matched,Block,,INTERLAKE AVE N BETWEEN N 39TH ST AND N 40TH ST,,,1,Property Damage Only Collision,Parked Car,2,0,0,2,0,0,0,2004/09/14 00:00:00+00,9/14/2004 12:30,Mid-Block (not related to intersection),13,"MOTOR VEHICLE STRUCK MOTOR VEHICLE, LEFT SIDE AT ANGLE",,0,Snowing,Unknown,Unknown,,4258027,,32,One parked--one moving,0,0,N
1268264.919,226668.3762,4976,18920,18920,1795489,Unmatched,Block,,VIRGINIA ST BETWEEN 1ST AVE AND 2ND AVE,,,0,Unknown,,0,0,0,0,0,0,0,2004/10/25 00:00:00+00,10/25/2004,Mid-Block (not related to intersection),11,"MOTOR VEHICLE STRUCK MOTOR VEHICLE, FRONT END AT ANGLE",,,,,,,4299036,,,,0,0,N
1268264.538,256343.3136,4977,18052,18052,1080308,Matched,Intersection,37353,AURORA AVE N AND N 88TH N ST,,,1,Property Damage Only Collision,Left Turn,3,0,0,2,0,0,0,2004/07/24 00:00:00+00,7/24/2004 13:55,At Intersection (intersection related),11,"MOTOR VEHICLE STRUCK MOTOR VEHICLE, FRONT END AT ANGLE",,0,Clear,Dry,Daylight,,4206008,,28,From opposite direction - one left turn - one straight,0,0,N
1257584.507,210221.6092,4978,18399,18399,1790403,Matched,Block,,41ST AVE SW BETWEEN SW DAKOTA ST AND DEAD END 2,,,1,Property Damage Only Collision,Parked Car,2,0,0,2,0,0,0,2004/04/29 00:00:00+00,4/29/2004 0:01,Mid-Block (not related to intersection),13,"MOTOR VEHICLE STRUCK MOTOR VEHICLE, LEFT SIDE AT ANGLE",,0,Clear,Dry,Unknown,,4120020,,32,One parked--one moving,0,0,N
1275004.069,209214.3873,4979,18507,18507,1793643,Matched,Block,,15TH AVE S BETWEEN S COLUMBIAN S WAY AND S OREGON ST,,,2,Injury Collision,Rear Ended,2,0,0,2,1,0,0,2004/09/16 00:00:00+00,9/16/2004 18:23,Mid-Block (not related to intersection),14,"MOTOR VEHICLE STRUCK MOTOR VEHICLE, REAR END",,0,Raining,Wet,Daylight,,4260005,,14,From same direction - both going straight - one stopped - rear-end,0,0,N
1278836.525,244087.2692,4980,18160,18160,1930779,Unmatched,Block,,MONTLAKE BLVD NE BETWEEN 25TH AVE NE AND NE 44TH ST,,,0,Unknown,,0,0,0,0,0,0,0,2004/12/07 00:00:00+00,12/7/2004,Mid-Block (not related to intersection),14,"MOTOR VEHICLE STRUCK MOTOR VEHICLE, REAR END",,,,,,,4342023,,,,0,0,N