X,Y,OBJECTID,INCKEY,COLDETKEY,REPORTNO,STATUS,ADDRTYPE,INTKEY,LOCATION,EXCEPTRSNCODE,EXCEPTRSNDESC,SEVERITYCODE,SEVERITYDESC,COLLISIONTYPE,PERSONCOUNT,PEDCOUNT,PEDCYLCOUNT,VEHCOUNT,INJURIES,SERIOUSINJURIES,FATALITIES,INCDATE,INCDTTM,JUNCTIONTYPE,SDOT_COLCODE,SDOT_COLDESC,INATTENTIONIND,UNDERINFL,WEATHER,ROADCOND,LIGHTCOND,PEDROWNOTGRNT,SDOTCOLNUM,SPEEDING,ST_COLCODE,ST_COLDESC,SEGLANEKEY,CROSSWALKKEY,HITPARKEDCAR
1268417.745,270777.7341,4981,17961,17961,1931314,Matched,Intersection,35721,AURORA AVE N AND N 143RD ST,,,2,Injury Collision,Angles,2,0,0,2,1,0,0,2004/12/18 00:00:00+00,12/18/2004 18:49,At Intersection (intersection related),11,"MOTOR VEHICLE STRUCK MOTOR VEHICLE, FRONT END AT ANGLE",,0,Overcast,Dry,Dark - Street Lights On,,4353041,,10,Entering at angle,0,0,N
1272038.371,215069.5484,4982,18817,18817,4016031,Unmatched,Intersection,31368,6TH AVE S AND S LANDER ST,,,0,Unknown,,0,0,0,0,0,0,0,2004/01/16 00:00:00+00,1/16/2004,At Intersection (intersection related),11,"MOTOR VEHICLE STRUCK MOTOR VEHICLE, FRONT END AT ANGLE",,,,,,,4016031,,,,0,0,N
1270194.928,198446.5007,4983,18544,18544,1789377,Matched,Intersection,34281,WEST MARGINAL WAY S AND S HOLDEN ST,,,2,Injury Collision,Angles,5,0,0,3,3,0,0,2004/08/25 00:00:00+00,8/25/2004 18:50,At Intersection (intersection related),11,"MOTOR VEHICLE STRUCK MOTOR VEHICLE, FRONT END AT ANGLE",,1,Raining,Wet,Daylight,,4238007,,10,Entering at angle,0,0,N
1277462.677,240464.8688,4984,17937,17937,1794039,Matched,Intersection,27302,UNIV HOSPITAL DR AND NE PACIFIC ST,,,2,Injury Collision,Other,3,0,0,2,1,0,0,2004/07/26 00:00:00+00,7/26/2004 14:52,At Intersection (intersection related),11,"MOTOR VEHICLE STRUCK MOTOR VEHICLE, FRONT END AT ANGLE",,0,Clear,Dry,Daylight,,4208026,,21,One car entering driveway access,0,0,N
1278233.074,201861.769,4985,18566,18566,1793528,Matched,Block,,BEACON WR AVE S BETWEEN S MORGAN S ST AND S WARSAW ST,,,1,Property Damage Only Collision,Parked Car,2,0,0,2,0,0,0,2004/08/15 00:00:00+00,8/15/2004 1:25,Mid-Block (not related to intersection),14,"MOTOR VEHICLE STRUCK MOTOR VEHICLE, REAR END",,0,Clear,Dry,Dark - Street Lights On,,4228019,,32,One parked--one moving,0,0,N
1283718.173,195501.5674,4986,18772,18772,1771385,Matched,Block,,RENTON AVE S BETWEEN S CAMANO PL AND S CLOVERDALE ST,,,1,Property Damage Only Collision,Rear Ended,3,0,0,2,0,0,0,2004/03/26 00:00:00+00,3/26/2004 9:34,Mid-Block (but intersection related),14,"MOTOR VEHICLE STRUCK MOTOR VEHICLE, REAR END",,0,Raining,Wet,Daylight,,4086029,Y,14,From same direction - both going straight - one stopped - rear-end,0,0,N
1272591.982,225916.3104,4987,17921,17921,1790333,Matched,Block,,MADISON ST BETWEEN BOREN AVE AND MINOR AVE,,,1,Property Damage Only Collision,Rear Ended,2,0,0,2,0,0,0,2004/05/21 00:00:00+00,5/21/2004 9:10,Mid-Block (but intersection related),14,"MOTOR VEHICLE STRUCK MOTOR VEHICLE, REAR END",,0,Overcast,Dry,Daylight,,4142028,,14,From same direction - both going straight - one stopped - rear-end,0,0,N
1283764.281,204399.4415,4988,19281,19281,C650752,Matched,Intersection,33512,RAINIER AVE S AND S ORCAS ST,,,1,Property Damage Only Collision,Left Turn,2,0,0,2,0,0,0,2004/12/09 00:00:00+00,12/9/2004,At Intersection (intersection related),16,"MOTOR VEHICLE STRUCK MOTOR VEHICLE, LEFT SIDE SIDESWIPE",,0,Raining,Wet,Dusk,,4344067,,15,From same direction - one left turn - one straight,0,0,N
1273723.977,231256.9938,4989,18438,18438,1789805,Matched,Block,,E MERCER ST BETWEEN BROADWAY E AND 10TH AVE E,,,1,Property Damage Only Collision,Other,5,0,0,2,0,0,0,2004/01/02 00:00:00+00,1/2/2004,Driveway Junction,11,"MOTOR VEHICLE STRUCK MOTOR VEHICLE, FRONT END AT ANGLE",,0,Raining,Wet,Dark - Street Lights On,,4002061,,21,One car entering driveway access,0,0,N
1279503.514,221793.3063,4990,18368,18368,1789513,Matched,Block,,28TH AVE S BETWEEN S JACKSON ST AND S KING ST,,,1,Property Damage Only Collision,Parked Car,2,0,0,2,0,0,0,2004/02/11 00:00:00+00,2/11/2004 18:30,Mid-Block (not related to intersection),14,"MOTOR VEHICLE STRUCK MOTOR VEHICLE, REAR END",,0,Clear,Dry,Dark - Street Lights On,,4042025,,32,One parked--one moving,0,0,N
1279435.283,199187.7748,4991,17974,17974,1793253,Matched,Block,,S OTHELLO ST BETWEEN MILITARY RD S AND BEACON WR AVE S,,,1,Property Damage Only Collision,Rear Ended,4,0,0,2,0,0,0,2004/06/20 00:00:00+00,6/20/2004 18:28,Mid-Block (not related to intersection),14,"MOTOR VEHICLE STRUCK MOTOR VEHICLE, REAR END",,0,Clear,Dry,Daylight,,4172007,,13,From same direction - both going straight - both moving - rear-end,0,0,N
1266172.334,241393.8349,4992,18491,18491,4164051,Unmatched,Block,,N 36TH ST BETWEEN DAYTON AVE N AND FREMONT PL N,,,0,Unknown,,0,0,0,0,0,0,0,2004/06/12 00:00:00+00,6/12/2004,Mid-Block (not related to intersection),16,"MOTOR VEHICLE STRUCK MOTOR VEHICLE, LEFT SIDE SIDESWIPE",,,,,,,4164051,,,,0,0,N
1273152.408,240212.1008,4993,18514,18514,1216826,Matched,Intersection,27278,EASTLAKE AVE E AND E ALLISON ST,,,1,Property Damage Only Collision,Parked Car,2,0,0,2,0,0,0,2004/06/29 00:00:00+00,6/29/2004 7:30,At Intersection (intersection related),11,"MOTOR VEHICLE STRUCK MOTOR VEHICLE, FRONT END AT ANGLE",,0,Clear,Dry,Daylight,,4181004,,20,One car leaving parked position,0,0,N
1260299.988,255380.6178,4994,18835,18835,4128061,Unmatched,Block,,15TH AVE NW BETWEEN NW 83RD ST AND NW 85TH ST,,,0,Unknown,,0,0,0,0,0,0,0,2004/05/07 00:00:00+00,5/7/2004,Mid-Block (but intersection related),11,"MOTOR VEHICLE STRUCK MOTOR VEHICLE, FRONT END AT ANGLE",,,,,,,4128061,,,,0,0,N
1280604.452,265408.2417,4995,18127,18127,1782323,Matched,Block,,31ST AVE NE BETWEEN NE 123RD ST AND LAKE CITY WAY NE,,,1,Property Damage Only Collision,Parked Car,2,0,0,2,0,0,0,2004/07/01 00:00:00+00,7/1/2004,Driveway Junction,13,"MOTOR VEHICLE STRUCK MOTOR VEHICLE, LEFT SIDE AT ANGLE",,0,Clear,Dry,Dark - Street Lights On,,4183035,,32,One parked--one moving,0,0,N
1282891.68,257935.2579,4996,18741,18741,1931030,Unmatched,Block,,40TH AVE NE BETWEEN NE 95TH ST AND NE 96TH ST,,,0,Unknown,,0,0,0,0,0,0,0,2004/11/21 00:00:00+00,11/21/2004,Mid-Block (but intersection related),28,MOTOR VEHICLE RAN OFF ROAD - HIT FIXED OBJECT,,,,,,,4326023,,,,0,0,N
1277505.873,205740.1233,4997,18765,18765,1772829,Matched,Block,,BEACON WR AVE S BETWEEN S BENNETT ST AND S BRANDON ST,,,1,Property Damage Only Collision,Parked Car,2,0,0,2,0,0,0,2004/04/17 00:00:00+00,4/17/2004 9:08,Mid-Block (not related to intersection),16,"MOTOR VEHICLE STRUCK MOTOR VEHICLE, LEFT SIDE SIDESWIPE",Y,0,Clear,Dry,Daylight,,4108033,,32,One parked--one moving,0,0,N
1273448.483,230431.5358,4998,17910,17910,1198269,Matched,Block,,E HARRISON ST BETWEEN HARVARD AVE E AND BROADWAY E,,,1,Property Damage Only Collision,Parked Car,2,0,0,2,0,0,0,2004/10/31 00:00:00+00,10/31/2004 11:59,Mid-Block (not related to intersection),13,"MOTOR VEHICLE STRUCK MOTOR VEHICLE, LEFT SIDE AT ANGLE",,0,Overcast,Dry,Dark - No Street Lights,,4305034,,32,One parked--one moving,0,0,N
1278016.847,252618.9813,4999,18698,18698,1794826,Matched,Block,,NE 75TH ST BETWEEN 21ST AVE NE AND RAVENNA AVE NE,,,1,Property Damage Only Collision,Rear Ended,2,0,0,2,0,0,0,2004/09/16 00:00:00+00,9/16/2004 16:51,Mid-Block (not related to intersection),14,"MOTOR VEHICLE STRUCK MOTOR VEHICLE, REAR END",,0,Raining,Wet,Daylight,,4260032,,13,From same direction - both going straight - both moving - rear-end,0,0,N
1269605.468,224326.1767,5000,18152,18152,1482656,Matched,Block,,1ST AVE BETWEEN MADISON ST AND SPRING ST,,,1,Property Damage Only Collision,Parked Car,2,0,0,2,0,0,0,2004/04/30 00:00:00+00,4/30/2004 12:55,Mid-Block (not related to intersection),16,"MOTOR VEHICLE STRUCK MOTOR VEHICLE, LEFT SIDE SIDESWIPE",,0,Clear,Dry,Daylight,,4121025,,32,One parked--one moving,0,0,N
1278586.197,246941.4907,5001,18357,18357,4302065,Unmatched,Block,,24TH AVE NE BETWEEN RAVENNA PL NE AND NE 54TH ST,,,0,Unknown,,0,0,0,0,0,0,0,2004/10/28 00:00:00+00,10/28/2004,Mid-Block (but intersection related),14,"MOTOR VEHICLE STRUCK MOTOR VEHICLE, REAR END",,,,,,,4302065,,,,0,0,N
1269257.508,226494.0784,5002,18101,18101,1181465,Matched,Block,,PINE ST BETWEEN 3RD AVE AND 4TH AVE,,,1,Property Damage Only Collision,Rear Ended,6,0,0,2,0,0,0,2004/05/16 00:00:00+00,5/16/2004 13:45,Mid-Block (not related to intersection),14,"MOTOR VEHICLE STRUCK MOTOR VEHICLE, REAR END",,0,Overcast,Dry,Daylight,,4137022,,13,From same direction - both going straight - both moving - rear-end,0,0,N
1266871.907,245205.6351,5003,18629,18629,1782390,Matched,Block,,N 46TH ST BETWEEN FREMONT AVE N AND LINDEN AVE N,,,2,Injury Collision,Other,2,0,0,2,1,0,0,2004/07/13 00:00:00+00,7/13/2004 9:22,Driveway Junction,11,"MOTOR VEHICLE STRUCK MOTOR VEHICLE, FRONT END AT ANGLE",Y,0,Clear,Dry,Daylight,,4195017,,22,One car leaving driveway access,0,0,N
1263598.711,193790.2706,5004,18827,18827,1797932,Unmatched,Intersection,34886,DELRIDGE WAY SW AND SW BARTON ST,,,0,Unknown,,0,0,0,0,0,0,0,2004/10/22 00:00:00+00,10/22/2004,At Intersection (intersection related),11,"MOTOR VEHICLE STRUCK MOTOR VEHICLE, FRONT END AT ANGLE",,,,,,,4296019,,,,0,0,N
1260375.283,192539.4177,5005,18406,18406,1795202,Matched,Intersection,34961,30TH AVE SW AND SW ROXBURY ST,,,2,Injury Collision,Left Turn,2,0,0,2,1,0,0,2004/10/05 00:00:00+00,10/5/2004,At Intersection (intersection related),11,"MOTOR VEHICLE STRUCK MOTOR VEHICLE, FRONT END AT ANGLE",,0,Raining,Wet,Dusk,,4279063,,28,From opposite direction - one left turn - one straight,0,0,N
1281690.839,202940.0082,5006,18731,18731,1783903,Matched,Block,,M L KING JR ER WAY S BETWEEN 37TH AVE S AND S GRAHAM ST,,,1,Property Damage Only Collision,Other,3,0,0,2,0,0,0,2004/11/02 00:00:00+00,11/2/2004,Driveway Junction,11,"MOTOR VEHICLE STRUCK MOTOR VEHICLE, FRONT END AT ANGLE",Y,0,Clear,Dry,Dark - Street Lights On,,4307044,,22,One car leaving driveway access,0,0,N
1267417.829,227003.6438,5007,18895,18895,1777502,Matched,Block,,BLANCHARD ST BETWEEN WESTERN AVE AND 1ST AVE,,,1,Property Damage Only Collision,Parked Car,2,0,0,2,0,0,0,2004/02/11 00:00:00+00,2/11/2004 21:43,Mid-Block (not related to intersection),13,"MOTOR VEHICLE STRUCK MOTOR VEHICLE, LEFT SIDE AT ANGLE",,0,Clear,Dry,Dark - Street Lights On,,4042027,,32,One parked--one moving,0,0,N
1271136.029,227111.4017,5008,19148,19148,1772614,Matched,Block,,PIKE ST BETWEEN CONVENTION PL AND TERRY AVE,,,2,Injury Collision,Rear Ended,6,0,0,3,4,0,0,2004/06/01 00:00:00+00,6/1/2004,Mid-Block (but intersection related),14,"MOTOR VEHICLE STRUCK MOTOR VEHICLE, REAR END",,0,Clear,Dry,Dark - Street Lights On,,4153030,,13,From same direction - both going straight - both moving - rear-end,0,0,N
1273416.125,229670.3703,5009,18315,18315,1217328,Matched,Block,,E OLIVE WAY BETWEEN HARVARD AVE E AND BROADWAY E,,,1,Property Damage Only Collision,Rear Ended,2,0,0,2,0,0,0,2004/08/17 00:00:00+00,8/17/2004 15:33,Mid-Block (not related to intersection),14,"MOTOR VEHICLE STRUCK MOTOR VEHICLE, REAR END",Y,0,Clear,Dry,Daylight,,4230029,,13,From same direction - both going straight - both moving - rear-end,0,0,N
1270046.963,225476.367,5010,18982,18982,1482701,Matched,Intersection,29931,4TH AVE AND UNIVERSITY ST,,,1,Property Damage Only Collision,Sideswipe,2,0,0,2,0,0,0,2004/05/06 00:00:00+00,5/6/2004,At Intersection (intersection related),16,"MOTOR VEHICLE STRUCK MOTOR VEHICLE, LEFT SIDE SIDESWIPE",,0,Clear,Dry,Daylight,,4127005,,71,Same direction -- both turning right -- both moving -- sideswipe,0,0,N
1285474.795,199305.1338,5011,18006,18006,1787875,Matched,Block,,RAINIER AVE S BETWEEN S GARDEN ST AND S OTHELLO ST,,,1,Property Damage Only Collision,Other,3,0,0,2,0,0,0,2004/01/02 00:00:00+00,1/2/2004,Mid-Block (but intersection related),14,"MOTOR VEHICLE STRUCK MOTOR VEHICLE, REAR END",,0,Raining,Wet,Dark - Street Lights On,,4002048,,23,From same direction - all others,0,0,N
1260921.586,205783.0511,5012,18873,18873,1790706,Matched,Block,,SW BRANDON ST BETWEEN 29TH AVE SW AND 30TH AVE SW,,,1,Property Damage Only Collision,Other,3,0,0,1,0,0,0,2004/07/07 00:00:00+00,7/7/2004,Mid-Block (but intersection related),28,MOTOR VEHICLE RAN OFF ROAD - HIT FIXED OBJECT,,0,Clear,Dry,Dusk,,4189016,Y,50,Fixed object,0,0,N
1274504.183,225212.4613,5013,18923,18923,1789825,Matched,Block,,12TH AVE BETWEEN E JAMES CT AND E CHERRY ST,,,1,Property Damage Only Collision,Rear Ended,2,0,0,2,0,0,0,2004/04/05 00:00:00+00,4/5/2004,Mid-Block (but intersection related),14,"MOTOR VEHICLE STRUCK MOTOR VEHICLE, REAR END",Y,0,Clear,Dry,Daylight,,4096005,,14,From same direction - both going straight - one stopped - rear-end,0,0,N
1267940.244,256879.5124,5014,17924,17924,1796930,Unmatched,Block,,N 90TH ST BETWEEN LINDEN AVE N AND AURORA AVE N,,,0,Unknown,,0,0,0,0,0,0,0,2004/11/01 00:00:00+00,11/1/2004,Driveway Junction,11,"MOTOR VEHICLE STRUCK MOTOR VEHICLE, FRONT END AT ANGLE",,,,,,,4306028,,,,0,0,N
1274375.689,222599.8457,5015,17985,17985,1772011,Matched,Block,,12TH AVE S BETWEEN BOREN AVE S AND 12TH AVE S TURN RD,,,2,Injury Collision,Rear Ended,3,0,0,2,1,0,0,2004/07/22 00:00:00+00,7/22/2004 7:50,Mid-Block (not related to intersection),14,"MOTOR VEHICLE STRUCK MOTOR VEHICLE, REAR END",,0,Clear,Dry,Daylight,,4204022,,13,From same direction - both going straight - both moving - rear-end,0,0,N
1266475.272,241135.5021,5016,18652,18652,1774637,Matched,Block,,FREMONT PL N BETWEEN FREMONT AVE N AND N 36TH ST,,,2,Injury Collision,Rear Ended,3,0,0,2,1,0,0,2004/02/02 00:00:00+00,2/2/2004,Mid-Block (not related to intersection),14,"MOTOR VEHICLE STRUCK MOTOR VEHICLE, REAR END",,0,Overcast,Dry,Dark - Street Lights On,,4033017,,14,From same direction - both going straight - one stopped - rear-end,0,0,N
1264414.544,212161.3676,5017,19429,19429,1798456,Matched,Block,,WEST MARGINAL WAY SW BETWEEN WEST MARGINAL TURN RD AND MARGINAL PL SW,,,1,Property Damage Only Collision,Rear Ended,3,0,0,2,0,0,0,2004/09/18 00:00:00+00,9/18/2004 16:56,Mid-Block (not related to intersection),14,"MOTOR VEHICLE STRUCK MOTOR VEHICLE, REAR END",,0,Raining,Wet,Daylight,,4262014,Y,13,From same direction - both going straight - both moving - rear-end,0,0,N
,,5018,18311,18311,1779361,Matched,Intersection,31489,RAINIER AVE S AND S STEVENS ST,,,1,Property Damage Only Collision,Left Turn,2,0,0,2,0,0,0,2004/02/27 00:00:00+00,2/27/2004 16:54,At Intersection (intersection related),11,"MOTOR VEHICLE STRUCK MOTOR VEHICLE, FRONT END AT ANGLE",,0,Clear,Dry,Daylight,,4058004,,28,From opposite direction - one left turn - one straight,0,0,N
1277681.07,216861.8426,5019,18371,18371,1771856,Matched,Block,,RAINIER AVE S BETWEEN S PLUM ST AND 23RD AVE S,,,1,Property Damage Only Collision,Rear Ended,2,0,0,2,0,0,0,2004/05/03 00:00:00+00,5/3/2004,Mid-Block (not related to intersection),14,"MOTOR VEHICLE STRUCK MOTOR VEHICLE, REAR END",,0,Clear,Dry,Daylight,,4124009,,14,From same direction - both going straight - one stopped - rear-end,0,0,N
1262091.132,253340.5313,5020,18388,18388,1220409,Matched,Block,,10TH AVE NW BETWEEN NW 75TH ST AND NW 77TH ST,,,1,Property Damage Only Collision,Parked Car,2,0,0,2,0,0,0,2004/09/01 00:00:00+00,9/1/2004,Mid-Block (but intersection related),13,"MOTOR VEHICLE STRUCK MOTOR VEHICLE, LEFT SIDE AT ANGLE",,0,Unknown,Unknown,Dark - No Street Lights,,4245029,,32,One parked--one moving,0,0,N
1268869.187,235793.7428,5021,18950,18950,1482437,Matched,Intersection,28021,NEWTON ST AND WESTLAKE AVE N,,,2,Injury Collision,Angles,2,0,0,2,1,0,0,2004/05/12 00:00:00+00,5/12/2004 19:10,At Intersection (intersection related),11,"MOTOR VEHICLE STRUCK MOTOR VEHICLE, FRONT END AT ANGLE",,0,Clear,Dry,Daylight,,4133002,,10,Entering at angle,0,0,N
1276748.51,224593.9194,5022,18833,18833,1472872,Matched,Intersection,30191,19TH AVE AND E JEFFERSON ST,,,1,Property Damage Only Collision,Angles,3,0,0,2,0,0,0,2004/04/14 00:00:00+00,4/14/2004 11:44,At Intersection (intersection related),11,"MOTOR VEHICLE STRUCK MOTOR VEHICLE, FRONT END AT ANGLE",Y,0,Clear,Dry,Daylight,,4105040,,10,Entering at angle,0,0,N
1289201.161,191889.4117,5023,18203,18203,1784055,Unmatched,Block,,RAINIER AVE S BETWEEN S KEPPLER ST AND S PILGRIM ST,,,0,Unknown,,0,0,0,0,0,0,0,2004/12/11 00:00:00+00,12/11/2004,Mid-Block (not related to intersection),28,MOTOR VEHICLE RAN OFF ROAD - HIT FIXED OBJECT,,,,,,,4346002,,,,0,0,N
1274541.573,226847.3077,5024,18718,18718,1772463,Matched,Block,,12TH AVE BETWEEN E SPRING ST AND E MADISON ST,,,1,Property Damage Only Collision,Rear Ended,2,0,0,2,0,0,0,2004/06/18 00:00:00+00,6/18/2004 21:30,Mid-Block (but intersection related),14,"MOTOR VEHICLE STRUCK MOTOR VEHICLE, REAR END",,0,Clear,Dry,Dark - Street Lights On,,4170037,,14,From same direction - both going straight - one stopped - rear-end,0,0,N
,,5025,18590,18590,1477565,Matched,,,,NEI,"Not Enough Information, or Insufficient Location Information",2,Injury Collision,Pedestrian,2,1,0,1,1,0,0,2004/01/20 00:00:00+00,1/20/2004 14:00,,0,NOT ENOUGH INFORMATION / NOT APPLICABLE,,0,Clear,Dry,Daylight,Y,4020009,,0,Vehicle going straight hits pedestrian,0,0,N
1258481.367,195895.0802,5026,18918,18918,1795332,Unmatched,Block,,37TH AVE SW BETWEEN SW TILLMAN ST AND SW CLOVERDALE ST,,,0,Unknown,,0,0,0,0,0,0,0,2004/11/23 00:00:00+00,11/23/2004,Mid-Block (but intersection related),28,MOTOR VEHICLE RAN OFF ROAD - HIT FIXED OBJECT,,,,,,,4328024,,,,0,0,N
1272369.152,220603.7226,5027,18337,18337,1069709,Matched,Intersection,30546,MAYNARD AVE S AND S CHARLES ST,,,1,Property Damage Only Collision,Left Turn,3,0,0,2,0,0,0,2004/11/15 00:00:00+00,11/15/2004 17:13,At Intersection (intersection related),11,"MOTOR VEHICLE STRUCK MOTOR VEHICLE, FRONT END AT ANGLE",,0,Raining,Wet,Dark - Street Lights On,,4320033,,15,From same direction - one left turn - one straight,0,0,N
1261211.262,210304.4648,5028,18559,18559,1476170,Matched,Block,,SW ADAMS ST BETWEEN 28TH AVE SW AND 30TH AVE SW,,,1,Property Damage Only Collision,Parked Car,2,0,0,2,0,0,0,2004/11/03 00:00:00+00,11/3/2004,Mid-Block (not related to intersection),16,"MOTOR VEHICLE STRUCK MOTOR VEHICLE, LEFT SIDE SIDESWIPE",,0,Clear,Dry,Dark - Street Lights On,,4308016,,32,One parked--one moving,0,0,N
1269593.624,256502.8193,5029,17923,17923,1796677,Unmatched,Block,,ASHWORTH AVE N BETWEEN N 88TH ST AND N 90TH ST,,,0,Unknown,,0,0,0,0,0,0,0,2004/12/09 00:00:00+00,12/9/2004,Mid-Block (but intersection related),26,MOTOR VEHICLE STRUCK OBJECT IN ROAD,,,,,,,4344001,,,,0,0,N
1280620.725,205289.3431,5030,17982,17982,1771920,Matched,Intersection,33597,33RD AVE S AND S BRANDON ST,,,1,Property Damage Only Collision,Angles,2,0,0,2,0,0,0,2004/11/10 00:00:00+00,11/10/2004 20:43,At Intersection (intersection related),11,"MOTOR VEHICLE STRUCK MOTOR VEHICLE, FRONT END AT ANGLE",,0,Clear,Dry,Dark - Street Lights On,,4315005,,10,Entering at angle,0,0,N
1268738.621,206663.1267,5031,18646,18646,1197980,Matched,Block,,EAST MARGINAL WAY S BETWEEN S HUDSON ST AND S DAWSON ST,,,2,Injury Collision,Rear Ended,3,0,0,3,1,0,0,2004/12/09 00:00:00+00,12/9/2004,Mid-Block (but intersection related),14,"MOTOR VEHICLE STRUCK MOTOR VEHICLE, REAR END",,0,Raining,Wet,Dark - Street Lights On,,4344018,,13,From same direction - both going straight - both moving - rear-end,0,0,N
1271943.089,227578.6208,5032,19574,19574,1772026,Matched,Block,,E PIKE ST BETWEEN MELROSE AVE AND BELLEVUE AVE,,,1,Property Damage Only Collision,Parked Car,2,0,0,2,0,0,0,2004/03/19 00:00:00+00,3/19/2004 9:54,Mid-Block (but intersection related),11,"MOTOR VEHICLE STRUCK MOTOR VEHICLE, FRONT END AT ANGLE",,0,Clear,Dry,Daylight,,4079037,,20,One car leaving parked position,0,0,N
1273223.434,271325.8708,5033,18159,18159,1903609,Matched,Intersection,166204,145TH ST ON RP AND NE 145TH ST,,,1,Property Damage Only Collision,Left Turn,2,0,0,2,0,0,0,2004/12/06 00:00:00+00,12/6/2004,At Intersection (intersection related),11,"MOTOR VEHICLE STRUCK MOTOR VEHICLE, FRONT END AT ANGLE",,0,Raining,Wet,Dark - Street Lights On,,4341001,,28,From opposite direction - one left turn - one straight,0,0,N
1269713.589,229239.7548,5034,18088,18088,1069458,Matched,Block,,DENNY WAY BETWEEN TERRY AVE AND BOREN AVE N,,,1,Property Damage Only Collision,Rear Ended,2,0,0,2,0,0,0,2004/11/22 00:00:00+00,11/22/2004 17:45,Mid-Block (but intersection related),14,"MOTOR VEHICLE STRUCK MOTOR VEHICLE, REAR END",,0,Overcast,Dry,Dark - Street Lights On,,4327021,,13,From same direction - both going straight - both moving - rear-end,0,0,N
1269514.377,244880.823,5035,18964,18964,1773376,Matched,Intersection,26790,WOODLAWN AVE N AND N 45TH E ST,,,1,Property Damage Only Collision,Angles,2,0,0,2,0,0,0,2004/02/06 00:00:00+00,2/6/2004,At Intersection (intersection related),11,"MOTOR VEHICLE STRUCK MOTOR VEHICLE, FRONT END AT ANGLE",,0,Clear,Dry,Daylight,,4037033,,10,Entering at angle,0,0,N
1270751.225,229634.7873,5036,18538,18538,1475121,Matched,Block,,JOHN ST BETWEEN MINOR AVE N AND PONTIUS E AVE N,,,1,Property Damage Only Collision,Parked Car,2,0,0,2,0,0,0,2004/06/03 00:00:00+00,6/3/2004,Driveway Junction,13,"MOTOR VEHICLE STRUCK MOTOR VEHICLE, LEFT SIDE AT ANGLE",,0,Clear,Dry,Daylight,,4155024,,32,One parked--one moving,0,0,N
1278343.333,262083.124,5037,18207,18207,1792002,Unmatched,Block,,NE NORTHGATE WAY BETWEEN 23RD AVE NE AND 24TH AVE NE,,,0,Unknown,,0,0,0,0,0,0,0,2004/12/28 00:00:00+00,12/28/2004,Mid-Block (not related to intersection),28,MOTOR VEHICLE RAN OFF ROAD - HIT FIXED OBJECT,,,,,,,4363024,,,,0,0,N
1277442.412,228779.9328,5038,18716,18716,1772257,Matched,Block,,E MADISON ST BETWEEN 20TH AVE AND E DENNY WAY,,,2,Injury Collision,Pedestrian,2,1,0,1,1,0,0,2004/04/19 00:00:00+00,4/19/2004 0:15,Mid-Block (not related to intersection),24,MOTOR VEHCILE STRUCK PEDESTRIAN,Y,0,Overcast,Wet,Dark - Street Lights On,,4110040,,4,Vehicle hits Pedestrian - All Other Actions,0,0,N
1285401.134,191150.9768,5039,18771,18771,1771381,Matched,Block,,51ST AVE S BETWEEN S PILGRIM ST AND S BOND ST,,,2,Injury Collision,Rear Ended,4,0,0,3,2,0,0,2004/01/31 00:00:00+00,1/31/2004 10:47,Mid-Block (not related to intersection),14,"MOTOR VEHICLE STRUCK MOTOR VEHICLE, REAR END",,0,Overcast,Wet,Daylight,,4031033,,14,From same direction - both going straight - one stopped - rear-end,0,0,N
1270704.835,223732.7548,5040,17920,17920,1790176,Matched,Intersection,30481,3RD AVE AND CHERRY ST,,,2,Injury Collision,Pedestrian,2,1,0,1,1,0,0,2004/03/04 00:00:00+00,3/4/2004,At Intersection (intersection related),24,MOTOR VEHCILE STRUCK PEDESTRIAN,Y,0,Unknown,Unknown,Daylight,,4064028,,1,Vehicle turning right hits pedestrian,0,0,N
1271692.215,223960.6673,5041,18851,18851,1777407,Matched,Intersection,29973,6TH AVE AND JAMES ST,,,1,Property Damage Only Collision,Left Turn,2,0,0,2,0,0,0,2004/02/26 00:00:00+00,2/26/2004 13:55,At Intersection (intersection related),11,"MOTOR VEHICLE STRUCK MOTOR VEHICLE, FRONT END AT ANGLE",,0,Clear,Dry,Daylight,,4057023,,28,From opposite direction - one left turn - one straight,0,0,N
1269040.813,267445.871,5042,18021,18021,1793801,Matched,Intersection,35762,STONE AVE N AND N 130TH ST,,,1,Property Damage Only Collision,Left Turn,4,0,0,2,0,0,0,2004/07/28 00:00:00+00,7/28/2004 12:50,At Intersection (intersection related),11,"MOTOR VEHICLE STRUCK MOTOR VEHICLE, FRONT END AT ANGLE",,0,Clear,Dry,Daylight,,4210005,,28,From opposite direction - one left turn - one straight,0,0,N
1260505.304,234236.7569,5043,18217,18217,1777809_2,Unmatched,Block,,W GALER ST FLYOVER BETWEEN ELLIOTT AVE W AND MAGNOLIA BR WB,,,0,Unknown,,0,0,0,0,0,0,0,2004/01/02 00:00:00+00,1/2/2004,Mid-Block (not related to intersection),26,MOTOR VEHICLE STRUCK OBJECT IN ROAD,,,,,,,4002019,,,,0,0,N