X,Y,OBJECTID,INCKEY,COLDETKEY,REPORTNO,STATUS,ADDRTYPE,INTKEY,LOCATION,EXCEPTRSNCODE,EXCEPTRSNDESC,SEVERITYCODE,SEVERITYDESC,COLLISIONTYPE,PERSONCOUNT,PEDCOUNT,PEDCYLCOUNT,VEHCOUNT,INJURIES,SERIOUSINJURIES,FATALITIES,INCDATE,INCDTTM,JUNCTIONTYPE,SDOT_COLCODE,SDOT_COLDESC,INATTENTIONIND,UNDERINFL,WEATHER,ROADCOND,LIGHTCOND,PEDROWNOTGRNT,SDOTCOLNUM,SPEEDING,ST_COLCODE,ST_COLDESC,SEGLANEKEY,CROSSWALKKEY,HITPARKEDCAR
1269196.973,225963.1713,5044,17964,17964,1186613,Matched,Block,,PIKE ST BETWEEN 2ND AVE AND 3RD AVE,,,1,Property Damage Only Collision,Sideswipe,3,0,0,2,0,0,0,2004/12/05 00:00:00+00,12/5/2004,Mid-Block (but intersection related),16,"MOTOR VEHICLE STRUCK MOTOR VEHICLE, LEFT SIDE SIDESWIPE",,0,Clear,Wet,Dark - Street Lights On,,4340035,,81,Same direction -- both turning left -- both moving -- sideswipe,0,0,N
1282117.275,222472.293,5045,18498,18498,1788294,Matched,Block,,LAKESIDE AVE S BETWEEN E YESLER WAY AND S LESCHI PL,,,1,Property Damage Only Collision,Parked Car,2,0,0,2,0,0,0,2004/05/20 00:00:00+00,5/20/2004 20:02,Mid-Block (not related to intersection),11,"MOTOR VEHICLE STRUCK MOTOR VEHICLE, FRONT END AT ANGLE",,0,Clear,Dry,Daylight,,4141032,,32,One parked--one moving,0,0,N
1274912.915,256844.5011,5046,18813,18813,4007034,Unmatched,Block,,ROOSEVELT WAY NE BETWEEN NE 90TH ST AND NE 91ST ST,,,0,Unknown,,0,0,0,0,0,0,0,2004/01/07 00:00:00+00,1/7/2004,Driveway Junction,11,"MOTOR VEHICLE STRUCK MOTOR VEHICLE, FRONT END AT ANGLE",,,,,,,4007034,,,,0,0,N
1273109.463,253961.0915,5047,18532,18532,4307060,Unmatched,Block,,BANNER WAY NE BETWEEN 4TH AVE NE AND NE 80TH ST,,,0,Unknown,,0,0,0,0,0,0,0,2004/11/02 00:00:00+00,11/2/2004,Mid-Block (but intersection related),11,"MOTOR VEHICLE STRUCK MOTOR VEHICLE, FRONT END AT ANGLE",,,,,,,4307060,,,,0,0,N
1257506.266,248596.4105,5048,18270,18270,1773642,Matched,Intersection,25132,24TH AVE NW AND NW 58TH ST,,,1,Property Damage Only Collision,Left Turn,2,0,0,2,0,0,0,2004/05/08 00:00:00+00,5/8/2004,At Intersection (intersection related),11,"MOTOR VEHICLE STRUCK MOTOR VEHICLE, FRONT END AT ANGLE",,0,Raining,Wet,Daylight,,4129013,,28,From opposite direction - one left turn - one straight,0,0,N
1279500.591,202004.8012,5049,18585,18585,1771511,Matched,Intersection,34298,SHAFFER AVE S AND S MORGAN ST,,,1,Property Damage Only Collision,Angles,2,0,0,2,0,0,0,2004/05/28 00:00:00+00,5/28/2004 14:24,At Intersection (intersection related),11,"MOTOR VEHICLE STRUCK MOTOR VEHICLE, FRONT END AT ANGLE",,0,Raining,Wet,Daylight,,4149042,,10,Entering at angle,0,0,N
1282634.807,202533.6808,5050,18466,18466,1786496,Matched,Block,,S GRAHAM ST BETWEEN 39TH AVE S AND 42ND AVE S,,,1,Property Damage Only Collision,Other,2,0,0,2,0,0,0,2004/03/04 00:00:00+00,3/4/2004,Mid-Block (not related to intersection),11,"MOTOR VEHICLE STRUCK MOTOR VEHICLE, FRONT END AT ANGLE",,0,Clear,Wet,Dusk,,4064029,,23,From same direction - all others,0,0,N
1277638.948,202782.4826,5051,18182,18182,1786054,Matched,Intersection,33402,24TH AVE S AND S GRAHAM ST,,,2,Injury Collision,Left Turn,3,0,0,2,2,0,0,2004/04/20 00:00:00+00,4/20/2004 18:02,At Intersection (intersection related),11,"MOTOR VEHICLE STRUCK MOTOR VEHICLE, FRONT END AT ANGLE",,0,Clear,Dry,Daylight,,4111002,,28,From opposite direction - one left turn - one straight,0,0,N
1278410.901,244660.1467,5052,18694,18694,1780450,Matched,Block,,NE 45TH ST BETWEEN 21ST AVE NE AND NE 45TH ST RP,,,1,Property Damage Only Collision,Rear Ended,2,0,0,2,0,0,0,2004/08/31 00:00:00+00,8/31/2004 17:30,Mid-Block (not related to intersection),14,"MOTOR VEHICLE STRUCK MOTOR VEHICLE, REAR END",,0,Overcast,Unknown,Daylight,,4244032,,14,From same direction - both going straight - one stopped - rear-end,0,0,N
1273939.133,260024.7533,5053,18148,18148,1785093,Unmatched,Block,,NE 103RD ST BETWEEN 5TH AVE NE AND 8TH AVE NE,,,0,Unknown,,0,0,0,0,0,0,0,2004/11/05 00:00:00+00,11/5/2004,Mid-Block (not related to intersection),11,"MOTOR VEHICLE STRUCK MOTOR VEHICLE, FRONT END AT ANGLE",,,,,,,4310008,,,,0,0,N
1273818.7,233525.0057,5054,19016,19016,1376633,Matched,Intersection,28951,10TH AVE E AND E HIGHLAND DR,,,2,Injury Collision,Angles,2,0,0,2,1,0,0,2004/05/08 00:00:00+00,5/8/2004,At Intersection (intersection related),11,"MOTOR VEHICLE STRUCK MOTOR VEHICLE, FRONT END AT ANGLE",,0,Clear,Dry,Daylight,,4129024,,10,Entering at angle,0,0,N
1267526.478,227123.1643,5055,18784,18784,1213481,Matched,Intersection,29703,1ST AVE AND BLANCHARD ST,,,2,Injury Collision,Left Turn,2,0,0,2,1,0,0,2004/08/13 00:00:00+00,8/13/2004 12:03,At Intersection (intersection related),11,"MOTOR VEHICLE STRUCK MOTOR VEHICLE, FRONT END AT ANGLE",,0,Clear,Dry,Daylight,,4226016,,28,From opposite direction - one left turn - one straight,0,0,N
1267756.66,271122.9419,5056,18965,18965,1773377,Matched,Block,,LINDEN AVE N BETWEEN N 143RD ST AND N 145TH ST,,,1,Property Damage Only Collision,Parked Car,3,0,0,2,0,0,0,2004/02/06 00:00:00+00,2/6/2004,Mid-Block (but intersection related),14,"MOTOR VEHICLE STRUCK MOTOR VEHICLE, REAR END",,0,Overcast,Sand/Mud/Dirt,Daylight,,4037023,Y,32,One parked--one moving,0,0,N
1271170.432,228596.6279,5057,18114,18114,1482460,Unmatched,Intersection,29850,HOWELL ST AND MINOR AVE,,,0,Unknown,,0,0,0,0,0,0,0,2004/12/10 00:00:00+00,12/10/2004,At Intersection (intersection related),11,"MOTOR VEHICLE STRUCK MOTOR VEHICLE, FRONT END AT ANGLE",,,,,,,4345027,,,,0,0,N
1276287.191,231056.7148,5058,18733,18733,1788466,Matched,Block,,17TH AVE E BETWEEN E REPUBLICAN N ST AND E MERCER ST,,,1,Property Damage Only Collision,Parked Car,2,0,0,2,0,0,0,2004/06/25 00:00:00+00,6/25/2004 15:20,Mid-Block (but intersection related),16,"MOTOR VEHICLE STRUCK MOTOR VEHICLE, LEFT SIDE SIDESWIPE",,0,Clear,Dry,Daylight,,4177031,,32,One parked--one moving,0,0,N
1259688.132,250405.2221,5059,18458,18458,1781949,Matched,Intersection,23952,17TH AVE NW AND NW 65TH ST,,,1,Property Damage Only Collision,Angles,2,0,0,2,0,0,0,2004/11/09 00:00:00+00,11/9/2004,At Intersection (intersection related),11,"MOTOR VEHICLE STRUCK MOTOR VEHICLE, FRONT END AT ANGLE",,0,Overcast,Dry,Daylight,,4314021,,10,Entering at angle,0,0,N
1283008.321,192630.8134,5060,19287,19287,1474220,Matched,Block,,M L KING JR WR WAY S BETWEEN BEACON AVE S AND MERTON WAY S,,,2b,Serious Injury Collision,Rear Ended,5,0,0,2,1,1,0,2004/03/26 00:00:00+00,3/26/2004 15:50,Mid-Block (not related to intersection),14,"MOTOR VEHICLE STRUCK MOTOR VEHICLE, REAR END",,0,Overcast,Wet,Daylight,,4086033,,14,From same direction - both going straight - one stopped - rear-end,0,0,N
1270786.681,221835.396,5061,18320,18320,1776486,Matched,Intersection,30520,2ND AVE S AND S KING ST,,,1,Property Damage Only Collision,Rear Ended,2,0,0,2,0,0,0,2004/06/27 00:00:00+00,6/27/2004 2:51,At Intersection (but not related to intersection),14,"MOTOR VEHICLE STRUCK MOTOR VEHICLE, REAR END",,0,Clear,Dry,Dark - Street Lights On,,4179035,,14,From same direction - both going straight - one stopped - rear-end,0,0,N
1275733.766,222366.5801,5062,18978,18978,1074771,Matched,Intersection,30740,16TH AVE S AND S MAIN ST,,,1,Property Damage Only Collision,Angles,2,0,0,2,0,0,0,2004/04/04 00:00:00+00,4/4/2004,At Intersection (intersection related),11,"MOTOR VEHICLE STRUCK MOTOR VEHICLE, FRONT END AT ANGLE",,0,Clear,Dry,Daylight,,4095014,,10,Entering at angle,0,0,N
1271841.615,228927.101,5063,18145,18145,C649700,Matched,Block,,MELROSE AVE BETWEEN E OLIVE PL AND E DENNY WAY,,,1,Property Damage Only Collision,Other,2,0,0,2,0,0,0,2004/12/02 00:00:00+00,12/2/2004,Driveway Junction,11,"MOTOR VEHICLE STRUCK MOTOR VEHICLE, FRONT END AT ANGLE",,0,Unknown,Unknown,Unknown,,4337032,,22,One car leaving driveway access,0,0,N
1264883.351,229363.6142,5064,19006,19006,1060130,Matched,Block,,DENNY WAY BETWEEN QUEEN ANNE AVE N AND 1ST AVE,,,2,Injury Collision,Rear Ended,3,0,0,3,1,0,0,2004/12/23 00:00:00+00,12/23/2004 13:44,Mid-Block (but intersection related),14,"MOTOR VEHICLE STRUCK MOTOR VEHICLE, REAR END",Y,0,Clear,Dry,Daylight,,4358033,,14,From same direction - both going straight - one stopped - rear-end,0,0,N
1285544.032,198160.5938,5065,18775,18775,1771504,Matched,Block,,RAINIER AVE S BETWEEN S AUSTIN ST AND S HOLDEN ST,,,1,Property Damage Only Collision,Sideswipe,3,0,0,2,0,0,0,2004/05/02 00:00:00+00,5/2/2004,Mid-Block (but intersection related),11,"MOTOR VEHICLE STRUCK MOTOR VEHICLE, FRONT END AT ANGLE",,0,Clear,Dry,Daylight,,4123009,,11,From same direction - both going straight - both moving - sideswipe,0,0,N
1269605.468,224326.1767,5066,18341,18341,1071221,Matched,Block,,1ST AVE BETWEEN MADISON ST AND SPRING ST,,,1,Property Damage Only Collision,Parked Car,2,0,0,2,0,0,0,2004/06/16 00:00:00+00,6/16/2004 10:56,Mid-Block (not related to intersection),11,"MOTOR VEHICLE STRUCK MOTOR VEHICLE, FRONT END AT ANGLE",,0,Clear,Dry,Daylight,,4168023,,32,One parked--one moving,0,0,N
1278969.213,214254.073,5067,17981,17981,1771857,Matched,Block,,RAINIER AVE S BETWEEN S MCCLELLAN ST AND S FOREST ST,,,1,Property Damage Only Collision,Rear Ended,2,0,0,2,0,0,0,2004/05/05 00:00:00+00,5/5/2004,Mid-Block (but intersection related),14,"MOTOR VEHICLE STRUCK MOTOR VEHICLE, REAR END",,0,Clear,Dry,Unknown,,4126010,,14,From same direction - both going straight - one stopped - rear-end,0,0,N
1265580.428,254545.8982,5068,18807,18807,1774075,Unmatched,Intersection,24281,GREENWOOD AVE N AND N 81ST ST,,,0,Unknown,,0,0,0,0,0,0,0,2004/12/02 00:00:00+00,12/2/2004,At Intersection (intersection related),11,"MOTOR VEHICLE STRUCK MOTOR VEHICLE, FRONT END AT ANGLE",,,,,,,4337011,,,,0,0,N
1270557.812,225245.6667,5069,19282,19282,1321789,Matched,Block,,5TH AVE BETWEEN SPRING ST AND SENECA ST,,,2,Injury Collision,Rear Ended,4,0,0,3,2,0,0,2004/08/22 00:00:00+00,8/22/2004 16:00,Driveway Junction,14,"MOTOR VEHICLE STRUCK MOTOR VEHICLE, REAR END",Y,0,Overcast,Dry,Daylight,,4235005,,13,From same direction - both going straight - both moving - rear-end,0,0,N
1268272.203,257003.2312,5070,18454,18454,1781813,Matched,Block,,AURORA AVE N BETWEEN N 90TH ST AND N 91ST ST,,,2,Injury Collision,Rear Ended,4,0,0,3,2,0,0,2004/07/30 00:00:00+00,7/30/2004 13:30,Mid-Block (not related to intersection),14,"MOTOR VEHICLE STRUCK MOTOR VEHICLE, REAR END",Y,0,Clear,Dry,Daylight,,4212039,,14,From same direction - both going straight - one stopped - rear-end,0,0,N
,,5071,18085,18085,1059977,Matched,Block,,ALASKAN WY VI NB BETWEEN S ROYAL BROUGHAM WAY ON RP AND SENECA ST OFF RP,,,2,Injury Collision,Other,1,0,0,1,1,0,0,2004/12/29 00:00:00+00,12/29/2004 15:20,Mid-Block (not related to intersection),29,MOTOR VEHICLE OVERTURNED IN ROAD,,0,Raining,Wet,Daylight,,4364035,,52,Vehicle overturned,0,0,N
1261737.846,192823.7605,5072,18241,18241,1775249,Matched,Block,,26TH AVE SW BETWEEN SW CAMBRIDGE ST AND SW ROXBURY ST,,,1,Property Damage Only Collision,Parked Car,2,0,0,2,0,0,0,2004/05/16 00:00:00+00,5/16/2004 2:30,Mid-Block (not related to intersection),16,"MOTOR VEHICLE STRUCK MOTOR VEHICLE, LEFT SIDE SIDESWIPE",,0,Overcast,Wet,Dark - Street Lights On,,4137023,,32,One parked--one moving,0,0,N
1274724.383,252707.9816,5073,18956,18956,1780021,Matched,Block,,NE 75TH ST BETWEEN 9TH AVE NE AND ROOSEVELT WAY NE,,,1,Property Damage Only Collision,Rear Ended,2,0,0,2,0,0,0,2004/03/29 00:00:00+00,3/29/2004 8:45,Mid-Block (not related to intersection),14,"MOTOR VEHICLE STRUCK MOTOR VEHICLE, REAR END",Y,0,Clear,Dry,Daylight,,4089020,,13,From same direction - both going straight - both moving - rear-end,0,0,N
1263696.184,212420.4422,5074,18831,18831,1781612,Matched,Block,,WEST MARGINAL WAY SW BETWEEN SW SPOKANE ST AND WEST MARGINAL TURN RD,,,1,Property Damage Only Collision,Sideswipe,4,0,0,2,0,0,0,2004/07/15 00:00:00+00,7/15/2004 13:00,Mid-Block (not related to intersection),16,"MOTOR VEHICLE STRUCK MOTOR VEHICLE, LEFT SIDE SIDESWIPE",,0,Clear,Dry,Daylight,,4197013,,11,From same direction - both going straight - both moving - sideswipe,0,0,N
1277015.602,222067.9451,5075,18210,18210,1786969,Matched,Intersection,30754,20TH AVE S AND S JACKSON ST,,,2,Injury Collision,Angles,2,0,0,2,1,0,0,2004/11/26 00:00:00+00,11/26/2004 7:03,At Intersection (intersection related),11,"MOTOR VEHICLE STRUCK MOTOR VEHICLE, FRONT END AT ANGLE",,0,Overcast,Dry,Daylight,,4331030,,10,Entering at angle,0,0,N
1262959.351,195138.9077,5076,18275,18275,4245034,Unmatched,Block,,SW TRENTON ST BETWEEN DELRIDGE WAY SW AND 22ND AVE SW,,,0,Unknown,,0,0,0,0,0,0,0,2004/09/01 00:00:00+00,9/1/2004,Driveway Junction,11,"MOTOR VEHICLE STRUCK MOTOR VEHICLE, FRONT END AT ANGLE",,,,,,,4245034,,,,0,0,N
1272835.115,223926.4017,5077,19038,19038,1788584,Matched,Block,,9TH AVE BETWEEN ALDER ST AND JEFFERSON ST,,,2,Injury Collision,Parked Car,2,0,0,2,1,0,0,2004/06/01 00:00:00+00,6/1/2004,Mid-Block (not related to intersection),14,"MOTOR VEHICLE STRUCK MOTOR VEHICLE, REAR END",Y,1,Clear,Dry,Dark - Street Lights On,,4153003,,32,One parked--one moving,0,0,N
1263140.837,195790.8205,5078,18473,18473,1481174,Matched,Intersection,34850,DELRIDGE WAY SW AND SW CLOVERDALE ST,,,1,Property Damage Only Collision,Angles,3,0,0,2,0,0,0,2004/05/14 00:00:00+00,5/14/2004 18:06,At Intersection (intersection related),11,"MOTOR VEHICLE STRUCK MOTOR VEHICLE, FRONT END AT ANGLE",,0,Clear,Dry,Daylight,,4135017,,10,Entering at angle,0,0,N
1277952.351,224827.5404,5079,18331,18331,1789990,Matched,Intersection,30186,23RD AVE AND E JAMES ST,,,2,Injury Collision,Left Turn,3,0,0,2,2,0,0,2004/04/01 00:00:00+00,4/1/2004,At Intersection (intersection related),11,"MOTOR VEHICLE STRUCK MOTOR VEHICLE, FRONT END AT ANGLE",,0,Clear,Dry,Daylight,,4092035,,28,From opposite direction - one left turn - one straight,0,0,N
1272018.169,236390.1319,5080,18706,18706,1216713,Matched,Block,,E BOSTON ST BETWEEN MINOR AVE E AND YALE AVE E,,,1,Property Damage Only Collision,Parked Car,2,0,0,2,0,0,0,2004/09/07 00:00:00+00,9/7/2004,Mid-Block (not related to intersection),15,"MOTOR VEHICLE STRUCK MOTOR VEHICLE, RIGHT SIDE SIDESWIPE",,0,Other,Dry,Other,,4251019,,32,One parked--one moving,0,0,N
1255726.219,241497.1977,5081,18297,18297,1213476,Matched,Intersection,26565,29TH AVE W AND W GROVER ST,,,1,Property Damage Only Collision,Angles,3,0,0,2,0,0,0,2004/02/18 00:00:00+00,2/18/2004 12:30,At Intersection (intersection related),11,"MOTOR VEHICLE STRUCK MOTOR VEHICLE, FRONT END AT ANGLE",,0,Clear,Dry,Daylight,,4049006,Y,10,Entering at angle,0,0,N
1265955.426,198355.5216,5082,18074,18074,1781293,Unmatched,Block,,11TH AVE SW BETWEEN SW HOLDEN ST AND SW PORTLAND ST,,,0,Unknown,,0,0,0,0,0,0,0,2004/10/12 00:00:00+00,10/12/2004,Mid-Block (not related to intersection),14,"MOTOR VEHICLE STRUCK MOTOR VEHICLE, REAR END",,,,,,,4286004,,,,0,0,N
1270060.183,243415.5225,5083,17969,17969,1780336,Matched,Block,,WALLINGFORD AVE N BETWEEN N 41ST ST AND N 42ND ST,,,1,Property Damage Only Collision,Parked Car,2,0,0,2,0,0,0,2004/01/04 00:00:00+00,1/4/2004,Mid-Block (not related to intersection),14,"MOTOR VEHICLE STRUCK MOTOR VEHICLE, REAR END",,0,Clear,Dry,Daylight,,4004005,,32,One parked--one moving,0,0,N
1272723.906,234482.455,5084,18485,18485,1327970,Matched,Block,,FRANKLIN AVE E BETWEEN E GALER ST AND E GARFIELD ST,,,1,Property Damage Only Collision,Parked Car,2,0,0,2,0,0,0,2004/02/10 00:00:00+00,2/10/2004 7:20,Mid-Block (not related to intersection),16,"MOTOR VEHICLE STRUCK MOTOR VEHICLE, LEFT SIDE SIDESWIPE",,0,Clear,Dry,Daylight,,4041016,,32,One parked--one moving,0,0,N
1268335.849,263076.5107,5085,18825,18825,1797169,Matched,Block,,AURORA AVE N BETWEEN N 112TH ST AND N 115TH ST,,,1,Property Damage Only Collision,Rear Ended,4,0,0,2,0,0,0,2004/11/16 00:00:00+00,11/16/2004 18:29,Mid-Block (but intersection related),14,"MOTOR VEHICLE STRUCK MOTOR VEHICLE, REAR END",Y,0,Overcast,Wet,Dark - Street Lights On,,4321012,,14,From same direction - both going straight - one stopped - rear-end,0,0,N
1272310.379,227168.9856,5086,18264,18264,1788091,Matched,Block,,E UNION ST BETWEEN CRAWFORD PL AND SUMMIT AVE,,,1,Property Damage Only Collision,Parked Car,2,0,0,2,0,0,0,2004/07/11 00:00:00+00,7/11/2004 14:00,Mid-Block (not related to intersection),11,"MOTOR VEHICLE STRUCK MOTOR VEHICLE, FRONT END AT ANGLE",,0,Clear,Dry,Daylight,,4193019,,32,One parked--one moving,0,0,N
1275995.754,242977.0527,5087,18887,18887,1079779,Matched,Block,,15TH AVE NE BETWEEN NE CAMPUS WB PY AND NE 41ST ST,,,2,Injury Collision,Rear Ended,7,0,0,3,3,0,0,2004/10/09 00:00:00+00,10/9/2004,Mid-Block (but intersection related),14,"MOTOR VEHICLE STRUCK MOTOR VEHICLE, REAR END",,0,Overcast,Wet,Daylight,,4283031,,14,From same direction - both going straight - one stopped - rear-end,0,0,N
1255621.159,255805.2367,5088,18903,18903,1779704,Matched,Intersection,37081,30TH AVE NW AND NW 85TH ST,,,1,Property Damage Only Collision,Parked Car,2,0,0,2,0,0,0,2004/01/06 00:00:00+00,1/6/2004,At Intersection (but not related to intersection),11,"MOTOR VEHICLE STRUCK MOTOR VEHICLE, FRONT END AT ANGLE",,0,Snowing,Snow/Slush,Dawn,,4006030,,32,One parked--one moving,0,0,N
1258554.124,246930.9634,5089,18328,18328,1773734,Matched,Intersection,25165,BALLARD AVE NW AND NW VERNON PL,,,1,Property Damage Only Collision,Angles,2,0,0,2,0,0,0,2004/02/15 00:00:00+00,2/15/2004 8:49,At Intersection (intersection related),11,"MOTOR VEHICLE STRUCK MOTOR VEHICLE, FRONT END AT ANGLE",,0,Raining,Wet,Daylight,,4046011,,10,Entering at angle,0,0,N
1268925.451,228027.408,5090,18846,18846,1777243,Matched,Intersection,29544,6TH AVE AND LENORA ST,,,2,Injury Collision,Angles,2,0,0,2,1,0,0,2004/11/30 00:00:00+00,11/30/2004 4:14,At Intersection (intersection related),11,"MOTOR VEHICLE STRUCK MOTOR VEHICLE, FRONT END AT ANGLE",,0,Raining,Wet,Dark - Street Lights On,,4335007,,10,Entering at angle,0,0,N
1281895.085,207163.46,5091,17932,17932,1772803,Matched,Intersection,33568,RAINIER AVE S AND S EDMUNDS ST,,,1,Property Damage Only Collision,Pedestrian,2,1,0,1,0,0,0,2004/05/19 00:00:00+00,5/19/2004 7:30,At Intersection (intersection related),24,MOTOR VEHCILE STRUCK PEDESTRIAN,,0,Clear,Dry,Daylight,,4140034,,0,Vehicle going straight hits pedestrian,0,0,N
1268890.208,225534.2326,5092,18013,18013,1333847,Matched,Block,,1ST AVE BETWEEN UNION ST AND PIKE ST,,,1,Property Damage Only Collision,Parked Car,2,0,0,2,0,0,0,2004/07/10 00:00:00+00,7/10/2004 20:23,Driveway Junction,14,"MOTOR VEHICLE STRUCK MOTOR VEHICLE, REAR END",,0,Unknown,Dry,Dusk,,4192009,,32,One parked--one moving,0,0,N
1263278.017,243759.5781,5093,18724,18724,1796903,Matched,Block,,LEARY WAY NW BETWEEN 6TH S AVE NW AND 6TH N AVE NW,,,1,Property Damage Only Collision,Parked Car,2,0,0,2,0,0,0,2004/11/02 00:00:00+00,11/2/2004,Mid-Block (not related to intersection),16,"MOTOR VEHICLE STRUCK MOTOR VEHICLE, LEFT SIDE SIDESWIPE",,0,Raining,Wet,Daylight,,4307014,,32,One parked--one moving,0,0,N
1271399.137,221166.1813,5094,18924,18924,1790003,Matched,Intersection,30538,4TH AVE S AND SEATTLE BLVD S,,,1,Property Damage Only Collision,Angles,2,0,0,2,0,0,0,2004/04/01 00:00:00+00,4/1/2004,At Intersection (intersection related),0,NOT ENOUGH INFORMATION / NOT APPLICABLE,,0,Clear,Dry,Daylight,,4092038,,10,Entering at angle,0,0,N
1282036.396,206718.9002,5095,18059,18059,1771835,Matched,Block,,RAINIER AVE S BETWEEN S FERDINAND ST AND S HUDSON ST,,,1,Property Damage Only Collision,Sideswipe,3,0,0,2,0,0,0,2004/07/12 00:00:00+00,7/12/2004 21:00,Mid-Block (not related to intersection),16,"MOTOR VEHICLE STRUCK MOTOR VEHICLE, LEFT SIDE SIDESWIPE",,0,Clear,Dry,Daylight,,4194030,,11,From same direction - both going straight - both moving - sideswipe,0,0,N
1272540.086,224107.3204,5096,18440,18440,1789855,Matched,Block,,JEFFERSON ST BETWEEN DEAD END 2 AND 9TH AVE,,,1,Property Damage Only Collision,Parked Car,2,0,0,2,0,0,0,2004/01/27 00:00:00+00,1/27/2004 14:00,Mid-Block (not related to intersection),16,"MOTOR VEHICLE STRUCK MOTOR VEHICLE, LEFT SIDE SIDESWIPE",,0,Clear,Dry,Daylight,,4027011,,32,One parked--one moving,0,0,N
1265347.354,197719.6768,5097,18358,18358,1317267,Matched,Intersection,34163,13TH AVE SW AND SW KENYON ST,,,1,Property Damage Only Collision,Angles,3,0,0,3,0,0,0,2004/03/26 00:00:00+00,3/26/2004 20:25,At Intersection (intersection related),11,"MOTOR VEHICLE STRUCK MOTOR VEHICLE, FRONT END AT ANGLE",,0,Overcast,Wet,Dark - Street Lights On,,4086014,,10,Entering at angle,0,0,N
1280304.947,244621.4339,5098,18099,18099,1794103,Matched,Block,,NE 45TH ST BETWEEN U VILLAGE DR AND NE 45TH PL,,,1,Property Damage Only Collision,Cycles,2,0,1,1,0,0,0,2004/08/30 00:00:00+00,8/30/2004 14:50,Driveway Junction,18,"MOTOR VEHICLE STRUCK PEDALCYCLIST, FRONT END AT ANGLE",,0,Clear,Dry,Daylight,Y,4243002,,45,Vehicle - Pedalcyclist,0,0,N
1262666.693,203788.9914,5099,18793,18793,1788933,Matched,Block,,DELRIDGE WAY SW BETWEEN SW JUNEAU ST AND 24TH AVE SW,,,2,Injury Collision,Rear Ended,5,0,0,2,4,0,0,2004/04/18 00:00:00+00,4/18/2004 10:29,Mid-Block (but intersection related),14,"MOTOR VEHICLE STRUCK MOTOR VEHICLE, REAR END",Y,0,Clear,Dry,Daylight,,4109019,,13,From same direction - both going straight - both moving - rear-end,0,0,N
1270160.216,222642.0016,5100,18829,18829,1777511,Matched,Block,,1ST AVE S BETWEEN S WASHINGTON ST AND S MAIN ST,,,2,Injury Collision,Parked Car,4,2,0,2,2,0,0,2004/05/22 00:00:00+00,5/22/2004 2:28,Mid-Block (not related to intersection),16,"MOTOR VEHICLE STRUCK MOTOR VEHICLE, LEFT SIDE SIDESWIPE",,0,Clear,Dry,Dark - Street Lights On,,4143005,,32,One parked--one moving,0,0,N
1259226.124,246489.136,5101,18269,18269,1773638,Matched,Block,,LEARY AVE NW BETWEEN NW DOCK PL AND NW IONE PL,,,1,Property Damage Only Collision,Head On,3,0,0,2,0,0,0,2004/03/27 00:00:00+00,3/27/2004 14:27,Mid-Block (not related to intersection),11,"MOTOR VEHICLE STRUCK MOTOR VEHICLE, FRONT END AT ANGLE",,0,Overcast,Dry,Daylight,,4087021,,30,From opposite direction - all others,0,0,N
1285320.889,195234.3692,5102,19033,19033,1793456,Unmatched,Block,,S CLOVERDALE ST BETWEEN 50TH AVE S AND RAINIER AVE S,,,0,Unknown,,0,0,0,0,0,0,0,2004/12/17 00:00:00+00,12/17/2004,Mid-Block (not related to intersection),28,MOTOR VEHICLE RAN OFF ROAD - HIT FIXED OBJECT,,,,,,,4352012,,,,0,0,N
1256884.192,208221.5059,5103,18464,18464,1785973,Matched,Block,,CALIFORNIA AVE SW BETWEEN SW ALASKA ST AND ERSKINE WAY SW,,,1,Property Damage Only Collision,Parked Car,2,0,0,2,0,0,0,2004/08/23 00:00:00+00,8/23/2004 17:14,Mid-Block (not related to intersection),14,"MOTOR VEHICLE STRUCK MOTOR VEHICLE, REAR END",,0,Clear,Dry,Daylight,,4236032,,32,One parked--one moving,0,0,N
1273997.735,244091.4052,5104,18178,18178,1774486,Matched,Block,,NE 43RD ST BETWEEN 7TH AVE NE AND 8TH AVE NE,,,1,Property Damage Only Collision,Parked Car,2,0,0,2,0,0,0,2004/02/28 00:00:00+00,2/28/2004 10:00,Mid-Block (not related to intersection),12,"MOTOR VEHICLE STRUCK MOTOR VEHICLE, RIGHT SIDE AT ANGLE",Y,0,Unknown,Unknown,Unknown,,4059018,,32,One parked--one moving,0,0,N
1263620.449,243213.6313,5105,18987,18987,1774072,Matched,Block,,LEARY WAY NW BETWEEN NW 40TH ST AND NW 41ST ST,,,1,Property Damage Only Collision,Other,3,0,0,2,0,0,0,2004/11/20 00:00:00+00,11/20/2004 8:35,Driveway Junction,11,"MOTOR VEHICLE STRUCK MOTOR VEHICLE, FRONT END AT ANGLE",,0,Clear,Dry,Daylight,,4325035,,21,One car entering driveway access,0,0,N
1280092.387,207715.5512,5106,18061,18061,1771938,Matched,Block,,M L KING JR ER WAY S BETWEEN S ALASKA ST AND S ANGELINE ST,,,1,Property Damage Only Collision,Sideswipe,2,0,0,2,0,0,0,2004/05/07 00:00:00+00,5/7/2004,Mid-Block (but intersection related),16,"MOTOR VEHICLE STRUCK MOTOR VEHICLE, LEFT SIDE SIDESWIPE",,0,Clear,Dry,Daylight,,4128047,,11,From same direction - both going straight - both moving - sideswipe,0,0,N
1272697.334,244804.3833,5107,18286,18286,661946,Matched,Block,,NE 45TH ST BETWEEN THACKERAY PL NE AND LATONA AVE NE,,,1,Property Damage Only Collision,Parked Car,0,0,0,2,0,0,0,2004/01/25 00:00:00+00,1/25/2004 18:30,Mid-Block (not related to intersection),11,"MOTOR VEHICLE STRUCK MOTOR VEHICLE, FRONT END AT ANGLE",,0,Clear,Dry,Dark - Street Lights On,,4025012,,20,One car leaving parked position,0,0,N