X,Y,OBJECTID,INCKEY,COLDETKEY,REPORTNO,STATUS,ADDRTYPE,INTKEY,LOCATION,EXCEPTRSNCODE,EXCEPTRSNDESC,SEVERITYCODE,SEVERITYDESC,COLLISIONTYPE,PERSONCOUNT,PEDCOUNT,PEDCYLCOUNT,VEHCOUNT,INJURIES,SERIOUSINJURIES,FATALITIES,INCDATE,INCDTTM,JUNCTIONTYPE,SDOT_COLCODE,SDOT_COLDESC,INATTENTIONIND,UNDERINFL,WEATHER,ROADCOND,LIGHTCOND,PEDROWNOTGRNT,SDOTCOLNUM,SPEEDING,ST_COLCODE,ST_COLDESC,SEGLANEKEY,CROSSWALKKEY,HITPARKEDCAR
1272220.259,226229.2526,5108,18570,18570,4242026,Unmatched,Block,,BOREN AVE BETWEEN SPRING ST AND SENECA ST,,,0,Unknown,,0,0,0,0,0,0,0,2004/08/29 00:00:00+00,8/29/2004,Mid-Block (not related to intersection),16,"MOTOR VEHICLE STRUCK MOTOR VEHICLE, LEFT SIDE SIDESWIPE",,,,,,,4242026,,,,0,0,N
1268389.895,237451.1988,5109,18632,18632,1214077,Matched,Block,,WESTLAKE AVE N BETWEEN MCGRAW ST AND HALLADAY ST,,,2,Injury Collision,Rear Ended,2,0,0,2,1,0,0,2004/05/19 00:00:00+00,5/19/2004 9:57,Mid-Block (not related to intersection),14,"MOTOR VEHICLE STRUCK MOTOR VEHICLE, REAR END",Y,0,Clear,Dry,Daylight,,4140011,,14,From same direction - both going straight - one stopped - rear-end,0,0,N
1279985.133,207984.9553,5110,18249,18249,1773331,Matched,Intersection,484891,M L KING JR ER WAY S AND S ALASKA ST,,,2,Injury Collision,Angles,2,0,0,2,1,0,0,2004/11/23 00:00:00+00,11/23/2004 14:28,At Intersection (intersection related),11,"MOTOR VEHICLE STRUCK MOTOR VEHICLE, FRONT END AT ANGLE",,0,Raining,Wet,Daylight,,4328002,,10,Entering at angle,0,0,N
1276028.822,250008.9286,5111,18736,18736,1782236,Matched,Block,,NE 65TH ST BETWEEN 14TH AVE NE AND 15TH AVE NE,,,2,Injury Collision,Rear Ended,3,0,0,3,1,0,0,2004/04/14 00:00:00+00,4/14/2004 15:06,Mid-Block (not related to intersection),14,"MOTOR VEHICLE STRUCK MOTOR VEHICLE, REAR END",,0,Clear,Dry,Daylight,,4105015,,14,From same direction - both going straight - one stopped - rear-end,0,0,N
1273444.129,238165.8644,5112,18756,18756,4211024,Unmatched,Intersection,28207,HARVARD AVE E AND E ROANOKE ST,,,0,Unknown,,0,0,0,0,0,0,0,2004/07/29 00:00:00+00,7/29/2004,At Intersection (intersection related),11,"MOTOR VEHICLE STRUCK MOTOR VEHICLE, FRONT END AT ANGLE",,,,,,,4211024,,,,0,0,N
1264211.669,234014.9759,5113,18035,18035,1216073,Matched,Intersection,28566,2ND AVE W AND W LEE ST,,,1,Property Damage Only Collision,Angles,5,0,0,2,0,0,0,2004/05/28 00:00:00+00,5/28/2004 23:15,At Intersection (intersection related),11,"MOTOR VEHICLE STRUCK MOTOR VEHICLE, FRONT END AT ANGLE",,0,Overcast,Dry,Dark - No Street Lights,,4149022,,10,Entering at angle,0,0,N
1260028.775,255047.5632,5114,18689,18689,1796828,Unmatched,Intersection,23861,16TH AVE NW AND NW 83RD ST,,,0,Unknown,,0,0,0,0,0,0,0,2004/12/17 00:00:00+00,12/17/2004,At Intersection (intersection related),11,"MOTOR VEHICLE STRUCK MOTOR VEHICLE, FRONT END AT ANGLE",,,,,,,4352037,,,,0,0,N
1270261.92,205214.6751,5115,18142,18142,1790342,Unmatched,Intersection,33175,2ND AVE S AND S FINDLAY ST,,,0,Unknown,,0,0,0,0,0,0,0,2004/09/21 00:00:00+00,9/21/2004,At Intersection (intersection related),11,"MOTOR VEHICLE STRUCK MOTOR VEHICLE, FRONT END AT ANGLE",,,,,,,4265016,,,,0,0,N
1262805.396,244512.8137,5116,18719,18719,1079677,Matched,Intersection,26608,LEARY WAY NW AND NW BRIGHT ST,,,2,Injury Collision,Other,3,0,0,2,3,0,0,2004/08/27 00:00:00+00,8/27/2004 0:35,At Intersection (intersection related),11,"MOTOR VEHICLE STRUCK MOTOR VEHICLE, FRONT END AT ANGLE",,0,Clear,Dry,Dark - Street Lights On,,4240017,,23,From same direction - all others,0,0,N
1270072.551,243841.8216,5117,18928,18928,1794333,Matched,Block,,WALLINGFORD AVE N BETWEEN N 42ND ST AND N 43RD ST,,,1,Property Damage Only Collision,Parked Car,2,0,0,2,0,0,0,2004/07/12 00:00:00+00,7/12/2004 16:30,Mid-Block (not related to intersection),11,"MOTOR VEHICLE STRUCK MOTOR VEHICLE, FRONT END AT ANGLE",,0,Unknown,Unknown,Unknown,,4194033,,32,One parked--one moving,0,0,N
1274981.304,236338.5136,5118,18051,18051,1795861,Unmatched,Block,,E BOSTON ST BETWEEN 13TH AVE E AND EVERETT AVE E,,,0,Unknown,,0,0,0,0,0,0,0,2004/10/23 00:00:00+00,10/23/2004,Mid-Block (not related to intersection),13,"MOTOR VEHICLE STRUCK MOTOR VEHICLE, LEFT SIDE AT ANGLE",,,,,,,4297043,,,,0,0,N
1266556.768,197380.8237,5119,18242,18242,1775346,Matched,Block,,9TH AVE SW BETWEEN HIGHLAND PARK WAY SW AND SW ELMGROVE ST,,,1,Property Damage Only Collision,Other,2,0,0,2,0,0,0,2004/10/03 00:00:00+00,10/3/2004,Mid-Block (not related to intersection),28,MOTOR VEHICLE RAN OFF ROAD - HIT FIXED OBJECT,,0,Clear,Dry,Daylight,,4277017,,50,Fixed object,0,0,N
1286125.625,199525.5681,5120,18651,18651,1772729,Matched,Block,,S ORCHARD ST BETWEEN ORCHARD S PL S AND SEWARD PARK AVE S,,,1,Property Damage Only Collision,Other,4,0,0,1,0,0,0,2004/04/29 00:00:00+00,4/29/2004 11:41,Mid-Block (but intersection related),28,MOTOR VEHICLE RAN OFF ROAD - HIT FIXED OBJECT,,0,Clear,Dry,Daylight,,4120014,Y,52,Vehicle overturned,0,0,N
1265275.436,255955.5736,5121,19573,19573,1773510,Matched,Block,,PALATINE AVE N BETWEEN N 85TH ST AND N 87TH ST,,,1,Property Damage Only Collision,Parked Car,2,0,0,2,0,0,0,2004/03/16 00:00:00+00,3/16/2004 13:25,Mid-Block (not related to intersection),11,"MOTOR VEHICLE STRUCK MOTOR VEHICLE, FRONT END AT ANGLE",,1,Clear,Dry,Daylight,,4076026,,32,One parked--one moving,0,0,N
1268375.185,267293.2981,5122,18313,18313,1779817,Matched,Block,,AURORA AVE N BETWEEN N 128TH ST AND N 130TH ST,,,1,Property Damage Only Collision,Rear Ended,2,0,0,2,0,0,0,2004/05/04 00:00:00+00,5/4/2004,Mid-Block (not related to intersection),14,"MOTOR VEHICLE STRUCK MOTOR VEHICLE, REAR END",Y,0,Overcast,Dry,Dusk,,4125015,,14,From same direction - both going straight - one stopped - rear-end,0,0,N
1272399.398,221980.5228,5123,18225,18225,1777045,Matched,Block,,MAYNARD AVE S BETWEEN S JACKSON ST AND S KING ST,,,2,Injury Collision,Pedestrian,2,1,0,1,1,0,0,2004/05/29 00:00:00+00,5/29/2004 12:44,Mid-Block (not related to intersection),24,MOTOR VEHCILE STRUCK PEDESTRIAN,Y,0,Clear,Dry,Daylight,,4150022,,0,Vehicle going straight hits pedestrian,0,0,N
1277262.182,240621.6367,5124,18385,18385,1794646,Unmatched,Block,,NE PACIFIC ST BETWEEN NE PACIFIC PL AND UNIV HOSPITAL DR,,,0,Unknown,,0,0,0,0,0,0,0,2004/12/13 00:00:00+00,12/13/2004,Driveway Junction,11,"MOTOR VEHICLE STRUCK MOTOR VEHICLE, FRONT END AT ANGLE",,,,,,,4348022,,,,0,0,N
1260299.988,255380.6178,5125,18802,18802,1773936,Matched,Block,,15TH AVE NW BETWEEN NW 83RD ST AND NW 85TH ST,,,1,Property Damage Only Collision,Other,4,0,0,2,0,0,0,2004/03/11 00:00:00+00,3/11/2004 16:55,Driveway Junction,11,"MOTOR VEHICLE STRUCK MOTOR VEHICLE, FRONT END AT ANGLE",,0,Clear,Dry,Daylight,,4071026,,21,One car entering driveway access,0,0,N
1274664.91,222387.9566,5126,18515,18515,1216804,Matched,Intersection,30422,BOREN AVE S AND S MAIN ST,,,2,Injury Collision,Angles,3,0,0,2,1,0,0,2004/06/29 00:00:00+00,6/29/2004 9:52,At Intersection (intersection related),11,"MOTOR VEHICLE STRUCK MOTOR VEHICLE, FRONT END AT ANGLE",,0,Clear,Dry,Daylight,,4181006,,10,Entering at angle,0,0,N
1274870.303,254159.1691,5127,18678,18678,1780239,Matched,Block,,ROOSEVELT WAY NE BETWEEN NE 80TH ST AND NE 81ST ST,,,1,Property Damage Only Collision,Parked Car,2,0,0,2,0,0,0,2004/01/02 00:00:00+00,1/2/2004,Mid-Block (not related to intersection),16,"MOTOR VEHICLE STRUCK MOTOR VEHICLE, LEFT SIDE SIDESWIPE",,0,Sleet/Hail/Freezing Rain,Ice,Dawn,,4002005,,32,One parked--one moving,0,0,N
1282211.219,206352.935,5128,18071,18071,1771580,Matched,Block,,RAINIER AVE S BETWEEN S HUDSON ST AND 39TH N AVE S,,,2,Injury Collision,Rear Ended,3,0,0,2,1,0,0,2004/04/13 00:00:00+00,4/13/2004 13:06,Mid-Block (but intersection related),14,"MOTOR VEHICLE STRUCK MOTOR VEHICLE, REAR END",Y,0,Clear,Dry,Daylight,,4104012,,14,From same direction - both going straight - one stopped - rear-end,0,0,N
,,5129,18419,18419,1784615,Matched,Block,,ALASKAN WY VI SB BETWEEN ELLIOTT AV ON RP AND COLUMBIA ST ON RP,,,1,Property Damage Only Collision,Other,3,0,0,2,0,0,0,2004/11/15 00:00:00+00,11/15/2004 12:39,Mid-Block (not related to intersection),26,MOTOR VEHICLE STRUCK OBJECT IN ROAD,,0,Overcast,Wet,Daylight,,4320009,Y,50,Fixed object,0,0,N
1266649.645,241107.6027,5130,19035,19035,1793679,Matched,Block,,FREMONT AVE N BETWEEN FREMONT PL N AND N 36TH ST,,,1,Property Damage Only Collision,Parked Car,2,0,0,2,0,0,0,2004/05/18 00:00:00+00,5/18/2004 1:03,Mid-Block (not related to intersection),11,"MOTOR VEHICLE STRUCK MOTOR VEHICLE, FRONT END AT ANGLE",,0,Overcast,Dry,Dark - Street Lights On,,4139035,,32,One parked--one moving,0,0,N
1273536.342,250411.1341,5131,18478,18478,1316944,Matched,Block,,NE RAVENNA WB BV BETWEEN NE 68TH ST AND NE 65TH ST,,,2,Injury Collision,Parked Car,3,0,0,2,1,0,0,2004/04/01 00:00:00+00,4/1/2004,Mid-Block (not related to intersection),11,"MOTOR VEHICLE STRUCK MOTOR VEHICLE, FRONT END AT ANGLE",,0,Clear,Dry,Daylight,,4092040,,20,One car leaving parked position,0,0,N
1273799.712,223204.5177,5132,17911,17911,1198313,Matched,Block,,10TH AVE BETWEEN E YESLER WAY AND E FIR ST,,,2,Injury Collision,Parked Car,5,0,0,5,1,0,0,2004/11/21 00:00:00+00,11/21/2004 15:15,Mid-Block (not related to intersection),14,"MOTOR VEHICLE STRUCK MOTOR VEHICLE, REAR END",,1,Clear,Dry,Daylight,,4326030,,32,One parked--one moving,0,0,N
1266674.953,243605.6073,5133,18702,18702,4028052,Unmatched,Intersection,26965,FREMONT AVE N AND N 42ND ST,,,0,Unknown,,0,0,0,0,0,0,0,2004/01/28 00:00:00+00,1/28/2004,At Intersection (intersection related),24,MOTOR VEHCILE STRUCK PEDESTRIAN,,,,,,,4028052,,,,0,0,N
1287054.816,201816.2349,5134,18153,18153,560818,Matched,Intersection,34609,SEWARD PARK S AVE S AND S MORGAN ST,,,2,Injury Collision,Angles,0,0,0,2,1,0,0,2004/05/05 00:00:00+00,5/5/2004,At Intersection (intersection related),11,"MOTOR VEHICLE STRUCK MOTOR VEHICLE, FRONT END AT ANGLE",,0,Clear,Dry,Dark - Street Lights On,,4126016,,10,Entering at angle,0,0,N
1283349.006,197914.2565,5135,17949,17949,1771546,Matched,Intersection,34489,43RD AVE S AND RENTON AVE S,,,1,Property Damage Only Collision,Head On,2,0,0,2,0,0,0,2004/09/14 00:00:00+00,9/14/2004 16:00,At Intersection (intersection related),11,"MOTOR VEHICLE STRUCK MOTOR VEHICLE, FRONT END AT ANGLE",Y,0,Raining,Wet,Daylight,,4258040,,24,From opposite direction - both moving - head-on,0,0,N
1277826.849,229371.1475,5136,18234,18234,1472420,Matched,Block,,22ND AVE E BETWEEN E MADISON ST AND E JOHN ST,,,1,Property Damage Only Collision,Parked Car,3,0,0,3,0,0,0,2004/07/01 00:00:00+00,7/1/2004,Mid-Block (not related to intersection),16,"MOTOR VEHICLE STRUCK MOTOR VEHICLE, LEFT SIDE SIDESWIPE",,1,Clear,Dry,Daylight,,4183004,,32,One parked--one moving,0,0,N
1279616.149,227011.3645,5137,18631,18631,1799226,Unmatched,Intersection,30022,M L KING JR WAY AND E UNION ST,,,0,Unknown,,0,0,0,0,0,0,0,2004/10/15 00:00:00+00,10/15/2004,At Intersection (intersection related),14,"MOTOR VEHICLE STRUCK MOTOR VEHICLE, REAR END",,,,,,,4289021,,,,0,0,N
1293052.154,189388.2873,5138,18670,18670,1772902,Matched,Block,,RAINIER AVE S BETWEEN 75TH AVE S AND CITY LIMITS,,,1,Property Damage Only Collision,Parked Car,2,0,0,2,0,0,0,2004/04/19 00:00:00+00,4/19/2004 21:58,Mid-Block (not related to intersection),14,"MOTOR VEHICLE STRUCK MOTOR VEHICLE, REAR END",,0,Raining,Wet,Dark - Street Lights On,,4110007,,32,One parked--one moving,0,0,N
1281211.032,267423.8358,5139,18407,18407,1079632,Matched,Block,,LAKE CITY WAY NE BETWEEN NE 130TH ST AND NE 133RD ST,,,2,Injury Collision,Other,4,0,0,2,1,0,0,2004/07/16 00:00:00+00,7/16/2004 10:04,Driveway Junction,11,"MOTOR VEHICLE STRUCK MOTOR VEHICLE, FRONT END AT ANGLE",,0,Clear,Dry,Daylight,,4198026,,21,One car entering driveway access,0,0,N
1256977.781,212386.3671,5140,18599,18599,1197787,Matched,Block,,CALIFORNIA AVE SW BETWEEN SW SPOKANE ST AND SW MANNING ST,,,2b,Serious Injury Collision,Rear Ended,2,0,0,2,1,1,0,2004/12/04 00:00:00+00,12/4/2004,Mid-Block (not related to intersection),14,"MOTOR VEHICLE STRUCK MOTOR VEHICLE, REAR END",,1,Raining,Wet,Dark - Street Lights On,,4339009,,13,From same direction - both going straight - both moving - rear-end,0,0,N
1266113.859,227973.2091,5141,18314,18314,1794046,Matched,Block,,WESTERN AVE BETWEEN VINE ST AND CEDAR ST,,,1,Property Damage Only Collision,Rear Ended,2,0,0,2,0,0,0,2004/08/03 00:00:00+00,8/3/2004,Mid-Block (not related to intersection),14,"MOTOR VEHICLE STRUCK MOTOR VEHICLE, REAR END",,0,Clear,Dry,Daylight,,4216036,,13,From same direction - both going straight - both moving - rear-end,0,0,N
1268389.231,229274.0702,5142,18985,18985,1783863,Matched,Block,,DENNY WAY BETWEEN DEXTER AVE AND 8TH AVE,,,1,Property Damage Only Collision,Rear Ended,2,0,0,2,0,0,0,2004/09/05 00:00:00+00,9/5/2004,Mid-Block (but intersection related),14,"MOTOR VEHICLE STRUCK MOTOR VEHICLE, REAR END",Y,1,Clear,Dry,Dark - Street Lights On,,4249004,,14,From same direction - both going straight - one stopped - rear-end,0,0,N
1273534.648,232531.1943,5143,17930,17930,1772664,Matched,Block,,BROADWAY E BETWEEN E ALOHA ST AND E PROSPECT ST,,,1,Property Damage Only Collision,Parked Car,2,0,0,2,0,0,0,2004/05/12 00:00:00+00,5/12/2004 19:53,Mid-Block (not related to intersection),13,"MOTOR VEHICLE STRUCK MOTOR VEHICLE, LEFT SIDE AT ANGLE",,0,Clear,Dry,Daylight,,4133016,,32,One parked--one moving,0,0,N
1277798.017,240200.708,5144,18292,18292,4182040,Unmatched,Intersection,27299,MONTLAKE BLVD NE AND NE PACIFIC ST,,,0,Unknown,,0,0,0,0,0,0,0,2004/06/30 00:00:00+00,6/30/2004,At Intersection (intersection related),11,"MOTOR VEHICLE STRUCK MOTOR VEHICLE, FRONT END AT ANGLE",,,,,,,4182040,,,,0,0,N
1269889.868,226373.2712,5145,18721,18721,1482764,Matched,Intersection,29576,5TH AVE AND PIKE ST,,,1,Property Damage Only Collision,Angles,2,0,0,2,0,0,0,2004/07/24 00:00:00+00,7/24/2004 14:17,At Intersection (intersection related),11,"MOTOR VEHICLE STRUCK MOTOR VEHICLE, FRONT END AT ANGLE",,0,Clear,Dry,Daylight,,4206032,,10,Entering at angle,0,0,N
1274858.676,220855.7011,5146,18624,18624,1772264,Matched,Block,,S DEARBORN ST BETWEEN 13TH AVE S AND CORWIN PL S,,,2,Injury Collision,Rear Ended,3,0,0,2,2,0,0,2004/05/19 00:00:00+00,5/19/2004 15:43,Mid-Block (not related to intersection),14,"MOTOR VEHICLE STRUCK MOTOR VEHICLE, REAR END",,0,Clear,Dry,Daylight,,4140007,,14,From same direction - both going straight - one stopped - rear-end,0,0,N
1275718.603,247374.5933,5147,18201,18201,4013216,Unmatched,Block,,NE 55TH ST BETWEEN BROOKLYN AVE NE AND UNIVERSITY WAY NE,,,0,Unknown,,0,0,0,0,0,0,0,2004/11/12 00:00:00+00,11/12/2004,Mid-Block (but intersection related),11,"MOTOR VEHICLE STRUCK MOTOR VEHICLE, FRONT END AT ANGLE",,,,,,,4317021,,,,0,0,N
1271494.205,229177.3081,5148,18109,18109,1069711,Matched,Block,,DENNY WAY BETWEEN STEWART ST AND MELROSE AVE,,,2,Injury Collision,Head On,3,0,0,3,3,0,0,2004/12/04 00:00:00+00,12/4/2004,Mid-Block (not related to intersection),11,"MOTOR VEHICLE STRUCK MOTOR VEHICLE, FRONT END AT ANGLE",,0,Raining,Wet,Dark - Street Lights On,,4339035,,30,From opposite direction - all others,0,0,N
1267867.142,237686.7125,5149,18503,18503,1777560,Matched,Block,,DEXTER AVE N BETWEEN WHEELER ST AND HALLADAY ST,,,1,Property Damage Only Collision,Other,3,0,0,2,0,0,0,2004/07/20 00:00:00+00,7/20/2004 14:28,Driveway Junction,11,"MOTOR VEHICLE STRUCK MOTOR VEHICLE, FRONT END AT ANGLE",,0,Clear,Dry,Daylight,,4202041,,21,One car entering driveway access,0,0,N
1273925.494,237156.6548,5150,19147,19147,1772598,Matched,Block,,10TH AVE E BETWEEN E LYNN ST AND E MILLER ST,,,1,Property Damage Only Collision,Parked Car,2,0,0,2,0,0,0,2004/06/29 00:00:00+00,6/29/2004 12:00,Driveway Junction,11,"MOTOR VEHICLE STRUCK MOTOR VEHICLE, FRONT END AT ANGLE",,0,Unknown,Dry,Unknown,,4181042,,32,One parked--one moving,0,0,N
1260090.022,240356.0718,5151,18306,18306,1789698,Unmatched,Block,,W DRAVUS ST BETWEEN 15TH AV W NB OFF RP AND 15TH AV W SB OFF RP,,,0,Unknown,,0,0,0,0,0,0,0,2004/11/10 00:00:00+00,11/10/2004,Mid-Block (but intersection related),11,"MOTOR VEHICLE STRUCK MOTOR VEHICLE, FRONT END AT ANGLE",,,,,,,4315024,,,,0,0,N
1257990.007,247770.4896,5152,17960,17960,1931277,Unmatched,Block,,NW MARKET ST BETWEEN LEARY AVE NW AND BALLARD AVE NW,,,0,Unknown,,0,0,0,0,0,0,0,2004/12/18 00:00:00+00,12/18/2004,Mid-Block (not related to intersection),11,"MOTOR VEHICLE STRUCK MOTOR VEHICLE, FRONT END AT ANGLE",,,,,,,4353019,,,,0,0,N
1271081.253,226256.16,5153,18690,18690,1795846,Matched,Block,,8TH AVE BETWEEN SENECA ST AND CONVENTION CTR DR,,,2,Injury Collision,Rear Ended,3,0,0,3,2,0,0,2004/11/12 00:00:00+00,11/12/2004 17:11,Mid-Block (but intersection related),14,"MOTOR VEHICLE STRUCK MOTOR VEHICLE, REAR END",Y,0,Overcast,Dry,Dusk,,4317029,,14,From same direction - both going straight - one stopped - rear-end,0,0,N
1278368.081,237400.4634,5154,18004,18004,1787214,Matched,Block,,24TH AVE E BETWEEN E CALHOUN ST AND E MILLER ST,,,2,Injury Collision,Other,1,0,0,1,1,0,0,2004/01/20 00:00:00+00,1/20/2004 1:55,Mid-Block (not related to intersection),28,MOTOR VEHICLE RAN OFF ROAD - HIT FIXED OBJECT,,1,Clear,Dry,Dark - Street Lights On,,4020011,,50,Fixed object,0,0,N
1276654.202,232476.7392,5155,18569,18569,1856398,Matched,Block,,18TH AVE E BETWEEN E ALOHA ST AND E PROSPECT ST,,,2,Injury Collision,Parked Car,2,0,0,2,1,0,0,2004/08/29 00:00:00+00,8/29/2004 18:10,Mid-Block (not related to intersection),11,"MOTOR VEHICLE STRUCK MOTOR VEHICLE, FRONT END AT ANGLE",,0,Clear,Dry,Daylight,,4242025,Y,32,One parked--one moving,0,0,N
1267763.17,228649.2832,5156,18915,18915,1783764,Matched,Intersection,29532,5TH AVE AND BATTERY ST,,,2,Injury Collision,Angles,3,0,0,2,1,0,0,2004/09/28 00:00:00+00,9/28/2004 19:35,At Intersection (intersection related),11,"MOTOR VEHICLE STRUCK MOTOR VEHICLE, FRONT END AT ANGLE",,0,Clear,Dry,Dusk,,4272010,,10,Entering at angle,0,0,N
1257779.048,242687.3131,5157,18339,18339,1069783,Unmatched,Block,,23RD AVE W BETWEEN W EMERSON ST AND GILMAN AVE W,,,0,Unknown,,0,0,0,0,0,0,0,2004/12/03 00:00:00+00,12/3/2004,Mid-Block (not related to intersection),16,"MOTOR VEHICLE STRUCK MOTOR VEHICLE, LEFT SIDE SIDESWIPE",,,,,,,4338008,,,,0,0,N
1266477.669,229322.8395,5158,19280,19280,C650744,Matched,Block,,DENNY WAY BETWEEN BROAD ST AND 4TH AVE,,,1,Property Damage Only Collision,Other,2,0,0,2,0,0,0,2004/12/08 00:00:00+00,12/8/2004,Mid-Block (but intersection related),11,"MOTOR VEHICLE STRUCK MOTOR VEHICLE, FRONT END AT ANGLE",,0,Clear,Dry,Dusk,,4343055,,22,One car leaving driveway access,0,0,N
1256478.75,220578.4482,5159,18299,18299,4066034,Unmatched,Block,,ALKI AVE SW BETWEEN SW RHODE ISLAND ST AND SW JERSEY ST,,,0,Unknown,,0,0,0,0,0,0,0,2004/03/06 00:00:00+00,3/6/2004,Mid-Block (not related to intersection),14,"MOTOR VEHICLE STRUCK MOTOR VEHICLE, REAR END",,,,,,,4066034,,,,0,0,N
1271382.706,220364.568,5160,18374,18374,1213853,Matched,Intersection,30566,4TH AVE S AND I90 WB 4TH AV OFF RP,,,2,Injury Collision,Rear Ended,2,0,0,2,1,0,0,2004/06/10 00:00:00+00,6/10/2004 10:36,At Intersection (intersection related),14,"MOTOR VEHICLE STRUCK MOTOR VEHICLE, REAR END",Y,0,Clear,Wet,Daylight,,4162024,,14,From same direction - both going straight - one stopped - rear-end,0,0,N
1268721.369,225187.021,5161,18102,18102,1182090,Matched,Intersection,29606,UNION ST AND WESTERN AVE,,,2,Injury Collision,Pedestrian,2,1,0,1,1,0,0,2004/11/18 00:00:00+00,11/18/2004 12:25,At Intersection (intersection related),24,MOTOR VEHCILE STRUCK PEDESTRIAN,,0,Overcast,Dry,Daylight,Y,4323029,,0,Vehicle going straight hits pedestrian,0,0,N
1273075.784,246387.336,5162,18637,18637,1794133,Matched,Block,,NE 51ST ST BETWEEN LATONA AVE NE AND 5TH AVE NE,,,1,Property Damage Only Collision,Parked Car,2,0,0,2,0,0,0,2004/07/20 00:00:00+00,7/20/2004 23:00,Mid-Block (not related to intersection),15,"MOTOR VEHICLE STRUCK MOTOR VEHICLE, RIGHT SIDE SIDESWIPE",,0,Clear,Dry,Dark - Street Lights On,,4202044,,32,One parked--one moving,0,0,N
1268767.464,213477.94,5163,18401,18401,1790479,Matched,Block,,ALASKAN WY VI NB BETWEEN ALASKAN WY VI NB ON RP AND S LANDER ST,,,1,Property Damage Only Collision,Other,1,0,0,1,0,0,0,2004/07/03 00:00:00+00,7/3/2004,Mid-Block (but intersection related),28,MOTOR VEHICLE RAN OFF ROAD - HIT FIXED OBJECT,,0,Raining,Wet,Daylight,,4185001,Y,50,Fixed object,0,0,N
1276245.792,223331.1418,5164,18732,18732,1788100,Matched,Block,,E FIR ST BETWEEN 17TH AVE AND 18TH AVE,,,1,Property Damage Only Collision,Parked Car,2,0,0,2,0,0,0,2004/11/27 00:00:00+00,11/27/2004 12:45,Mid-Block (not related to intersection),14,"MOTOR VEHICLE STRUCK MOTOR VEHICLE, REAR END",,0,Overcast,Dry,Daylight,,4332029,,32,One parked--one moving,0,0,N
1278348.955,269159.4286,5165,18751,18751,4042048,Unmatched,Intersection,36098,23RD AVE NE AND NE 137TH ST,,,0,Unknown,,0,0,0,0,0,0,0,2004/02/11 00:00:00+00,2/11/2004,At Intersection (intersection related),14,"MOTOR VEHICLE STRUCK MOTOR VEHICLE, REAR END",,,,,,,4042048,,,,0,0,N
1266667.735,240327.6562,5166,19290,19290,1778627,Matched,Block,,FREMONT AVE N BETWEEN FREMONT BR AND N 34TH ST,,,1,Property Damage Only Collision,Sideswipe,2,0,0,2,0,0,0,2004/03/23 00:00:00+00,3/23/2004 12:24,Mid-Block (not related to intersection),16,"MOTOR VEHICLE STRUCK MOTOR VEHICLE, LEFT SIDE SIDESWIPE",,0,Overcast,Dry,Daylight,,4083020,,11,From same direction - both going straight - both moving - sideswipe,0,0,N
1267345.182,244529.3944,5167,17904,17904,1781070,Matched,Block,,AURORA AVE N BETWEEN N 44TH ST AND GREEN LAKE WAY N,,,1,Property Damage Only Collision,Other,1,0,0,1,0,0,0,2004/07/02 00:00:00+00,7/2/2004,Mid-Block (not related to intersection),28,MOTOR VEHICLE RAN OFF ROAD - HIT FIXED OBJECT,,0,Clear,Dry,Dark - Street Lights On,,4184002,,50,Fixed object,0,0,N
1282888.256,198966.2239,5168,18092,18092,1779552,Matched,Block,,M L KING JR ER WAY S BETWEEN S OTHELLO ST AND RENTON S AVE S,,,2,Injury Collision,Rear Ended,6,0,0,3,2,0,0,2004/01/14 00:00:00+00,1/14/2004 16:46,Mid-Block (not related to intersection),14,"MOTOR VEHICLE STRUCK MOTOR VEHICLE, REAR END",Y,0,Raining,Wet,Dark - Street Lights On,,4014027,,14,From same direction - both going straight - one stopped - rear-end,0,0,N
1261607.427,246371.0788,5169,18543,18543,1773632,Matched,Intersection,25445,11TH AVE NW AND NW 50TH ST,,,2,Injury Collision,Angles,2,0,0,2,1,0,0,2004/02/09 00:00:00+00,2/9/2004,At Intersection (intersection related),11,"MOTOR VEHICLE STRUCK MOTOR VEHICLE, FRONT END AT ANGLE",,0,Clear,Dry,Daylight,,4040011,,10,Entering at angle,0,0,N
1277673.944,245006.6868,5170,18280,18280,1220458,Matched,Block,,21ST AVE NE BETWEEN NE 45TH ST AND NE 47TH ST,,,1,Property Damage Only Collision,Parked Car,2,0,0,2,0,0,0,2004/09/09 00:00:00+00,9/9/2004,Mid-Block (not related to intersection),16,"MOTOR VEHICLE STRUCK MOTOR VEHICLE, LEFT SIDE SIDESWIPE",,0,Clear,Dry,Dark - Street Lights On,,4253015,,32,One parked--one moving,0,0,N
1277214.78,223916.2994,5171,18714,18714,1772191,Matched,Block,,E ALDER ST BETWEEN 20TH AVE AND 21ST AVE,,,1,Property Damage Only Collision,Parked Car,2,0,0,2,0,0,0,2004/06/24 00:00:00+00,6/24/2004 12:26,Mid-Block (not related to intersection),14,"MOTOR VEHICLE STRUCK MOTOR VEHICLE, REAR END",,0,Overcast,Dry,Daylight,,4176015,,32,One parked--one moving,0,0,N
1264694.882,193433.0755,5172,18917,18917,1781098,Matched,Block,,15TH AVE SW BETWEEN SW BARTON ST AND SW CAMBRIDGE ST,,,1,Property Damage Only Collision,Parked Car,2,0,0,2,0,0,0,2004/12/07 00:00:00+00,12/7/2004,Mid-Block (not related to intersection),14,"MOTOR VEHICLE STRUCK MOTOR VEHICLE, REAR END",Y,0,Raining,Wet,Dark - Street Lights On,,4342024,,32,One parked--one moving,0,0,N