X,Y,OBJECTID,INCKEY,COLDETKEY,REPORTNO,STATUS,ADDRTYPE,INTKEY,LOCATION,EXCEPTRSNCODE,EXCEPTRSNDESC,SEVERITYCODE,SEVERITYDESC,COLLISIONTYPE,PERSONCOUNT,PEDCOUNT,PEDCYLCOUNT,VEHCOUNT,INJURIES,SERIOUSINJURIES,FATALITIES,INCDATE,INCDTTM,JUNCTIONTYPE,SDOT_COLCODE,SDOT_COLDESC,INATTENTIONIND,UNDERINFL,WEATHER,ROADCOND,LIGHTCOND,PEDROWNOTGRNT,SDOTCOLNUM,SPEEDING,ST_COLCODE,ST_COLDESC,SEGLANEKEY,CROSSWALKKEY,HITPARKEDCAR
1286239.442,185936.5276,5173,18184,18184,1786262,Matched,Block,,LUTHER AVE S BETWEEN S AVON ST AND S AUGUSTA ST,,,1,Property Damage Only Collision,Parked Car,2,0,0,2,0,0,0,2004/01/11 00:00:00+00,1/11/2004 11:30,Mid-Block (not related to intersection),16,"MOTOR VEHICLE STRUCK MOTOR VEHICLE, LEFT SIDE SIDESWIPE",,0,Unknown,Unknown,Unknown,,4011016,,32,One parked--one moving,0,0,N
,,5174,18809,18809,1785010,Unmatched,Alley,,,,,0,Unknown,,0,0,0,0,0,0,0,2004/10/26 00:00:00+00,10/26/2004,,0,NOT ENOUGH INFORMATION / NOT APPLICABLE,,,,,,,4300003,,,,0,0,N
1269510.036,224803.0984,5175,18711,18711,1186595,Unmatched,Block,,SENECA ST BETWEEN 1ST AVE AND 2ND AVE,,,0,Unknown,,0,0,0,0,0,0,0,2004/07/14 00:00:00+00,7/14/2004,Mid-Block (but intersection related),14,"MOTOR VEHICLE STRUCK MOTOR VEHICLE, REAR END",,,,,,,4196034,,,,0,0,N
1277767.391,238892.5713,5176,18441,18441,1789910,Matched,Block,,MONTLAKE BLVD E BETWEEN MONTLAKE BV ON RP AND E HAMLIN ST,,,2,Injury Collision,Rear Ended,2,0,0,2,1,0,0,2004/02/22 00:00:00+00,2/22/2004 21:08,Mid-Block (but intersection related),14,"MOTOR VEHICLE STRUCK MOTOR VEHICLE, REAR END",Y,0,Clear,Dry,Dark - Street Lights Off,,4053016,,13,From same direction - both going straight - both moving - rear-end,0,0,N
1262460.851,244247.6719,5177,18082,18082,1793853,Matched,Block,,NW 43RD ST BETWEEN 8TH N AVE NW AND 9TH AVE NW,,,1,Property Damage Only Collision,Parked Car,2,0,0,2,0,0,0,2004/07/29 00:00:00+00,7/29/2004 13:20,Mid-Block (but intersection related),14,"MOTOR VEHICLE STRUCK MOTOR VEHICLE, REAR END",Y,0,Clear,Dry,Daylight,,4211004,,32,One parked--one moving,0,0,N
1271882.799,250880.4705,5178,18246,18246,1209445,Matched,Block,,SUNNYSIDE AVE N BETWEEN WOODLAWN AVE N AND EAST GREEN LAKE WAY N,,,1,Property Damage Only Collision,Parked Car,2,0,0,2,0,0,0,2004/04/14 00:00:00+00,4/14/2004 21:17,Mid-Block (not related to intersection),12,"MOTOR VEHICLE STRUCK MOTOR VEHICLE, RIGHT SIDE AT ANGLE",,0,Overcast,Dry,Dark - Street Lights On,,4105014,,32,One parked--one moving,0,0,N
1269455.295,227106.8494,5179,18640,18640,1069831,Matched,Intersection,29567,5TH AVE AND OLIVE WAY,,,2,Injury Collision,Sideswipe,2,0,0,2,1,0,0,2004/10/21 00:00:00+00,10/21/2004 9:10,At Intersection (intersection related),16,"MOTOR VEHICLE STRUCK MOTOR VEHICLE, LEFT SIDE SIDESWIPE",,0,Overcast,Dry,Daylight,,4295014,,11,From same direction - both going straight - both moving - sideswipe,0,0,N
1269144.036,232114.0247,5180,18516,18516,1216075,Matched,Block,,WESTLAKE AVE N BETWEEN VALLEY ST AND 9TH AVE N,,,2,Injury Collision,Other,7,0,0,2,6,0,0,2004/06/30 00:00:00+00,6/30/2004 21:45,Driveway Junction,14,"MOTOR VEHICLE STRUCK MOTOR VEHICLE, REAR END",Y,0,Clear,Dry,Dark - Street Lights On,,4182004,,21,One car entering driveway access,0,0,N
1274625.279,246078.2972,5181,18679,18679,4006020,Unmatched,Block,,NE 50TH ST BETWEEN 9TH AVE NE AND ROOSEVELT WAY NE,,,0,Unknown,,0,0,0,0,0,0,0,2004/01/06 00:00:00+00,1/6/2004,Mid-Block (not related to intersection),13,"MOTOR VEHICLE STRUCK MOTOR VEHICLE, LEFT SIDE AT ANGLE",,,,,,,4006020,,,,0,0,N
,,5182,18208,18208,1786820,Matched,Block,,GOLF DR S BETWEEN 12TH AVE S AND S CHARLES ST,,,1,Property Damage Only Collision,Other,2,0,0,1,0,0,0,2004/09/03 00:00:00+00,9/3/2004,Mid-Block (not related to intersection),26,MOTOR VEHICLE STRUCK OBJECT IN ROAD,,0,Clear,Dry,Dark - Street Lights On,,4247006,,50,Fixed object,0,0,N
1272069.052,252806.5437,5183,18271,18271,1773681,Matched,Block,,N 75TH ST BETWEEN SUNNYSIDE AVE N AND 1ST AVE NE,,,1,Property Damage Only Collision,Parked Car,2,0,0,2,0,0,0,2004/02/08 00:00:00+00,2/8/2004,Mid-Block (not related to intersection),13,"MOTOR VEHICLE STRUCK MOTOR VEHICLE, LEFT SIDE AT ANGLE",,0,Clear,Dry,Unknown,,4039021,,32,One parked--one moving,0,0,N
1254993.733,255119.8938,5184,18587,18587,1793722,Matched,Block,,32ND AVE NW BETWEEN NW 80TH ST AND NW 85TH ST,,,2,Injury Collision,Sideswipe,2,0,0,2,2,0,0,2004/09/23 00:00:00+00,9/23/2004 13:57,Mid-Block (not related to intersection),11,"MOTOR VEHICLE STRUCK MOTOR VEHICLE, FRONT END AT ANGLE",,0,Clear,Dry,Daylight,,4267027,,26,From opposite direction - both going straight - sideswipe,0,0,N
1268906.176,241721.5245,5185,18905,18905,1779825,Matched,Block,,N 38TH ST BETWEEN INTERLAKE AVE N AND ASHWORTH AVE N,,,1,Property Damage Only Collision,Parked Car,2,0,0,2,0,0,0,2004/06/05 00:00:00+00,6/5/2004,Mid-Block (not related to intersection),11,"MOTOR VEHICLE STRUCK MOTOR VEHICLE, FRONT END AT ANGLE",,0,Unknown,Unknown,Unknown,,4157033,,32,One parked--one moving,0,0,N
1273547.03,226497.8888,5186,18325,18325,1213384,Matched,Block,,BROADWAY BETWEEN MADISON ST AND HARVARD AVE,,,1,Property Damage Only Collision,Left Turn,3,0,0,2,0,0,0,2004/03/28 00:00:00+00,3/28/2004 1:45,Mid-Block (but intersection related),16,"MOTOR VEHICLE STRUCK MOTOR VEHICLE, LEFT SIDE SIDESWIPE",,0,Unknown,Unknown,Dark - Street Lights On,,4088012,,15,From same direction - one left turn - one straight,0,0,N
1259885.197,254367.5938,5187,18561,18561,1778630,Matched,Block,,NW 80TH ST BETWEEN 16TH AVE NW AND 17TH AVE NW,,,1,Property Damage Only Collision,Parked Car,2,0,0,2,0,0,0,2004/03/31 00:00:00+00,3/31/2004 8:10,Mid-Block (not related to intersection),16,"MOTOR VEHICLE STRUCK MOTOR VEHICLE, LEFT SIDE SIDESWIPE",,0,Overcast,Dry,Daylight,,4091015,,32,One parked--one moving,0,0,N
1270963.312,260446.1894,5188,18016,18016,1931359,Unmatched,Block,,MERIDIAN AVE N BETWEEN COLLEGE WAY N AND N 105TH ST,,,0,Unknown,,0,0,0,0,0,0,0,2004/12/09 00:00:00+00,12/9/2004,Driveway Junction,18,"MOTOR VEHICLE STRUCK PEDALCYCLIST, FRONT END AT ANGLE",,,,,,,4344003,,,,0,0,N
1264460.786,231760.5287,5189,17947,17947,1321848,Matched,Block,,1ST AVE W BETWEEN W MERCER ST AND W ROY ST,,,1,Property Damage Only Collision,Other,4,0,0,2,0,0,0,2004/04/24 00:00:00+00,4/24/2004 23:44,Mid-Block (not related to intersection),11,"MOTOR VEHICLE STRUCK MOTOR VEHICLE, FRONT END AT ANGLE",,0,Clear,Dry,Dark - Street Lights On,,4115009,,23,From same direction - all others,0,0,N
1265786.692,256931.1981,5190,18381,18381,1780370,Matched,Block,,N 90TH ST BETWEEN GREENWOOD AVE N AND PHINNEY AVE N,,,1,Property Damage Only Collision,Parked Car,3,0,0,3,0,0,0,2004/11/09 00:00:00+00,11/9/2004,Mid-Block (not related to intersection),11,"MOTOR VEHICLE STRUCK MOTOR VEHICLE, FRONT END AT ANGLE",,0,Overcast,Dry,Daylight,,4314022,,32,One parked--one moving,0,0,N
1274036.344,222100.3491,5191,18929,18929,1072236,Matched,Block,,S JACKSON ST BETWEEN 10TH AVE S AND 12TH AVE S,,,1,Property Damage Only Collision,Parked Car,2,0,0,2,0,0,0,2004/06/13 00:00:00+00,6/13/2004 13:00,Mid-Block (not related to intersection),15,"MOTOR VEHICLE STRUCK MOTOR VEHICLE, RIGHT SIDE SIDESWIPE",,0,Overcast,Wet,Daylight,,4165001,,32,One parked--one moving,0,0,N
,,5192,18824,18824,1797156,Unmatched,,,,NEI,"Not Enough Information, or Insufficient Location Information",0,Unknown,,0,0,0,0,0,0,0,2004/10/26 00:00:00+00,10/26/2004,,0,NOT ENOUGH INFORMATION / NOT APPLICABLE,,,,,,,4300024,,,,0,0,N
1269804.427,224621.8044,5193,18262,18262,1776185,Matched,Intersection,29613,2ND AVE AND SPRING ST,,,2,Injury Collision,Angles,5,0,0,2,1,0,0,2004/04/30 00:00:00+00,4/30/2004 15:48,At Intersection (intersection related),11,"MOTOR VEHICLE STRUCK MOTOR VEHICLE, FRONT END AT ANGLE",,0,Clear,Dry,Daylight,,4121042,,10,Entering at angle,0,0,N
1272321.363,236384.1645,5194,19025,19025,1316298,Matched,Block,,E BOSTON ST BETWEEN YALE AVE E AND EASTLAKE AVE E,,,1,Property Damage Only Collision,Parked Car,2,0,0,2,0,0,0,2004/07/04 00:00:00+00,7/4/2004,Mid-Block (not related to intersection),0,NOT ENOUGH INFORMATION / NOT APPLICABLE,,0,Clear,Dry,Unknown,,4186035,,32,One parked--one moving,0,0,N
1276305.439,263122.9539,5195,18456,18456,1781975,Unmatched,Block,,15TH AVE NE BETWEEN GOODWIN WAY NE AND NE 115TH ST,,,0,Unknown,,0,0,0,0,0,0,0,2004/11/01 00:00:00+00,11/1/2004,Mid-Block (but intersection related),14,"MOTOR VEHICLE STRUCK MOTOR VEHICLE, REAR END",,,,,,,4306030,,,,0,0,N
1274397.789,195722.865,5196,18166,18166,1775381,Matched,Block,,14TH AVE S BETWEEN DALLAS AVE S AND S CLOVERDALE ST,,,1,Property Damage Only Collision,Other,2,0,0,2,0,0,0,2004/02/28 00:00:00+00,2/28/2004 16:15,Driveway Junction,11,"MOTOR VEHICLE STRUCK MOTOR VEHICLE, FRONT END AT ANGLE",,0,Clear,Dry,Daylight,,4059023,,21,One car entering driveway access,0,0,N
1259076.85,193895.0501,5197,18545,18545,1789433,Matched,Intersection,34741,35TH AVE SW AND SW BARTON ST,,,1,Property Damage Only Collision,Angles,2,0,0,2,0,0,0,2004/10/19 00:00:00+00,10/19/2004 7:14,At Intersection (intersection related),11,"MOTOR VEHICLE STRUCK MOTOR VEHICLE, FRONT END AT ANGLE",,0,Raining,Wet,Dawn,,4293030,,10,Entering at angle,0,0,N
1279225.41,213479.1484,5198,18195,18195,1773022,Matched,Block,,M L KING JR WAY S BETWEEN S WINTHROP ST AND M L KING JR ER WAY S,,,2,Injury Collision,Sideswipe,5,0,0,2,2,0,0,2004/07/13 00:00:00+00,7/13/2004 17:25,Mid-Block (not related to intersection),16,"MOTOR VEHICLE STRUCK MOTOR VEHICLE, LEFT SIDE SIDESWIPE",,0,Clear,Dry,Daylight,,4195008,,11,From same direction - both going straight - both moving - sideswipe,0,0,N
1277698.405,223905.7591,5199,18005,18005,1787365,Matched,Intersection,30200,22ND AVE AND E ALDER ST,,,1,Property Damage Only Collision,Left Turn,2,0,0,2,0,0,0,2004/01/05 00:00:00+00,1/5/2004,At Intersection (intersection related),11,"MOTOR VEHICLE STRUCK MOTOR VEHICLE, FRONT END AT ANGLE",,0,Overcast,Dry,Daylight,,4005017,,15,From same direction - one left turn - one straight,0,0,N
1274615.235,261995.6508,5200,18723,18723,1794173,Matched,Block,,NE NORTHGATE WAY BETWEEN 8TH AVE NE AND ROOSEVELT WAY NE,,,1,Property Damage Only Collision,Rear Ended,3,0,0,3,0,0,0,2004/11/09 00:00:00+00,11/9/2004,Mid-Block (but intersection related),14,"MOTOR VEHICLE STRUCK MOTOR VEHICLE, REAR END",,0,Clear,Dry,Dusk,,4314024,,14,From same direction - both going straight - one stopped - rear-end,0,0,N
1286151.386,202490.8796,5201,18618,18618,1779350,Matched,Block,,S GRAHAM ST BETWEEN 51ST PL S AND 52ND W AVE S,,,2,Injury Collision,Pedestrian,2,1,0,1,1,0,0,2004/06/07 00:00:00+00,6/7/2004,Mid-Block (not related to intersection),24,MOTOR VEHCILE STRUCK PEDESTRIAN,,0,Clear,Dry,Daylight,,4159021,,0,Vehicle going straight hits pedestrian,0,0,N
1264280.636,242161.4754,5202,17926,17926,1796987,Unmatched,Block,,LEARY WAY NW BETWEEN NW 36TH ST AND NW 39TH ST,,,0,Unknown,,0,0,0,0,0,0,0,2004/12/07 00:00:00+00,12/7/2004,Mid-Block (but intersection related),14,"MOTOR VEHICLE STRUCK MOTOR VEHICLE, REAR END",,,,,,,4342018,,,,0,0,N
1268402.596,256867.8914,5203,18253,18253,4230047,Unmatched,Block,,N 90TH ST BETWEEN AURORA AVE N AND NESBIT AVE N,,,0,Unknown,,0,0,0,0,0,0,0,2004/08/17 00:00:00+00,8/17/2004,Mid-Block (but intersection related),14,"MOTOR VEHICLE STRUCK MOTOR VEHICLE, REAR END",,,,,,,4230047,,,,0,0,N
1271552.335,227358.0149,5204,18648,18648,1198553,Unmatched,Intersection,29878,BOREN AVE AND PIKE ST,,,0,Unknown,,0,0,0,0,0,0,0,2004/12/07 00:00:00+00,12/7/2004,At Intersection (intersection related),11,"MOTOR VEHICLE STRUCK MOTOR VEHICLE, FRONT END AT ANGLE",,,,,,,4342044,,,,0,0,N
1275244.447,227483.246,5205,19279,19279,C649685,Matched,Block,,E MADISON ST BETWEEN 14TH AVE AND E PIKE ST,,,2,Injury Collision,Rear Ended,2,0,0,2,1,0,0,2004/11/30 00:00:00+00,11/30/2004 11:10,Mid-Block (but intersection related),14,"MOTOR VEHICLE STRUCK MOTOR VEHICLE, REAR END",,0,Overcast,Wet,Daylight,,4335042,,14,From same direction - both going straight - one stopped - rear-end,0,0,N
1268316.704,260834.8269,5206,18312,18312,1779717,Matched,Intersection,36360,AURORA AVE N AND N NORTHGATE WAY,,,1,Property Damage Only Collision,Sideswipe,3,0,0,2,0,0,0,2004/03/29 00:00:00+00,3/29/2004 14:09,At Intersection (intersection related),16,"MOTOR VEHICLE STRUCK MOTOR VEHICLE, LEFT SIDE SIDESWIPE",,0,Clear,Dry,Daylight,,4089017,,81,Same direction -- both turning left -- both moving -- sideswipe,0,0,N
1259540.837,210020.2903,5207,18231,18231,528274,Matched,Block,,35TH AVE SW BETWEEN FAUNTLEROY N WAY SW AND FAUNTLEROY S WAY SW,,,1,Property Damage Only Collision,Other,0,0,0,1,0,0,0,2004/04/11 00:00:00+00,4/11/2004 2:30,Mid-Block (not related to intersection),28,MOTOR VEHICLE RAN OFF ROAD - HIT FIXED OBJECT,,0,Clear,Dry,Dark - Street Lights On,,4102012,,50,Fixed object,0,0,N
1277883.853,202382.8928,5208,18816,18816,4014067,Unmatched,Block,,S EDDY ST BETWEEN 24TH AVE S AND BEACON WR AVE S,,,0,Unknown,,0,0,0,0,0,0,0,2004/01/14 00:00:00+00,1/14/2004,Mid-Block (not related to intersection),14,"MOTOR VEHICLE STRUCK MOTOR VEHICLE, REAR END",,,,,,,4014067,,,,0,0,N
1280223.29,227001.1391,5209,18542,18542,1789995,Matched,Intersection,30021,30TH AVE AND E UNION ST,,,2,Injury Collision,Angles,3,0,0,2,1,0,0,2004/04/20 00:00:00+00,4/20/2004 16:05,At Intersection (intersection related),11,"MOTOR VEHICLE STRUCK MOTOR VEHICLE, FRONT END AT ANGLE",,0,Clear,Dry,Daylight,,4111024,,10,Entering at angle,0,0,N
1270015.369,259142.9267,5210,18355,18355,4291045,Unmatched,Block,,DENSMORE AVE N BETWEEN N 97TH ST AND N 100TH W ST,,,0,Unknown,,0,0,0,0,0,0,0,2004/10/17 00:00:00+00,10/17/2004,Mid-Block (not related to intersection),11,"MOTOR VEHICLE STRUCK MOTOR VEHICLE, FRONT END AT ANGLE",,,,,,,4291045,,,,0,0,N
1278654.949,214892.7841,5211,18564,18564,1779097,Matched,Block,,RAINIER AVE S BETWEEN S BAYVIEW ST AND S MCCLELLAN ST,,,1,Property Damage Only Collision,Other,3,0,0,2,0,0,0,2004/11/11 00:00:00+00,11/11/2004 18:03,Driveway Junction,11,"MOTOR VEHICLE STRUCK MOTOR VEHICLE, FRONT END AT ANGLE",,0,Clear,Dry,Dark - Street Lights On,,4316009,,22,One car leaving driveway access,0,0,N
1251602.078,214713.1228,5212,18611,18611,1781372,Matched,Block,,SW STEVENS ST BETWEEN 59TH AVE SW AND 60TH AVE SW,,,1,Property Damage Only Collision,Parked Car,2,0,0,2,0,0,0,2004/08/20 00:00:00+00,8/20/2004 20:30,Mid-Block (not related to intersection),13,"MOTOR VEHICLE STRUCK MOTOR VEHICLE, LEFT SIDE AT ANGLE",,0,Clear,Dry,Dark - Street Lights Off,,4233013,,32,One parked--one moving,0,0,N
1274850.37,216434.1119,5213,18189,18189,1772755,Unmatched,Intersection,31264,14TH AVE S AND S WALKER ST,,,0,Unknown,,0,0,0,0,0,0,0,2004/05/03 00:00:00+00,5/3/2004,At Intersection (intersection related),11,"MOTOR VEHICLE STRUCK MOTOR VEHICLE, FRONT END AT ANGLE",,,,,,,4124008,,,,0,0,N
1288864.05,192366.0228,5214,19001,19001,1793170,Matched,Block,,RAINIER AVE S BETWEEN S CARVER ST AND S KEPPLER ST,,,1,Property Damage Only Collision,Other,3,0,0,1,0,0,0,2004/12/03 00:00:00+00,12/3/2004,Mid-Block (not related to intersection),28,MOTOR VEHICLE RAN OFF ROAD - HIT FIXED OBJECT,,0,Clear,Dry,Dark - Street Lights On,,4338005,,50,Fixed object,0,0,N
1268187.731,192559.9298,5215,18022,18022,1795601,Matched,Block,,OLSON PL SW BETWEEN SW CAMBRIDGE PL AND SW ROXBURY ST,,,1,Property Damage Only Collision,Other,2,0,0,1,0,0,0,2004/10/19 00:00:00+00,10/19/2004 2:03,Mid-Block (but intersection related),28,MOTOR VEHICLE RAN OFF ROAD - HIT FIXED OBJECT,,0,Raining,Wet,Dark - Street Lights On,,4293033,Y,50,Fixed object,0,0,N
1272297.954,226097.9908,5216,18079,18079,1799026,Matched,Intersection,29906,BOREN AVE AND SPRING ST,,,1,Property Damage Only Collision,Rear Ended,2,0,0,2,0,0,0,2004/09/10 00:00:00+00,9/10/2004 8:07,At Intersection (intersection related),14,"MOTOR VEHICLE STRUCK MOTOR VEHICLE, REAR END",,0,Clear,Dry,Daylight,,4254028,,14,From same direction - both going straight - one stopped - rear-end,0,0,N
1268810.194,217940.419,5217,18392,18392,1777269,Unmatched,Block,,ALASKAN WAY S BETWEEN S MASSACHUSETTS ST AND EAST MARGINAL WAY S,,,0,Unknown,,0,0,0,0,0,0,0,2004/11/24 00:00:00+00,11/24/2004,Mid-Block (not related to intersection),29,MOTOR VEHICLE OVERTURNED IN ROAD,,,,,,,4329053,,,,0,0,N
1271403.322,247693.0592,5218,18801,18801,1797040,Matched,Block,,N 56TH ST BETWEEN KIRKWOOD PL N AND KENSINGTON PL N,,,1,Property Damage Only Collision,Angles,3,0,0,3,0,0,0,2004/11/22 00:00:00+00,11/22/2004 11:35,Driveway Junction,11,"MOTOR VEHICLE STRUCK MOTOR VEHICLE, FRONT END AT ANGLE",,0,Clear,Wet,Daylight,,4327025,,10,Entering at angle,0,0,N
1268250.389,243175.9712,5219,18814,18814,4010038,Unmatched,Intersection,26833,MIDVALE AVE N AND N 41ST ST,,,0,Unknown,,0,0,0,0,0,0,0,2004/01/10 00:00:00+00,1/10/2004,At Intersection (intersection related),11,"MOTOR VEHICLE STRUCK MOTOR VEHICLE, FRONT END AT ANGLE",,,,,,,4010038,,,,0,0,N
1269455.295,227106.8494,5220,18674,18674,1783187,Matched,Intersection,29567,5TH AVE AND OLIVE WAY,,,2b,Serious Injury Collision,Left Turn,7,0,0,2,1,1,0,2004/06/26 00:00:00+00,6/26/2004 12:46,At Intersection (intersection related),11,"MOTOR VEHICLE STRUCK MOTOR VEHICLE, FRONT END AT ANGLE",,0,Clear,Dry,Daylight,,4178037,,15,From same direction - one left turn - one straight,0,0,N
1272581.984,223048.7888,5221,18274,18274,1784128,Matched,Block,,YESLER WAY BETWEEN 6TH AVE AND 8TH AVE,,,1,Property Damage Only Collision,Parked Car,2,0,0,2,0,0,0,2004/12/03 00:00:00+00,12/3/2004,Mid-Block (not related to intersection),11,"MOTOR VEHICLE STRUCK MOTOR VEHICLE, FRONT END AT ANGLE",,0,Overcast,Dry,Daylight,,4338014,,32,One parked--one moving,0,0,N
1277895.855,227042.9373,5222,18740,18740,1789820,Matched,Block,,E UNION ST BETWEEN 22ND AVE AND 23RD AVE,,,1,Property Damage Only Collision,Rear Ended,2,0,0,2,0,0,0,2004/03/02 00:00:00+00,3/2/2004,Mid-Block (but intersection related),14,"MOTOR VEHICLE STRUCK MOTOR VEHICLE, REAR END",,0,Clear,Dry,Daylight,,4062028,,14,From same direction - both going straight - one stopped - rear-end,0,0,N
1275904.131,227872.1948,5223,18763,18763,1198401,Matched,Block,,E MADISON ST BETWEEN 16TH AVE AND E PINE ST,,,1,Property Damage Only Collision,Rear Ended,2,0,0,2,0,0,0,2004/11/10 00:00:00+00,11/10/2004 9:31,Mid-Block (but intersection related),14,"MOTOR VEHICLE STRUCK MOTOR VEHICLE, REAR END",,0,Clear,Dry,Daylight,,4315018,,14,From same direction - both going straight - one stopped - rear-end,0,0,N
1264985.141,193758.364,5224,17915,17915,1482012,Matched,Intersection,35044,14TH AVE SW AND SW BARTON ST,,,2,Injury Collision,Angles,3,0,0,2,1,0,0,2004/02/03 00:00:00+00,2/3/2004,At Intersection (intersection related),11,"MOTOR VEHICLE STRUCK MOTOR VEHICLE, FRONT END AT ANGLE",,0,Overcast,Dry,Daylight,,4034018,Y,10,Entering at angle,0,0,N
1279925.217,264207.8838,5225,18697,18697,1794710,Matched,Block,,LAKE CITY WAY NE BETWEEN NE 117TH ST AND NE 120TH ST,,,1,Property Damage Only Collision,Other,2,0,0,2,0,0,0,2004/11/09 00:00:00+00,11/9/2004,Driveway Junction,14,"MOTOR VEHICLE STRUCK MOTOR VEHICLE, REAR END",,0,Clear,Dry,Daylight,,4314032,,22,One car leaving driveway access,0,0,N
1282909.084,199261.5604,5226,18291,18291,1771778,Matched,Intersection,34465,42ND AVE S AND S OTHELLO ST,,,1,Property Damage Only Collision,Other,5,0,0,2,0,0,0,2004/06/26 00:00:00+00,6/26/2004 15:30,At Intersection (intersection related),11,"MOTOR VEHICLE STRUCK MOTOR VEHICLE, FRONT END AT ANGLE",,0,Clear,Dry,Daylight,,4178034,,21,One car entering driveway access,0,0,N
1272084.22,222293.9888,5227,18218,18218,1776262,Matched,Block,,6TH AVE S BETWEEN S MAIN ST AND S JACKSON ST,,,1,Property Damage Only Collision,Parked Car,2,0,0,2,0,0,0,2004/01/06 00:00:00+00,1/6/2004,Mid-Block (not related to intersection),13,"MOTOR VEHICLE STRUCK MOTOR VEHICLE, LEFT SIDE AT ANGLE",,0,Snowing,Snow/Slush,Daylight,,4006018,,32,One parked--one moving,0,0,N
1255194.159,199974.7968,5228,17965,17965,1203775,Matched,Block,,47TH AVE SW BETWEEN SW OTHELLO ST AND SW FONTANELLE ST,,,2,Injury Collision,Other,1,0,0,1,1,0,0,2004/04/06 00:00:00+00,4/6/2004,Mid-Block (but intersection related),28,MOTOR VEHICLE RAN OFF ROAD - HIT FIXED OBJECT,,1,Overcast,Dry,Daylight,,4097024,,50,Fixed object,0,0,N
1268699.968,213899.6569,5229,18789,18789,1776604,Unmatched,Block,,ALASKAN WY VI SB BETWEEN S LANDER ST AND ALASKAN WY VI SB WSB WB OFF RP,,,0,Unknown,,0,0,0,0,0,0,0,2004/11/16 00:00:00+00,11/16/2004,Mid-Block (not related to intersection),14,"MOTOR VEHICLE STRUCK MOTOR VEHICLE, REAR END",,,,,,,4321028,,,,0,0,N
1270106.84,226006.9447,5230,18665,18665,1482651,Matched,Intersection,29913,5TH AVE AND UNION ST,,,1,Property Damage Only Collision,Left Turn,4,0,0,2,0,0,0,2004/04/24 00:00:00+00,4/24/2004 17:15,At Intersection (intersection related),11,"MOTOR VEHICLE STRUCK MOTOR VEHICLE, FRONT END AT ANGLE",,0,Clear,Dry,Daylight,,4115020,,15,From same direction - one left turn - one straight,0,0,N
1254864.934,248920.7664,5231,18117,18117,1773839,Matched,Intersection,25041,32ND AVE NW AND NW 59TH N ST,,,1,Property Damage Only Collision,Left Turn,2,0,0,2,0,0,0,2004/04/03 00:00:00+00,4/3/2004,At Intersection (intersection related),11,"MOTOR VEHICLE STRUCK MOTOR VEHICLE, FRONT END AT ANGLE",,0,Clear,Dry,Daylight,,4094020,,28,From opposite direction - one left turn - one straight,0,0,N
1282821.449,252526.2274,5232,18578,18578,1773965,Matched,Intersection,24926,40TH AVE NE AND NE 75TH ST,,,1,Property Damage Only Collision,Sideswipe,2,0,0,2,0,0,0,2004/05/11 00:00:00+00,5/11/2004 13:57,At Intersection (intersection related),16,"MOTOR VEHICLE STRUCK MOTOR VEHICLE, LEFT SIDE SIDESWIPE",,0,Clear,Dry,Daylight,,4132007,,71,Same direction -- both turning right -- both moving -- sideswipe,0,0,N
1283588.544,200570.5148,5233,18899,18899,1779479,Matched,Intersection,34433,44TH AVE S AND S WILLOW ST,,,2,Injury Collision,Angles,3,0,0,2,2,0,0,2004/01/10 00:00:00+00,1/10/2004 20:05,At Intersection (intersection related),11,"MOTOR VEHICLE STRUCK MOTOR VEHICLE, FRONT END AT ANGLE",,0,Overcast,Wet,Dark - Street Lights On,,4010020,,10,Entering at angle,0,0,N
1274397.789,195722.865,5234,19149,19149,1788906,Matched,Block,,14TH AVE S BETWEEN DALLAS AVE S AND S CLOVERDALE ST,,,2,Injury Collision,Rear Ended,2,0,0,2,1,0,0,2004/01/12 00:00:00+00,1/12/2004 14:45,Mid-Block (not related to intersection),14,"MOTOR VEHICLE STRUCK MOTOR VEHICLE, REAR END",,0,Overcast,Wet,Daylight,,4012037,,14,From same direction - both going straight - one stopped - rear-end,0,0,N
1262695.041,241584.566,5235,18951,18951,1482579,Matched,Block,,W NICKERSON ST BETWEEN 6TH AVE W AND 8TH AVE W,,,2,Injury Collision,Rear Ended,2,0,0,2,1,0,0,2004/06/03 00:00:00+00,6/3/2004,Mid-Block (but intersection related),14,"MOTOR VEHICLE STRUCK MOTOR VEHICLE, REAR END",Y,0,Clear,Dry,Daylight,,4155015,,14,From same direction - both going straight - one stopped - rear-end,0,0,N
1272573.382,235329.4138,5236,18836,18836,1772353,Matched,Block,,EASTLAKE AVE E BETWEEN E BLAINE ST AND E HOWE ST,,,1,Property Damage Only Collision,Other,1,0,0,1,0,0,0,2004/05/08 00:00:00+00,5/8/2004,Mid-Block (not related to intersection),28,MOTOR VEHICLE RAN OFF ROAD - HIT FIXED OBJECT,,1,Clear,Dry,Dark - Street Lights On,,4129001,,50,Fixed object,0,0,N
1268624.867,244767.2729,5237,17940,17940,1794202,Matched,Block,,STONE WAY N BETWEEN N ALLEN PL AND N 45TH ST,,,1,Property Damage Only Collision,Rear Ended,2,0,0,2,0,0,0,2004/07/16 00:00:00+00,7/16/2004 18:30,Mid-Block (but intersection related),14,"MOTOR VEHICLE STRUCK MOTOR VEHICLE, REAR END",,0,Clear,Dry,Daylight,,4198040,,14,From same direction - both going straight - one stopped - rear-end,0,0,N