X,Y,OBJECTID,INCKEY,COLDETKEY,REPORTNO,STATUS,ADDRTYPE,INTKEY,LOCATION,EXCEPTRSNCODE,EXCEPTRSNDESC,SEVERITYCODE,SEVERITYDESC,COLLISIONTYPE,PERSONCOUNT,PEDCOUNT,PEDCYLCOUNT,VEHCOUNT,INJURIES,SERIOUSINJURIES,FATALITIES,INCDATE,INCDTTM,JUNCTIONTYPE,SDOT_COLCODE,SDOT_COLDESC,INATTENTIONIND,UNDERINFL,WEATHER,ROADCOND,LIGHTCOND,PEDROWNOTGRNT,SDOTCOLNUM,SPEEDING,ST_COLCODE,ST_COLDESC,SEGLANEKEY,CROSSWALKKEY,HITPARKEDCAR
1258834.132,247752.2459,5238,18129,18129,1782356,Matched,Intersection,25152,20TH AVE NW AND NW MARKET ST,,,1,Property Damage Only Collision,Left Turn,4,0,0,2,0,0,0,2004/04/30 00:00:00+00,4/30/2004 16:40,At Intersection (intersection related),11,"MOTOR VEHICLE STRUCK MOTOR VEHICLE, FRONT END AT ANGLE",,0,Clear,Dry,Daylight,,4121031,,28,From opposite direction - one left turn - one straight,0,0,N
1274862.304,253100.8001,5239,18888,18888,1079829,Matched,Block,,ROOSEVELT WAY NE BETWEEN NE 75TH ST AND NE 78TH ST,,,1,Property Damage Only Collision,Other,1,0,0,1,0,0,0,2004/07/04 00:00:00+00,7/4/2004,Mid-Block (but intersection related),28,MOTOR VEHICLE RAN OFF ROAD - HIT FIXED OBJECT,,0,Clear,Dry,Dark - Street Lights On,,4186006,,50,Fixed object,0,0,N
1271965.818,262071.8831,5240,18471,18471,C632035,Matched,Block,,N NORTHGATE WAY BETWEEN CORLISS AVE N AND 1ST AVE NE,,,2,Injury Collision,Rear Ended,2,0,0,2,1,0,0,2004/05/11 00:00:00+00,5/11/2004 8:45,Mid-Block (but intersection related),14,"MOTOR VEHICLE STRUCK MOTOR VEHICLE, REAR END",,0,Overcast,Dry,Daylight,,4132034,,14,From same direction - both going straight - one stopped - rear-end,0,0,N
1256884.192,208221.5059,5241,18040,18040,1775188,Matched,Block,,CALIFORNIA AVE SW BETWEEN SW ALASKA ST AND ERSKINE WAY SW,,,1,Property Damage Only Collision,Sideswipe,2,0,0,2,0,0,0,2004/03/31 00:00:00+00,3/31/2004 13:00,Mid-Block (not related to intersection),16,"MOTOR VEHICLE STRUCK MOTOR VEHICLE, LEFT SIDE SIDESWIPE",,0,Clear,Dry,Daylight,,4091022,,12,From same direction - both going straight - one stopped - sideswipe,0,0,N
1274487.385,224351.3989,5242,18854,18854,1211596,Matched,Block,,12TH AVE BETWEEN E TERRACE ST AND E REMINGTON CT,,,1,Property Damage Only Collision,Rear Ended,2,0,0,2,0,0,0,2004/10/27 00:00:00+00,10/27/2004 17:40,Mid-Block (not related to intersection),14,"MOTOR VEHICLE STRUCK MOTOR VEHICLE, REAR END",Y,0,Clear,Dry,Daylight,,4301019,,14,From same direction - both going straight - one stopped - rear-end,0,0,N
1272444.628,251045.695,5243,18011,18011,1779742,Matched,Block,,EAST GREEN LAKE WAY N BETWEEN 2ND AVE NE AND 4TH AVE NE,,,2,Injury Collision,Rear Ended,3,0,0,2,1,0,0,2004/06/05 00:00:00+00,6/5/2004,Driveway Junction,14,"MOTOR VEHICLE STRUCK MOTOR VEHICLE, REAR END",Y,0,Overcast,Dry,Daylight,,4157020,,14,From same direction - both going straight - one stopped - rear-end,0,0,N
1264787.078,235253.3319,5244,18363,18363,1482511,Matched,Intersection,27842,BLAINE ST AND QUEEN ANNE AVE N,,,2,Injury Collision,Cycles,2,0,1,1,1,0,0,2004/07/20 00:00:00+00,7/20/2004 17:53,At Intersection (intersection related),18,"MOTOR VEHICLE STRUCK PEDALCYCLIST, FRONT END AT ANGLE",,0,Clear,Dry,Daylight,Y,4202033,,45,Vehicle - Pedalcyclist,0,0,N
1269828.276,240428.1706,5245,18232,18232,566944,Matched,Block,,N 35TH ST BETWEEN DENSMORE AVE N AND WALLINGFORD AVE N,,,1,Property Damage Only Collision,Parked Car,0,0,0,2,0,0,0,2004/04/20 00:00:00+00,4/20/2004 7:38,Mid-Block (not related to intersection),11,"MOTOR VEHICLE STRUCK MOTOR VEHICLE, FRONT END AT ANGLE",,0,Overcast,Wet,Dark - Street Lights On,,4111007,,32,One parked--one moving,0,0,N
1270194.226,223963.2777,5246,18932,18932,1773953,Matched,Block,,2ND AVE BETWEEN COLUMBIA ST AND MARION ST,,,1,Property Damage Only Collision,Rear Ended,3,0,0,3,0,0,0,2004/01/06 00:00:00+00,1/6/2004,Mid-Block (but intersection related),14,"MOTOR VEHICLE STRUCK MOTOR VEHICLE, REAR END",,0,Snowing,Snow/Slush,Daylight,,4006039,Y,14,From same direction - both going straight - one stopped - rear-end,0,0,N
1268316.704,260834.8269,5247,18968,18968,1773506,Matched,Intersection,36360,AURORA AVE N AND N NORTHGATE WAY,,,2,Injury Collision,Pedestrian,2,1,0,1,1,0,0,2004/03/05 00:00:00+00,3/5/2004,At Intersection (intersection related),24,MOTOR VEHCILE STRUCK PEDESTRIAN,,0,Raining,Wet,Daylight,,4065007,,0,Vehicle going straight hits pedestrian,0,0,N
1269765.398,231434.9918,5248,17989,17989,1784608,Matched,Block,,MERCER SR ST BETWEEN TERRY AVE N AND BOREN AVE N,,,2,Injury Collision,Other,4,0,0,2,2,0,0,2004/09/17 00:00:00+00,9/17/2004 11:28,Driveway Junction,11,"MOTOR VEHICLE STRUCK MOTOR VEHICLE, FRONT END AT ANGLE",,0,Clear,Dry,Daylight,,4261020,,22,One car leaving driveway access,0,0,N
1270721.919,223386.8446,5249,18875,18875,4315034,Unmatched,Block,,JAMES ST BETWEEN 2ND AVE AND 3RD AVE,,,0,Unknown,,0,0,0,0,0,0,0,2004/11/10 00:00:00+00,11/10/2004,Mid-Block (not related to intersection),14,"MOTOR VEHICLE STRUCK MOTOR VEHICLE, REAR END",,,,,,,4315034,,,,0,0,N
1270306.74,231478.6133,5250,18894,18894,1777394,Matched,Intersection,28760,FAIRVIEW AVE N AND MERCER ST,,,1,Property Damage Only Collision,Angles,2,0,0,2,0,0,0,2004/01/24 00:00:00+00,1/24/2004 1:36,At Intersection (intersection related),11,"MOTOR VEHICLE STRUCK MOTOR VEHICLE, FRONT END AT ANGLE",,0,Raining,Wet,Dark - Street Lights On,,4024024,,10,Entering at angle,0,0,N
1270635.753,225114.0574,5251,18319,18319,1776268,Matched,Intersection,29933,5TH AVE AND SPRING ST,,,1,Property Damage Only Collision,Angles,4,0,0,2,0,0,0,2004/04/11 00:00:00+00,4/11/2004 12:38,At Intersection (intersection related),11,"MOTOR VEHICLE STRUCK MOTOR VEHICLE, FRONT END AT ANGLE",,0,Clear,Dry,Daylight,,4102015,,10,Entering at angle,0,0,N
1264892.557,253093.0248,5252,18701,18701,4014064,Unmatched,Block,,1ST AVE NW BETWEEN NW 75TH ST AND NW 76TH ST,,,0,Unknown,,0,0,0,0,0,0,0,2004/01/14 00:00:00+00,1/14/2004,Mid-Block (not related to intersection),12,"MOTOR VEHICLE STRUCK MOTOR VEHICLE, RIGHT SIDE AT ANGLE",,,,,,,4014064,,,,0,0,N
1276518.625,202995.0573,5253,18423,18423,1771886,Matched,Block,,S GRAHAM ST BETWEEN SWIFT AVE S AND 21ST AVE S,,,1,Property Damage Only Collision,Sideswipe,2,0,0,2,0,0,0,2004/06/27 00:00:00+00,6/27/2004 23:00,Mid-Block (not related to intersection),11,"MOTOR VEHICLE STRUCK MOTOR VEHICLE, FRONT END AT ANGLE",,0,Clear,Dry,Dark - Street Lights On,,4179003,,26,From opposite direction - both going straight - sideswipe,0,0,N
1270403.445,269875.9098,5254,19019,19019,1774254,Matched,Intersection,35728,ROOSEVELT WAY N AND WALLINGFORD AVE N,,,1,Property Damage Only Collision,Angles,4,0,0,2,0,0,0,2004/05/14 00:00:00+00,5/14/2004 12:26,At Intersection (intersection related),11,"MOTOR VEHICLE STRUCK MOTOR VEHICLE, FRONT END AT ANGLE",,0,Clear,Dry,Daylight,,4135028,,10,Entering at angle,0,0,N
1275138.168,224634.9168,5255,18626,18626,1772501,Matched,Intersection,29805,14TH AVE AND E JEFFERSON ST,,,2,Injury Collision,Angles,4,0,0,2,1,0,0,2004/05/13 00:00:00+00,5/13/2004 14:31,At Intersection (intersection related),11,"MOTOR VEHICLE STRUCK MOTOR VEHICLE, FRONT END AT ANGLE",,0,Clear,Dry,Daylight,,4134005,,10,Entering at angle,0,0,N
1259098.753,187231.5035,5256,18347,18347,1789204,Matched,Intersection,38044,35TH AVE SW AND SW 112TH ST,,,1,Property Damage Only Collision,Angles,3,0,0,2,0,0,0,2004/02/03 00:00:00+00,2/3/2004,At Intersection (intersection related),11,"MOTOR VEHICLE STRUCK MOTOR VEHICLE, FRONT END AT ANGLE",,0,Clear,Dry,Daylight,,4034017,,10,Entering at angle,0,0,N
1272973.41,268799.1809,5257,18108,18108,1794259,Matched,Block,,3RD AVE NE BETWEEN NE 135TH ST AND NE 136TH ST,,,1,Property Damage Only Collision,Other,1,0,0,1,0,0,0,2004/10/19 00:00:00+00,10/19/2004 2:00,Mid-Block (not related to intersection),28,MOTOR VEHICLE RAN OFF ROAD - HIT FIXED OBJECT,,0,Clear,Dry,Unknown,,4293034,,50,Fixed object,0,0,N
1256925.333,209863.6627,5258,18654,18654,1774843,Matched,Intersection,31893,CALIFORNIA AVE SW AND SW GENESEE ST,,,1,Property Damage Only Collision,Angles,2,0,0,2,0,0,0,2004/04/01 00:00:00+00,4/1/2004,At Intersection (intersection related),11,"MOTOR VEHICLE STRUCK MOTOR VEHICLE, FRONT END AT ANGLE",,0,Clear,Dry,Daylight,,4092010,,10,Entering at angle,0,0,N
1262868.685,250989.538,5259,19576,19576,1782100,Matched,Intersection,24205,8TH AVE NW AND NW 67TH ST,,,1,Property Damage Only Collision,Right Turn,4,0,0,2,0,0,0,2004/11/24 00:00:00+00,11/24/2004 15:14,At Intersection (intersection related),11,"MOTOR VEHICLE STRUCK MOTOR VEHICLE, FRONT END AT ANGLE",,0,Raining,Wet,Daylight,,4329038,,16,From same direction - one right turn - one straight,0,0,N
1272536.731,220906.3446,5260,18308,18308,1480916,Matched,Block,,S DEARBORN ST BETWEEN MAYNARD AVE S AND 7TH AVE S,,,1,Property Damage Only Collision,Rear Ended,6,0,0,2,0,0,0,2004/07/17 00:00:00+00,7/17/2004 20:14,Mid-Block (but intersection related),14,"MOTOR VEHICLE STRUCK MOTOR VEHICLE, REAR END",,0,Clear,Dry,Dusk,,4199012,,14,From same direction - both going straight - one stopped - rear-end,0,0,N
1266650.294,228791.1523,5261,18373,18373,1213808,Matched,Intersection,29669,3RD AVE AND CEDAR ST,,,1,Property Damage Only Collision,Angles,5,0,0,2,0,0,0,2004/07/23 00:00:00+00,7/23/2004 11:24,At Intersection (intersection related),11,"MOTOR VEHICLE STRUCK MOTOR VEHICLE, FRONT END AT ANGLE",,0,Clear,Dry,Daylight,,4205031,,10,Entering at angle,0,0,N
1277225.478,207610.3553,5262,18963,18963,1773180,Unmatched,Intersection,166923,BEACON ER AVE S AND S COLUMBIAN WAY,,,0,Unknown,,0,0,0,0,0,0,0,2004/12/13 00:00:00+00,12/13/2004,At Intersection (intersection related),11,"MOTOR VEHICLE STRUCK MOTOR VEHICLE, FRONT END AT ANGLE",,,,,,,4348012,,,,0,0,N
1274609.435,205402.2497,5263,18682,18682,4163060,Unmatched,Block,,S LUCILE ST BETWEEN 13TH AVE S AND 15TH AVE S,,,0,Unknown,,0,0,0,0,0,0,0,2004/06/11 00:00:00+00,6/11/2004,Mid-Block (not related to intersection),14,"MOTOR VEHICLE STRUCK MOTOR VEHICLE, REAR END",,,,,,,4163060,,,,0,0,N
1260276.899,247038.0896,5264,18204,18204,1476442,Unmatched,Block,,15TH AVE NW BETWEEN NW 52ND ST AND NW 53RD ST,,,0,Unknown,,0,0,0,0,0,0,0,2004/12/15 00:00:00+00,12/15/2004,Mid-Block (not related to intersection),11,"MOTOR VEHICLE STRUCK MOTOR VEHICLE, FRONT END AT ANGLE",,,,,,,4350034,,,,0,0,N
1273444.129,238165.8644,5265,18862,18862,4276041,Unmatched,Intersection,28207,HARVARD AVE E AND E ROANOKE ST,,,0,Unknown,,0,0,0,0,0,0,0,2004/10/02 00:00:00+00,10/2/2004,At Intersection (intersection related),11,"MOTOR VEHICLE STRUCK MOTOR VEHICLE, FRONT END AT ANGLE",,,,,,,4276041,,,,0,0,N
1272694.527,239067.9097,5266,18594,18594,1181424,Matched,Block,,E HAMLIN ST BETWEEN EASTLAKE AVE E AND FRANKLIN AVE E,,,1,Property Damage Only Collision,Parked Car,2,0,0,2,0,0,0,2004/04/26 00:00:00+00,4/26/2004 9:18,Mid-Block (not related to intersection),12,"MOTOR VEHICLE STRUCK MOTOR VEHICLE, RIGHT SIDE AT ANGLE",,0,Unknown,Unknown,Unknown,,4117028,,32,One parked--one moving,0,0,N
1279954.234,264465.6546,5267,18480,18480,1318116,Matched,Block,,NE 120TH ST BETWEEN 28TH AVE NE AND LAKE CITY WAY NE,,,1,Property Damage Only Collision,Rear Ended,6,0,0,2,0,0,0,2004/04/16 00:00:00+00,4/16/2004 7:29,Mid-Block (but intersection related),14,"MOTOR VEHICLE STRUCK MOTOR VEHICLE, REAR END",,0,Overcast,Wet,Daylight,,4107016,Y,14,From same direction - both going straight - one stopped - rear-end,0,0,N
1277280.686,207317.3999,5268,17918,17918,1779554,Matched,Block,,BEACON ER AVE S BETWEEN S COLUMBIAN WAY AND S FERDINAND N ST,,,2,Injury Collision,Other,2,0,0,2,1,0,0,2004/01/23 00:00:00+00,1/23/2004 18:10,Driveway Junction,11,"MOTOR VEHICLE STRUCK MOTOR VEHICLE, FRONT END AT ANGLE",,0,Raining,Dry,Dark - Street Lights On,,4023031,,22,One car leaving driveway access,0,0,N
1280207.918,271090.2965,5269,18993,18993,1746984,Matched,Block,,NE 145TH ST BETWEEN 28TH AVE NE AND 30TH AVE NE,,,1,Property Damage Only Collision,Angles,3,0,0,2,0,0,0,2004/07/09 00:00:00+00,7/9/2004,Mid-Block (not related to intersection),11,"MOTOR VEHICLE STRUCK MOTOR VEHICLE, FRONT END AT ANGLE",,0,Clear,Dry,Daylight,,4191054,,10,Entering at angle,0,0,N
1264728.577,229579.8223,5270,18154,18154,1213715,Matched,Block,,QUEEN ANNE AVE N BETWEEN DENNY WAY AND JOHN ST,,,1,Property Damage Only Collision,Other,2,0,0,2,0,0,0,2004/06/18 00:00:00+00,6/18/2004 1:30,Driveway Junction,11,"MOTOR VEHICLE STRUCK MOTOR VEHICLE, FRONT END AT ANGLE",,0,Clear,Dry,Dark - Street Lights On,,4170043,,21,One car entering driveway access,0,0,N
1258824.872,209222.9678,5271,17944,17944,C649677,Matched,Block,,FAUNTLEROY WAY SW BETWEEN 37TH AVE SW AND SW OREGON ST,,,1,Property Damage Only Collision,Rear Ended,2,0,0,2,0,0,0,2004/11/28 00:00:00+00,11/28/2004 17:00,Mid-Block (but intersection related),14,"MOTOR VEHICLE STRUCK MOTOR VEHICLE, REAR END",,0,Clear,Dry,Daylight,,4333036,,14,From same direction - both going straight - one stopped - rear-end,0,0,N
1271183.316,222304.5042,5272,18236,18236,4174040,Unmatched,Block,,2ND AV ET S BETWEEN S JACKSON ST AND S MAIN ST,,,0,Unknown,,0,0,0,0,0,0,0,2004/06/22 00:00:00+00,6/22/2004,Mid-Block (but intersection related),14,"MOTOR VEHICLE STRUCK MOTOR VEHICLE, REAR END",,,,,,,4174040,,,,0,0,N
1269839.126,223931.4513,5273,18641,18641,1069962,Unmatched,Intersection,29622,1ST AVE AND MARION ST,,,0,Unknown,,0,0,0,0,0,0,0,2004/12/23 00:00:00+00,12/23/2004,At Intersection (intersection related),11,"MOTOR VEHICLE STRUCK MOTOR VEHICLE, FRONT END AT ANGLE",,,,,,,4358010,,,,0,0,N
1266208.81,246270.2749,5274,18822,18822,1199990,Matched,Block,,N 50TH ST BETWEEN DAYTON AVE N AND EVANSTON AVE N,,,1,Property Damage Only Collision,Rear Ended,2,0,0,2,0,0,0,2004/02/27 00:00:00+00,2/27/2004 17:28,Mid-Block (not related to intersection),14,"MOTOR VEHICLE STRUCK MOTOR VEHICLE, REAR END",Y,0,Clear,Dry,Daylight,,4058027,,13,From same direction - both going straight - both moving - rear-end,0,0,N
1280584.135,249918.8712,5275,18126,18126,1782237,Matched,Intersection,24703,31ST AVE NE AND NE 65TH E ST,,,2b,Serious Injury Collision,Rear Ended,3,0,0,3,3,2,0,2004/04/17 00:00:00+00,4/17/2004 13:05,At Intersection (but not related to intersection),14,"MOTOR VEHICLE STRUCK MOTOR VEHICLE, REAR END",Y,0,Clear,Dry,Daylight,,4108015,,14,From same direction - both going straight - one stopped - rear-end,0,0,N
1283471.943,197242.2355,5276,19034,19034,1793605,Matched,Intersection,34503,RENTON AVE S AND S KENYON ST,,,2,Injury Collision,Left Turn,5,0,0,2,1,0,0,2004/08/03 00:00:00+00,8/3/2004,At Intersection (intersection related),11,"MOTOR VEHICLE STRUCK MOTOR VEHICLE, FRONT END AT ANGLE",,0,Clear,Dry,Dusk,,4216015,,28,From opposite direction - one left turn - one straight,0,0,N
1272531.733,225702.8732,5277,18606,18606,1856602,Matched,Block,,BOREN AVE BETWEEN MARION ST AND MADISON ST,,,2,Injury Collision,Rear Ended,2,0,0,2,1,0,0,2004/04/19 00:00:00+00,4/19/2004 17:32,Mid-Block (not related to intersection),14,"MOTOR VEHICLE STRUCK MOTOR VEHICLE, REAR END",,0,Raining,Wet,Daylight,,4110054,,13,From same direction - both going straight - both moving - rear-end,0,0,N
1277055.986,218140.1593,5278,18043,18043,1792999,Matched,Block,,RAINIER AVE S BETWEEN RAINIER NB I90 EB ON RP AND S MASSACHUSETTS ST,,,1,Property Damage Only Collision,Rear Ended,4,0,0,2,0,0,0,2004/10/25 00:00:00+00,10/25/2004 15:00,Mid-Block (but intersection related),14,"MOTOR VEHICLE STRUCK MOTOR VEHICLE, REAR END",,0,Clear,Dry,Daylight,,4299022,,14,From same direction - both going straight - one stopped - rear-end,0,0,N
1255487.085,191559.3814,5279,18992,18992,1798080,Matched,Block,,46TH AVE SW BETWEEN MARINE VIEW DR SW AND SW 100TH ST,,,1,Property Damage Only Collision,Other,1,0,0,1,0,0,0,2004/06/22 00:00:00+00,6/22/2004 9:17,Mid-Block (not related to intersection),28,MOTOR VEHICLE RAN OFF ROAD - HIT FIXED OBJECT,,1,Overcast,Dry,Daylight,,4174024,,50,Fixed object,0,0,N
1276306.002,266249.5398,5280,18009,18009,4148059,Unmatched,Block,,15TH AVE NE BETWEEN NE 125TH ST AND NE 127TH ST,,,0,Unknown,,0,0,0,0,0,0,0,2004/05/27 00:00:00+00,5/27/2004,Mid-Block (not related to intersection),14,"MOTOR VEHICLE STRUCK MOTOR VEHICLE, REAR END",,,,,,,4148059,,,,0,0,N
1268890.208,225534.2326,5281,19013,19013,1334023,Matched,Block,,1ST AVE BETWEEN UNION ST AND PIKE ST,,,1,Property Damage Only Collision,Sideswipe,3,0,0,2,0,0,0,2004/10/24 00:00:00+00,10/24/2004 3:10,Mid-Block (not related to intersection),16,"MOTOR VEHICLE STRUCK MOTOR VEHICLE, LEFT SIDE SIDESWIPE",,0,Clear,Dry,Dark - Street Lights On,,4298031,,11,From same direction - both going straight - both moving - sideswipe,0,0,N
1274634.088,221013.7749,5282,18791,18791,1788831,Matched,Block,,13TH AVE S BETWEEN S LANE ST AND S DEARBORN ST,,,1,Property Damage Only Collision,Parked Car,2,0,0,2,0,0,0,2004/02/16 00:00:00+00,2/16/2004 12:00,Driveway Junction,11,"MOTOR VEHICLE STRUCK MOTOR VEHICLE, FRONT END AT ANGLE",,0,Raining,Wet,Daylight,,4047005,,32,One parked--one moving,0,0,N
1285274.217,200384.9245,5283,18258,18258,1793560,Matched,Block,,RAINIER AVE S BETWEEN S WILLOW ST AND S FRONTENAC ST,,,2,Injury Collision,Other,1,0,0,1,1,0,0,2004/09/26 00:00:00+00,9/26/2004 2:41,Mid-Block (not related to intersection),28,MOTOR VEHICLE RAN OFF ROAD - HIT FIXED OBJECT,,0,Clear,Dry,Dark - Street Lights On,,4270031,,50,Fixed object,0,0,N
1277525.54,223304.6076,5284,19027,19027,1319925,Matched,Block,,E FIR ST BETWEEN 21ST AVE AND 22ND AVE,,,1,Property Damage Only Collision,Parked Car,2,0,0,2,0,0,0,2004/02/21 00:00:00+00,2/21/2004 10:22,Mid-Block (not related to intersection),14,"MOTOR VEHICLE STRUCK MOTOR VEHICLE, REAR END",,0,Clear,Dry,Daylight,,4052006,,32,One parked--one moving,0,0,N
1271483.176,225259.9598,5285,18748,18748,1795845,Unmatched,Block,,MADISON ST BETWEEN 7TH AVE AND 8TH AVE,,,0,Unknown,,0,0,0,0,0,0,0,2004/11/10 00:00:00+00,11/10/2004,Mid-Block (but intersection related),14,"MOTOR VEHICLE STRUCK MOTOR VEHICLE, REAR END",,,,,,,4315014,,,,0,0,N
1275187.898,247390.249,5286,17899,17899,1780789,Matched,Block,,NE 55TH ST BETWEEN 11TH AVE NE AND 12TH AVE NE,,,1,Property Damage Only Collision,Sideswipe,2,0,0,2,0,0,0,2004/04/28 00:00:00+00,4/28/2004 10:18,Mid-Block (not related to intersection),16,"MOTOR VEHICLE STRUCK MOTOR VEHICLE, LEFT SIDE SIDESWIPE",,0,Clear,Dry,Daylight,,4119008,,12,From same direction - both going straight - one stopped - sideswipe,0,0,N
1268266.065,256474.8111,5287,18979,18979,1079877,Matched,Block,,AURORA AVE N BETWEEN N 88TH N ST AND N 89TH ST,,,1,Property Damage Only Collision,Other,4,0,0,3,0,0,0,2004/07/09 00:00:00+00,7/9/2004,Driveway Junction,11,"MOTOR VEHICLE STRUCK MOTOR VEHICLE, FRONT END AT ANGLE",,0,Clear,Dry,Daylight,,4191011,,21,One car entering driveway access,0,0,N
1273022.07,193686.0411,5288,18143,18143,1790683,Matched,Block,,10TH AVE S BETWEEN DEAD END 5 AND S BARTON ST,,,1,Property Damage Only Collision,Other,1,0,0,1,0,0,0,2004/09/16 00:00:00+00,9/16/2004 19:40,Mid-Block (not related to intersection),28,MOTOR VEHICLE RAN OFF ROAD - HIT FIXED OBJECT,,0,Unknown,Unknown,Unknown,,4260007,,50,Fixed object,0,0,N
1270557.723,254174.1577,5289,19004,19004,4349042,Unmatched,Block,,N 80TH ST BETWEEN BURKE AVE N AND STROUD W AVE N,,,0,Unknown,,0,0,0,0,0,0,0,2004/12/14 00:00:00+00,12/14/2004,Mid-Block (not related to intersection),14,"MOTOR VEHICLE STRUCK MOTOR VEHICLE, REAR END",,,,,,,4349042,,,,0,0,N
1286806.083,194385.0175,5290,18621,18621,1779641,Unmatched,Block,,SEWARD PARK AVE S BETWEEN HAMLET AVE S AND S HENDERSON ST,,,0,Unknown,,0,0,0,0,0,0,0,2004/11/03 00:00:00+00,11/3/2004,Mid-Block (not related to intersection),14,"MOTOR VEHICLE STRUCK MOTOR VEHICLE, REAR END",,,,,,,4308009,,,,0,0,N
1264797.588,232338.1955,5291,18340,18340,1069801,Matched,Block,,QUEEN ANNE AVE N BETWEEN VALLEY ST AND ALOHA ST,,,2,Injury Collision,Rear Ended,7,0,0,3,2,0,0,2004/10/16 00:00:00+00,10/16/2004 21:32,Mid-Block (but intersection related),14,"MOTOR VEHICLE STRUCK MOTOR VEHICLE, REAR END",,0,Raining,Wet,Dark - No Street Lights,,4290015,,14,From same direction - both going straight - one stopped - rear-end,0,0,N
1276739.731,218780.5691,5292,18112,18112,1074713,Matched,Block,,RAINIER AVE S BETWEEN MTS N RAINIER CONNCT TRL AND I90 EB OFF RP,,,1,Property Damage Only Collision,Rear Ended,3,0,0,3,0,0,0,2004/08/10 00:00:00+00,8/10/2004 16:50,Mid-Block (not related to intersection),14,"MOTOR VEHICLE STRUCK MOTOR VEHICLE, REAR END",,0,Clear,Dry,Daylight,,4223038,,13,From same direction - both going straight - both moving - rear-end,0,0,N
1257751.251,241078.7401,5293,18946,18946,1213046,Matched,Intersection,26468,23RD AVE W AND W BERTONA ST,,,1,Property Damage Only Collision,Angles,2,0,0,2,0,0,0,2004/02/19 00:00:00+00,2/19/2004 12:10,At Intersection (intersection related),11,"MOTOR VEHICLE STRUCK MOTOR VEHICLE, FRONT END AT ANGLE",,0,Clear,Dry,Daylight,,4050008,,10,Entering at angle,0,0,N
1257140.233,205577.2389,5294,18708,18708,1775349,Matched,Block,,42ND AVE SW BETWEEN SW BRANDON ST AND SW FINDLAY ST,,,1,Property Damage Only Collision,Parked Car,2,0,0,2,0,0,0,2004/11/27 00:00:00+00,11/27/2004 8:30,Mid-Block (not related to intersection),15,"MOTOR VEHICLE STRUCK MOTOR VEHICLE, RIGHT SIDE SIDESWIPE",Y,0,Clear,Dry,Daylight,,4332021,,32,One parked--one moving,0,0,N
1268961.32,231450.3185,5295,18027,18027,1777987,Matched,Intersection,28765,9TH AVE N AND MERCER SR ST,,,2,Injury Collision,Angles,2,0,0,2,2,0,0,2004/05/18 00:00:00+00,5/18/2004 15:54,At Intersection (intersection related),11,"MOTOR VEHICLE STRUCK MOTOR VEHICLE, FRONT END AT ANGLE",,0,Clear,Dry,Daylight,,4139012,,10,Entering at angle,0,0,N
1282888.256,198966.2239,5296,18080,18080,1793610,Unmatched,Block,,M L KING JR ER WAY S BETWEEN S OTHELLO ST AND RENTON S AVE S,,,0,Unknown,,0,0,0,0,0,0,0,2004/12/08 00:00:00+00,12/8/2004,Mid-Block (but intersection related),11,"MOTOR VEHICLE STRUCK MOTOR VEHICLE, FRONT END AT ANGLE",,,,,,,4343048,,,,0,0,N
1278180.631,258413.8906,5297,18243,18243,4034028,Unmatched,Block,,LAKE CITY WAY NE BETWEEN NE 95TH ST AND NE 98TH ST,,,0,Unknown,,0,0,0,0,0,0,0,2004/02/03 00:00:00+00,2/3/2004,Mid-Block (but intersection related),14,"MOTOR VEHICLE STRUCK MOTOR VEHICLE, REAR END",,,,,,,4034028,,,,0,0,N
1269312.604,260813.3043,5298,18636,18636,1779714,Matched,Intersection,37278,INTERLAKE AVE N AND N NORTHGATE WAY,,,1,Property Damage Only Collision,Left Turn,2,0,0,2,0,0,0,2004/03/26 00:00:00+00,3/26/2004 14:14,At Intersection (intersection related),11,"MOTOR VEHICLE STRUCK MOTOR VEHICLE, FRONT END AT ANGLE",,0,Overcast,Wet,Daylight,,4086040,,28,From opposite direction - one left turn - one straight,0,0,N
1254992.821,211934.2816,5299,18655,18655,1774885,Matched,Intersection,31959,49TH AVE SW AND SW CHARLESTOWN ST,,,2,Injury Collision,Angles,3,0,0,2,1,0,0,2004/03/26 00:00:00+00,3/26/2004 18:30,At Intersection (intersection related),11,"MOTOR VEHICLE STRUCK MOTOR VEHICLE, FRONT END AT ANGLE",Y,0,Raining,Wet,Dusk,,4086007,,10,Entering at angle,0,0,N
1264304.972,231971.4261,5300,18534,18534,C649643,Matched,Block,,W ROY ST BETWEEN 1ST AVE W AND 2ND AVE W,,,1,Property Damage Only Collision,Other,2,0,0,2,0,0,0,2004/11/24 00:00:00+00,11/24/2004 14:40,Driveway Junction,11,"MOTOR VEHICLE STRUCK MOTOR VEHICLE, FRONT END AT ANGLE",,0,Raining,Wet,Daylight,,4329067,,22,One car leaving driveway access,0,0,N
1272471.833,236381.2029,5301,18172,18172,1788661,Matched,Intersection,28314,EASTLAKE AVE E AND E BOSTON ST,,,1,Property Damage Only Collision,Angles,2,0,0,2,0,0,0,2004/01/23 00:00:00+00,1/23/2004 15:35,At Intersection (intersection related),11,"MOTOR VEHICLE STRUCK MOTOR VEHICLE, FRONT END AT ANGLE",,0,Raining,Wet,Daylight,,4023040,,10,Entering at angle,0,0,N
1270142.781,261099.3594,5302,18981,18981,1079989,Matched,Block,,N NORTHGATE WAY BETWEEN N 105TH E ST AND N 107TH ST,,,2,Injury Collision,Other,1,0,0,1,1,0,0,2004/07/11 00:00:00+00,7/11/2004 5:51,Mid-Block (not related to intersection),28,MOTOR VEHICLE RAN OFF ROAD - HIT FIXED OBJECT,,0,Overcast,Dry,Dawn,,4193002,,50,Fixed object,0,0,N