X,Y,OBJECTID,INCKEY,COLDETKEY,REPORTNO,STATUS,ADDRTYPE,INTKEY,LOCATION,EXCEPTRSNCODE,EXCEPTRSNDESC,SEVERITYCODE,SEVERITYDESC,COLLISIONTYPE,PERSONCOUNT,PEDCOUNT,PEDCYLCOUNT,VEHCOUNT,INJURIES,SERIOUSINJURIES,FATALITIES,INCDATE,INCDTTM,JUNCTIONTYPE,SDOT_COLCODE,SDOT_COLDESC,INATTENTIONIND,UNDERINFL,WEATHER,ROADCOND,LIGHTCOND,PEDROWNOTGRNT,SDOTCOLNUM,SPEEDING,ST_COLCODE,ST_COLDESC,SEGLANEKEY,CROSSWALKKEY,HITPARKEDCAR
1273614.327,262203.6516,5303,18146,18146,C649711,Matched,Block,,5TH AVE NE BETWEEN NE NORTHGATE WAY AND NE 112TH S ST,,,2,Injury Collision,Sideswipe,2,0,0,2,1,0,0,2004/12/03 00:00:00+00,12/3/2004,Mid-Block (but intersection related),11,"MOTOR VEHICLE STRUCK MOTOR VEHICLE, FRONT END AT ANGLE",,0,Clear,Dry,Dark - Street Lights On,,4338042,,11,From same direction - both going straight - both moving - sideswipe,0,0,N
1268649.681,227407.7489,5304,18722,18722,1482775,Matched,Block,,4TH AVE BETWEEN VIRGINIA ST AND LENORA ST,,,2,Injury Collision,Pedestrian,2,1,0,1,1,0,0,2004/09/20 00:00:00+00,9/20/2004 16:00,Driveway Junction,24,MOTOR VEHCILE STRUCK PEDESTRIAN,,0,Clear,Dry,Daylight,Y,4264028,,1,Vehicle turning right hits pedestrian,0,0,N
1274540.579,228168.7906,5305,18922,18922,1789874,Matched,Block,,12TH AVE BETWEEN E PINE ST AND E OLIVE ST,,,2,Injury Collision,Other,2,0,0,2,2,0,0,2004/06/08 00:00:00+00,6/8/2004,Driveway Junction,11,"MOTOR VEHICLE STRUCK MOTOR VEHICLE, FRONT END AT ANGLE",,0,Clear,Dry,Daylight,,4160027,,22,One car leaving driveway access,0,0,N
1285735.723,195477.0516,5306,18192,18192,1772958,Matched,Block,,S CLOVERDALE PL BETWEEN RAINIER AVE S AND GRATTAN PL S,,,1,Property Damage Only Collision,Parked Car,2,0,0,2,0,0,0,2004/10/11 00:00:00+00,10/11/2004 12:00,Mid-Block (not related to intersection),11,"MOTOR VEHICLE STRUCK MOTOR VEHICLE, FRONT END AT ANGLE",,0,Clear,Dry,Daylight,,4285004,,32,One parked--one moving,0,0,N
1278113.003,229691.1367,5307,18398,18398,1787068,Matched,Intersection,29380,23RD AVE E AND E JOHN ST,,,2,Injury Collision,Left Turn,3,0,0,2,1,0,0,2004/01/04 00:00:00+00,1/4/2004,At Intersection (intersection related),11,"MOTOR VEHICLE STRUCK MOTOR VEHICLE, FRONT END AT ANGLE",,0,Clear,Dry,Daylight,,4004014,,28,From opposite direction - one left turn - one straight,0,0,N
1267360.417,231800.5744,5308,18945,18945,1212962,Matched,Intersection,28889,ROY ST AND TAYLOR AVE N,,,1,Property Damage Only Collision,Angles,2,0,0,2,0,0,0,2004/03/17 00:00:00+00,3/17/2004 7:05,At Intersection (intersection related),11,"MOTOR VEHICLE STRUCK MOTOR VEHICLE, FRONT END AT ANGLE",,0,Raining,Wet,Daylight,,4077003,,10,Entering at angle,0,0,N
1255096.823,243487.5882,5309,19278,19278,C649653,Matched,Block,,31ST AVE W BETWEEN W THURMAN ST AND W ELMORE ST,,,1,Property Damage Only Collision,Parked Car,2,0,0,2,0,0,0,2004/11/24 00:00:00+00,11/24/2004 0:01,Mid-Block (not related to intersection),0,NOT ENOUGH INFORMATION / NOT APPLICABLE,,0,Unknown,Unknown,Unknown,,4329077,,32,One parked--one moving,0,0,N
1279364.006,262876.0525,5310,18161,18161,1930861,Matched,Block,,LAKE CITY WAY NE BETWEEN NE NORTHGATE WAY AND NE 115TH ST,,,2b,Serious Injury Collision,Parked Car,2,0,0,2,1,1,0,2004/12/16 00:00:00+00,12/16/2004 13:50,Mid-Block (not related to intersection),11,"MOTOR VEHICLE STRUCK MOTOR VEHICLE, FRONT END AT ANGLE",Y,0,Clear,Dry,Daylight,,4351035,,32,One parked--one moving,0,0,N
1273248.249,229246.9083,5311,18229,18229,119831,Unmatched,Intersection,29069,HARVARD AVE AND E DENNY WAY,,,0,Unknown,,0,0,0,0,0,0,0,2004/12/07 00:00:00+00,12/7/2004,At Intersection (intersection related),24,MOTOR VEHCILE STRUCK PEDESTRIAN,,,,,,,4342051,,,,0,0,N
1272076.627,246150.2371,5312,18248,18248,1212000,Matched,Intersection,25871,1ST AVE NE AND NE 50TH ST,,,2,Injury Collision,Angles,2,0,0,2,1,0,0,2004/02/16 00:00:00+00,2/16/2004 10:40,At Intersection (intersection related),11,"MOTOR VEHICLE STRUCK MOTOR VEHICLE, FRONT END AT ANGLE",,0,Raining,Wet,Daylight,,4047027,,10,Entering at angle,0,0,N
1272083.871,217390.9738,5313,18663,18663,1482332,Matched,Intersection,31349,6TH AVE S AND S HOLGATE ST,,,1,Property Damage Only Collision,Angles,3,0,0,2,0,0,0,2004/03/14 00:00:00+00,3/14/2004 8:00,At Intersection (intersection related),11,"MOTOR VEHICLE STRUCK MOTOR VEHICLE, FRONT END AT ANGLE",,0,Clear,Dry,Daylight,,4074021,,10,Entering at angle,0,0,N
1271434.247,195623.9264,5314,18531,18531,1790828,Matched,Block,,S CLOVERDALE ST BETWEEN 5TH AVE S AND 7TH AVE S,,,2,Injury Collision,Sideswipe,2,0,0,2,2,0,0,2004/08/21 00:00:00+00,8/21/2004 10:01,Mid-Block (not related to intersection),11,"MOTOR VEHICLE STRUCK MOTOR VEHICLE, FRONT END AT ANGLE",,0,Overcast,Dry,Daylight,,4234042,,26,From opposite direction - both going straight - sideswipe,0,0,N
1273014.144,239959.6311,5315,18205,18205,4350044,Unmatched,Block,,EASTLAKE AVE E BETWEEN E SHELBY ST AND E ALLISON ST,,,0,Unknown,,0,0,0,0,0,0,0,2004/12/15 00:00:00+00,12/15/2004,Driveway Junction,11,"MOTOR VEHICLE STRUCK MOTOR VEHICLE, FRONT END AT ANGLE",,,,,,,4350044,,,,0,0,N
1270514.463,224686.4808,5316,18713,18713,1186845,Matched,Intersection,29952,4TH AVE AND MADISON ST,,,2,Injury Collision,Angles,4,0,0,2,2,0,0,2004/05/02 00:00:00+00,5/2/2004,At Intersection (intersection related),11,"MOTOR VEHICLE STRUCK MOTOR VEHICLE, FRONT END AT ANGLE",,1,Clear,Dry,Dark - Street Lights On,,4123004,,10,Entering at angle,0,0,N
1273913.101,257372.0317,5317,19036,19036,1793686,Matched,Block,,NE 92ND ST BETWEEN 5TH AVE NE AND 8TH AVE NE,,,1,Property Damage Only Collision,Other,1,0,0,1,0,0,0,2004/06/21 00:00:00+00,6/21/2004 13:40,Mid-Block (but intersection related),26,MOTOR VEHICLE STRUCK OBJECT IN ROAD,,0,Clear,Dry,Daylight,,4173014,,50,Fixed object,0,0,N
1276177.254,250004.1983,5318,18617,18617,1480515,Matched,Intersection,24506,15TH AVE NE AND NE 65TH ST,,,1,Property Damage Only Collision,Pedestrian,3,2,0,1,0,0,0,2004/04/14 00:00:00+00,4/14/2004 11:45,At Intersection (intersection related),24,MOTOR VEHCILE STRUCK PEDESTRIAN,,0,Raining,Wet,Daylight,Y,4105005,,2,Vehicle turning left hits pedestrian,0,0,N
1272421.117,232261.4955,5319,18186,18186,1198439,Matched,Block,,BELMONT AVE E BETWEEN SUMMIT N AVE E AND BELLEVUE PL E,,,1,Property Damage Only Collision,Parked Car,2,0,0,2,0,0,0,2004/11/28 00:00:00+00,11/28/2004 0:47,Mid-Block (not related to intersection),14,"MOTOR VEHICLE STRUCK MOTOR VEHICLE, REAR END",,1,Clear,Dry,Dark - Street Lights On,,4333024,,32,One parked--one moving,0,0,N
1267626.521,258539.1006,5320,18996,18996,1780542,Matched,Intersection,37420,LINDEN AVE N AND N 96TH ST,,,2,Injury Collision,Angles,3,0,0,2,2,0,0,2004/04/03 00:00:00+00,4/3/2004,At Intersection (intersection related),11,"MOTOR VEHICLE STRUCK MOTOR VEHICLE, FRONT END AT ANGLE",,0,Clear,Dry,Daylight,,4094034,,10,Entering at angle,0,0,N
,,5321,18303,18303,1212888,Unmatched,,,,NEI,"Not Enough Information, or Insufficient Location Information",0,Unknown,,0,0,0,0,0,0,0,2007/03/26 00:00:00+00,3/26/2007,,0,NOT ENOUGH INFORMATION / NOT APPLICABLE,,,,,,,4086022,, ,,0,0,N
,,5322,18219,18219,4006061,Unmatched,,,,NEI,"Not Enough Information, or Insufficient Location Information",0,Unknown,,0,0,0,0,0,0,0,2004/01/06 00:00:00+00,1/6/2004,,0,NOT ENOUGH INFORMATION / NOT APPLICABLE,,,,,,,4006061,,,,0,0,N
1261151.642,212317.0127,5323,18097,18097,1797927,Unmatched,Block,,SW ADMIRAL WY OFF RP BETWEEN WEST SEATTLE BR WB AND SW ADMIRAL WAY,,,0,Unknown,,0,0,0,0,0,0,0,2004/09/09 00:00:00+00,9/9/2004,Mid-Block (not related to intersection),26,MOTOR VEHICLE STRUCK OBJECT IN ROAD,,,,,,,4253006,,,,0,0,N
1266674.117,240632.7659,5324,18495,18495,1776182,Matched,Intersection,27039,FREMONT AVE N AND N 34TH ST,,,2,Injury Collision,Rear Ended,2,0,0,2,1,0,0,2004/03/03 00:00:00+00,3/3/2004,Ramp Junction,14,"MOTOR VEHICLE STRUCK MOTOR VEHICLE, REAR END",,0,Clear,Dry,Daylight,,4063007,,14,From same direction - both going straight - one stopped - rear-end,0,0,N
1278566.434,259056.6595,5325,18823,18823,1797153,Matched,Block,,LAKE CITY WAY NE BETWEEN NE 98TH ST AND NE 100TH ST,,,1,Property Damage Only Collision,Rear Ended,3,0,0,2,0,0,0,2004/10/22 00:00:00+00,10/22/2004 23:24,Mid-Block (but intersection related),14,"MOTOR VEHICLE STRUCK MOTOR VEHICLE, REAR END",Y,0,Overcast,Wet,Dark - Street Lights On,,4296030,,14,From same direction - both going straight - one stopped - rear-end,0,0,N
,,5326,17990,17990,4043039,Unmatched,Block,,BATTERY ST TUN ON RP BETWEEN BELL ST AND ALASKAN WY VI NB,,,0,Unknown,,0,0,0,0,0,0,0,2004/02/12 00:00:00+00,2/12/2004,Mid-Block (but intersection related),14,"MOTOR VEHICLE STRUCK MOTOR VEHICLE, REAR END",,,,,,,4043039,,,,0,0,N
1267368.977,227266.4868,5327,18582,18582,1784891,Matched,Block,,1ST AVE BETWEEN BLANCHARD ST AND BELL ST,,,1,Property Damage Only Collision,Rear Ended,2,0,0,2,0,0,0,2004/09/09 00:00:00+00,9/9/2004,Mid-Block (not related to intersection),14,"MOTOR VEHICLE STRUCK MOTOR VEHICLE, REAR END",,0,Clear,Dry,Dark - Street Lights On,,4253003,,14,From same direction - both going straight - one stopped - rear-end,0,0,N
1264361.113,260938.8392,5328,18909,18909,1794254,Unmatched,Intersection,37098,3RD AVE NW AND NW 105TH ST,,,0,Unknown,,0,0,0,0,0,0,0,2004/06/01 00:00:00+00,6/1/2004,At Intersection (intersection related),11,"MOTOR VEHICLE STRUCK MOTOR VEHICLE, FRONT END AT ANGLE",,,,,,,4153013,,,,0,0,N
1273059.925,235844.8199,5329,17912,17912,1198455,Unmatched,Intersection,28318,BOYLSTON AVE E AND LAKEVIEW N BV E,,,0,Unknown,,0,0,0,0,0,0,0,2004/11/27 00:00:00+00,11/27/2004,At Intersection (intersection related),11,"MOTOR VEHICLE STRUCK MOTOR VEHICLE, FRONT END AT ANGLE",,,,,,,4332018,,,,0,0,N
1267031.081,231470.3203,5330,18549,18549,4234048,Unmatched,Intersection,28914,5TH AVE N AND MERCER ST,,,0,Unknown,,0,0,0,0,0,0,0,2004/08/21 00:00:00+00,8/21/2004,At Intersection (intersection related),11,"MOTOR VEHICLE STRUCK MOTOR VEHICLE, FRONT END AT ANGLE",,,,,,,4234048,,,,0,0,N
1285289.472,193085.9259,5331,17934,17934,1772945,Matched,Block,,S BARTON PL BETWEEN 50TH S AVE S AND 51ST AVE S,,,1,Property Damage Only Collision,Sideswipe,2,0,0,2,0,0,0,2004/10/22 00:00:00+00,10/22/2004 16:55,Mid-Block (but intersection related),16,"MOTOR VEHICLE STRUCK MOTOR VEHICLE, LEFT SIDE SIDESWIPE",,0,Overcast,Dry,Daylight,,4296037,,72,Same direction -- both turning right -- one stopped -- sideswipe,0,0,N
1270670.338,224423.0934,5332,18429,18429,1213881,Matched,Intersection,29953,4TH AVE AND MARION ST,,,2,Injury Collision,Pedestrian,2,1,0,1,1,0,0,2004/07/14 00:00:00+00,7/14/2004 6:58,At Intersection (intersection related),24,MOTOR VEHCILE STRUCK PEDESTRIAN,,0,Clear,Dry,Daylight,Y,4196004,,1,Vehicle turning right hits pedestrian,0,0,N
1271535.747,224224.6122,5333,18725,18725,1747170,Matched,Intersection,29963,6TH AVE AND CHERRY ST,,,1,Property Damage Only Collision,Left Turn,2,0,0,2,0,0,0,2004/05/08 00:00:00+00,5/8/2004,At Intersection (intersection related),11,"MOTOR VEHICLE STRUCK MOTOR VEHICLE, FRONT END AT ANGLE",,0,Clear,Dry,Dark - Street Lights On,,4129045,,15,From same direction - one left turn - one straight,0,0,N
1274833.286,249736.7198,5334,18486,18486,1328899,Matched,Intersection,25698,ROOSEVELT WAY NE AND NE 64TH ST,,,1,Property Damage Only Collision,Angles,2,0,0,2,0,0,0,2004/02/19 00:00:00+00,2/19/2004 14:52,At Intersection (intersection related),11,"MOTOR VEHICLE STRUCK MOTOR VEHICLE, FRONT END AT ANGLE",,0,Clear,Dry,Daylight,Y,4050012,,10,Entering at angle,0,0,N
1265087.677,231062.246,5335,18113,18113,1482441,Matched,Intersection,28920,1ST AVE N AND REPUBLICAN ST,,,2,Injury Collision,Left Turn,2,0,0,2,1,0,0,2004/05/18 00:00:00+00,5/18/2004 16:36,At Intersection (intersection related),11,"MOTOR VEHICLE STRUCK MOTOR VEHICLE, FRONT END AT ANGLE",,0,Clear,Dry,Unknown,,4139025,,28,From opposite direction - one left turn - one straight,0,0,N
1260203.912,243460.9929,5336,18576,18576,1213572,Matched,Block,,BALLARD BR BETWEEN 15TH AVE W AND POINT A,,,1,Property Damage Only Collision,Other,1,0,0,1,0,0,0,2004/08/17 00:00:00+00,8/17/2004 7:01,Mid-Block (not related to intersection),28,MOTOR VEHICLE RAN OFF ROAD - HIT FIXED OBJECT,Y,0,Clear,Dry,Daylight,,4230042,,50,Fixed object,0,0,N
1264007.272,229885.2866,5337,18605,18605,4103026,Unmatched,Block,,WESTERN AVE W BETWEEN 2ND AVE W AND ELLIOTT ER AVE W,,,0,Unknown,,0,0,0,0,0,0,0,2004/04/12 00:00:00+00,4/12/2004,Mid-Block (not related to intersection),14,"MOTOR VEHICLE STRUCK MOTOR VEHICLE, REAR END",,,,,,,4103026,,,,0,0,N
1262405.723,256347.0145,5338,19143,19143,1778610,Matched,Block,,9TH AVE NW BETWEEN NW 87TH ST AND NW 88TH ST,,,2,Injury Collision,Other,1,0,0,1,1,0,0,2004/09/21 00:00:00+00,9/21/2004 20:22,Mid-Block (not related to intersection),28,MOTOR VEHICLE RAN OFF ROAD - HIT FIXED OBJECT,,1,Clear,Dry,Dark - Street Lights On,,4265019,Y,50,Fixed object,0,0,N
1255115.13,194528.5204,5339,17907,17907,1795492,Matched,Block,,FAUNTLEROY WAY SW BETWEEN SW BARTON ST AND SW WILDWOOD PL,,,2,Injury Collision,Rear Ended,2,0,0,2,1,0,0,2004/11/09 00:00:00+00,11/9/2004,Driveway Junction,11,"MOTOR VEHICLE STRUCK MOTOR VEHICLE, FRONT END AT ANGLE",,0,Clear,Dry,Dark - Street Lights On,,4314003,,13,From same direction - both going straight - both moving - rear-end,0,0,N
1259729.652,245374.2066,5340,18975,18975,1795005,Matched,Intersection,25184,SHILSHOLE AVE NW AND NW 46TH ST,,,2,Injury Collision,Cycles,2,0,1,1,1,0,0,2004/09/22 00:00:00+00,9/22/2004 7:58,At Intersection (intersection related),51,PEDALCYCLIST STRUCK MOTOR VEHICLE FRONT END AT ANGLE,,0,Overcast,Dry,Daylight,,4266008,,45,Vehicle - Pedalcyclist,0,0,N
1262165.91,247680.1617,5341,18139,18139,1794577,Matched,Intersection,25420,9TH AVE NW AND NW MARKET ST,,,1,Property Damage Only Collision,Left Turn,2,0,0,2,0,0,0,2004/09/25 00:00:00+00,9/25/2004 16:09,At Intersection (intersection related),11,"MOTOR VEHICLE STRUCK MOTOR VEHICLE, FRONT END AT ANGLE",,0,Clear,Dry,Daylight,,4269013,,29,From opposite direction - one left turn - one right turn,0,0,N
1274944.74,205633.9926,5342,18858,18858,1773267,Matched,Block,,15TH AVE S BETWEEN S BENNETT ST AND S LUCILE ST,,,1,Property Damage Only Collision,Parked Car,2,0,0,2,0,0,0,2004/11/24 00:00:00+00,11/24/2004 15:00,Mid-Block (not related to intersection),16,"MOTOR VEHICLE STRUCK MOTOR VEHICLE, LEFT SIDE SIDESWIPE",,0,Raining,Wet,Dusk,,4329048,,32,One parked--one moving,0,0,N
1271494.205,229177.3081,5343,18477,18477,1243530,Matched,Block,,DENNY WAY BETWEEN STEWART ST AND MELROSE AVE,,,1,Property Damage Only Collision,Sideswipe,2,0,0,2,0,0,0,2004/08/06 00:00:00+00,8/6/2004,Mid-Block (not related to intersection),16,"MOTOR VEHICLE STRUCK MOTOR VEHICLE, LEFT SIDE SIDESWIPE",,0,Raining,Wet,Daylight,,4219001,,11,From same direction - both going straight - both moving - sideswipe,0,0,N
1288286.986,204269.0295,5344,18190,18190,1772885,Matched,Intersection,33710,LAKE WASHINGTON BLVD S AND S ORCAS ST,,,2,Injury Collision,Cycles,2,0,1,1,1,0,0,2004/05/17 00:00:00+00,5/17/2004 18:49,At Intersection (intersection related),18,"MOTOR VEHICLE STRUCK PEDALCYCLIST, FRONT END AT ANGLE",Y,0,Clear,Dry,Daylight,Y,4138008,,45,Vehicle - Pedalcyclist,0,0,N
1262269.213,255698.0221,5345,18384,18384,1794620,Unmatched,Block,,NW 85TH ST BETWEEN 9TH AVE NW AND 10TH AVE NW,,,0,Unknown,,0,0,0,0,0,0,0,2004/12/10 00:00:00+00,12/10/2004,Mid-Block (not related to intersection),14,"MOTOR VEHICLE STRUCK MOTOR VEHICLE, REAR END",,,,,,,4345038,,,,0,0,N
1274194.098,244762.5405,5346,18944,18944,1212337,Matched,Intersection,337035,8TH AVE NE AND NE 45TH E ST,,,1,Property Damage Only Collision,Head On,2,0,0,2,0,0,0,2004/06/10 00:00:00+00,6/10/2004 3:00,At Intersection (intersection related),11,"MOTOR VEHICLE STRUCK MOTOR VEHICLE, FRONT END AT ANGLE",,0,Clear,Dry,Dark - Street Lights On,,4162010,,25,From opposite direction - one stopped - head-on,0,0,N
1279384.218,263173.4275,5347,19426,19426,4146051,Unmatched,Block,,NE 115TH ST BETWEEN 26TH AVE NE AND LAKE CITY WAY NE,,,0,Unknown,,0,0,0,0,0,0,0,2004/05/25 00:00:00+00,5/25/2004,Driveway Junction,11,"MOTOR VEHICLE STRUCK MOTOR VEHICLE, FRONT END AT ANGLE",,,,,,,4146051,,,,0,0,N
1272221.028,221219.2846,5348,18449,18449,1213136,Matched,Block,,S LANE ST BETWEEN 6TH AVE S AND MAYNARD AVE S,,,1,Property Damage Only Collision,Parked Car,2,0,0,2,0,0,0,2004/10/05 00:00:00+00,10/5/2004,Mid-Block (not related to intersection),11,"MOTOR VEHICLE STRUCK MOTOR VEHICLE, FRONT END AT ANGLE",,0,Unknown,Unknown,Unknown,,4279034,,32,One parked--one moving,0,0,N
1274504.987,250322.155,5349,18078,18078,1782121,Matched,Block,,NE 66TH ST BETWEEN 8TH AVE NE AND ROOSEVELT WAY NE,,,1,Property Damage Only Collision,Parked Car,2,0,0,2,0,0,0,2004/08/02 00:00:00+00,8/2/2004,Mid-Block (not related to intersection),11,"MOTOR VEHICLE STRUCK MOTOR VEHICLE, FRONT END AT ANGLE",,0,Clear,Dry,Dark - Street Lights On,,4215032,,32,One parked--one moving,0,0,N
1268373.158,267127.3965,5350,18106,18106,1779686,Matched,Intersection,35827,AURORA AVE N AND N 128TH ST,,,2,Injury Collision,Left Turn,3,0,0,2,1,0,0,2004/08/06 00:00:00+00,8/6/2004,At Intersection (intersection related),11,"MOTOR VEHICLE STRUCK MOTOR VEHICLE, FRONT END AT ANGLE",,0,Overcast,Wet,Daylight,,4219016,,28,From opposite direction - one left turn - one straight,0,0,N
1283216.958,191270.3969,5351,18794,18794,1772951,Matched,Block,,M L KING JR ER WAY S BETWEEN MERTON WAY S AND S NORFOLK ST,,,1,Property Damage Only Collision,Other,6,0,0,2,0,0,0,2004/07/07 00:00:00+00,7/7/2004,Driveway Junction,14,"MOTOR VEHICLE STRUCK MOTOR VEHICLE, REAR END",,0,Clear,Dry,Daylight,,4189007,,21,One car entering driveway access,0,0,N
1285921.608,194190.0466,5352,18656,18656,1787725,Matched,Block,,S HENDERSON ST BETWEEN RAINIER AVE S AND 53RD AVE S,,,1,Property Damage Only Collision,Other,1,0,0,1,0,0,0,2004/02/18 00:00:00+00,2/18/2004 1:19,Mid-Block (not related to intersection),26,MOTOR VEHICLE STRUCK OBJECT IN ROAD,,0,Overcast,Wet,Dark - Street Lights On,,4049021,Y,50,Fixed object,0,0,N
1256257.213,209890.9006,5353,18535,18535,1333992,Matched,Intersection,31988,45TH AVE SW AND SW GENESEE ST,,,2,Injury Collision,Angles,3,0,0,2,3,0,0,2004/03/18 00:00:00+00,3/18/2004 11:19,At Intersection (intersection related),11,"MOTOR VEHICLE STRUCK MOTOR VEHICLE, FRONT END AT ANGLE",,0,Overcast,Dry,Daylight,,4078014,,10,Entering at angle,0,0,N
1272290.627,260737.1445,5354,18354,18354,4097042,Unmatched,Intersection,37566,1ST AVE NE AND NE 105TH ST,,,0,Unknown,,0,0,0,0,0,0,0,2004/04/06 00:00:00+00,4/6/2004,At Intersection (intersection related),11,"MOTOR VEHICLE STRUCK MOTOR VEHICLE, FRONT END AT ANGLE",,,,,,,4097042,,,,0,0,N
1277883.853,202382.8928,5355,18418,18418,1784202,Matched,Block,,S EDDY ST BETWEEN 24TH AVE S AND BEACON WR AVE S,,,1,Property Damage Only Collision,Parked Car,2,0,0,2,0,0,0,2004/10/10 00:00:00+00,10/10/2004 14:17,Mid-Block (not related to intersection),12,"MOTOR VEHICLE STRUCK MOTOR VEHICLE, RIGHT SIDE AT ANGLE",,0,Unknown,Unknown,Unknown,,4284016,,32,One parked--one moving,0,0,N
1264767.933,234581.9165,5356,18743,18743,1780339,Matched,Block,,QUEEN ANNE AVE N BETWEEN W GALER ST AND GARFIELD ST,,,1,Property Damage Only Collision,Parked Car,2,0,0,2,0,0,0,2004/02/15 00:00:00+00,2/15/2004 12:45,Mid-Block (not related to intersection),11,"MOTOR VEHICLE STRUCK MOTOR VEHICLE, FRONT END AT ANGLE",,0,Overcast,Dry,Daylight,,4046017,,32,One parked--one moving,0,0,N
1276664.866,202490.5699,5357,18608,18608,1771705,Matched,Block,,SWIFT AVE S BETWEEN SWIFT AV OFF RP AND S EDDY ST,,,1,Property Damage Only Collision,Rear Ended,2,0,0,2,0,0,0,2004/03/25 00:00:00+00,3/25/2004 16:30,Mid-Block (but intersection related),14,"MOTOR VEHICLE STRUCK MOTOR VEHICLE, REAR END",,0,Raining,Wet,Daylight,,4085029,,13,From same direction - both going straight - both moving - rear-end,0,0,N
1269392.544,229247.919,5358,18326,18326,1213387,Matched,Block,,DENNY WAY BETWEEN WESTLAKE AVE AND TERRY AVE,,,1,Property Damage Only Collision,Sideswipe,2,0,0,2,0,0,0,2004/04/28 00:00:00+00,4/28/2004 17:00,Mid-Block (but intersection related),16,"MOTOR VEHICLE STRUCK MOTOR VEHICLE, LEFT SIDE SIDESWIPE",,0,Clear,Dry,Daylight,,4119039,,11,From same direction - both going straight - both moving - sideswipe,0,0,N
1273588.109,258377.8378,5359,18562,18562,1778707,Unmatched,Block,,5TH AVE NE BETWEEN NE 95TH ST AND NE 97TH ST,,,0,Unknown,,0,0,0,0,0,0,0,2004/02/01 00:00:00+00,2/1/2004,Mid-Block (not related to intersection),14,"MOTOR VEHICLE STRUCK MOTOR VEHICLE, REAR END",,,,,,,4032010,,,,0,0,N
1268516.536,242710.0937,5360,18294,18294,4196046,Unmatched,Intersection,26848,STONE WAY N AND N 40TH ST,,,0,Unknown,,0,0,0,0,0,0,0,2004/07/14 00:00:00+00,7/14/2004,At Intersection (intersection related),11,"MOTOR VEHICLE STRUCK MOTOR VEHICLE, FRONT END AT ANGLE",,,,,,,4196046,,,,0,0,N
1271473.772,227805.7726,5361,17946,17946,1321791,Matched,Block,,PINE ST BETWEEN BOREN AVE AND MINOR AVE,,,2,Injury Collision,Cycles,2,0,1,1,1,0,0,2004/08/22 00:00:00+00,8/22/2004 22:08,Mid-Block (not related to intersection),18,"MOTOR VEHICLE STRUCK PEDALCYCLIST, FRONT END AT ANGLE",,0,Raining,Wet,Dark - Street Lights On,,4235015,,45,Vehicle - Pedalcyclist,0,0,N
1275987.492,242781.2044,5362,18382,18382,1780377,Matched,Intersection,27144,15TH AVE NE AND NE CAMPUS EB PY,,,1,Property Damage Only Collision,Angles,3,0,0,2,0,0,0,2004/02/18 00:00:00+00,2/18/2004 8:38,At Intersection (intersection related),11,"MOTOR VEHICLE STRUCK MOTOR VEHICLE, FRONT END AT ANGLE",,0,Overcast,Wet,Daylight,,4049032,,10,Entering at angle,0,0,N
1267480.713,242734.3241,5363,18628,18628,1782346,Matched,Block,,N 40TH ST BETWEEN AURORA AVE N AND WHITMAN AVE N,,,1,Property Damage Only Collision,Parked Car,5,0,0,5,0,0,0,2004/11/12 00:00:00+00,11/12/2004 12:54,Mid-Block (not related to intersection),14,"MOTOR VEHICLE STRUCK MOTOR VEHICLE, REAR END",,0,Overcast,Dry,Daylight,,4317025,,32,One parked--one moving,0,0,N
1281201.172,208695.5921,5364,18830,18830,1779377,Matched,Block,,S OREGON ST BETWEEN 35TH AVE S AND RAINIER AVE S,,,1,Property Damage Only Collision,Parked Car,2,0,0,2,0,0,0,2004/01/05 00:00:00+00,1/5/2004,Mid-Block (not related to intersection),16,"MOTOR VEHICLE STRUCK MOTOR VEHICLE, LEFT SIDE SIDESWIPE",,0,Snowing,Snow/Slush,Dark - Street Lights Off,,4005001,,32,One parked--one moving,0,0,N
1271987.771,229184.2634,5365,18411,18411,1790069,Matched,Block,,E DENNY WAY BETWEEN MELROSE AVE AND BELLEVUE AVE,,,1,Property Damage Only Collision,Sideswipe,2,0,0,2,0,0,0,2004/10/25 00:00:00+00,10/25/2004 17:15,Mid-Block (not related to intersection),16,"MOTOR VEHICLE STRUCK MOTOR VEHICLE, LEFT SIDE SIDESWIPE",Y,0,Clear,Dry,Daylight,,4299016,,11,From same direction - both going straight - both moving - sideswipe,0,0,N
1270306.74,231478.6133,5366,18579,18579,1784770,Matched,Intersection,28760,FAIRVIEW AVE N AND MERCER ST,,,1,Property Damage Only Collision,Sideswipe,2,0,0,2,0,0,0,2004/10/06 00:00:00+00,10/6/2004,At Intersection (intersection related),16,"MOTOR VEHICLE STRUCK MOTOR VEHICLE, LEFT SIDE SIDESWIPE",,0,Clear,Dry,Daylight,,4280022,,81,Same direction -- both turning left -- both moving -- sideswipe,0,0,N
1267261.305,239739.3068,5367,18457,18457,1781944,Matched,Block,,AURORA BR BETWEEN RAYE ST AND BRIDGE WAY N,,,2,Injury Collision,Rear Ended,6,0,0,2,1,0,0,2004/10/16 00:00:00+00,10/16/2004 9:35,Mid-Block (not related to intersection),14,"MOTOR VEHICLE STRUCK MOTOR VEHICLE, REAR END",,0,Raining,Wet,Daylight,,4290032,,14,From same direction - both going straight - one stopped - rear-end,0,0,N
1266536.164,196051.2968,5368,18168,18168,1775460,Matched,Block,,9TH AVE SW BETWEEN SW THISTLE ST AND SW CLOVERDALE ST,,,2,Injury Collision,Parked Car,3,0,0,3,1,0,0,2004/03/27 00:00:00+00,3/27/2004 1:59,Mid-Block (not related to intersection),14,"MOTOR VEHICLE STRUCK MOTOR VEHICLE, REAR END",,1,Overcast,Wet,Dark - Street Lights On,,4087028,,32,One parked--one moving,0,0,N