X,Y,OBJECTID,INCKEY,COLDETKEY,REPORTNO,STATUS,ADDRTYPE,INTKEY,LOCATION,EXCEPTRSNCODE,EXCEPTRSNDESC,SEVERITYCODE,SEVERITYDESC,COLLISIONTYPE,PERSONCOUNT,PEDCOUNT,PEDCYLCOUNT,VEHCOUNT,INJURIES,SERIOUSINJURIES,FATALITIES,INCDATE,INCDTTM,JUNCTIONTYPE,SDOT_COLCODE,SDOT_COLDESC,INATTENTIONIND,UNDERINFL,WEATHER,ROADCOND,LIGHTCOND,PEDROWNOTGRNT,SDOTCOLNUM,SPEEDING,ST_COLCODE,ST_COLDESC,SEGLANEKEY,CROSSWALKKEY,HITPARKEDCAR
1258196.263,248049.0669,5369,18206,18206,C650823,Matched,Intersection,25140,22ND AVE NW AND NW 56TH ST,,,1,Property Damage Only Collision,Angles,2,0,0,2,0,0,0,2004/12/19 00:00:00+00,12/19/2004 14:00,At Intersection (intersection related),11,"MOTOR VEHICLE STRUCK MOTOR VEHICLE, FRONT END AT ANGLE",,0,Overcast,Wet,Daylight,,4354043,,10,Entering at angle,0,0,N
1268360.995,266131.7534,5370,18416,18416,1773684,Matched,Intersection,35847,AURORA AVE N AND N 125TH ST,,,1,Property Damage Only Collision,Left Turn,3,0,0,2,0,0,0,2004/05/13 00:00:00+00,5/13/2004 21:00,At Intersection (intersection related),11,"MOTOR VEHICLE STRUCK MOTOR VEHICLE, FRONT END AT ANGLE",,0,Clear,Dry,Dark - Street Lights On,,4134028,,28,From opposite direction - one left turn - one straight,0,0,N
1271841.615,228927.101,5371,18598,18598,1188512,Unmatched,Block,,MELROSE AVE BETWEEN E OLIVE PL AND E DENNY WAY,,,0,Unknown,,0,0,0,0,0,0,0,2004/12/20 00:00:00+00,12/20/2004,Mid-Block (not related to intersection),16,"MOTOR VEHICLE STRUCK MOTOR VEHICLE, LEFT SIDE SIDESWIPE",,,,,,,4355028,,,,0,0,N
1273284.667,262033.6431,5372,18615,18615,1797173,Matched,Block,,NE NORTHGATE WAY BETWEEN 3RD AVE NE AND 5TH AVE NE,,,1,Property Damage Only Collision,Sideswipe,2,0,0,2,0,0,0,2004/11/22 00:00:00+00,11/22/2004 18:00,Mid-Block (not related to intersection),16,"MOTOR VEHICLE STRUCK MOTOR VEHICLE, LEFT SIDE SIDESWIPE",,0,Clear,Dry,Dark - Street Lights On,,4327022,,12,From same direction - both going straight - one stopped - sideswipe,0,0,N
1264574.087,229371.5045,5373,18044,18044,1793275,Unmatched,Intersection,28666,WESTERN AVE W AND W DENNY WAY,,,0,Unknown,,0,0,0,0,0,0,0,2004/12/20 00:00:00+00,12/20/2004,At Intersection (intersection related),11,"MOTOR VEHICLE STRUCK MOTOR VEHICLE, FRONT END AT ANGLE",,,,,,,4355012,,,,0,0,N
1265584.945,266198.6872,5374,18704,18704,4036038,Unmatched,Block,,N 125TH ST BETWEEN PALATINE AVE N AND GREENWOOD AVE N,,,0,Unknown,,0,0,0,0,0,0,0,2004/02/05 00:00:00+00,2/5/2004,Driveway Junction,11,"MOTOR VEHICLE STRUCK MOTOR VEHICLE, FRONT END AT ANGLE",,,,,,,4036038,,,,0,0,N
1265915.886,266189.9132,5375,18155,18155,1782473,Matched,Block,,N 125TH ST BETWEEN GREENWOOD AVE N AND PHINNEY AVE N,,,2,Injury Collision,Other,2,0,0,2,2,0,0,2004/07/22 00:00:00+00,7/22/2004 13:40,Driveway Junction,11,"MOTOR VEHICLE STRUCK MOTOR VEHICLE, FRONT END AT ANGLE",,0,Clear,Dry,Daylight,,4204018,,21,One car entering driveway access,0,0,N
1286813.357,191807.7341,5376,18220,18220,1776357,Matched,Block,,S ROXBURY ST BETWEEN LINDSAY PL S AND 55TH AVE S,,,2,Injury Collision,Parked Car,2,0,0,2,1,0,0,2004/01/10 00:00:00+00,1/10/2004 22:23,Mid-Block (not related to intersection),11,"MOTOR VEHICLE STRUCK MOTOR VEHICLE, FRONT END AT ANGLE",,1,Clear,Wet,Dark - Street Lights On,,4010019,,32,One parked--one moving,0,0,N
1270592.654,224554.3581,5377,18375,18375,1213879,Matched,Block,,4TH AVE BETWEEN MARION ST AND MADISON ST,,,1,Property Damage Only Collision,Sideswipe,2,0,0,2,0,0,0,2004/06/24 00:00:00+00,6/24/2004 10:09,Mid-Block (not related to intersection),16,"MOTOR VEHICLE STRUCK MOTOR VEHICLE, LEFT SIDE SIDESWIPE",,0,Clear,Dry,Daylight,,4176007,,11,From same direction - both going straight - both moving - sideswipe,0,0,N
1260477.409,195838.9761,5378,18792,18792,1788909,Matched,Intersection,34932,30TH AVE SW AND SW CLOVERDALE ST,,,2,Injury Collision,Angles,2,0,0,2,2,0,0,2004/02/24 00:00:00+00,2/24/2004 13:50,At Intersection (intersection related),11,"MOTOR VEHICLE STRUCK MOTOR VEHICLE, FRONT END AT ANGLE",,0,Overcast,Dry,Daylight,,4055035,Y,10,Entering at angle,0,0,N
1265975.947,228969.5269,5379,18667,18667,1776962,Matched,Intersection,29666,2ND AVE AND BROAD ST,,,2,Injury Collision,Left Turn,2,0,0,2,1,0,0,2004/03/16 00:00:00+00,3/16/2004 11:05,At Intersection (intersection related),11,"MOTOR VEHICLE STRUCK MOTOR VEHICLE, FRONT END AT ANGLE",,0,Clear,Dry,Daylight,,4076015,,28,From opposite direction - one left turn - one straight,0,0,N
1275335.885,248033.8164,5380,18405,18405,1795011,Unmatched,Block,,12TH AVE NE BETWEEN NE 56TH ST AND NE 58TH ST,,,0,Unknown,,0,0,0,0,0,0,0,2004/09/24 00:00:00+00,9/24/2004,Mid-Block (not related to intersection),15,"MOTOR VEHICLE STRUCK MOTOR VEHICLE, RIGHT SIDE SIDESWIPE",,,,,,,4268013,,,,0,0,N
1267633.83,242017.5207,5381,18886,18886,1931331,Matched,Block,,WHITMAN AVE N BETWEEN N 38TH ST AND N 39TH ST,,,1,Property Damage Only Collision,Parked Car,2,0,0,2,0,0,0,2004/11/26 00:00:00+00,11/26/2004 16:08,Mid-Block (not related to intersection),13,"MOTOR VEHICLE STRUCK MOTOR VEHICLE, LEFT SIDE AT ANGLE",,0,Unknown,Unknown,Unknown,,4331029,,32,One parked--one moving,0,0,N
1274215.031,227746.8835,5382,18761,18761,1198275,Unmatched,Block,,11TH AVE BETWEEN E PIKE ST AND E PINE ST,,,0,Unknown,,0,0,0,0,0,0,0,2004/12/19 00:00:00+00,12/19/2004,Mid-Block (not related to intersection),13,"MOTOR VEHICLE STRUCK MOTOR VEHICLE, LEFT SIDE AT ANGLE",,,,,,,4354036,,,,0,0,N
1271120.127,223978.6197,5383,18322,18322,1212772,Matched,Block,,CHERRY ST BETWEEN 4TH AVE AND 5TH AVE,,,1,Property Damage Only Collision,Parked Car,3,0,0,2,0,0,0,2004/06/15 00:00:00+00,6/15/2004 15:18,Mid-Block (not related to intersection),11,"MOTOR VEHICLE STRUCK MOTOR VEHICLE, FRONT END AT ANGLE",Y,0,Clear,Dry,Daylight,,4167023,,32,One parked--one moving,0,0,N
1277798.017,240200.708,5384,18548,18548,4229047,Unmatched,Intersection,27299,MONTLAKE BLVD NE AND NE PACIFIC ST,,,0,Unknown,,0,0,0,0,0,0,0,2004/08/16 00:00:00+00,8/16/2004,At Intersection (intersection related),11,"MOTOR VEHICLE STRUCK MOTOR VEHICLE, FRONT END AT ANGLE",,,,,,,4229047,,,,0,0,N
1274949.05,215619.0805,5385,18060,18060,1771852,Matched,Block,,BEACON AVE S BETWEEN 14TH AVE S AND S BAYVIEW ST,,,1,Property Damage Only Collision,Other,2,0,0,2,0,0,0,2004/03/29 00:00:00+00,3/29/2004 16:34,Driveway Junction,11,"MOTOR VEHICLE STRUCK MOTOR VEHICLE, FRONT END AT ANGLE",,0,Clear,Dry,Daylight,,4089023,,21,One car entering driveway access,0,0,N
1282909.437,197546.7159,5386,18010,18010,4156043,Unmatched,Block,,M L KING JR ER WAY S BETWEEN S CHICAGO ST AND S BOZEMAN ST,,,0,Unknown,,0,0,0,0,0,0,0,2004/06/04 00:00:00+00,6/4/2004,Driveway Junction,11,"MOTOR VEHICLE STRUCK MOTOR VEHICLE, FRONT END AT ANGLE",,,,,,,4156043,,,,0,0,N
1283862.245,258228.9571,5387,18866,18866,1320607,Matched,Block,,44TH AVE NE BETWEEN NE 95TH ST AND 43RD PL NE,,,1,Property Damage Only Collision,Parked Car,2,0,0,2,0,0,0,2004/09/26 00:00:00+00,9/26/2004 0:07,Mid-Block (not related to intersection),33,DRIVERLESS VEHICLE STRUCK MOTOR VEHICLE LEFT SIDE AT ANGLE,,0,Clear,Dry,Dark - Street Lights On,,4270029,,32,One parked--one moving,0,0,N
1276199.661,254284.3632,5388,18781,18781,1212345,Matched,Intersection,24387,15TH AVE NE AND LAKE CITY WAY NE,,,2,Injury Collision,Angles,2,0,0,2,1,0,0,2004/10/05 00:00:00+00,10/5/2004,At Intersection (intersection related),11,"MOTOR VEHICLE STRUCK MOTOR VEHICLE, FRONT END AT ANGLE",,0,Fog/Smog/Smoke,Dry,Dark - Street Lights On,,4279046,,10,Entering at angle,0,0,N
1274654.246,224647.2645,5389,18055,18055,1180716,Matched,Block,,E JEFFERSON ST BETWEEN 12TH AVE AND 13TH AVE,,,1,Property Damage Only Collision,Angles,2,0,0,2,0,0,0,2004/01/06 00:00:00+00,1/6/2004,Mid-Block (but intersection related),16,"MOTOR VEHICLE STRUCK MOTOR VEHICLE, LEFT SIDE SIDESWIPE",,0,Snowing,Snow/Slush,Daylight,,4006016,Y,10,Entering at angle,0,0,N
1282995.351,204418.9713,5390,18397,18397,1786057,Matched,Intersection,33513,42ND AVE S AND S ORCAS ST,,,2,Injury Collision,Angles,4,0,0,2,1,0,0,2004/04/23 00:00:00+00,4/23/2004 15:14,At Intersection (intersection related),11,"MOTOR VEHICLE STRUCK MOTOR VEHICLE, FRONT END AT ANGLE",,0,Overcast,Dry,Daylight,,4114020,,10,Entering at angle,0,0,N
1271741.661,233260.7382,5391,18881,18881,1327969,Matched,Block,,EASTLAKE AVE E BETWEEN PROSPECT ST AND E NELSON PL,,,2,Injury Collision,Other,1,0,0,1,1,0,0,2004/01/02 00:00:00+00,1/2/2004,Mid-Block (not related to intersection),28,MOTOR VEHICLE RAN OFF ROAD - HIT FIXED OBJECT,,0,Overcast,Ice,Daylight,,4002031,,50,Fixed object,0,0,N
1268830.575,232398.9965,5392,18601,18601,1785598,Matched,Block,,ALOHA ST BETWEEN 8TH AVE N AND 9TH AVE N,,,1,Property Damage Only Collision,Parked Car,2,0,0,2,0,0,0,2004/07/20 00:00:00+00,7/20/2004 17:00,Mid-Block (not related to intersection),13,"MOTOR VEHICLE STRUCK MOTOR VEHICLE, LEFT SIDE AT ANGLE",,0,Clear,Dry,Daylight,,4202042,,32,One parked--one moving,0,0,N
1265363.103,260379.028,5393,19291,19291,1778785,Matched,Block,,N 103RD ST BETWEEN 1ST AVE NW AND GREENWOOD AVE N,,,1,Property Damage Only Collision,Other,2,0,0,2,0,0,0,2004/05/07 00:00:00+00,5/7/2004,Driveway Junction,11,"MOTOR VEHICLE STRUCK MOTOR VEHICLE, FRONT END AT ANGLE",,0,Overcast,Wet,Daylight,,4128026,,22,One car leaving driveway access,0,0,N
1274176.865,250067.7923,5394,18447,18447,1212545,Unmatched,Intersection,24495,8TH AVE NE AND NE 65TH ST,,,0,Unknown,,0,0,0,0,0,0,0,2004/12/15 00:00:00+00,12/15/2004,At Intersection (intersection related),11,"MOTOR VEHICLE STRUCK MOTOR VEHICLE, FRONT END AT ANGLE",,,,,,,4350008,,,,0,0,N
1269058.773,225881.3874,5395,18087,18087,1069454,Matched,Intersection,29592,2ND AVE AND PIKE ST,,,2,Injury Collision,Angles,3,0,0,2,1,0,0,2004/11/20 00:00:00+00,11/20/2004 23:24,At Intersection (intersection related),11,"MOTOR VEHICLE STRUCK MOTOR VEHICLE, FRONT END AT ANGLE",,1,Clear,Dry,Dark - Street Lights On,,4325021,,10,Entering at angle,0,0,N
1285346.426,200220.9711,5396,18960,18960,1203648,Unmatched,Intersection,34441,RAINIER AVE S AND S FRONTENAC ST,,,0,Unknown,,0,0,0,0,0,0,0,2004/12/23 00:00:00+00,12/23/2004,At Intersection (intersection related),11,"MOTOR VEHICLE STRUCK MOTOR VEHICLE, FRONT END AT ANGLE",,,,,,,4358024,,,,0,0,N
1268968.133,259828.5006,5397,18980,18980,1079952,Matched,Block,,STONE AVE N BETWEEN N 100TH ST AND N 103RD ST,,,1,Property Damage Only Collision,Parked Car,2,0,0,2,0,0,0,2004/06/26 00:00:00+00,6/26/2004 23:15,Mid-Block (not related to intersection),11,"MOTOR VEHICLE STRUCK MOTOR VEHICLE, FRONT END AT ANGLE",,0,Clear,Dry,Dark - Street Lights On,,4178016,,32,One parked--one moving,0,0,N
1276949.696,244690.2998,5398,18141,18141,1794648,Unmatched,Intersection,26077,18TH AVE NE AND NE 45TH ST,,,0,Unknown,,0,0,0,0,0,0,0,2004/12/17 00:00:00+00,12/17/2004,At Intersection (intersection related),11,"MOTOR VEHICLE STRUCK MOTOR VEHICLE, FRONT END AT ANGLE",,,,,,,4352038,,,,0,0,N
,,5399,18720,18720,1482717,Matched,Block,,1ST AV S ON RP BETWEEN ALASKAN WY VI NB AND 1ST N AVE S,,,1,Property Damage Only Collision,Other,1,0,0,1,0,0,0,2004/06/11 00:00:00+00,6/11/2004 7:28,Mid-Block (not related to intersection),28,MOTOR VEHICLE RAN OFF ROAD - HIT FIXED OBJECT,,0,Raining,Wet,Daylight,,4163004,Y,50,Fixed object,0,0,N
,,5400,18475,18475,1856361,Matched,Block,,BATTERY ST TUNNEL SB BETWEEN AURORA AVE N AND ALASKAN WY VI SB,,,1,Property Damage Only Collision,Other,3,0,0,2,0,0,0,2004/10/08 00:00:00+00,10/8/2004,Mid-Block (not related to intersection),14,"MOTOR VEHICLE STRUCK MOTOR VEHICLE, REAR END",,0,Clear,Wet,Dark - Street Lights On,,4282012,Y,23,From same direction - all others,0,0,N
1278559.193,202728.5473,5401,18045,18045,1793332,Matched,Block,,S GRAHAM ST BETWEEN BEACON ER AVE S AND 28TH AVE S,,,1,Property Damage Only Collision,Parked Car,2,0,0,2,0,0,0,2004/09/20 00:00:00+00,9/20/2004 23:22,Mid-Block (not related to intersection),16,"MOTOR VEHICLE STRUCK MOTOR VEHICLE, LEFT SIDE SIDESWIPE",,0,Unknown,Dry,Unknown,,4264016,,32,One parked--one moving,0,0,N
1258201.634,248314.9222,5402,18803,18803,1773948,Matched,Intersection,25139,22ND AVE NW AND NW 57TH ST,,,1,Property Damage Only Collision,Angles,2,0,0,2,0,0,0,2004/09/22 00:00:00+00,9/22/2004 18:47,At Intersection (intersection related),11,"MOTOR VEHICLE STRUCK MOTOR VEHICLE, FRONT END AT ANGLE",,0,Clear,Dry,Dark - Street Lights On,,4266025,,10,Entering at angle,0,0,N
1268378.85,193018.7051,5403,18709,18709,1775464,Matched,Block,,OLSON PL SW BETWEEN 3RD AVE SW AND SW CAMBRIDGE PL,,,1,Property Damage Only Collision,Other,1,0,0,1,0,0,0,2004/04/10 00:00:00+00,4/10/2004 0:38,Mid-Block (not related to intersection),28,MOTOR VEHICLE RAN OFF ROAD - HIT FIXED OBJECT,,0,Clear,Dry,Dark - Street Lights On,,4101005,,50,Fixed object,0,0,N
1283164.208,250534.1703,5404,18301,18301,4078042,Unmatched,Intersection,24967,42ND AVE NE AND NE 68TH ST,,,0,Unknown,,0,0,0,0,0,0,0,2004/03/18 00:00:00+00,3/18/2004,At Intersection (intersection related),11,"MOTOR VEHICLE STRUCK MOTOR VEHICLE, FRONT END AT ANGLE",,,,,,,4078042,,,,0,0,N
1270324.529,222791.0474,5405,18370,18370,C632162,Matched,Block,,S WASHINGTON ST BETWEEN 1ST AVE S AND OCCIDENTAL AVE S,,,1,Property Damage Only Collision,Parked Car,2,0,0,2,0,0,0,2004/04/26 00:00:00+00,4/26/2004 16:00,Mid-Block (not related to intersection),11,"MOTOR VEHICLE STRUCK MOTOR VEHICLE, FRONT END AT ANGLE",,0,Clear,Dry,Daylight,,4117032,,20,One car leaving parked position,0,0,N
1262968.994,255688.473,5406,17977,17977,1778788,Matched,Intersection,37181,8TH AVE NW AND NW 85TH ST,,,1,Property Damage Only Collision,Left Turn,3,0,0,2,0,0,0,2004/06/22 00:00:00+00,6/22/2004 16:50,At Intersection (intersection related),11,"MOTOR VEHICLE STRUCK MOTOR VEHICLE, FRONT END AT ANGLE",,0,Clear,Dry,Daylight,,4174023,,28,From opposite direction - one left turn - one straight,0,0,N
1270513,227872.7487,5407,18639,18639,1069691,Matched,Intersection,29868,9TH AVE AND HOWELL ST,,,2,Injury Collision,Pedestrian,2,1,0,1,1,0,0,2004/12/07 00:00:00+00,12/7/2004,At Intersection (intersection related),24,MOTOR VEHCILE STRUCK PEDESTRIAN,,0,Raining,Wet,Dark - Street Lights On,Y,4342016,,2,Vehicle turning left hits pedestrian,0,0,N
1285051.255,200876.3895,5408,18510,18510,1793097,Matched,Block,,RAINIER AVE S BETWEEN S HOLLY ST AND S WILLOW ST,,,2,Injury Collision,Other,3,0,0,2,1,0,0,2004/08/30 00:00:00+00,8/30/2004 18:04,Driveway Junction,11,"MOTOR VEHICLE STRUCK MOTOR VEHICLE, FRONT END AT ANGLE",,0,Clear,Dry,Daylight,,4243015,,22,One car leaving driveway access,0,0,N
1257291.16,250750.5116,5409,18839,18839,1220410,Matched,Block,,25TH AVE NW BETWEEN NW 65TH ST AND NW 67TH ST,,,1,Property Damage Only Collision,Parked Car,2,0,0,2,0,0,0,2004/09/03 00:00:00+00,9/3/2004,Mid-Block (not related to intersection),15,"MOTOR VEHICLE STRUCK MOTOR VEHICLE, RIGHT SIDE SIDESWIPE",,0,Clear,Dry,Unknown,,4247001,,32,One parked--one moving,0,0,N
1257162.736,241314.0198,5410,17942,17942,1069502,Matched,Block,,25TH AVE W BETWEEN W BERTONA ST AND W GROVER ST,,,1,Property Damage Only Collision,Parked Car,2,0,0,2,0,0,0,2004/10/31 00:00:00+00,10/31/2004 12:00,Mid-Block (not related to intersection),16,"MOTOR VEHICLE STRUCK MOTOR VEHICLE, LEFT SIDE SIDESWIPE",Y,0,Clear,Dry,Daylight,,4305005,,32,One parked--one moving,0,0,N
1270231.152,269415.0557,5411,18268,18268,1773620,Matched,Block,,N 137TH ST BETWEEN DENSMORE AVE N AND WALLINGFORD AVE N,,,1,Property Damage Only Collision,Parked Car,2,0,0,2,0,0,0,2004/06/08 00:00:00+00,6/8/2004,Mid-Block (not related to intersection),16,"MOTOR VEHICLE STRUCK MOTOR VEHICLE, LEFT SIDE SIDESWIPE",,0,Clear,Dry,Daylight,,4160006,,32,One parked--one moving,0,0,N
1281511.017,252552.8821,5412,18745,18745,1780987,Matched,Intersection,24933,35TH AVE NE AND NE 75TH ST,,,2,Injury Collision,Left Turn,4,0,0,2,2,0,0,2004/01/29 00:00:00+00,1/29/2004 8:30,At Intersection (intersection related),11,"MOTOR VEHICLE STRUCK MOTOR VEHICLE, FRONT END AT ANGLE",,0,Raining,Wet,Daylight,,4029028,,28,From opposite direction - one left turn - one straight,0,0,N
1273860.259,243739.9628,5413,18906,18906,1794110,Matched,Block,,7TH AVE NE BETWEEN NE 42ND ST AND NE 43RD ST,,,1,Property Damage Only Collision,Parked Car,2,0,0,2,0,0,0,2004/10/16 00:00:00+00,10/16/2004 11:35,Mid-Block (not related to intersection),11,"MOTOR VEHICLE STRUCK MOTOR VEHICLE, FRONT END AT ANGLE",,0,Raining,Wet,Daylight,,4290031,,20,One car leaving parked position,0,0,N
1274225.857,229023.7818,5414,18038,18038,1216803,Matched,Block,,11TH AVE BETWEEN E HOWELL ST AND E DENNY WAY,,,1,Property Damage Only Collision,Parked Car,2,0,0,2,0,0,0,2004/06/29 00:00:00+00,6/29/2004 7:30,Mid-Block (not related to intersection),11,"MOTOR VEHICLE STRUCK MOTOR VEHICLE, FRONT END AT ANGLE",,0,Clear,Dry,Dark - Street Lights On,,4181030,,32,One parked--one moving,0,0,N
1279435.587,199624.441,5415,18856,18856,1773178,Unmatched,Block,,BEACON WR AVE S BETWEEN S MYRTLE ST AND S OTHELLO ST,,,0,Unknown,,0,0,0,0,0,0,0,2004/12/11 00:00:00+00,12/11/2004,Mid-Block (not related to intersection),28,MOTOR VEHICLE RAN OFF ROAD - HIT FIXED OBJECT,,,,,,,4346006,,,,0,0,N
1264598.454,195110.133,5416,18149,18149,4088038,Unmatched,Block,,SW TRENTON ST BETWEEN 15TH AVE SW AND 16TH AVE SW,,,0,Unknown,,0,0,0,0,0,0,0,2004/03/28 00:00:00+00,3/28/2004,Mid-Block (not related to intersection),14,"MOTOR VEHICLE STRUCK MOTOR VEHICLE, REAR END",,,,,,,4088038,,,,0,0,N
1270118.312,227251.7421,5417,18365,18365,1482681,Unmatched,Block,,7TH AVE BETWEEN PINE ST AND OLIVE WAY,,,0,Unknown,,0,0,0,0,0,0,0,2004/06/14 00:00:00+00,6/14/2004,Mid-Block (not related to intersection),64,PEDALCYCLIST STRUCK PEDESTRIAN,,,,,,,4166029,,,,0,0,N
1275676.968,253764.0038,5418,18379,18379,1778509,Unmatched,Block,,LAKE CITY WAY NE BETWEEN 12TH AVE NE AND NE 80TH ST,,,0,Unknown,,0,0,0,0,0,0,0,2004/09/14 00:00:00+00,9/14/2004,Mid-Block (not related to intersection),28,MOTOR VEHICLE RAN OFF ROAD - HIT FIXED OBJECT,,,,,,,4258022,,,,0,0,N
1279334.204,265563.0143,5419,18936,18936,1199036,Matched,Block,,26TH AVE NE BETWEEN HIRAM PL NE AND NE 125TH ST,,,1,Property Damage Only Collision,Other,1,0,0,1,0,0,0,2004/03/28 00:00:00+00,3/28/2004 2:41,Mid-Block (not related to intersection),28,MOTOR VEHICLE RAN OFF ROAD - HIT FIXED OBJECT,,0,Clear,Dry,Dark - Street Lights On,,4088007,,50,Fixed object,0,0,N
1267368.977,227266.4868,5420,18666,18666,1482679,Matched,Block,,1ST AVE BETWEEN BLANCHARD ST AND BELL ST,,,1,Property Damage Only Collision,Parked Car,2,0,0,2,0,0,0,2004/05/06 00:00:00+00,5/6/2004,Mid-Block (not related to intersection),13,"MOTOR VEHICLE STRUCK MOTOR VEHICLE, LEFT SIDE AT ANGLE",,0,Unknown,Unknown,Daylight,,4127039,,32,One parked--one moving,0,0,N
1272482.366,203099.9441,5421,17991,17991,4050035,Unmatched,Block,,S MICHIGAN ST BETWEEN 7TH AVE S AND CORSON AVE S,,,0,Unknown,,0,0,0,0,0,0,0,2004/02/19 00:00:00+00,2/19/2004,Driveway Junction,11,"MOTOR VEHICLE STRUCK MOTOR VEHICLE, FRONT END AT ANGLE",,,,,,,4050035,,,,0,0,N
1280171.113,219623.854,5422,19022,19022,1074646,Matched,Block,,30TH AVE S BETWEEN S NORMAN ST AND S JUDKINS ST,,,1,Property Damage Only Collision,Parked Car,2,0,0,2,0,0,0,2004/10/30 00:00:00+00,10/30/2004 23:50,Mid-Block (not related to intersection),14,"MOTOR VEHICLE STRUCK MOTOR VEHICLE, REAR END",,0,Clear,Dry,Dark - Street Lights On,,4304005,,32,One parked--one moving,0,0,N
1278044.955,271162.2392,5423,18753,18753,C630618,Matched,Intersection,36074,22ND AVE NE AND NE 145TH ST,,,2,Injury Collision,Left Turn,2,0,0,2,1,0,0,2004/03/08 00:00:00+00,3/8/2004,At Intersection (intersection related),11,"MOTOR VEHICLE STRUCK MOTOR VEHICLE, FRONT END AT ANGLE",,0,Clear,Dry,Daylight,,4068043,,28,From opposite direction - one left turn - one straight,0,0,N
1270008.956,215109.6856,5424,18174,18174,1325849,Matched,Intersection,31372,1ST AVE S AND S LANDER ST,,,1,Property Damage Only Collision,Left Turn,2,0,0,2,0,0,0,2004/04/22 00:00:00+00,4/22/2004 14:16,At Intersection (intersection related),11,"MOTOR VEHICLE STRUCK MOTOR VEHICLE, FRONT END AT ANGLE",,0,Clear,Dry,Daylight,,4113038,,28,From opposite direction - one left turn - one straight,0,0,N
1260224.522,244487.2996,5425,18984,18984,1482859,Matched,Block,,BALLARD BR BETWEEN POINT A AND POINT B,,,2,Injury Collision,Head On,7,0,0,4,1,0,0,2004/06/09 00:00:00+00,6/9/2004,Mid-Block (not related to intersection),11,"MOTOR VEHICLE STRUCK MOTOR VEHICLE, FRONT END AT ANGLE",,0,Clear,Dry,Daylight,,4161001,,25,From opposite direction - one stopped - head-on,0,0,N
1272396.765,229174.1669,5426,18425,18425,1772002,Matched,Intersection,29162,E DENNY WAY AND E OLIVE WAY,,,1,Property Damage Only Collision,Left Turn,2,0,0,2,0,0,0,2004/03/18 00:00:00+00,3/18/2004 21:49,At Intersection (intersection related),11,"MOTOR VEHICLE STRUCK MOTOR VEHICLE, FRONT END AT ANGLE",,0,Overcast,Wet,Dark - Street Lights On,,4078019,,15,From same direction - one left turn - one straight,0,0,N
1263284.426,230685.2784,5427,18868,18868,1777815,Matched,Intersection,28648,ELLIOTT AVE W AND W HARRISON ST,,,1,Property Damage Only Collision,Angles,5,0,0,2,0,0,0,2004/02/14 00:00:00+00,2/14/2004 10:41,At Intersection (intersection related),11,"MOTOR VEHICLE STRUCK MOTOR VEHICLE, FRONT END AT ANGLE",,0,Overcast,Wet,Daylight,,4045030,,10,Entering at angle,0,0,N
1288602.746,190512.2116,5428,18484,18484,1327432,Matched,Intersection,38190,61ST AVE S AND S NORFOLK ST,,,2,Injury Collision,Angles,8,0,0,2,3,0,0,2004/05/03 00:00:00+00,5/3/2004,At Intersection (intersection related),11,"MOTOR VEHICLE STRUCK MOTOR VEHICLE, FRONT END AT ANGLE",,0,Clear,Dry,Daylight,,4124018,,10,Entering at angle,0,0,N
1261421.225,253017.1681,5429,18053,18053,1080309,Unmatched,Block,,NW 75TH ST BETWEEN 12TH AVE NW AND 13TH AVE NW,,,0,Unknown,,0,0,0,0,0,0,0,2004/07/28 00:00:00+00,7/28/2004,Mid-Block (not related to intersection),13,"MOTOR VEHICLE STRUCK MOTOR VEHICLE, LEFT SIDE AT ANGLE",,,,,,,4210025,,,,0,0,N
1268747.575,212104.4983,5430,18251,18251,1789291,Matched,Block,,WEST SEATTLE BR EB BETWEEN 1ST AV S OFF RP AND SPOKANE ST - W SEA B RP,,,1,Property Damage Only Collision,Rear Ended,5,0,0,3,0,0,0,2004/02/25 00:00:00+00,2/25/2004 7:26,Mid-Block (not related to intersection),14,"MOTOR VEHICLE STRUCK MOTOR VEHICLE, REAR END",,0,Overcast,Dry,Daylight,,4056009,,14,From same direction - both going straight - one stopped - rear-end,0,0,N
1270557.812,225245.6667,5431,18502,18502,1777518,Matched,Block,,5TH AVE BETWEEN SPRING ST AND SENECA ST,,,2,Injury Collision,Rear Ended,2,0,0,2,1,0,0,2004/06/04 00:00:00+00,6/4/2004,Mid-Block (not related to intersection),14,"MOTOR VEHICLE STRUCK MOTOR VEHICLE, REAR END",Y,0,Clear,Dry,Daylight,,4156031,,14,From same direction - both going straight - one stopped - rear-end,0,0,N
1267398.841,238676.1006,5432,19580,19580,1214013,Matched,Block,,DEXTER AVE N BETWEEN HALLADAY ST AND 4TH S AVE N,,,1,Property Damage Only Collision,Other,2,0,0,2,0,0,0,2004/07/30 00:00:00+00,7/30/2004 16:43,Mid-Block (not related to intersection),11,"MOTOR VEHICLE STRUCK MOTOR VEHICLE, FRONT END AT ANGLE",,0,Clear,Dry,Daylight,,4212047,,23,From same direction - all others,0,0,N
1274473.539,242626.2865,5433,18164,18164,1931179,Matched,Intersection,27112,EASTLAKE AVE NE AND UNIVERSITY BR,,,2,Injury Collision,Angles,2,0,0,2,1,0,0,2004/11/08 00:00:00+00,11/8/2004,At Intersection (intersection related),11,"MOTOR VEHICLE STRUCK MOTOR VEHICLE, FRONT END AT ANGLE",Y,0,Clear,Dry,Dark - Street Lights On,,4313007,,10,Entering at angle,0,0,N
1276356.874,212109.4793,5434,18091,18091,1779511,Matched,Intersection,32536,BEACON AVE S AND S SPOKANE ST,,,1,Property Damage Only Collision,Left Turn,8,0,0,2,0,0,0,2004/10/31 00:00:00+00,10/31/2004 8:38,At Intersection (intersection related),11,"MOTOR VEHICLE STRUCK MOTOR VEHICLE, FRONT END AT ANGLE",,0,Clear,Dry,Daylight,,4305013,,28,From opposite direction - one left turn - one straight,0,0,N