X,Y,OBJECTID,INCKEY,COLDETKEY,REPORTNO,STATUS,ADDRTYPE,INTKEY,LOCATION,EXCEPTRSNCODE,EXCEPTRSNDESC,SEVERITYCODE,SEVERITYDESC,COLLISIONTYPE,PERSONCOUNT,PEDCOUNT,PEDCYLCOUNT,VEHCOUNT,INJURIES,SERIOUSINJURIES,FATALITIES,INCDATE,INCDTTM,JUNCTIONTYPE,SDOT_COLCODE,SDOT_COLDESC,INATTENTIONIND,UNDERINFL,WEATHER,ROADCOND,LIGHTCOND,PEDROWNOTGRNT,SDOTCOLNUM,SPEEDING,ST_COLCODE,ST_COLDESC,SEGLANEKEY,CROSSWALKKEY,HITPARKEDCAR
1268353.834,265256.6097,5435,18957,18957,1780309,Matched,Block,,AURORA AVE N BETWEEN N 117TH PL AND N 125TH ST,,,1,Property Damage Only Collision,Other,1,0,0,1,0,0,0,2004/11/06 00:00:00+00,11/6/2004,Mid-Block (not related to intersection),0,NOT ENOUGH INFORMATION / NOT APPLICABLE,Y,0,Overcast,Dry,Daylight,,4311007,,50,Fixed object,0,0,N
1263524.906,198080.9555,5436,18977,18977,1795152,Matched,Block,,20TH AVE SW BETWEEN SW HOLDEN ST AND SW KENYON ST,,,1,Property Damage Only Collision,Parked Car,2,0,0,2,0,0,0,2004/09/25 00:00:00+00,9/25/2004 23:05,Mid-Block (not related to intersection),15,"MOTOR VEHICLE STRUCK MOTOR VEHICLE, RIGHT SIDE SIDESWIPE",,0,Clear,Dry,Dark - Street Lights On,,4269011,,32,One parked--one moving,0,0,N
1267568.612,252092.7472,5437,18353,18353,1317775,Matched,Intersection,24330,LINDEN AVE N AND N 72ND ST,,,2,Injury Collision,Cycles,2,0,1,1,1,0,0,2004/04/03 00:00:00+00,4/3/2004,At Intersection (intersection related),18,"MOTOR VEHICLE STRUCK PEDALCYCLIST, FRONT END AT ANGLE",,0,Clear,Dry,Daylight,Y,4094003,,45,Vehicle - Pedalcyclist,0,0,N
,,5438,19005,19005,C649771,Matched,Block,,BATTERY ST TUN ON RP BETWEEN BELL ST AND ALASKAN WY VI NB,,,1,Property Damage Only Collision,Rear Ended,2,0,0,2,0,0,0,2004/12/16 00:00:00+00,12/16/2004 17:30,Mid-Block (but intersection related),14,"MOTOR VEHICLE STRUCK MOTOR VEHICLE, REAR END",,0,Unknown,Unknown,Unknown,,4351039,,14,From same direction - both going straight - one stopped - rear-end,0,0,N
1286242.631,192922.595,5439,18616,18616,1479595,Matched,Block,,RAINIER AVE S BETWEEN 52ND AVE S AND 53RD AVE S,,,1,Property Damage Only Collision,Rear Ended,2,0,0,2,0,0,0,2004/05/28 00:00:00+00,5/28/2004 13:57,Mid-Block (but intersection related),14,"MOTOR VEHICLE STRUCK MOTOR VEHICLE, REAR END",,0,Overcast,Wet,Daylight,,4149041,,14,From same direction - both going straight - one stopped - rear-end,0,0,N
1267018.525,231013.647,5440,18844,18844,880092,Matched,Intersection,28922,5TH AVE N AND REPUBLICAN ST,,,1,Property Damage Only Collision,Left Turn,0,0,0,2,0,0,0,2004/03/06 00:00:00+00,3/6/2004,At Intersection (intersection related),11,"MOTOR VEHICLE STRUCK MOTOR VEHICLE, FRONT END AT ANGLE",,0,Clear,Dry,Daylight,,4066019,,28,From opposite direction - one left turn - one straight,0,0,N
1259818.179,250403.1098,5441,18062,18062,1220483,Matched,Block,,NW 65TH ST BETWEEN 16TH AVE NW AND 17TH AVE NW,,,1,Property Damage Only Collision,Parked Car,2,0,0,2,0,0,0,2004/09/14 00:00:00+00,9/14/2004 6:59,Mid-Block (not related to intersection),14,"MOTOR VEHICLE STRUCK MOTOR VEHICLE, REAR END",,0,Unknown,Unknown,Unknown,,4258019,,32,One parked--one moving,0,0,N
1266667.913,242293.0889,5442,18150,18150,4089027,Unmatched,Intersection,27009,FREMONT AVE N AND FREMONT WAY N,,,0,Unknown,,0,0,0,0,0,0,0,2004/03/29 00:00:00+00,3/29/2004,At Intersection (intersection related),11,"MOTOR VEHICLE STRUCK MOTOR VEHICLE, FRONT END AT ANGLE",,,,,,,4089027,,,,0,0,N
1265634.41,246468.5574,5443,18574,18574,1220190,Unmatched,Block,,PHINNEY AVE N BETWEEN PHINNEY WR AVE N AND N 51ST ST,,,0,Unknown,,0,0,0,0,0,0,0,2004/12/23 00:00:00+00,12/23/2004,Mid-Block (but intersection related),13,"MOTOR VEHICLE STRUCK MOTOR VEHICLE, LEFT SIDE AT ANGLE",,,,,,,4358007,,,,0,0,N
1277731.006,225432.6305,5444,18625,18625,1772377,Matched,Block,,22ND AVE BETWEEN E CHERRY ST AND E COLUMBIA ST,,,1,Property Damage Only Collision,Sideswipe,4,0,0,2,0,0,0,2004/04/30 00:00:00+00,4/30/2004 15:30,Mid-Block (not related to intersection),11,"MOTOR VEHICLE STRUCK MOTOR VEHICLE, FRONT END AT ANGLE",,0,Clear,Dry,Daylight,,4121029,,11,From same direction - both going straight - both moving - sideswipe,0,0,N
1266374.076,242616.1115,5445,17928,17928,1080209,Matched,Block,,EVANSTON AVE N BETWEEN N BOWDOIN PL AND N 40TH ST,,,1,Property Damage Only Collision,Parked Car,2,0,0,2,0,0,0,2004/09/12 00:00:00+00,9/12/2004 14:00,Mid-Block (not related to intersection),14,"MOTOR VEHICLE STRUCK MOTOR VEHICLE, REAR END",,0,Clear,Dry,Daylight,,4256007,,32,One parked--one moving,0,0,N
1261827.133,212199.2597,5446,18252,18252,1789461,Matched,Block,,SW SPOKANE SR ST BETWEEN 26TH AV SW ON RP AND SW ADMIRAL SR WAY,,,1,Property Damage Only Collision,Sideswipe,5,0,0,3,0,0,0,2004/11/14 00:00:00+00,11/14/2004 15:30,Mid-Block (not related to intersection),11,"MOTOR VEHICLE STRUCK MOTOR VEHICLE, FRONT END AT ANGLE",,0,Raining,Wet,Daylight,,4319014,,11,From same direction - both going straight - both moving - sideswipe,0,0,N
1281306.733,226729.5973,5447,18647,18647,1198510,Unmatched,Block,,34TH AVE BETWEEN E SPRING ST AND E UNION ST,,,0,Unknown,,0,0,0,0,0,0,0,2004/12/19 00:00:00+00,12/19/2004,Mid-Block (not related to intersection),14,"MOTOR VEHICLE STRUCK MOTOR VEHICLE, REAR END",,,,,,,4354034,,,,0,0,N
1270557.812,225245.6667,5448,18450,18450,1213429,Matched,Block,,5TH AVE BETWEEN SPRING ST AND SENECA ST,,,1,Property Damage Only Collision,Sideswipe,2,0,0,2,0,0,0,2004/05/28 00:00:00+00,5/28/2004 20:49,Mid-Block (not related to intersection),16,"MOTOR VEHICLE STRUCK MOTOR VEHICLE, LEFT SIDE SIDESWIPE",,0,Raining,Wet,Dusk,,4149021,,11,From same direction - both going straight - both moving - sideswipe,0,0,N
1270305.502,226619.2519,5449,17957,17957,1482394,Unmatched,Block,,PIKE ST BETWEEN 6TH AVE AND 7TH AVE,,,0,Unknown,,0,0,0,0,0,0,0,2004/11/24 00:00:00+00,11/24/2004,Mid-Block (but intersection related),14,"MOTOR VEHICLE STRUCK MOTOR VEHICLE, REAR END",,,,,,,4329056,,,,0,0,N
1277439.769,231532.9944,5450,18821,18821,4037049,Unmatched,Block,,E ROY ST BETWEEN 20TH AVE E AND 21ST AVE E,,,0,Unknown,,0,0,0,0,0,0,0,2004/02/06 00:00:00+00,2/6/2004,Mid-Block (not related to intersection),11,"MOTOR VEHICLE STRUCK MOTOR VEHICLE, FRONT END AT ANGLE",,,,,,,4037049,,,,0,0,N
1266661.031,242035.8831,5451,18685,18685,4172035,Unmatched,Block,,FREMONT AVE N BETWEEN N 38TH ST AND FREMONT WAY N,,,0,Unknown,,0,0,0,0,0,0,0,2004/06/20 00:00:00+00,6/20/2004,Mid-Block (not related to intersection),11,"MOTOR VEHICLE STRUCK MOTOR VEHICLE, FRONT END AT ANGLE",,,,,,,4172035,,,,0,0,N
1277443.245,246278.8139,5452,17938,17938,1794041,Matched,Block,,20TH AVE NE BETWEEN NE 50TH ST AND NE 52ND ST,,,1,Property Damage Only Collision,Parked Car,2,0,0,2,0,0,0,2004/07/05 00:00:00+00,7/5/2004,Mid-Block (not related to intersection),11,"MOTOR VEHICLE STRUCK MOTOR VEHICLE, FRONT END AT ANGLE",,0,Clear,Dry,Daylight,,4187030,,32,One parked--one moving,0,0,N
1269311.885,227021.4021,5453,18567,18567,1793602,Matched,Block,,OLIVE WAY BETWEEN 4TH AVE AND 5TH AVE,,,1,Property Damage Only Collision,Parked Car,2,0,0,2,0,0,0,2004/07/22 00:00:00+00,7/22/2004 9:20,Mid-Block (not related to intersection),11,"MOTOR VEHICLE STRUCK MOTOR VEHICLE, FRONT END AT ANGLE",,0,Clear,Dry,Daylight,,4204034,,32,One parked--one moving,0,0,N
1264797.588,232338.1955,5454,18911,18911,1783148,Unmatched,Block,,QUEEN ANNE AVE N BETWEEN VALLEY ST AND ALOHA ST,,,0,Unknown,,0,0,0,0,0,0,0,2004/12/31 00:00:00+00,12/31/2004,Mid-Block (not related to intersection),14,"MOTOR VEHICLE STRUCK MOTOR VEHICLE, REAR END",,,,,,,4366014,,,,0,0,N
1270156.8,222488.5296,5455,18338,18338,1069712,Unmatched,Intersection,30364,1ST AVE S AND S MAIN ST,,,0,Unknown,,0,0,0,0,0,0,0,2004/12/11 00:00:00+00,12/11/2004,At Intersection (intersection related),29,MOTOR VEHICLE OVERTURNED IN ROAD,,,,,,,4346015,,,,0,0,N
1267791.474,229714.8757,5456,19428,19428,4170048,Unmatched,Block,,JOHN ST BETWEEN 6TH AVE N AND 7TH SB AVE N,,,0,Unknown,,0,0,0,0,0,0,0,2004/06/18 00:00:00+00,6/18/2004,Mid-Block (but intersection related),11,"MOTOR VEHICLE STRUCK MOTOR VEHICLE, FRONT END AT ANGLE",,,,,,,4170048,,,,0,0,N
1273483.208,271317.9578,5457,18018,18018,1944330,Matched,Block,,NE 145TH ST BETWEEN 145TH ST ON RP AND 5TH AVE NE,,,1,Property Damage Only Collision,Other,5,0,0,1,0,0,0,2004/09/14 00:00:00+00,9/14/2004 18:23,Mid-Block (not related to intersection),28,MOTOR VEHICLE RAN OFF ROAD - HIT FIXED OBJECT,,0,Raining,Wet,Dusk,,4258002,Y,50,Fixed object,0,0,N
1268287.552,258324.733,5458,18084,18084,871679,Matched,Block,,AURORA AVE N BETWEEN N 95TH ST AND N 96TH S ST,,,2,Injury Collision,Other,1,0,0,1,1,0,0,2004/09/02 00:00:00+00,9/2/2004,Mid-Block (but intersection related),28,MOTOR VEHICLE RAN OFF ROAD - HIT FIXED OBJECT,,0,Clear,Dry,Dark - Street Lights On,,4246005,,50,Fixed object,0,0,N
1258709.648,242757.523,5459,17975,17975,1069927,Matched,Block,,W EMERSON PL BETWEEN FISHERMAN TERM DR AND 21ST AVE W,,,1,Property Damage Only Collision,Rear Ended,3,0,0,2,0,0,0,2004/11/02 00:00:00+00,11/2/2004,Mid-Block (but intersection related),14,"MOTOR VEHICLE STRUCK MOTOR VEHICLE, REAR END",Y,0,Raining,Wet,Dark - Street Lights On,,4307040,,14,From same direction - both going straight - one stopped - rear-end,0,0,N
1268968.738,231759.9277,5460,18496,18496,1776213,Matched,Intersection,28743,9TH AVE N AND ROY ST,,,2,Injury Collision,Angles,2,0,0,2,1,0,0,2004/03/13 00:00:00+00,3/13/2004 2:15,At Intersection (intersection related),11,"MOTOR VEHICLE STRUCK MOTOR VEHICLE, FRONT END AT ANGLE",,0,Overcast,Wet,Dark - Street Lights On,,4073020,,10,Entering at angle,0,0,N
1275290.497,251487.1889,5461,18811,18811,C647474,Matched,Block,,12TH AVE NE BETWEEN NE 70TH ST AND NE 71ST ST,,,1,Property Damage Only Collision,Left Turn,2,0,0,2,0,0,0,2004/08/14 00:00:00+00,8/14/2004 12:30,Mid-Block (but intersection related),16,"MOTOR VEHICLE STRUCK MOTOR VEHICLE, LEFT SIDE SIDESWIPE",,0,Clear,Dry,Daylight,,4227035,,15,From same direction - one left turn - one straight,0,0,N
1254848.764,247972.7311,5462,18972,18972,1773833,Matched,Block,,32ND AVE NW BETWEEN NW MARKET ST AND NW 56TH ST,,,1,Property Damage Only Collision,Parked Car,2,0,0,2,0,0,0,2004/02/17 00:00:00+00,2/17/2004 12:00,Mid-Block (not related to intersection),11,"MOTOR VEHICLE STRUCK MOTOR VEHICLE, FRONT END AT ANGLE",,0,Unknown,Unknown,Unknown,,4048033,,32,One parked--one moving,0,0,N
1273585.546,230261.4066,5463,18413,18413,1790084,Matched,Block,,BROADWAY E BETWEEN E THOMAS ST AND E HARRISON ST,,,2,Injury Collision,Rear Ended,7,0,0,3,1,0,0,2004/03/08 00:00:00+00,3/8/2004,Mid-Block (not related to intersection),14,"MOTOR VEHICLE STRUCK MOTOR VEHICLE, REAR END",,0,Clear,Dry,Daylight,,4068017,,13,From same direction - both going straight - both moving - rear-end,0,0,N
1259899.491,245903.359,5464,18742,18742,1931081,Matched,Block,,NW LEARY WAY BETWEEN 15TH SB AVE NW AND LEARY AVE NW,,,1,Property Damage Only Collision,Other,4,0,0,1,0,0,0,2004/11/27 00:00:00+00,11/27/2004 2:09,Mid-Block (not related to intersection),28,MOTOR VEHICLE RAN OFF ROAD - HIT FIXED OBJECT,,0,Overcast,Wet,Dark - Street Lights On,,4332005,,50,Fixed object,0,0,N
1275423.787,221455.259,5465,18469,18469,1787267,Matched,Intersection,30437,RAINIER AVE S AND S WELLER ST,,,2,Injury Collision,Pedestrian,2,1,0,1,1,0,0,2004/01/30 00:00:00+00,1/30/2004 18:20,At Intersection (intersection related),24,MOTOR VEHCILE STRUCK PEDESTRIAN,,0,Clear,Dry,Dark - Street Lights Off,Y,4030009,,1,Vehicle turning right hits pedestrian,0,0,N
1280822.949,231945.5932,5466,18037,18037,1216773,Matched,Block,,E MADISON ST BETWEEN LAKE WASHINGTON BLVD E AND 32ND AVE E,,,2,Injury Collision,Cycles,3,0,1,1,1,0,0,2004/08/04 00:00:00+00,8/4/2004,Mid-Block (not related to intersection),56,PEDALCYCLIST STRUCK MOTOR VEHICLE LEFT SIDE SIDESWIPE,,0,Clear,Dry,Daylight,Y,4217030,,45,Vehicle - Pedalcyclist,0,0,N
1279725.123,263733.0282,5467,18999,18999,1780892,Unmatched,Block,,LAKE CITY WAY NE BETWEEN 27TH AVE NE AND NE 117TH ST,,,0,Unknown,,0,0,0,0,0,0,0,2004/08/30 00:00:00+00,8/30/2004,Mid-Block (not related to intersection),11,"MOTOR VEHICLE STRUCK MOTOR VEHICLE, FRONT END AT ANGLE",,,,,,,4243010,,,,0,0,N
1266650.294,228791.1523,5468,18432,18432,1214130,Matched,Intersection,29669,3RD AVE AND CEDAR ST,,,1,Property Damage Only Collision,Angles,5,0,0,2,0,0,0,2004/05/26 00:00:00+00,5/26/2004 0:14,At Intersection (intersection related),11,"MOTOR VEHICLE STRUCK MOTOR VEHICLE, FRONT END AT ANGLE",,0,Clear,Wet,Dark - Street Lights On,,4147005,,10,Entering at angle,0,0,N
1270635.753,225114.0574,5469,18362,18362,1072239,Matched,Intersection,29933,5TH AVE AND SPRING ST,,,2,Injury Collision,Cycles,2,0,1,1,1,0,0,2004/07/12 00:00:00+00,7/12/2004 16:20,At Intersection (intersection related),18,"MOTOR VEHICLE STRUCK PEDALCYCLIST, FRONT END AT ANGLE",,0,Clear,Dry,Daylight,,4194004,,45,Vehicle - Pedalcyclist,0,0,N
1275006.646,245734.4303,5470,18095,18095,1797174,Unmatched,Block,,11TH AVE NE BETWEEN NE 47TH ST AND NE 50TH ST,,,0,Unknown,,0,0,0,0,0,0,0,2004/11/23 00:00:00+00,11/23/2004,Driveway Junction,11,"MOTOR VEHICLE STRUCK MOTOR VEHICLE, FRONT END AT ANGLE",,,,,,,4328033,,,,0,0,N
1270635.753,225114.0574,5471,18634,18634,1181693,Matched,Intersection,29933,5TH AVE AND SPRING ST,,,1,Property Damage Only Collision,Angles,3,0,0,2,0,0,0,2004/04/29 00:00:00+00,4/29/2004 19:36,At Intersection (intersection related),11,"MOTOR VEHICLE STRUCK MOTOR VEHICLE, FRONT END AT ANGLE",,0,Clear,Dry,Daylight,,4120022,,10,Entering at angle,0,0,N
1281705.553,268388.5201,5472,18520,18520,1219928,Matched,Intersection,36173,35TH AVE NE AND ERICKSON PL NE,,,2,Injury Collision,Angles,4,0,0,2,2,0,0,2004/08/25 00:00:00+00,8/25/2004 0:09,At Intersection (intersection related),11,"MOTOR VEHICLE STRUCK MOTOR VEHICLE, FRONT END AT ANGLE",,0,Overcast,Dry,Dark - Street Lights On,,4238003,Y,10,Entering at angle,0,0,N
1269476.602,260809.7603,5473,18408,18408,1079909,Matched,Block,,N NORTHGATE WAY BETWEEN INTERLAKE AVE N AND ASHWORTH AVE N,,,1,Property Damage Only Collision,Rear Ended,3,0,0,3,0,0,0,2004/07/25 00:00:00+00,7/25/2004 15:24,Mid-Block (but intersection related),14,"MOTOR VEHICLE STRUCK MOTOR VEHICLE, REAR END",Y,0,Clear,Dry,Daylight,,4207035,,14,From same direction - both going straight - one stopped - rear-end,0,0,N
1274631.006,244149.0669,5474,18737,18737,1782272,Unmatched,Block,,ROOSEVELT WAY NE BETWEEN NE 43RD S ST AND NE 43RD N ST,,,0,Unknown,,0,0,0,0,0,0,0,2004/10/09 00:00:00+00,10/9/2004,Mid-Block (but intersection related),14,"MOTOR VEHICLE STRUCK MOTOR VEHICLE, REAR END",,,,,,,4283036,,,,0,0,N
1282309.844,200921.3659,5475,18901,18901,1779594,Matched,Block,,M L KING JR ER WAY S BETWEEN S HOLLY ST AND S WILLOW ST,,,1,Property Damage Only Collision,Rear Ended,2,0,0,2,0,0,0,2004/03/07 00:00:00+00,3/7/2004,Mid-Block (not related to intersection),14,"MOTOR VEHICLE STRUCK MOTOR VEHICLE, REAR END",Y,0,Clear,Dry,Daylight,,4067012,,13,From same direction - both going straight - both moving - rear-end,0,0,N
1267373.953,237943.0873,5476,18034,18034,4171037,Unmatched,Block,,HALLADAY ST BETWEEN AURORA AVE N AND BIRCH AVE N,,,0,Unknown,,0,0,0,0,0,0,0,2004/06/19 00:00:00+00,6/19/2004,Mid-Block (but intersection related),14,"MOTOR VEHICLE STRUCK MOTOR VEHICLE, REAR END",,,,,,,4171037,,,,0,0,N
1267889.968,253708.314,5477,18840,18840,1220481,Matched,Block,,N 78TH ST BETWEEN LINDEN AVE N AND AURORA AVE N,,,1,Property Damage Only Collision,Parked Car,2,0,0,2,0,0,0,2004/09/03 00:00:00+00,9/3/2004,Driveway Junction,11,"MOTOR VEHICLE STRUCK MOTOR VEHICLE, FRONT END AT ANGLE",,0,Clear,Dry,Daylight,,4247002,,32,One parked--one moving,0,0,N
1265980.294,268672.2001,5478,18144,18144,1687748,Matched,Block,,N 134TH ST BETWEEN GREENWOOD AVE N AND BITTER PL N,,,1,Property Damage Only Collision,Parked Car,2,0,0,2,0,0,0,2004/11/04 00:00:00+00,11/4/2004,Mid-Block (not related to intersection),14,"MOTOR VEHICLE STRUCK MOTOR VEHICLE, REAR END",,0,Clear,Dry,Dark - Street Lights On,,4309026,,32,One parked--one moving,0,0,N
1271535.747,224224.6122,5479,19017,19017,1778619,Unmatched,Intersection,29963,6TH AVE AND CHERRY ST,,,0,Unknown,,0,0,0,0,0,0,0,2004/12/27 00:00:00+00,12/27/2004,At Intersection (intersection related),16,"MOTOR VEHICLE STRUCK MOTOR VEHICLE, LEFT SIDE SIDESWIPE",,,,,,,4362020,,,,0,0,N
1263346.611,212242.7487,5480,18921,18921,1795493,Unmatched,Block,,WEST SEATTLE BR WB BETWEEN W SEATTLE BR WB OFF RP AND HARBOR AV SW OFF RP,,,0,Unknown,,0,0,0,0,0,0,0,2004/11/22 00:00:00+00,11/22/2004,Mid-Block (but intersection related),11,"MOTOR VEHICLE STRUCK MOTOR VEHICLE, FRONT END AT ANGLE",,,,,,,4327019,,,,0,0,N
1270979.413,205863.8712,5481,18345,18345,1789056,Matched,Block,,4TH AVE S BETWEEN S BENNETT ST AND S BRANDON ST,,,2,Injury Collision,Rear Ended,3,0,0,2,1,0,0,2004/01/09 00:00:00+00,1/9/2004,Mid-Block (but intersection related),14,"MOTOR VEHICLE STRUCK MOTOR VEHICLE, REAR END",Y,0,Overcast,Wet,Daylight,,4009017,,13,From same direction - both going straight - both moving - rear-end,0,0,N
1256740.325,204606.6131,5482,17979,17979,1789110,Matched,Intersection,32813,CALIFORNIA AVE SW AND SW JUNEAU ST,,,1,Property Damage Only Collision,Angles,3,0,0,2,0,0,0,2004/03/02 00:00:00+00,3/2/2004,At Intersection (intersection related),11,"MOTOR VEHICLE STRUCK MOTOR VEHICLE, FRONT END AT ANGLE",,0,Clear,Dry,Daylight,,4062013,,10,Entering at angle,0,0,N
1273987.489,223017.0958,5483,18649,18649,1198557,Unmatched,Block,,E YESLER WAY BETWEEN 10TH AVE AND BOREN AVE,,,0,Unknown,,0,0,0,0,0,0,0,2004/12/07 00:00:00+00,12/7/2004,Mid-Block (not related to intersection),14,"MOTOR VEHICLE STRUCK MOTOR VEHICLE, REAR END",,,,,,,4342037,,,,0,0,N
1270058.66,255494.3302,5484,19432,19432,1794979,Unmatched,Block,,N 85TH ST BETWEEN DENSMORE AVE N AND WALLINGFORD AVE N,,,0,Unknown,,0,0,0,0,0,0,0,2004/12/03 00:00:00+00,12/3/2004,Mid-Block (but intersection related),16,"MOTOR VEHICLE STRUCK MOTOR VEHICLE, LEFT SIDE SIDESWIPE",,,,,,,4338015,,,,0,0,N
1263292.179,255381.7119,5485,18163,18163,1931134,Unmatched,Block,,NW 84TH ST BETWEEN 6TH AVE NW AND 8TH AVE NW,,,0,Unknown,,0,0,0,0,0,0,0,2004/12/31 00:00:00+00,12/31/2004,Mid-Block (not related to intersection),16,"MOTOR VEHICLE STRUCK MOTOR VEHICLE, LEFT SIDE SIDESWIPE",,,,,,,4366004,,,,0,0,N
1265718.705,235278.5858,5486,18372,18372,1213803,Matched,Intersection,28154,2ND AVE N AND BLAINE ST,,,2b,Serious Injury Collision,Angles,2,0,0,2,1,1,0,2004/04/13 00:00:00+00,4/13/2004 17:16,At Intersection (intersection related),11,"MOTOR VEHICLE STRUCK MOTOR VEHICLE, FRONT END AT ANGLE",,0,Clear,Dry,Daylight,,4104007,Y,10,Entering at angle,0,0,N
1266751.9,255586.4066,5487,18955,18955,1779925,Matched,Block,,N 85TH ST BETWEEN EVANSTON AVE N AND FREMONT AVE N,,,1,Property Damage Only Collision,Other,2,0,0,2,0,0,0,2004/06/10 00:00:00+00,6/10/2004 10:55,Driveway Junction,11,"MOTOR VEHICLE STRUCK MOTOR VEHICLE, FRONT END AT ANGLE",,0,Overcast,Dry,Daylight,,4162018,,22,One car leaving driveway access,0,0,N
1276299.876,265588.7411,5488,18970,18970,1773779,Matched,Block,,15TH AVE NE BETWEEN NE 123RD ST AND NE 125TH ST,,,1,Property Damage Only Collision,Other,2,0,0,2,0,0,0,2004/09/09 00:00:00+00,9/9/2004,Driveway Junction,11,"MOTOR VEHICLE STRUCK MOTOR VEHICLE, FRONT END AT ANGLE",,0,Overcast,Dry,Daylight,,4253017,,22,One car leaving driveway access,0,0,N
1278354.393,236869.0111,5489,18211,18211,1787244,Matched,Block,,24TH AVE E BETWEEN E LYNN ST AND E MCGRAW ST,,,2,Injury Collision,Pedestrian,2,1,0,1,1,0,0,2004/02/05 00:00:00+00,2/5/2004,Mid-Block (not related to intersection),24,MOTOR VEHCILE STRUCK PEDESTRIAN,,0,Clear,Dry,Dusk,,4036007,,0,Vehicle going straight hits pedestrian,0,0,N
1278275.632,221030.702,5490,19011,19011,1795878,Matched,Intersection,30638,24TH AVE S AND S LANE S ST,,,1,Property Damage Only Collision,Angles,4,0,0,2,0,0,0,2004/10/01 00:00:00+00,10/1/2004,At Intersection (intersection related),11,"MOTOR VEHICLE STRUCK MOTOR VEHICLE, FRONT END AT ANGLE",,0,Clear,Dry,Daylight,,4275028,,10,Entering at angle,0,0,N
1273565.878,227964.5547,5491,18593,18593,1799134,Matched,Intersection,29736,BROADWAY AND E PINE ST,,,2,Injury Collision,Pedestrian,2,1,0,1,1,0,0,2004/10/07 00:00:00+00,10/7/2004,At Intersection (intersection related),24,MOTOR VEHCILE STRUCK PEDESTRIAN,,0,Clear,Dry,Daylight,,4281005,,0,Vehicle going straight hits pedestrian,0,0,N
1277108.924,245342.359,5492,18614,18614,1797164,Unmatched,Block,,NE 47TH ST BETWEEN 18TH AVE NE AND 19TH AVE NE,,,0,Unknown,,0,0,0,0,0,0,0,2004/11/05 00:00:00+00,11/5/2004,Driveway Junction,11,"MOTOR VEHICLE STRUCK MOTOR VEHICLE, FRONT END AT ANGLE",,,,,,,4310007,,,,0,0,N
1273436.61,227141.3717,5493,18049,18049,C650850,Matched,Block,,E UNION ST BETWEEN SENECA ST AND BROADWAY,,,1,Property Damage Only Collision,Other,2,0,0,2,0,0,0,2004/12/27 00:00:00+00,12/27/2004 11:30,Driveway Junction,11,"MOTOR VEHICLE STRUCK MOTOR VEHICLE, FRONT END AT ANGLE",,0,Unknown,Dry,Daylight,,4362037,,22,One car leaving driveway access,0,0,N
1267953.729,228910.3511,5494,18850,18850,1777377,Matched,Intersection,29519,BOREALIS AVE AND BATTERY ST,,,2,Injury Collision,Angles,4,0,0,2,1,0,0,2004/01/01 00:00:00+00,1/1/2004,At Intersection (intersection related),11,"MOTOR VEHICLE STRUCK MOTOR VEHICLE, FRONT END AT ANGLE",,1,Raining,Wet,Dark - Street Lights On,,4001020,,10,Entering at angle,0,0,N
1269182.236,244887.1005,5495,18017,18017,1930856,Matched,Block,,N 45TH ST BETWEEN INTERLAKE AVE N AND WOODLAWN W AVE N,,,1,Property Damage Only Collision,Sideswipe,2,0,0,2,0,0,0,2004/12/01 00:00:00+00,12/1/2004,Mid-Block (not related to intersection),11,"MOTOR VEHICLE STRUCK MOTOR VEHICLE, FRONT END AT ANGLE",,0,Overcast,Wet,Dark - Street Lights On,,4336011,,11,From same direction - both going straight - both moving - sideswipe,0,0,N
1252900.119,249362.7558,5496,18360,18360,1319746,Matched,Intersection,25033,SEAVIEW AVE NW AND NW 61ST ST,,,2b,Serious Injury Collision,Cycles,2,0,1,1,1,1,0,2004/06/14 00:00:00+00,6/14/2004 17:37,At Intersection (intersection related),18,"MOTOR VEHICLE STRUCK PEDALCYCLIST, FRONT END AT ANGLE",,0,Clear,Dry,Daylight,Y,4166022,,45,Vehicle - Pedalcyclist,0,0,N
1270839.512,244456.4063,5497,18378,18378,1778475,Matched,Block,,N 44TH ST BETWEEN MERIDIAN AVE N AND BAGLEY AVE N,,,1,Property Damage Only Collision,Parked Car,2,0,0,2,0,0,0,2004/01/30 00:00:00+00,1/30/2004 21:20,Mid-Block (not related to intersection),14,"MOTOR VEHICLE STRUCK MOTOR VEHICLE, REAR END",,0,Unknown,Unknown,Unknown,,4030014,,32,One parked--one moving,0,0,N
1264859.844,234188.1915,5498,18795,18795,1783612,Matched,Block,,QUEEN ANNE AVE N BETWEEN W LEE ST AND W GALER ST,,,1,Property Damage Only Collision,Rear Ended,2,0,0,2,0,0,0,2004/10/11 00:00:00+00,10/11/2004 21:22,Mid-Block (but intersection related),14,"MOTOR VEHICLE STRUCK MOTOR VEHICLE, REAR END",,0,Clear,Dry,Dark - Street Lights On,,4285010,,14,From same direction - both going straight - one stopped - rear-end,0,0,N
1278101.31,249964.7572,5499,18966,18966,1773399,Unmatched,Block,,NE 65TH ST BETWEEN 22ND AVE NE AND RAVENNA AVE NE,,,0,Unknown,,0,0,0,0,0,0,0,2004/06/01 00:00:00+00,6/1/2004,Mid-Block (but intersection related),14,"MOTOR VEHICLE STRUCK MOTOR VEHICLE, REAR END",,,,,,,4153037,,,,0,0,N
1271877.709,226808.0345,5500,18123,18123,1772391,Matched,Block,,BOREN AVE BETWEEN UNIVERSITY ST AND UNION ST,,,2,Injury Collision,Rear Ended,2,0,0,2,1,0,0,2004/05/07 00:00:00+00,5/7/2004,Mid-Block (not related to intersection),14,"MOTOR VEHICLE STRUCK MOTOR VEHICLE, REAR END",,0,Overcast,Wet,Daylight,,4128050,,13,From same direction - both going straight - both moving - rear-end,0,0,N